sample_id,hostname,instant_offset_sec,last_offset_sec,jitter_sec
1,localhost,0.000000020,-0.000000010,0.000000026
1,compute-0-0,0.000000211,+0.000000198,0.000000227
1,compute-0-1,0.000000026,-0.000000104,0.000000530
1,compute-0-2,0.000000071,-0.000000004,0.000000133
1,compute-0-3,0.000000174,-0.000000159,0.000000287
2,localhost,0.000000097,-0.000000206,0.000000069
2,compute-0-0,0.000000028,+0.000000198,0.000000227
2,compute-0-1,0.000000077,-0.000000109,0.000000517
2,compute-0-2,0.000001195,-0.000001299,0.000000430
2,compute-0-3,0.000000000,-0.000000159,0.000000287
3,localhost,0.000000000,-0.000000206,0.000000069
3,compute-0-0,0.000000167,-0.000000487,0.000000265
3,compute-0-1,0.000000000,-0.000000109,0.000000517
3,compute-0-2,0.000000001,-0.000001299,0.000000430
3,compute-0-3,0.000000070,-0.000000087,0.000000273
4,localhost,0.000000000,-0.000000179,0.000000087
4,compute-0-0,0.000000000,-0.000000487,0.000000265
4,compute-0-1,0.000000274,-0.000000290,0.000000499
4,compute-0-2,0.000000001,+0.000001070,0.000000530
4,compute-0-3,0.000000077,+0.000000131,0.000000263
5,localhost,0.000000001,-0.000000571,0.000000198
5,compute-0-0,0.000000000,-0.000000487,0.000000265
5,compute-0-1,0.000000152,-0.000000290,0.000000499
5,compute-0-2,0.000000123,-0.000000128,0.000000504
5,compute-0-3,0.000000075,-0.000000193,0.000000256
6,localhost,0.000000157,+0.000000160,0.000000195
6,compute-0-0,0.000000195,-0.000000710,0.000000337
6,compute-0-1,0.000000404,-0.000000355,0.000000479
6,compute-0-2,0.000000094,-0.000000128,0.000000504
6,compute-0-3,0.000000000,-0.000000193,0.000000256
7,localhost,0.000000006,+0.000000160,0.000000195
7,compute-0-0,0.000000000,-0.000000710,0.000000337
7,compute-0-1,0.000000000,-0.000000355,0.000000479
7,compute-0-2,0.000000143,-0.000000092,0.000000479
7,compute-0-3,0.000000040,-0.000000041,0.000000244
8,localhost,0.000000063,-0.000000166,0.000000192
8,compute-0-0,0.000001479,+0.000001606,0.000000600
8,compute-0-1,0.000000025,+0.000000026,0.000000454
8,compute-0-2,0.000000064,+0.000000181,0.000000458
8,compute-0-3,0.000000038,-0.000000041,0.000000244
9,localhost,0.000000042,-0.000000045,0.000000183
9,compute-0-0,0.000000121,+0.000001606,0.000000600
9,compute-0-1,0.000000052,+0.000000031,0.000000431
9,compute-0-2,0.000000054,+0.000000181,0.000000458
9,compute-0-3,0.000000231,-0.000000939,0.000000376
10,localhost,0.000000026,-0.000000045,0.000000183
10,compute-0-0,0.000000061,+0.000000936,0.000000642
10,compute-0-1,0.000000043,+0.000000031,0.000000431
10,compute-0-2,0.000000038,-0.000000013,0.000000435
10,compute-0-3,0.000000446,-0.000000692,0.000000419
11,localhost,0.000000006,+0.000000016,0.000000174
11,compute-0-0,0.000000107,+0.000000113,0.000000610
11,compute-0-1,0.000001069,-0.000001182,0.000000554
11,compute-0-2,0.000000194,+0.000000340,0.000000426
11,compute-0-3,0.000000283,-0.000000298,0.000000542
12,localhost,0.000000007,+0.000000012,0.000000165
12,compute-0-0,0.000000084,+0.000000113,0.000000610
12,compute-0-1,0.000000035,-0.000000040,0.000000526
12,compute-0-2,0.000000000,+0.000000340,0.000000426
12,compute-0-3,0.000000031,-0.000000298,0.000000542
13,localhost,0.000000006,+0.000000012,0.000000165
13,compute-0-0,0.000000041,+0.000000274,0.000000585
13,compute-0-1,0.000000040,-0.000000098,0.000000500
13,compute-0-2,0.000000000,+0.000000340,0.000000426
13,compute-0-3,0.000000000,-0.000000298,0.000000542
14,localhost,0.000000013,-0.000000021,0.000000156
14,compute-0-0,0.000000153,-0.000000196,0.000000558
14,compute-0-1,0.000000012,-0.000000069,0.000000475
14,compute-0-2,0.000000004,-0.000000004,0.000000404
14,compute-0-3,0.000000258,-0.000003468,0.000001211
15,localhost,0.000000051,-0.000000070,0.000000150
15,compute-0-0,0.000000041,-0.000000196,0.000000558
15,compute-0-1,0.000000000,-0.000000069,0.000000475
15,compute-0-2,0.000000011,-0.000000007,0.000000384
15,compute-0-3,0.000000103,-0.000000293,0.000001153
16,localhost,0.000000024,-0.000000024,0.000000142
16,compute-0-0,0.000000075,-0.000000075,0.000000530
16,compute-0-1,0.000000000,-0.000000069,0.000000475
16,compute-0-2,0.000000011,-0.000000007,0.000000384
16,compute-0-3,0.000000000,-0.000000293,0.000001153
17,localhost,0.000000018,-0.000000024,0.000000142
17,compute-0-0,0.000000000,-0.000000273,0.000000510
17,compute-0-1,0.000000397,-0.000000615,0.000000490
17,compute-0-2,0.000000021,-0.000000012,0.000000364
17,compute-0-3,0.000000387,-0.000000510,0.000001105
18,localhost,0.000000057,-0.000000116,0.000000140
18,compute-0-0,0.000000000,-0.000000273,0.000000510
18,compute-0-1,0.000000000,-0.000000615,0.000000490
18,compute-0-2,0.000000200,-0.000000275,0.000000356
18,compute-0-3,0.000000037,-0.000000510,0.000001105
19,localhost,0.000000000,-0.000000223,0.000000151
19,compute-0-0,0.000000000,-0.000000273,0.000000510
19,compute-0-1,0.000000056,-0.000000086,0.000000466
19,compute-0-2,0.000000000,-0.000000275,0.000000356
19,compute-0-3,0.000002429,-0.000004283,0.000001713
20,localhost,0.000000000,-0.000000223,0.000000151
20,compute-0-0,0.000000011,-0.000000012,0.000000484
20,compute-0-1,0.000000001,-0.000000676,0.000000491
20,compute-0-2,0.000000000,-0.000000275,0.000000356
20,compute-0-3,0.000000002,-0.000004283,0.000001713
21,localhost,0.000000014,-0.000000021,0.000000143
21,compute-0-0,0.000000077,-0.000000085,0.000000460
21,compute-0-1,0.000000157,-0.000000163,0.000000469
21,compute-0-2,0.000000010,-0.000000010,0.000000338
21,compute-0-3,0.000000001,-0.000001281,0.000001675
22,localhost,0.000000019,-0.000000061,0.000000137
22,compute-0-0,0.000000008,-0.000000085,0.000000460
22,compute-0-1,0.000000080,-0.000000163,0.000000469
22,compute-0-2,0.000000010,-0.000000010,0.000000338
22,compute-0-3,0.000000001,-0.000001281,0.000001675
23,localhost,0.000000000,-0.000000061,0.000000137
23,compute-0-0,0.000000000,-0.000000085,0.000000460
23,compute-0-1,0.000000003,-0.000000163,0.000000469
23,compute-0-2,0.000000010,-0.000000010,0.000000338
23,compute-0-3,0.000000571,-0.000002666,0.000001799
24,localhost,0.000000000,-0.000000173,0.000000141
24,compute-0-0,0.000000048,+0.000000058,0.000000437
24,compute-0-1,0.000000080,-0.000000081,0.000000445
24,compute-0-2,0.000000263,-0.000000381,0.000000342
24,compute-0-3,0.000000001,-0.000000812,0.000001676
25,localhost,0.000000039,-0.000000044,0.000000134
25,compute-0-0,0.000000024,+0.000000058,0.000000437
25,compute-0-1,0.000000073,-0.000000081,0.000000445
25,compute-0-2,0.000000001,-0.000000638,0.000000382
25,compute-0-3,0.000000027,-0.000000031,0.000001590
26,localhost,0.000000032,-0.000000001,0.000000128
26,compute-0-0,0.000000001,+0.000000058,0.000000437
26,compute-0-1,0.000000001,-0.000000926,0.000000514
26,compute-0-2,0.000000001,-0.000000638,0.000000382
26,compute-0-3,0.000000416,-0.000001493,0.000001580
27,localhost,0.000000029,-0.000000001,0.000000128
27,compute-0-0,0.000001214,-0.000001319,0.000000588
27,compute-0-1,0.000000001,-0.000000926,0.000000514
27,compute-0-2,0.000000012,+0.000000011,0.000000363
27,compute-0-3,0.000000073,-0.000000108,0.000001500
28,localhost,0.000000029,+0.000000059,0.000000122
28,compute-0-0,0.000005120,-0.000004549,0.000001543
28,compute-0-1,0.000000178,+0.000000577,0.000000521
28,compute-0-2,0.000000011,+0.000000011,0.000000363
28,compute-0-3,0.000000052,-0.000000178,0.000001424
29,localhost,0.000000073,+0.000000051,0.000000117
29,compute-0-0,0.000001700,-0.000004549,0.000001543
29,compute-0-1,0.000000000,+0.000000577,0.000000521
29,compute-0-2,0.000000116,+0.000000107,0.000000346
29,compute-0-3,0.000000090,-0.000000490,0.000001360
30,localhost,0.000000054,+0.000000051,0.000000117
30,compute-0-0,0.000001375,-0.000000772,0.000001484
30,compute-0-1,0.000000000,+0.000000577,0.000000521
30,compute-0-2,0.000000083,+0.000000107,0.000000346
30,compute-0-3,0.000000045,-0.000000066,0.000001290
31,localhost,0.000000082,+0.000000083,0.000000114
31,compute-0-0,0.000000203,+0.000001039,0.000001446
31,compute-0-1,0.000000178,-0.000000213,0.000000499
31,compute-0-2,0.000000109,-0.000000233,0.000000336
31,compute-0-3,0.000000005,-0.000000020,0.000001161
32,localhost,0.000000078,-0.000000160,0.000000120
32,compute-0-0,0.000000200,+0.000001039,0.000001446
32,compute-0-1,0.000000160,-0.000000031,0.000000473
32,compute-0-2,0.000000027,+0.000000003,0.000000319
32,compute-0-3,0.000000005,-0.000000020,0.000001161
33,localhost,0.000000000,-0.000000160,0.000000120
33,compute-0-0,0.000001218,+0.000001510,0.000001452
33,compute-0-1,0.000000102,-0.000000031,0.000000473
33,compute-0-2,0.000000024,+0.000000003,0.000000319
33,compute-0-3,0.000000035,-0.000000043,0.000001102
34,localhost,0.000000000,+0.000000255,0.000000139
34,compute-0-0,0.000003375,+0.000005587,0.000002241
34,compute-0-1,0.000000077,+0.000000101,0.000000847
34,compute-0-2,0.000000028,-0.000000008,0.000000303
34,compute-0-3,0.000000209,-0.000000227,0.000001048
35,localhost,0.000000026,-0.000000029,0.000000132
35,compute-0-0,0.000001421,-0.000001579,0.000002183
35,compute-0-1,0.000000000,+0.000000101,0.000000847
35,compute-0-2,0.000000102,+0.000000148,0.000000291
35,compute-0-3,0.000000054,-0.000000092,0.000000994
36,localhost,0.000000033,-0.000000013,0.000000126
36,compute-0-0,0.000000001,-0.000001579,0.000002183
36,compute-0-1,0.000000045,-0.000000045,0.000000804
36,compute-0-2,0.000000036,+0.000000148,0.000000291
36,compute-0-3,0.000000000,+0.000000223,0.000000946
37,localhost,0.000000023,-0.000000013,0.000000126
37,compute-0-0,0.000000001,-0.000001579,0.000002183
37,compute-0-1,0.000000001,-0.000001025,0.000000828
37,compute-0-2,0.000000023,-0.000000002,0.000000276
37,compute-0-3,0.000000000,+0.000000223,0.000000946
38,localhost,0.000000040,-0.000000169,0.000000131
38,compute-0-0,0.000000037,-0.000000039,0.000002071
38,compute-0-1,0.000000902,-0.000000985,0.000000811
38,compute-0-2,0.000000144,+0.000000235,0.000000272
38,compute-0-3,0.000000136,+0.000000304,0.000000902
39,localhost,0.000000059,-0.000000068,0.000000126
39,compute-0-0,0.000000036,-0.000000039,0.000002071
39,compute-0-1,0.000000077,-0.000000209,0.000000773
39,compute-0-2,0.000000000,+0.000000000,0.000000258
39,compute-0-3,0.000000036,-0.000000037,0.000000856
40,localhost,0.000000024,-0.000000068,0.000000126
40,compute-0-0,0.000000069,-0.000000043,0.000001965
40,compute-0-1,0.000000000,-0.000000341,0.000000741
40,compute-0-2,0.000000000,+0.000000000,0.000000258
40,compute-0-3,0.000000031,-0.000000037,0.000000856
41,localhost,0.000000000,+0.000000217,0.000000138
41,compute-0-0,0.000000055,-0.000000043,0.000001965
41,compute-0-1,0.000000087,-0.000000048,0.000000667
41,compute-0-2,0.000000124,+0.000000225,0.000000255
41,compute-0-3,0.000000095,-0.000000157,0.000000814
42,localhost,0.000000059,-0.000000070,0.000000132
42,compute-0-0,0.000000042,-0.000000043,0.000001965
42,compute-0-1,0.000000023,-0.000000048,0.000000667
42,compute-0-2,0.000000000,+0.000000225,0.000000255
42,compute-0-3,0.000000118,-0.000000115,0.000000773
43,localhost,0.000000048,-0.000000015,0.000000126
43,compute-0-0,0.000000380,-0.000000879,0.000001885
43,compute-0-1,0.000000261,+0.000000258,0.000000606
43,compute-0-2,0.000000000,+0.000000225,0.000000255
43,compute-0-3,0.000000051,-0.000000115,0.000000773
44,localhost,0.000000035,-0.000000015,0.000000126
44,compute-0-0,0.000000087,+0.000000162,0.000001789
44,compute-0-1,0.000000000,+0.000000258,0.000000606
44,compute-0-2,0.000000001,-0.000000001,0.000000242
44,compute-0-3,0.000000000,-0.000000115,0.000000773
45,localhost,0.000000052,-0.000000037,0.000000120
45,compute-0-0,0.000000027,-0.000000085,0.000001697
45,compute-0-1,0.000000006,-0.000000006,0.000000575
45,compute-0-2,0.000000100,+0.000000116,0.000000233
45,compute-0-3,0.000000012,+0.000000012,0.000000733
46,localhost,0.000000065,-0.000000039,0.000000114
46,compute-0-0,0.000000024,-0.000000085,0.000001697
46,compute-0-1,0.000000376,-0.000000610,0.000000573
46,compute-0-2,0.000000058,+0.000000116,0.000000233
46,compute-0-3,0.000000563,-0.000001829,0.000000905
47,localhost,0.000000030,-0.000000039,0.000000114
47,compute-0-0,0.000000022,-0.000000085,0.000001697
47,compute-0-1,0.000000000,-0.000000362,0.000000555
47,compute-0-2,0.000000051,+0.000000008,0.000000221
47,compute-0-3,0.000000000,-0.000001829,0.000000905
48,localhost,0.000000005,+0.000000025,0.000000109
48,compute-0-0,0.000000127,-0.000000112,0.000001611
48,compute-0-1,0.000000184,+0.000000210,0.000000504
48,compute-0-2,0.000000001,+0.000000813,0.000000331
48,compute-0-3,0.000000025,-0.000000027,0.000000858
49,localhost,0.000000084,-0.000000171,0.000000116
49,compute-0-0,0.000000104,-0.000000112,0.000001611
49,compute-0-1,0.000000000,+0.000000210,0.000000504
49,compute-0-2,0.000000001,+0.000000813,0.000000331
49,compute-0-3,0.000000580,-0.000000936,0.000000866
50,localhost,0.000000000,-0.000000171,0.000000116
50,compute-0-0,0.000000110,-0.000000077,0.000001528
50,compute-0-1,0.000000000,+0.000000210,0.000000504
50,compute-0-2,0.000000001,+0.000000813,0.000000331
50,compute-0-3,0.000000001,-0.000000936,0.000000866
51,localhost,0.000000015,+0.000000018,0.000000111
51,compute-0-0,0.000000251,-0.000000260,0.000001452
51,compute-0-1,0.000000002,+0.000000164,0.000000481
51,compute-0-2,0.000000241,+0.000000307,0.000000329
51,compute-0-3,0.000000161,-0.000000516,0.000000838
52,localhost,0.000000040,-0.000000067,0.000000107
52,compute-0-0,0.000000059,-0.000000260,0.000001452
52,compute-0-1,0.000000015,-0.000000183,0.000000460
52,compute-0-2,0.000000137,+0.000000307,0.000000329
52,compute-0-3,0.000000000,-0.000000516,0.000000838
53,localhost,0.000000049,-0.000000036,0.000000102
53,compute-0-0,0.000000000,-0.000000260,0.000001452
53,compute-0-1,0.000000084,+0.000000074,0.000000415
53,compute-0-2,0.000000033,+0.000000307,0.000000329
53,compute-0-3,0.000001954,-0.000002080,0.000001032
54,localhost,0.000000023,-0.000000036,0.000000102
54,compute-0-0,0.000000389,-0.000000490,0.000001386
54,compute-0-1,0.000000008,+0.000000009,0.000000394
54,compute-0-2,0.000000334,+0.000001059,0.000000458
54,compute-0-3,0.000000002,-0.000002080,0.000001032
55,localhost,0.000000037,-0.000000040,0.000000098
55,compute-0-0,0.000000167,-0.000000490,0.000001386
55,compute-0-1,0.000000005,-0.000000013,0.000000374
55,compute-0-2,0.000000000,+0.000001059,0.000000458
55,compute-0-3,0.000000230,-0.000000742,0.000001007
56,localhost,0.000000011,-0.000000040,0.000000098
56,compute-0-0,0.000000000,-0.000000490,0.000001386
56,compute-0-1,0.000000030,-0.000000022,0.000000337
56,compute-0-2,0.000000000,+0.000001059,0.000000458
56,compute-0-3,0.000000317,-0.000000748,0.000000984
57,localhost,0.000000000,-0.000000040,0.000000098
57,compute-0-0,0.000000371,-0.000000861,0.000001343
57,compute-0-1,0.000000001,-0.000000022,0.000000337
57,compute-0-2,0.000000001,+0.000001059,0.000000549
57,compute-0-3,0.000000000,-0.000000748,0.000000984
58,localhost,0.000000113,-0.000000184,0.000000109
58,compute-0-0,0.000000000,-0.000000861,0.000001343
58,compute-0-1,0.000000003,-0.000000003,0.000000319
58,compute-0-2,0.000000001,+0.000000947,0.000000600
58,compute-0-3,0.000000040,-0.000000164,0.000000935
59,localhost,0.000000075,-0.000000036,0.000000104
59,compute-0-0,0.000000000,-0.000000861,0.000001343
59,compute-0-1,0.000000003,-0.000000003,0.000000319
59,compute-0-2,0.000000389,-0.000000440,0.000000586
59,compute-0-3,0.000000121,-0.000000142,0.000000888
60,localhost,0.000000019,-0.000000036,0.000000104
60,compute-0-0,0.000000114,+0.000000122,0.000001275
60,compute-0-1,0.000000001,+0.000000697,0.000000375
60,compute-0-2,0.000000000,-0.000000440,0.000000586
60,compute-0-3,0.000000055,-0.000000142,0.000000888
61,localhost,0.000000030,-0.000000021,0.000000099
61,compute-0-0,0.000000154,+0.000000075,0.000001210
61,compute-0-1,0.000000166,+0.000000759,0.000000429
61,compute-0-2,0.000000123,+0.000000162,0.000000559
61,compute-0-3,0.000000000,-0.000000142,0.000000888
62,localhost,0.000000001,-0.000000677,0.000000234
62,compute-0-0,0.000000065,+0.000000075,0.000001210
62,compute-0-1,0.000000001,+0.000000206,0.000000412
62,compute-0-2,0.000000066,+0.000000162,0.000000559
62,compute-0-3,0.000000335,-0.000000871,0.000000886
63,localhost,0.000000042,+0.000000042,0.000000222
63,compute-0-0,0.000000000,+0.000000075,0.000001210
63,compute-0-1,0.000000043,-0.000000052,0.000000372
63,compute-0-2,0.000000010,+0.000000162,0.000000559
63,compute-0-3,0.000000068,+0.000000068,0.000000841
64,localhost,0.000000037,+0.000000042,0.000000222
64,compute-0-0,0.000000223,+0.000000275,0.000001151
64,compute-0-1,0.000000013,-0.000000052,0.000000372
64,compute-0-2,0.000000207,+0.000000394,0.000000544
64,compute-0-3,0.000000048,+0.000000068,0.000000841
65,localhost,0.000000057,+0.000000029,0.000000211
65,compute-0-0,0.000000116,+0.000000275,0.000001151
65,compute-0-1,0.000000124,+0.000000284,0.000000364
65,compute-0-2,0.000000038,-0.000000046,0.000000517
65,compute-0-3,0.000000029,+0.000000068,0.000000841
66,localhost,0.000000122,+0.000000096,0.000000203
66,compute-0-0,0.000000009,+0.000000275,0.000001151
66,compute-0-1,0.000000074,+0.000000078,0.000000346
66,compute-0-2,0.000000841,+0.000000848,0.000000559
66,compute-0-3,0.000000365,-0.000000411,0.000000808
67,localhost,0.000000044,+0.000000096,0.000000203
67,compute-0-0,0.000000039,-0.000000041,0.000001092
67,compute-0-1,0.000000062,+0.000000100,0.000000330
67,compute-0-2,0.000000001,+0.000000848,0.000000559
67,compute-0-3,0.000000139,-0.000000411,0.000000808
68,localhost,0.000000023,-0.000000009,0.000000192
68,compute-0-0,0.000000036,-0.000000041,0.000001092
68,compute-0-1,0.000000035,+0.000000002,0.000000297
68,compute-0-2,0.000000036,+0.000000038,0.000000530
68,compute-0-3,0.000000132,-0.000000212,0.000000770
69,localhost,0.000000018,-0.000000003,0.000000182
69,compute-0-0,0.000000033,-0.000000041,0.000001092
69,compute-0-1,0.000000022,+0.000000002,0.000000297
69,compute-0-2,0.000000119,-0.000000159,0.000000505
69,compute-0-3,0.000000000,-0.000000212,0.000000770
70,localhost,0.000000036,-0.000000053,0.000000174
70,compute-0-0,0.000000067,-0.000000040,0.000001036
70,compute-0-1,0.000000007,-0.000000009,0.000000282
70,compute-0-2,0.000000076,-0.000000159,0.000000505
70,compute-0-3,0.000000000,-0.000000212,0.000000770
71,localhost,0.000000031,-0.000000053,0.000000174
71,compute-0-0,0.000000205,-0.000000374,0.000000990
71,compute-0-1,0.000000144,+0.000000167,0.000000273
71,compute-0-2,0.000000033,-0.000000159,0.000000505
71,compute-0-3,0.000000017,-0.000001580,0.000000885
72,localhost,0.000000151,-0.000000214,0.000000178
72,compute-0-0,0.000000000,-0.000000374,0.000000990
72,compute-0-1,0.000000000,+0.000000167,0.000000273
72,compute-0-2,0.000000286,+0.000000328,0.000000491
72,compute-0-3,0.000000001,-0.000000684,0.000000867
73,localhost,0.000000124,-0.000000269,0.000000189
73,compute-0-0,0.000000000,-0.000000374,0.000000990
73,compute-0-1,0.000000002,-0.000000002,0.000000259
73,compute-0-2,0.000000157,+0.000000328,0.000000491
73,compute-0-3,0.000000610,-0.000000663,0.000000849
74,localhost,0.000000000,-0.000000269,0.000000189
74,compute-0-0,0.000000240,-0.000000339,0.000000945
74,compute-0-1,0.000000008,+0.000000010,0.000000245
74,compute-0-2,0.000000027,+0.000000328,0.000000491
74,compute-0-3,0.000000001,-0.000000663,0.000000849
75,localhost,0.000000022,+0.000000028,0.000000180
75,compute-0-0,0.000000052,-0.000000339,0.000000945
75,compute-0-1,0.000000008,+0.000000010,0.000000245
75,compute-0-2,0.000000250,+0.000000276,0.000000474
75,compute-0-3,0.000000001,-0.000001223,0.000000893
76,localhost,0.000000017,-0.000000035,0.000000171
76,compute-0-0,0.000000000,-0.000000339,0.000000945
76,compute-0-1,0.000000008,+0.000000010,0.000000245
76,compute-0-2,0.000000045,-0.000000240,0.000000456
76,compute-0-3,0.000000053,-0.000000057,0.000000848
77,localhost,0.000000015,-0.000000035,0.000000171
77,compute-0-0,0.000000013,-0.000000013,0.000000897
77,compute-0-1,0.000000003,-0.000000010,0.000000233
77,compute-0-2,0.000000041,-0.000000240,0.000000456
77,compute-0-3,0.000000001,-0.000000490,0.000000819
78,localhost,0.000000011,+0.000000026,0.000000162
78,compute-0-0,0.000000013,-0.000000013,0.000000897
78,compute-0-1,0.000000081,-0.000000080,0.000000222
78,compute-0-2,0.000000051,+0.000000095,0.000000433
78,compute-0-3,0.000000188,-0.000000205,0.000000758
79,localhost,0.000000035,+0.000000032,0.000000154
79,compute-0-0,0.000000013,-0.000000013,0.000000897
79,compute-0-1,0.000000048,-0.000000080,0.000000222
79,compute-0-2,0.000000276,-0.000000360,0.000000427
79,compute-0-3,0.000000049,-0.000000101,0.000000720
80,localhost,0.000000018,-0.000000040,0.000000147
80,compute-0-0,0.000000156,-0.000000173,0.000000852
80,compute-0-1,0.000000038,-0.000000008,0.000000211
80,compute-0-2,0.000000065,-0.000000360,0.000000427
80,compute-0-3,0.000000000,-0.000000101,0.000000720
81,localhost,0.000000016,-0.000000040,0.000000147
81,compute-0-0,0.000000122,-0.000000173,0.000000852
81,compute-0-1,0.000000048,+0.000000083,0.000000202
81,compute-0-2,0.000000000,-0.000000360,0.000000427
81,compute-0-3,0.000000001,-0.000000545,0.000000704
82,localhost,0.000000030,+0.000000052,0.000000140
82,compute-0-0,0.000000087,-0.000000173,0.000000852
82,compute-0-1,0.000000033,+0.000000083,0.000000202
82,compute-0-2,0.000000039,-0.000000040,0.000000405
82,compute-0-3,0.000000037,-0.000000040,0.000000668
83,localhost,0.000000050,+0.000000033,0.000000134
83,compute-0-0,0.000000059,+0.000000023,0.000000809
83,compute-0-1,0.000000013,-0.000000015,0.000000192
83,compute-0-2,0.000000038,-0.000000040,0.000000405
83,compute-0-3,0.000000158,-0.000000180,0.000000614
84,localhost,0.000000026,+0.000000033,0.000000134
84,compute-0-0,0.000000056,+0.000000023,0.000000809
84,compute-0-1,0.000000002,-0.000000010,0.000000182
84,compute-0-2,0.000000142,-0.000000191,0.000000389
84,compute-0-3,0.000000000,-0.000000301,0.000000590
85,localhost,0.000000018,-0.000000044,0.000000128
85,compute-0-0,0.000000902,-0.000001099,0.000000842
85,compute-0-1,0.000000002,-0.000000010,0.000000182
85,compute-0-2,0.000000182,-0.000000174,0.000000373
85,compute-0-3,0.000000000,+0.000000249,0.000000565
86,localhost,0.000000021,-0.000000008,0.000000121
86,compute-0-0,0.000000001,-0.000001099,0.000000842
86,compute-0-1,0.000000002,-0.000000010,0.000000182
86,compute-0-2,0.000000009,-0.000000174,0.000000373
86,compute-0-3,0.000000068,-0.000000080,0.000000559
87,localhost,0.000000015,-0.000000008,0.000000121
87,compute-0-0,0.000000030,-0.000000033,0.000000799
87,compute-0-1,0.000000005,-0.000000007,0.000000172
87,compute-0-2,0.000000000,-0.000000174,0.000000373
87,compute-0-3,0.000000033,+0.000000009,0.000000531
88,localhost,0.000000018,-0.000000046,0.000000116
88,compute-0-0,0.000000133,-0.000000126,0.000000759
88,compute-0-1,0.000000044,+0.000000050,0.000000164
88,compute-0-2,0.000000138,-0.000000155,0.000000357
88,compute-0-3,0.000000125,+0.000000154,0.000000506
89,localhost,0.000000023,+0.000000027,0.000000110
89,compute-0-0,0.000000067,-0.000000126,0.000000759
89,compute-0-1,0.000000033,+0.000000050,0.000000164
89,compute-0-2,0.000000243,-0.000000182,0.000000344
89,compute-0-3,0.000000098,+0.000000085,0.000000480
90,localhost,0.000000013,+0.000000027,0.000000110
90,compute-0-0,0.000000063,-0.000000018,0.000000720
90,compute-0-1,0.000000021,+0.000000050,0.000000164
90,compute-0-2,0.000000002,-0.000000182,0.000000344
90,compute-0-3,0.000000000,+0.000000085,0.000000480
91,localhost,0.000000004,+0.000000027,0.000000110
91,compute-0-0,0.000000047,-0.000000018,0.000000720
91,compute-0-1,0.000000007,-0.000000005,0.000000156
91,compute-0-2,0.000000051,-0.000000057,0.000000327
91,compute-0-3,0.000000000,+0.000000469,0.000000479
92,localhost,0.000000040,+0.000000048,0.000000106
92,compute-0-0,0.000000062,+0.000000094,0.000000684
92,compute-0-1,0.000000007,-0.000000005,0.000000156
92,compute-0-2,0.000000208,-0.000000275,0.000000322
92,compute-0-3,0.000000000,+0.000000469,0.000000479
93,localhost,0.000000030,+0.000000004,0.000000100
93,compute-0-0,0.000000057,+0.000000094,0.000000684
93,compute-0-1,0.000000007,-0.000000005,0.000000156
93,compute-0-2,0.000000000,-0.000000275,0.000000322
93,compute-0-3,0.000000001,+0.000000687,0.000000504
94,localhost,0.000000018,+0.000000004,0.000000100
94,compute-0-0,0.000000010,-0.000000066,0.000000649
94,compute-0-1,0.000000091,-0.000000108,0.000000152
94,compute-0-2,0.000000000,-0.000000275,0.000000322
94,compute-0-3,0.000000142,+0.000000179,0.000000482
95,localhost,0.000000005,+0.000000004,0.000000100
95,compute-0-0,0.000000173,-0.000000188,0.000000619
95,compute-0-1,0.000000064,-0.000000108,0.000000152
95,compute-0-2,0.000000220,-0.000000578,0.000000356
95,compute-0-3,0.000000098,-0.000000108,0.000000436
96,localhost,0.000000005,-0.000000005,0.000000095
96,compute-0-0,0.000000057,-0.000000188,0.000000619
96,compute-0-1,0.000000045,-0.000000004,0.000000144
96,compute-0-2,0.000000311,-0.000000344,0.000000355
96,compute-0-3,0.000000133,-0.000000191,0.000000418
97,localhost,0.000000005,-0.000000005,0.000000095
97,compute-0-0,0.000000084,-0.000000158,0.000000589
97,compute-0-1,0.000000037,-0.000000274,0.000000162
97,compute-0-2,0.000000000,-0.000000344,0.000000355
97,compute-0-3,0.000000000,-0.000000191,0.000000418
98,localhost,0.000000011,-0.000000007,0.000000090
98,compute-0-0,0.000000032,+0.000000036,0.000000559
98,compute-0-1,0.000000008,-0.000000008,0.000000154
98,compute-0-2,0.000000015,-0.000000015,0.000000337
98,compute-0-3,0.000000093,-0.000000123,0.000000398
99,localhost,0.000000021,-0.000000189,0.000000104
99,compute-0-0,0.000000027,+0.000000036,0.000000559
99,compute-0-1,0.000000008,-0.000000008,0.000000154
99,compute-0-2,0.000000181,-0.000000196,0.000000325
99,compute-0-3,0.000000057,+0.000000014,0.000000378
100,localhost,0.000000032,-0.000000033,0.000000099
100,compute-0-0,0.000000027,+0.000000004,0.000000530
100,compute-0-1,0.000000049,-0.000000260,0.000000167
100,compute-0-2,0.000000065,-0.000000196,0.000000325
100,compute-0-3,0.000001490,-0.000001516,0.000000599
101,localhost,0.000000021,-0.000000033,0.000000099
101,compute-0-0,0.000000016,-0.000000009,0.000000503
101,compute-0-1,0.000000029,-0.000000030,0.000000159
101,compute-0-2,0.000000000,-0.000000196,0.000000325
101,compute-0-3,0.000000002,-0.000001516,0.000000599
102,localhost,0.000000013,+0.000000003,0.000000094
102,compute-0-0,0.000000028,-0.000000043,0.000000477
102,compute-0-1,0.000000025,-0.000000030,0.000000159
102,compute-0-2,0.000000307,-0.000000839,0.000000407
102,compute-0-3,0.000000001,-0.000001516,0.000000599
103,localhost,0.000000021,-0.000000010,0.000000090
103,compute-0-0,0.000000025,-0.000000043,0.000000477
103,compute-0-1,0.000000001,-0.000000961,0.000000339
103,compute-0-2,0.000000000,-0.000000839,0.000000407
103,compute-0-3,0.000000186,-0.000000603,0.000000599
104,localhost,0.000000016,-0.000000010,0.000000090
104,compute-0-0,0.000000021,-0.000000043,0.000000477
104,compute-0-1,0.000000039,-0.000000048,0.000000322
104,compute-0-2,0.000000000,-0.000000839,0.000000407
104,compute-0-3,0.000000203,-0.000000229,0.000000573
105,localhost,0.000000022,-0.000000012,0.000000085
105,compute-0-0,0.000000016,+0.000000001,0.000000453
105,compute-0-1,0.000000018,-0.000000048,0.000000322
105,compute-0-2,0.000000306,+0.000000458,0.000000412
105,compute-0-3,0.000000142,-0.000000229,0.000000573
106,localhost,0.000000102,-0.000000334,0.000000133
106,compute-0-0,0.000000016,+0.000000001,0.000000453
106,compute-0-1,0.000000000,-0.000000048,0.000000322
106,compute-0-2,0.000000025,+0.000000458,0.000000412
106,compute-0-3,0.000000827,-0.000002050,0.000000846
107,localhost,0.000000000,-0.000000334,0.000000133
107,compute-0-0,0.000000016,-0.000000001,0.000000430
107,compute-0-1,0.000000125,-0.000000284,0.000000319
107,compute-0-2,0.000000000,+0.000000458,0.000000412
107,compute-0-3,0.000000001,-0.000002050,0.000000846
108,localhost,0.000000037,-0.000000049,0.000000127
108,compute-0-0,0.000000015,-0.000000001,0.000000430
108,compute-0-1,0.000000164,-0.000000195,0.000000308
108,compute-0-2,0.000000324,-0.000000428,0.000000414
108,compute-0-3,0.000000184,-0.000000151,0.000000766
109,localhost,0.000000072,-0.000000064,0.000000122
109,compute-0-0,0.000000014,-0.000000001,0.000000430
109,compute-0-1,0.000000000,-0.000000195,0.000000308
109,compute-0-2,0.000000426,-0.000000750,0.000000459
109,compute-0-3,0.000000000,-0.000000151,0.000000766
110,localhost,0.000000058,-0.000000028,0.000000116
110,compute-0-0,0.000000027,-0.000000015,0.000000408
110,compute-0-1,0.000000000,-0.000000195,0.000000308
110,compute-0-2,0.000000000,-0.000000750,0.000000459
110,compute-0-3,0.000000451,-0.000000454,0.000000741
111,localhost,0.000000041,-0.000000028,0.000000116
111,compute-0-0,0.000000078,-0.000000174,0.000000391
111,compute-0-1,0.000000180,-0.000000239,0.000000302
111,compute-0-2,0.000000119,-0.000000222,0.000000441
111,compute-0-3,0.000000001,-0.000000376,0.000000713
112,localhost,0.000000060,-0.000000153,0.000000121
112,compute-0-0,0.000000159,-0.000000185,0.000000375
112,compute-0-1,0.000000001,-0.000000239,0.000000302
112,compute-0-2,0.000000134,-0.000000124,0.000000420
112,compute-0-3,0.000000073,-0.000000147,0.000000678
113,localhost,0.000000013,+0.000000013,0.000000114
113,compute-0-0,0.000000000,-0.000000185,0.000000375
113,compute-0-1,0.000000000,-0.000000239,0.000000302
113,compute-0-2,0.000000044,-0.000000124,0.000000420
113,compute-0-3,0.000000161,-0.000000188,0.000000646
114,localhost,0.000000012,+0.000000013,0.000000114
114,compute-0-0,0.000000001,-0.000000001,0.000000356
114,compute-0-1,0.000000006,+0.000000006,0.000000287
114,compute-0-2,0.000000000,-0.000000124,0.000000420
114,compute-0-3,0.000000035,+0.000000100,0.000000613
115,localhost,0.000000004,-0.000000007,0.000000109
115,compute-0-0,0.000000003,-0.000000002,0.000000338
115,compute-0-1,0.000000084,+0.000000080,0.000000273
115,compute-0-2,0.000000189,-0.000000304,0.000000410
115,compute-0-3,0.000000000,-0.000000160,0.000000584
116,localhost,0.000000048,+0.000000055,0.000000104
116,compute-0-0,0.000000003,-0.000000002,0.000000338
116,compute-0-1,0.000000054,+0.000000080,0.000000273
116,compute-0-2,0.000000000,-0.000000304,0.000000410
116,compute-0-3,0.000000000,-0.000000160,0.000000584
117,localhost,0.000000085,+0.000000061,0.000000101
117,compute-0-0,0.000000060,-0.000000099,0.000000322
117,compute-0-1,0.000000049,-0.000000124,0.000000262
117,compute-0-2,0.000000000,-0.000000304,0.000000410
117,compute-0-3,0.000000000,-0.000000457,0.000000573
118,localhost,0.000000000,+0.000000061,0.000000101
118,compute-0-0,0.000000113,-0.000000359,0.000000326
118,compute-0-1,0.000000013,-0.000000004,0.000000249
118,compute-0-2,0.000000059,-0.000000067,0.000000389
118,compute-0-3,0.000000000,-0.000000457,0.000000573
119,localhost,0.000000052,-0.000000155,0.000000108
119,compute-0-0,0.000000000,-0.000000359,0.000000326
119,compute-0-1,0.000000012,-0.000000004,0.000000249
119,compute-0-2,0.000000000,-0.000000246,0.000000377
119,compute-0-3,0.000000058,-0.000000069,0.000000544
120,localhost,0.000000012,-0.000000012,0.000000102
120,compute-0-0,0.000000000,-0.000000359,0.000000326
120,compute-0-1,0.000000003,+0.000000008,0.000000236
120,compute-0-2,0.000000000,-0.000000246,0.000000377
120,compute-0-3,0.000000036,-0.000000069,0.000000544
121,localhost,0.000000011,-0.000000012,0.000000102
121,compute-0-0,0.000000053,+0.000000056,0.000000310
121,compute-0-1,0.000000003,+0.000000008,0.000000236
121,compute-0-2,0.000000027,-0.000000050,0.000000358
121,compute-0-3,0.000000013,-0.000000069,0.000000544
122,localhost,0.000000018,+0.000000031,0.000000097
122,compute-0-0,0.000000048,+0.000000056,0.000000310
122,compute-0-1,0.000000003,+0.000000008,0.000000236
122,compute-0-2,0.000000065,-0.000000095,0.000000341
122,compute-0-3,0.000000104,+0.000000133,0.000000517
123,localhost,0.000000042,+0.000000030,0.000000093
123,compute-0-0,0.000000044,+0.000000056,0.000000310
123,compute-0-1,0.000000055,+0.000000068,0.000000225
123,compute-0-2,0.000000000,-0.000000095,0.000000341
123,compute-0-3,0.000000061,+0.000000133,0.000000517
124,localhost,0.000000029,+0.000000030,0.000000093
124,compute-0-0,0.000000006,-0.000000036,0.000000294
124,compute-0-1,0.000000045,+0.000000068,0.000000225
124,compute-0-2,0.000000011,-0.000000012,0.000000324
124,compute-0-3,0.000000018,+0.000000133,0.000000517
125,localhost,0.000000015,+0.000000030,0.000000093
125,compute-0-0,0.000000036,+0.000000032,0.000000279
125,compute-0-1,0.000000146,+0.000000114,0.000000216
125,compute-0-2,0.000000050,-0.000000057,0.000000308
125,compute-0-3,0.000000044,-0.000000053,0.000000491
126,localhost,0.000000027,-0.000000036,0.000000089
126,compute-0-0,0.000000029,+0.000000032,0.000000279
126,compute-0-1,0.000000112,+0.000000114,0.000000216
126,compute-0-2,0.000000093,-0.000000402,0.000000318
126,compute-0-3,0.000000002,+0.000001852,0.000000748
127,localhost,0.000000011,+0.000000013,0.000000084
127,compute-0-0,0.000000000,-0.000000277,0.000000279
127,compute-0-1,0.000000001,+0.000001240,0.000000443
127,compute-0-2,0.000000000,-0.000000402,0.000000318
127,compute-0-3,0.000000002,+0.000001852,0.000000748
128,localhost,0.000000010,+0.000000013,0.000000084
128,compute-0-0,0.000000046,-0.000000052,0.000000265
128,compute-0-1,0.000000335,+0.000000538,0.000000453
128,compute-0-2,0.000000023,-0.000000030,0.000000302
128,compute-0-3,0.000000002,+0.000001852,0.000000748
129,localhost,0.000000040,-0.000000044,0.000000081
129,compute-0-0,0.000000029,+0.000000064,0.000000252
129,compute-0-1,0.000000000,+0.000000538,0.000000453
129,compute-0-2,0.000000057,-0.000000050,0.000000287
129,compute-0-3,0.000000070,+0.000000076,0.000000710
130,localhost,0.000000015,+0.000000006,0.000000077
130,compute-0-0,0.000000024,+0.000000064,0.000000252
130,compute-0-1,0.000000000,+0.000000444,0.000000452
130,compute-0-2,0.000000024,-0.000000050,0.000000287
130,compute-0-3,0.000000123,+0.000000080,0.000000674
131,localhost,0.000000013,+0.000000006,0.000000077
131,compute-0-0,0.000000019,+0.000000064,0.000000252
131,compute-0-1,0.000000122,+0.000000194,0.000000433
131,compute-0-2,0.000000000,-0.000000050,0.000000287
131,compute-0-3,0.000000000,+0.000000080,0.000000674
132,localhost,0.000000016,+0.000000030,0.000000074
132,compute-0-0,0.000000025,-0.000000041,0.000000240
132,compute-0-1,0.000000000,+0.000000194,0.000000433
132,compute-0-2,0.000000076,+0.000000088,0.000000274
132,compute-0-3,0.000000037,+0.000000077,0.000000640
133,localhost,0.000000035,+0.000000024,0.000000070
133,compute-0-0,0.000000023,-0.000000041,0.000000240
133,compute-0-1,0.000000000,+0.000000194,0.000000433
133,compute-0-2,0.000000030,-0.000000020,0.000000260
133,compute-0-3,0.000000000,+0.000000077,0.000000640
134,localhost,0.000000023,+0.000000024,0.000000070
134,compute-0-0,0.000000014,+0.000000038,0.000000228
134,compute-0-1,0.000000276,-0.000000416,0.000000432
134,compute-0-2,0.000000021,-0.000000020,0.000000260
134,compute-0-3,0.000000000,+0.000000077,0.000000640
135,localhost,0.000000001,-0.000000021,0.000000067
135,compute-0-0,0.000000038,+0.000000029,0.000000216
135,compute-0-1,0.000000417,-0.000000432,0.000000432
135,compute-0-2,0.000000021,-0.000000041,0.000000247
135,compute-0-3,0.000000113,+0.000000145,0.000000609
136,localhost,0.000000016,+0.000000016,0.000000064
136,compute-0-0,0.000000028,+0.000000029,0.000000216
136,compute-0-1,0.000000000,-0.000000432,0.000000432
136,compute-0-2,0.000000232,-0.000000246,0.000000247
136,compute-0-3,0.000000276,+0.000000352,0.000000589
137,localhost,0.000000404,-0.000000496,0.000000168
137,compute-0-0,0.000000024,-0.000000057,0.000000206
137,compute-0-1,0.000000007,+0.000000007,0.000000410
137,compute-0-2,0.000000041,-0.000000246,0.000000247
137,compute-0-3,0.000000000,+0.000000352,0.000000589
138,localhost,0.000000000,-0.000000496,0.000000168
138,compute-0-0,0.000000018,-0.000000057,0.000000206
138,compute-0-1,0.000000029,-0.000000036,0.000000389
138,compute-0-2,0.000000000,-0.000000246,0.000000247
138,compute-0-3,0.000000001,+0.000000406,0.000000573
139,localhost,0.000000006,+0.000000006,0.000000160
139,compute-0-0,0.000000037,-0.000000024,0.000000195
139,compute-0-1,0.000000027,-0.000000036,0.000000389
139,compute-0-2,0.000000553,-0.000000757,0.000000335
139,compute-0-3,0.000000038,+0.000000135,0.000000545
140,localhost,0.000000056,+0.000000058,0.000000152
140,compute-0-0,0.000000033,-0.000000024,0.000000195
140,compute-0-1,0.000000001,-0.000000829,0.000000453
140,compute-0-2,0.000000001,-0.000000757,0.000000335
140,compute-0-3,0.000000000,+0.000000135,0.000000545
141,localhost,0.000000018,+0.000000058,0.000000152
141,compute-0-0,0.000000029,-0.000000024,0.000000195
141,compute-0-1,0.000000001,-0.000000829,0.000000453
141,compute-0-2,0.000000000,-0.000000757,0.000000335
141,compute-0-3,0.000000244,+0.000000341,0.000000528
142,localhost,0.000000030,+0.000000031,0.000000145
142,compute-0-0,0.000000088,+0.000000124,0.000000190
142,compute-0-1,0.000000960,-0.000000970,0.000000528
142,compute-0-2,0.000000031,-0.000000607,0.000000371
142,compute-0-3,0.000000000,+0.000000341,0.000000528
143,localhost,0.000000043,+0.000000029,0.000000138
143,compute-0-0,0.000000061,+0.000000124,0.000000190
143,compute-0-1,0.000000001,-0.000000970,0.000000528
143,compute-0-2,0.000000014,+0.000000014,0.000000352
143,compute-0-3,0.000000448,+0.000000660,0.000000526
144,localhost,0.000000024,+0.000000029,0.000000138
144,compute-0-0,0.000000031,-0.000000019,0.000000180
144,compute-0-1,0.000000001,-0.000000970,0.000000528
144,compute-0-2,0.000000011,+0.000000014,0.000000352
144,compute-0-3,0.000000001,+0.000001219,0.000000631
145,localhost,0.000000027,+0.000000014,0.000000131
145,compute-0-0,0.000000022,-0.000000019,0.000000180
145,compute-0-1,0.000000263,-0.000000281,0.000000508
145,compute-0-2,0.000000008,+0.000000014,0.000000352
145,compute-0-3,0.000000249,+0.000000280,0.000000575
146,localhost,0.000000042,+0.000000030,0.000000125
146,compute-0-0,0.000000043,+0.000000030,0.000000171
146,compute-0-1,0.000000162,-0.000000281,0.000000508
146,compute-0-2,0.000000010,+0.000000005,0.000000334
146,compute-0-3,0.000000000,+0.000000280,0.000000575
147,localhost,0.000000079,+0.000000059,0.000000120
147,compute-0-0,0.000000038,+0.000000030,0.000000171
147,compute-0-1,0.000000119,-0.000000037,0.000000482
147,compute-0-2,0.000000009,+0.000000005,0.000000334
147,compute-0-3,0.000000049,+0.000000062,0.000000546
148,localhost,0.000000034,+0.000000059,0.000000120
148,compute-0-0,0.000000033,+0.000000030,0.000000171
148,compute-0-1,0.000000196,-0.000000176,0.000000461
148,compute-0-2,0.000000009,+0.000000005,0.000000334
148,compute-0-3,0.000000152,+0.000000203,0.000000498
149,localhost,0.000000000,+0.000000416,0.000000174
149,compute-0-0,0.000000343,-0.000001282,0.000000437
149,compute-0-1,0.000000045,-0.000000176,0.000000461
149,compute-0-2,0.000000060,+0.000000069,0.000000318
149,compute-0-3,0.000000000,+0.000000203,0.000000498
150,localhost,0.000000013,-0.000000012,0.000000165
150,compute-0-0,0.000000000,-0.000001282,0.000000437
150,compute-0-1,0.000000040,-0.000000011,0.000000437
150,compute-0-2,0.000000010,+0.000000069,0.000000318
150,compute-0-3,0.000000834,+0.000000918,0.000000554
151,localhost,0.000000012,-0.000000012,0.000000165
151,compute-0-0,0.000000062,-0.000000080,0.000000415
151,compute-0-1,0.000000165,-0.000000194,0.000000419
151,compute-0-2,0.000000014,-0.000000030,0.000000301
151,compute-0-3,0.000000001,+0.000000567,0.000000556
152,localhost,0.000000038,-0.000000056,0.000000157
152,compute-0-0,0.000000188,+0.000000279,0.000000403
152,compute-0-1,0.000000320,-0.000000299,0.000000409
152,compute-0-2,0.000000005,-0.000000030,0.000000301
152,compute-0-3,0.000000001,+0.000000567,0.000000556
153,localhost,0.000000004,+0.000000008,0.000000149
153,compute-0-0,0.000000058,+0.000000279,0.000000403
153,compute-0-1,0.000000069,-0.000000299,0.000000409
153,compute-0-2,0.000000003,+0.000000003,0.000000286
153,compute-0-3,0.000000001,+0.000000754,0.000000568
154,localhost,0.000000004,+0.000000008,0.000000149
154,compute-0-0,0.000000106,+0.000000376,0.000000401
154,compute-0-1,0.000000005,-0.000000005,0.000000388
154,compute-0-2,0.000000003,+0.000000003,0.000000286
154,compute-0-3,0.000000088,-0.000000137,0.000000541
155,localhost,0.000000004,-0.000000133,0.000000148
155,compute-0-0,0.000000134,+0.000000732,0.000000445
155,compute-0-1,0.000000292,-0.000000332,0.000000383
155,compute-0-2,0.000000003,+0.000000003,0.000000286
155,compute-0-3,0.000000059,+0.000000017,0.000000490
156,localhost,0.000000040,+0.000000049,0.000000141
156,compute-0-0,0.000000008,-0.000000008,0.000000422
156,compute-0-1,0.000000077,-0.000000332,0.000000383
156,compute-0-2,0.000000030,-0.000000306,0.000000288
156,compute-0-3,0.000000059,-0.000000122,0.000000466
157,localhost,0.000000022,+0.000000049,0.000000141
157,compute-0-0,0.000000008,-0.000000008,0.000000422
157,compute-0-1,0.000000029,+0.000000002,0.000000363
157,compute-0-2,0.000000000,-0.000000306,0.000000288
157,compute-0-3,0.000000003,-0.000000122,0.000000466
158,localhost,0.000000005,+0.000000049,0.000000141
158,compute-0-0,0.000000008,-0.000000008,0.000000422
158,compute-0-1,0.000000018,+0.000000009,0.000000345
158,compute-0-2,0.000000000,-0.000000306,0.000000288
158,compute-0-3,0.000000055,-0.000000075,0.000000420
159,localhost,0.000000002,+0.000000002,0.000000134
159,compute-0-0,0.000000144,-0.000000142,0.000000403
159,compute-0-1,0.000000018,+0.000000009,0.000000345
159,compute-0-2,0.000000231,-0.000000304,0.000000290
159,compute-0-3,0.000000073,-0.000000119,0.000000400
160,localhost,0.000000005,-0.000000006,0.000000127
160,compute-0-0,0.000000117,-0.000000142,0.000000403
160,compute-0-1,0.000000001,-0.000001010,0.000000457
160,compute-0-2,0.000000053,-0.000000304,0.000000290
160,compute-0-3,0.000000012,-0.000000012,0.000000372
161,localhost,0.000000005,-0.000000006,0.000000127
161,compute-0-0,0.000000059,+0.000000042,0.000000383
161,compute-0-1,0.000000031,-0.000000033,0.000000434
161,compute-0-2,0.000000000,-0.000000304,0.000000290
161,compute-0-3,0.000000011,-0.000000012,0.000000372
162,localhost,0.000000011,-0.000000007,0.000000120
162,compute-0-0,0.000000045,+0.000000042,0.000000383
162,compute-0-1,0.000000787,-0.000001299,0.000000581
162,compute-0-2,0.000000113,+0.000000127,0.000000278
162,compute-0-3,0.000000063,-0.000000390,0.000000374
163,localhost,0.000000028,-0.000000020,0.000000114
163,compute-0-0,0.000000031,+0.000000042,0.000000383
163,compute-0-1,0.000000001,-0.000001299,0.000000581
163,compute-0-2,0.000000076,-0.000000013,0.000000264
163,compute-0-3,0.000000005,-0.000000050,0.000000338
164,localhost,0.000000022,-0.000000020,0.000000114
164,compute-0-0,0.000000048,-0.000000019,0.000000363
164,compute-0-1,0.000000085,-0.000000120,0.000000553
164,compute-0-2,0.000000058,-0.000000013,0.000000264
164,compute-0-3,0.000000005,-0.000000050,0.000000338
165,localhost,0.000000023,-0.000000007,0.000000109
165,compute-0-0,0.000000094,-0.000000055,0.000000345
165,compute-0-1,0.000000092,-0.000000179,0.000000528
165,compute-0-2,0.000000047,-0.000000000,0.000000250
165,compute-0-3,0.000000219,-0.000000222,0.000000329
166,localhost,0.000000066,-0.000000186,0.000000119
166,compute-0-0,0.000000006,+0.000000074,0.000000328
166,compute-0-1,0.000000000,-0.000000179,0.000000528
166,compute-0-2,0.000000045,+0.000000004,0.000000237
166,compute-0-3,0.000000140,-0.000000222,0.000000329
167,localhost,0.000000057,+0.000000058,0.000000114
167,compute-0-0,0.000000006,+0.000000074,0.000000328
167,compute-0-1,0.000000001,+0.000000844,0.000000567
167,compute-0-2,0.000000039,+0.000000004,0.000000237
167,compute-0-3,0.000000173,-0.000000220,0.000000319
168,localhost,0.000000032,+0.000000058,0.000000114
168,compute-0-0,0.000000036,+0.000000044,0.000000312
168,compute-0-1,0.000000144,-0.000000282,0.000000545
168,compute-0-2,0.000000113,+0.000000371,0.000000254
168,compute-0-3,0.000000007,-0.000000007,0.000000303
169,localhost,0.000000016,-0.000000005,0.000000108
169,compute-0-0,0.000000032,+0.000000044,0.000000312
169,compute-0-1,0.000000000,-0.000000282,0.000000545
169,compute-0-2,0.000000111,+0.000000126,0.000000244
169,compute-0-3,0.000000007,-0.000000007,0.000000303
170,localhost,0.000000016,+0.000000002,0.000000103
170,compute-0-0,0.000000029,+0.000000044,0.000000312
170,compute-0-1,0.000000000,-0.000000282,0.000000545
170,compute-0-2,0.000000079,+0.000000126,0.000000244
170,compute-0-3,0.000000015,-0.000000008,0.000000287
171,localhost,0.000000014,+0.000000002,0.000000103
171,compute-0-0,0.000000113,+0.000000099,0.000000297
171,compute-0-1,0.000000092,-0.000000105,0.000000518
171,compute-0-2,0.000000047,+0.000000126,0.000000244
171,compute-0-3,0.000000002,-0.000001750,0.000000617
172,localhost,0.000000013,+0.000000001,0.000000097
172,compute-0-0,0.000000220,+0.000000314,0.000000299
172,compute-0-1,0.000000035,+0.000000034,0.000000492
172,compute-0-2,0.000000063,+0.000000032,0.000000232
172,compute-0-3,0.000000002,-0.000001750,0.000000617
173,localhost,0.000000013,+0.000000002,0.000000092
173,compute-0-0,0.000000000,+0.000000314,0.000000299
173,compute-0-1,0.000000028,+0.000000034,0.000000492
173,compute-0-2,0.000000230,+0.000000190,0.000000228
173,compute-0-3,0.000000084,-0.000000187,0.000000588
174,localhost,0.000000012,+0.000000002,0.000000092
174,compute-0-0,0.000000039,+0.000000047,0.000000284
174,compute-0-1,0.000000025,-0.000000002,0.000000467
174,compute-0-2,0.000000116,+0.000000190,0.000000228
174,compute-0-3,0.000000001,-0.000000548,0.000000584
175,localhost,0.000000027,+0.000000027,0.000000088
175,compute-0-0,0.000000030,+0.000000047,0.000000284
175,compute-0-1,0.000000022,-0.000000002,0.000000467
175,compute-0-2,0.000000001,+0.000001071,0.000000402
175,compute-0-3,0.000000000,-0.000000548,0.000000584
176,localhost,0.000000034,+0.000000022,0.000000084
176,compute-0-0,0.000000087,+0.000000066,0.000000270
176,compute-0-1,0.000000019,-0.000000002,0.000000467
176,compute-0-2,0.000000001,+0.000001071,0.000000402
176,compute-0-3,0.000000000,-0.000000548,0.000000584
177,localhost,0.000000045,+0.000000027,0.000000080
177,compute-0-0,0.000000071,+0.000000066,0.000000270
177,compute-0-1,0.000000022,-0.000000005,0.000000443
177,compute-0-2,0.000000001,+0.000001071,0.000000402
177,compute-0-3,0.000000355,-0.000000531,0.000000579
178,localhost,0.000000027,+0.000000027,0.000000080
178,compute-0-0,0.000000055,+0.000000066,0.000000270
178,compute-0-1,0.000000000,-0.000000370,0.000000436
178,compute-0-2,0.000000039,-0.000000041,0.000000381
178,compute-0-3,0.000000002,-0.000001314,0.000000689
179,localhost,0.000000035,+0.000000025,0.000000076
179,compute-0-0,0.000000118,-0.000000167,0.000000262
179,compute-0-1,0.000000000,-0.000000370,0.000000436
179,compute-0-2,0.000000077,-0.000000056,0.000000362
179,compute-0-3,0.000000001,-0.000001314,0.000000689
180,localhost,0.000000053,+0.000000040,0.000000073
180,compute-0-0,0.000000087,-0.000000167,0.000000262
180,compute-0-1,0.000000011,+0.000000012,0.000000414
180,compute-0-2,0.000000096,-0.000000052,0.000000344
180,compute-0-3,0.000000001,-0.000000796,0.000000700
181,localhost,0.000000020,+0.000000040,0.000000073
181,compute-0-0,0.000000056,-0.000000167,0.000000262
181,compute-0-1,0.000000058,-0.000000075,0.000000393
181,compute-0-2,0.000000057,-0.000000052,0.000000344
181,compute-0-3,0.000000053,-0.000000456,0.000000680
182,localhost,0.000000024,+0.000000016,0.000000070
182,compute-0-0,0.000000259,-0.000000276,0.000000263
182,compute-0-1,0.000000665,-0.000001414,0.000000582
182,compute-0-2,0.000000085,+0.000000148,0.000000330
182,compute-0-3,0.000000280,-0.000000286,0.000000651
183,localhost,0.000000022,+0.000000004,0.000000066
183,compute-0-0,0.000000121,-0.000000276,0.000000263
183,compute-0-1,0.000000001,-0.000001414,0.000000582
183,compute-0-2,0.000000162,+0.000000136,0.000000316
183,compute-0-3,0.000000086,-0.000000286,0.000000651
184,localhost,0.000000037,+0.000000020,0.000000063
184,compute-0-0,0.000000087,-0.000000060,0.000000250
184,compute-0-1,0.000000000,-0.000001414,0.000000582
184,compute-0-2,0.000000000,+0.000000136,0.000000316
184,compute-0-3,0.000000001,-0.000000624,0.000000649
185,localhost,0.000000026,+0.000000020,0.000000063
185,compute-0-0,0.000000000,-0.000000060,0.000000250
185,compute-0-1,0.000000761,-0.000000985,0.000000634
185,compute-0-2,0.000000000,+0.000000136,0.000000316
185,compute-0-3,0.000000049,-0.000000051,0.000000616
186,localhost,0.000000000,+0.000000388,0.000000137
186,compute-0-0,0.000000146,-0.000000149,0.000000242
186,compute-0-1,0.000000001,-0.000000985,0.000000634
186,compute-0-2,0.000000054,+0.000000057,0.000000300
186,compute-0-3,0.000000041,-0.000000051,0.000000616
187,localhost,0.000000155,+0.000000562,0.000000220
187,compute-0-0,0.000000116,-0.000000149,0.000000242
187,compute-0-1,0.000000001,-0.000000748,0.000000646
187,compute-0-2,0.000000048,+0.000000057,0.000000300
187,compute-0-3,0.000001465,-0.000001627,0.000000778
188,localhost,0.000000000,+0.000000562,0.000000220
188,compute-0-0,0.000000098,-0.000000019,0.000000230
188,compute-0-1,0.000000001,-0.000000748,0.000000646
188,compute-0-2,0.000000000,+0.000000375,0.000000308
188,compute-0-3,0.000000001,-0.000001627,0.000000778
189,localhost,0.000000065,+0.000000212,0.000000219
189,compute-0-0,0.000000255,-0.000000254,0.000000232
189,compute-0-1,0.000000001,-0.000000748,0.000000646
189,compute-0-2,0.000000001,+0.000000375,0.000000308
189,compute-0-3,0.000000001,-0.000000629,0.000000765
190,localhost,0.000000145,+0.000000198,0.000000217
190,compute-0-0,0.000000000,-0.000000254,0.000000232
190,compute-0-1,0.000000220,-0.000000502,0.000000633
190,compute-0-2,0.000000040,+0.000000041,0.000000293
190,compute-0-3,0.000000001,-0.000000629,0.000000765
191,localhost,0.000000000,+0.000000198,0.000000217
191,compute-0-0,0.000000003,-0.000000003,0.000000221
191,compute-0-1,0.000000167,-0.000000180,0.000000604
191,compute-0-2,0.000000038,+0.000000041,0.000000293
191,compute-0-3,0.000000273,-0.000000366,0.000000735
192,localhost,0.000000003,+0.000000003,0.000000206
192,compute-0-0,0.000000020,-0.000000669,0.000000297
192,compute-0-1,0.000000093,-0.000000093,0.000000573
192,compute-0-2,0.000000035,+0.000000041,0.000000293
192,compute-0-3,0.000000853,-0.000001031,0.000000770
193,localhost,0.000000017,+0.000000016,0.000000195
193,compute-0-0,0.000001731,+0.000001867,0.000000654
193,compute-0-1,0.000000072,-0.000000093,0.000000573
193,compute-0-2,0.000000272,+0.000000278,0.000000291
193,compute-0-3,0.000000001,-0.000001031,0.000000770
194,localhost,0.000000063,+0.000000050,0.000000186
194,compute-0-0,0.000000002,+0.000001867,0.000000654
194,compute-0-1,0.000000030,+0.000000033,0.000000544
194,compute-0-2,0.000000106,+0.000000278,0.000000291
194,compute-0-3,0.000000001,-0.000001031,0.000000770
195,localhost,0.000000023,+0.000000050,0.000000186
195,compute-0-0,0.000000002,+0.000001867,0.000000654
195,compute-0-1,0.000000028,+0.000000033,0.000000544
195,compute-0-2,0.000000000,+0.000000278,0.000000291
195,compute-0-3,0.000000177,-0.000000241,0.000000721
196,localhost,0.000000005,-0.000000012,0.000000177
196,compute-0-0,0.000000013,-0.000000012,0.000000621
196,compute-0-1,0.000000026,+0.000000033,0.000000544
196,compute-0-2,0.000000185,+0.000000219,0.000000285
196,compute-0-3,0.000000110,-0.000000194,0.000000687
197,localhost,0.000000017,-0.000000013,0.000000168
197,compute-0-0,0.000000013,-0.000000012,0.000000621
197,compute-0-1,0.000000016,+0.000000009,0.000000516
197,compute-0-2,0.000000097,+0.000000219,0.000000285
197,compute-0-3,0.000000064,-0.000000225,0.000000656
198,localhost,0.000000014,-0.000000013,0.000000168
198,compute-0-0,0.000000013,-0.000000012,0.000000621
198,compute-0-1,0.000000225,-0.000000266,0.000000497
198,compute-0-2,0.000000067,+0.000000098,0.000000272
198,compute-0-3,0.000000250,-0.000000314,0.000000630
199,localhost,0.000000016,-0.000000006,0.000000159
199,compute-0-0,0.000000004,+0.000000009,0.000000589
199,compute-0-1,0.000000085,-0.000000266,0.000000497
199,compute-0-2,0.000000020,-0.000000028,0.000000258
199,compute-0-3,0.000000001,-0.000000431,0.000000613
200,localhost,0.000000019,-0.000000006,0.000000151
200,compute-0-0,0.000000004,+0.000000009,0.000000589
200,compute-0-1,0.000000001,-0.000000746,0.000000527
200,compute-0-2,0.000000000,+0.000000018,0.000000245
200,compute-0-3,0.000000024,-0.000000026,0.000000555
201,localhost,0.000000014,-0.000000006,0.000000151
201,compute-0-0,0.000000089,+0.000000119,0.000000560
201,compute-0-1,0.000000141,+0.000000278,0.000000508
201,compute-0-2,0.000000000,+0.000000018,0.000000245
201,compute-0-3,0.000000046,+0.000000105,0.000000528
202,localhost,0.000000028,-0.000000033,0.000000143
202,compute-0-0,0.000000059,+0.000000119,0.000000560
202,compute-0-1,0.000000354,+0.000000435,0.000000501
202,compute-0-2,0.000000006,+0.000000007,0.000000233
202,compute-0-3,0.000000035,-0.000000036,0.000000501
203,localhost,0.000000013,+0.000000004,0.000000136
203,compute-0-0,0.000000008,-0.000000022,0.000000531
203,compute-0-1,0.000000000,+0.000000435,0.000000501
203,compute-0-2,0.000000266,+0.000000360,0.000000248
203,compute-0-3,0.000000028,-0.000000036,0.000000501
204,localhost,0.000000022,-0.000000011,0.000000129
204,compute-0-0,0.000000008,-0.000000022,0.000000531
204,compute-0-1,0.000000000,+0.000000435,0.000000501
204,compute-0-2,0.000000000,+0.000000360,0.000000248
204,compute-0-3,0.000000021,-0.000000036,0.000000501
205,localhost,0.000000018,-0.000000011,0.000000129
205,compute-0-0,0.000000236,-0.000000471,0.000000526
205,compute-0-1,0.000000209,+0.000001016,0.000000574
205,compute-0-2,0.000000086,+0.000000407,0.000000268
205,compute-0-3,0.000000099,-0.000000117,0.000000477
206,localhost,0.000000036,-0.000000034,0.000000123
206,compute-0-0,0.000000023,-0.000000024,0.000000499
206,compute-0-1,0.000000000,+0.000001016,0.000000574
206,compute-0-2,0.000000029,+0.000000030,0.000000255
206,compute-0-3,0.000000002,+0.000001756,0.000000716
207,localhost,0.000000040,+0.000000062,0.000000118
207,compute-0-0,0.000000023,-0.000000024,0.000000499
207,compute-0-1,0.000000000,+0.000001016,0.000000574
207,compute-0-2,0.000000209,+0.000000185,0.000000249
207,compute-0-3,0.000000744,+0.000001015,0.000000751
208,localhost,0.000000026,+0.000000062,0.000000118
208,compute-0-0,0.000000001,-0.000001001,0.000000569
208,compute-0-1,0.000000196,+0.000000276,0.000000551
208,compute-0-2,0.000000051,+0.000000185,0.000000249
208,compute-0-3,0.000000001,+0.000000983,0.000000778
209,localhost,0.000000047,+0.000000047,0.000000113
209,compute-0-0,0.000000001,-0.000000841,0.000000602
209,compute-0-1,0.000000024,+0.000000276,0.000000551
209,compute-0-2,0.000000125,+0.000000196,0.000000244
209,compute-0-3,0.000000000,+0.000000215,0.000000741
210,localhost,0.000000162,+0.000000234,0.000000131
210,compute-0-0,0.000000001,-0.000000841,0.000000602
210,compute-0-1,0.000000000,+0.000000276,0.000000551
210,compute-0-2,0.000000095,+0.000000082,0.000000233
210,compute-0-3,0.000000069,+0.000000078,0.000000752
211,localhost,0.000000000,+0.000000234,0.000000131
211,compute-0-0,0.000000001,-0.000000841,0.000000602
211,compute-0-1,0.000000024,-0.000000025,0.000000523
211,compute-0-2,0.000000057,+0.000000082,0.000000233
211,compute-0-3,0.000000045,+0.000000078,0.000000752
212,localhost,0.000000000,+0.000000234,0.000000131
212,compute-0-0,0.000000202,-0.000000482,0.000000591
212,compute-0-1,0.000000023,-0.000000025,0.000000523
212,compute-0-2,0.000000082,+0.000000067,0.000000222
212,compute-0-3,0.000000517,+0.000000553,0.000000701
213,localhost,0.000000166,+0.000000384,0.000000173
213,compute-0-0,0.000000081,-0.000000083,0.000000561
213,compute-0-1,0.000000022,-0.000000025,0.000000523
213,compute-0-2,0.000000044,-0.000000006,0.000000211
213,compute-0-3,0.000000001,+0.000000553,0.000000701
214,localhost,0.000000183,-0.000000191,0.000000175
214,compute-0-0,0.000000059,-0.000000083,0.000000561
214,compute-0-1,0.000000130,-0.000000130,0.000000498
214,compute-0-2,0.000000035,-0.000000006,0.000000211
214,compute-0-3,0.000000194,+0.000000252,0.000000670
215,localhost,0.000000050,-0.000000191,0.000000175
215,compute-0-0,0.000000104,-0.000000084,0.000000533
215,compute-0-1,0.000000101,-0.000000130,0.000000498
215,compute-0-2,0.000000000,+0.000000256,0.000000216
215,compute-0-3,0.000000410,+0.000000449,0.000000651
216,localhost,0.000000108,+0.000000192,0.000000177
216,compute-0-0,0.000000034,+0.000000106,0.000000507
216,compute-0-1,0.000000073,-0.000000130,0.000000498
216,compute-0-2,0.000000080,+0.000000101,0.000000207
216,compute-0-3,0.000000000,+0.000000222,0.000000622
217,localhost,0.000000197,+0.000000240,0.000000184
217,compute-0-0,0.000000017,+0.000000106,0.000000507
217,compute-0-1,0.000000056,+0.000001061,0.000000579
217,compute-0-2,0.000000033,+0.000000101,0.000000207
217,compute-0-3,0.000000177,-0.000000224,0.000000570
218,localhost,0.000000000,+0.000000240,0.000000184
218,compute-0-0,0.000000043,-0.000000089,0.000000482
218,compute-0-1,0.000000002,+0.000001559,0.000000738
218,compute-0-2,0.000000000,+0.000000101,0.000000207
218,compute-0-3,0.000000042,-0.000000004,0.000000541
219,localhost,0.000000020,+0.000000021,0.000000175
219,compute-0-0,0.000000040,-0.000000026,0.000000457
219,compute-0-1,0.000000196,+0.000000223,0.000000704
219,compute-0-2,0.000000024,+0.000000024,0.000000196
219,compute-0-3,0.000000020,-0.000000005,0.000000488
220,localhost,0.000000076,+0.000000072,0.000000168
220,compute-0-0,0.000000025,-0.000000026,0.000000457
220,compute-0-1,0.000000000,+0.000000223,0.000000704
220,compute-0-2,0.000000002,-0.000000021,0.000000187
220,compute-0-3,0.000000072,+0.000000067,0.000000463
221,localhost,0.000000038,+0.000000072,0.000000168
221,compute-0-0,0.000000011,-0.000000026,0.000000457
221,compute-0-1,0.000000000,+0.000000389,0.000000679
221,compute-0-2,0.000000002,-0.000000021,0.000000187
221,compute-0-3,0.000000001,+0.000000465,0.000000463
222,localhost,0.000000056,+0.000000050,0.000000160
222,compute-0-0,0.000000072,-0.000000081,0.000000434
222,compute-0-1,0.000000221,+0.000000400,0.000000656
222,compute-0-2,0.000000030,-0.000000034,0.000000177
222,compute-0-3,0.000000100,-0.000000131,0.000000428
223,localhost,0.000000082,+0.000000061,0.000000153
223,compute-0-0,0.000000057,-0.000000008,0.000000412
223,compute-0-1,0.000000000,+0.000000400,0.000000656
223,compute-0-2,0.000000028,-0.000000034,0.000000177
223,compute-0-3,0.000000046,+0.000000099,0.000000407
224,localhost,0.000000007,+0.000006155,0.000001952
224,compute-0-0,0.000000025,-0.000000008,0.000000412
224,compute-0-1,0.000000083,+0.000000141,0.000000624
224,compute-0-2,0.000000025,-0.000000034,0.000000177
224,compute-0-3,0.000000029,-0.000000029,0.000000386
225,localhost,0.000000007,+0.000006155,0.000001952
225,compute-0-0,0.000000005,+0.000000010,0.000000391
225,compute-0-1,0.000000151,+0.000000148,0.000000594
225,compute-0-2,0.000000132,-0.000000126,0.000000173
225,compute-0-3,0.000000030,-0.000000008,0.000000366
226,localhost,0.000000012,+0.000000019,0.000001852
226,compute-0-0,0.000000013,-0.000000008,0.000000371
226,compute-0-1,0.000000058,+0.000000148,0.000000594
226,compute-0-2,0.000000111,-0.000000126,0.000000173
226,compute-0-3,0.000000016,-0.000000008,0.000000366
227,localhost,0.000000027,+0.000000017,0.000001757
227,compute-0-0,0.000000012,-0.000000008,0.000000371
227,compute-0-1,0.000000000,+0.000000148,0.000000594
227,compute-0-2,0.000000705,-0.000002867,0.000000921
227,compute-0-3,0.000000129,-0.000000134,0.000000350
228,localhost,0.000000023,+0.000000017,0.000001757
228,compute-0-0,0.000000025,-0.000000022,0.000000352
228,compute-0-1,0.000000210,+0.000000321,0.000000573
228,compute-0-2,0.000000001,-0.000002867,0.000000921
228,compute-0-3,0.000000085,-0.000000134,0.000000350
229,localhost,0.000000012,-0.000000009,0.000001667
229,compute-0-0,0.000000011,+0.000000009,0.000000334
229,compute-0-1,0.000000000,+0.000000321,0.000000573
229,compute-0-2,0.000000065,-0.000000098,0.000000875
229,compute-0-3,0.000000102,-0.000000189,0.000000337
230,localhost,0.000000017,-0.000000029,0.000001581
230,compute-0-0,0.000000140,-0.000000131,0.000000320
230,compute-0-1,0.000000000,+0.000000321,0.000000573
230,compute-0-2,0.000000153,-0.000000227,0.000000833
230,compute-0-3,0.000000079,-0.000000085,0.000000321
231,localhost,0.000000063,+0.000000078,0.000001500
231,compute-0-0,0.000000000,-0.000000131,0.000000320
231,compute-0-1,0.000000046,-0.000000052,0.000000544
231,compute-0-2,0.000000000,-0.000000227,0.000000833
231,compute-0-3,0.000000063,-0.000000085,0.000000321
232,localhost,0.000000044,+0.000000078,0.000001500
232,compute-0-0,0.000000005,+0.000000005,0.000000303
232,compute-0-1,0.000000047,-0.000000011,0.000000516
232,compute-0-2,0.000000057,-0.000000095,0.000000791
232,compute-0-3,0.000000046,+0.000000010,0.000000305
233,localhost,0.000000095,+0.000000107,0.000001424
233,compute-0-0,0.000000005,+0.000000005,0.000000303
233,compute-0-1,0.000000031,-0.000000011,0.000000516
233,compute-0-2,0.000000110,-0.000000147,0.000000752
233,compute-0-3,0.000000003,-0.000002667,0.000000891
234,localhost,0.000000046,+0.000000021,0.000001350
234,compute-0-0,0.000000004,+0.000000005,0.000000303
234,compute-0-1,0.000000020,+0.000000007,0.000000489
234,compute-0-2,0.000000000,-0.000000147,0.000000752
234,compute-0-3,0.000000811,-0.000000928,0.000000895
235,localhost,0.000000036,+0.000000021,0.000001350
235,compute-0-0,0.000000004,+0.000000000,0.000000288
235,compute-0-1,0.000000006,+0.000000024,0.000000464
235,compute-0-2,0.000000000,-0.000000168,0.000000715
235,compute-0-3,0.000000001,-0.000000928,0.000000895
236,localhost,0.000000065,+0.000000058,0.000001281
236,compute-0-0,0.000000004,+0.000000000,0.000000288
236,compute-0-1,0.000000006,+0.000000024,0.000000464
236,compute-0-2,0.000000038,-0.000000052,0.000000679
236,compute-0-3,0.000000001,-0.000000928,0.000000895
237,localhost,0.000000120,+0.000000108,0.000001216
237,compute-0-0,0.000000004,+0.000000000,0.000000288
237,compute-0-1,0.000000002,+0.000001828,0.000000727
237,compute-0-2,0.000000013,-0.000000052,0.000000679
237,compute-0-3,0.000000193,-0.000000913,0.000000897
238,localhost,0.000000028,+0.000000108,0.000001216
238,compute-0-0,0.000000019,-0.000000024,0.000000273
238,compute-0-1,0.000000001,+0.000000629,0.000000718
238,compute-0-2,0.000000000,-0.000000052,0.000000679
238,compute-0-3,0.000000000,-0.000000913,0.000000897
239,localhost,0.000000019,-0.000000036,0.000001154
239,compute-0-0,0.000000002,-0.000001995,0.000000682
239,compute-0-1,0.000000001,+0.000000629,0.000000718
239,compute-0-2,0.000000061,+0.000000072,0.000000644
239,compute-0-3,0.000000000,-0.000000913,0.000000897
240,localhost,0.000000018,-0.000000002,0.000001094
240,compute-0-0,0.000000090,-0.000000094,0.000000648
240,compute-0-1,0.000000001,+0.000000629,0.000000718
240,compute-0-2,0.000000019,-0.000000030,0.000000611
240,compute-0-3,0.000000097,+0.000000105,0.000000852
241,localhost,0.000000026,-0.000000009,0.000001038
241,compute-0-0,0.000000057,-0.000000094,0.000000648
241,compute-0-1,0.000000146,+0.000000775,0.000000724
241,compute-0-2,0.000000017,-0.000000030,0.000000611
241,compute-0-3,0.000000073,+0.000000105,0.000000852
242,localhost,0.000000022,-0.000000009,0.000001038
242,compute-0-0,0.000000025,-0.000000210,0.000000618
242,compute-0-1,0.000000028,+0.000000029,0.000000686
242,compute-0-2,0.000000001,-0.000001197,0.000000692
242,compute-0-3,0.000000001,+0.000000829,0.000000849
243,localhost,0.000000043,-0.000000033,0.000000985
243,compute-0-0,0.000000000,-0.000000210,0.000000618
243,compute-0-1,0.000000025,+0.000000029,0.000000686
243,compute-0-2,0.000000049,-0.000000062,0.000000657
243,compute-0-3,0.000000160,+0.000000191,0.000000808
244,localhost,0.000000003,+0.000000026,0.000000935
244,compute-0-0,0.000000000,-0.000000210,0.000000618
244,compute-0-1,0.000000023,+0.000000029,0.000000686
244,compute-0-2,0.000000021,-0.000000062,0.000000657
244,compute-0-3,0.000000652,+0.000000655,0.000000794
245,localhost,0.000000004,+0.000000026,0.000000935
245,compute-0-0,0.000000011,+0.000000011,0.000000586
245,compute-0-1,0.000000235,+0.000000241,0.000000656
245,compute-0-2,0.000000000,-0.000000062,0.000000657
245,compute-0-3,0.000000001,+0.000000655,0.000000794
246,localhost,0.000000007,+0.000000010,0.000000887
246,compute-0-0,0.000000004,-0.000000006,0.000000556
246,compute-0-1,0.000000172,+0.000000241,0.000000656
246,compute-0-2,0.000000097,-0.000000114,0.000000625
246,compute-0-3,0.000000077,+0.000000142,0.000000755
247,localhost,0.000000057,+0.000000059,0.000000841
247,compute-0-0,0.000000004,-0.000000006,0.000000556
247,compute-0-1,0.000000108,+0.000000241,0.000000656
247,compute-0-2,0.000000068,+0.000000517,0.000000615
247,compute-0-3,0.000000080,+0.000000087,0.000000717
248,localhost,0.000000030,+0.000000059,0.000000841
248,compute-0-0,0.000000004,-0.000000006,0.000000556
248,compute-0-1,0.000000668,+0.000001107,0.000000714
248,compute-0-2,0.000000000,+0.000000517,0.000000615
248,compute-0-3,0.000000038,+0.000000087,0.000000717
249,localhost,0.000000015,-0.000000010,0.000000798
249,compute-0-0,0.000000037,+0.000000035,0.000000528
249,compute-0-1,0.000000369,+0.000000438,0.000000691
249,compute-0-2,0.000000000,+0.000000517,0.000000615
249,compute-0-3,0.000000023,-0.000000035,0.000000645
250,localhost,0.000000032,+0.000000023,0.000000757
250,compute-0-0,0.000000033,+0.000000035,0.000000528
250,compute-0-1,0.000000000,+0.000000438,0.000000691
250,compute-0-2,0.000000285,-0.000000319,0.000000592
250,compute-0-3,0.000000029,+0.000000013,0.000000612
251,localhost,0.000000009,-0.000000012,0.000000718
251,compute-0-0,0.000000030,+0.000000035,0.000000528
251,compute-0-1,0.000000000,+0.000000438,0.000000691
251,compute-0-2,0.000000173,-0.000000319,0.000000592
251,compute-0-3,0.000000025,-0.000000201,0.000000584
252,localhost,0.000000008,-0.000000012,0.000000718
252,compute-0-0,0.000000123,+0.000000119,0.000000502
252,compute-0-1,0.000000147,+0.000000164,0.000000658
252,compute-0-2,0.000000110,-0.000000014,0.000000561
252,compute-0-3,0.000000000,-0.000000150,0.000000556
253,localhost,0.000000003,-0.000000011,0.000000682
253,compute-0-0,0.000000085,+0.000000119,0.000000502
253,compute-0-1,0.000000086,+0.000000164,0.000000658
253,compute-0-2,0.000000104,-0.000000049,0.000000533
253,compute-0-3,0.000000001,-0.000000620,0.000000563
254,localhost,0.000000006,-0.000006067,0.000002025
254,compute-0-0,0.000000048,+0.000000119,0.000000502
254,compute-0-1,0.000000025,+0.000000164,0.000000658
254,compute-0-2,0.000000280,-0.000000225,0.000000510
254,compute-0-3,0.000000000,-0.000000405,0.000000549
255,localhost,0.000000006,-0.000006067,0.000002025
255,compute-0-0,0.000000215,+0.000000390,0.000000492
255,compute-0-1,0.000000324,-0.000000393,0.000000636
255,compute-0-2,0.000000000,-0.000000225,0.000000510
255,compute-0-3,0.000000000,-0.000000405,0.000000549
256,localhost,0.000000015,+0.000000011,0.000001921
256,compute-0-0,0.000000000,+0.000000390,0.000000492
256,compute-0-1,0.000000047,+0.000000220,0.000000608
256,compute-0-2,0.000000000,-0.000000225,0.000000510
256,compute-0-3,0.000000293,-0.000000380,0.000000535
257,localhost,0.000000008,-0.000000004,0.000001822
257,compute-0-0,0.000000000,+0.000000390,0.000000492
257,compute-0-1,0.000000041,+0.000000220,0.000000608
257,compute-0-2,0.000000049,-0.000000050,0.000000485
257,compute-0-3,0.000000525,-0.000000636,0.000000546
258,localhost,0.000000007,-0.000000004,0.000001822
258,compute-0-0,0.000000001,+0.000000800,0.000000531
258,compute-0-1,0.000000107,+0.000000144,0.000000578
258,compute-0-2,0.000000045,-0.000000050,0.000000485
258,compute-0-3,0.000000001,-0.000000636,0.000000546
259,localhost,0.000000016,+0.000000012,0.000001729
259,compute-0-0,0.000000049,+0.000000061,0.000000504
259,compute-0-1,0.000000008,+0.000000003,0.000000549
259,compute-0-2,0.000000041,-0.000000050,0.000000485
259,compute-0-3,0.000000013,-0.000000014,0.000000518
260,localhost,0.000000000,-0.000000014,0.000001640
260,compute-0-0,0.000000135,+0.000000121,0.000000480
260,compute-0-1,0.000000008,+0.000000003,0.000000549
260,compute-0-2,0.000000278,-0.000000304,0.000000470
260,compute-0-3,0.000000013,-0.000000014,0.000000518
261,localhost,0.000000003,+0.000000003,0.000001556
261,compute-0-0,0.000000000,+0.000000121,0.000000480
261,compute-0-1,0.000000036,-0.000000047,0.000000521
261,compute-0-2,0.000000087,-0.000000304,0.000000470
261,compute-0-3,0.000000013,-0.000000014,0.000000518
262,localhost,0.000000003,+0.000000003,0.000001556
262,compute-0-0,0.000000045,+0.000000106,0.000000456
262,compute-0-1,0.000000277,-0.000000326,0.000000505
262,compute-0-2,0.000000000,-0.000000304,0.000000470
262,compute-0-3,0.000000114,-0.000001209,0.000000622
263,localhost,0.000000003,+0.000000003,0.000001556
263,compute-0-0,0.000000177,+0.000000329,0.000000445
263,compute-0-1,0.000000034,-0.000000326,0.000000505
263,compute-0-2,0.000000053,+0.000000056,0.000000446
263,compute-0-3,0.000000117,-0.000000130,0.000000592
264,localhost,0.000000085,-0.000000096,0.000001476
264,compute-0-0,0.000000000,+0.000000329,0.000000445
264,compute-0-1,0.000000000,-0.000000326,0.000000505
264,compute-0-2,0.000000048,+0.000000056,0.000000446
264,compute-0-3,0.000000093,-0.000000130,0.000000592
265,localhost,0.000000038,-0.000000096,0.000001476
265,compute-0-0,0.000000001,+0.000000925,0.000000514
265,compute-0-1,0.000000216,-0.000000238,0.000000485
265,compute-0-2,0.000000042,+0.000000056,0.000000446
265,compute-0-3,0.000000069,-0.000000130,0.000000592
266,localhost,0.000000024,-0.000000007,0.000001400
266,compute-0-0,0.000000001,+0.000000925,0.000000514
266,compute-0-1,0.000000603,-0.000000473,0.000000483
266,compute-0-2,0.000000040,-0.000000083,0.000000424
266,compute-0-3,0.000000379,-0.000000431,0.000000578
267,localhost,0.000000019,-0.000000004,0.000001329
267,compute-0-0,0.000000001,+0.000000925,0.000000514
267,compute-0-1,0.000000001,-0.000000473,0.000000483
267,compute-0-2,0.000000078,-0.000000046,0.000000402
267,compute-0-3,0.000000456,-0.000000297,0.000000556
268,localhost,0.000000014,-0.000000004,0.000001329
268,compute-0-0,0.000000067,+0.000000614,0.000000525
268,compute-0-1,0.000000089,-0.000000101,0.000000460
268,compute-0-2,0.000000053,-0.000000046,0.000000402
268,compute-0-3,0.000000076,-0.000000297,0.000000556
269,localhost,0.000000022,-0.000000018,0.000001260
269,compute-0-0,0.000000107,+0.000000132,0.000000500
269,compute-0-1,0.000000361,-0.000000738,0.000000495
269,compute-0-2,0.000000038,+0.000000002,0.000000382
269,compute-0-3,0.000000242,+0.000000324,0.000000538
270,localhost,0.000000015,+0.000000001,0.000001196
270,compute-0-0,0.000000224,+0.000000182,0.000000477
270,compute-0-1,0.000000000,-0.000000738,0.000000495
270,compute-0-2,0.000000028,+0.000000002,0.000000382
270,compute-0-3,0.000000202,-0.000001591,0.000000716
271,localhost,0.000000025,-0.000000013,0.000001134
271,compute-0-0,0.000000023,+0.000000182,0.000000477
271,compute-0-1,0.000000000,-0.000000738,0.000000495
271,compute-0-2,0.000000019,+0.000000002,0.000000382
271,compute-0-3,0.000000000,-0.000001591,0.000000716
272,localhost,0.000000018,-0.000000013,0.000001134
272,compute-0-0,0.000000097,+0.000000140,0.000000455
272,compute-0-1,0.000000041,-0.000000513,0.000000496
272,compute-0-2,0.000000021,+0.000000041,0.000000362
272,compute-0-3,0.000000002,-0.000001634,0.000000854
273,localhost,0.000000037,-0.000000049,0.000001076
273,compute-0-0,0.000000152,+0.000000185,0.000000436
273,compute-0-1,0.000000000,-0.000000513,0.000000496
273,compute-0-2,0.000000020,+0.000000041,0.000000362
273,compute-0-3,0.000000001,-0.000000652,0.000000836
274,localhost,0.000000029,-0.000000334,0.000001027
274,compute-0-0,0.000000000,+0.000000185,0.000000436
274,compute-0-1,0.000000000,-0.000000513,0.000000496
274,compute-0-2,0.000000780,+0.000000833,0.000000433
274,compute-0-3,0.000000241,-0.000000267,0.000000797
275,localhost,0.000000000,-0.000000334,0.000001027
275,compute-0-0,0.000000000,+0.000000185,0.000000436
275,compute-0-1,0.000000083,-0.000000141,0.000000473
275,compute-0-2,0.000000001,+0.000000833,0.000000433
275,compute-0-3,0.000000061,-0.000000267,0.000000797
276,localhost,0.000000029,-0.000000051,0.000000974
276,compute-0-0,0.000000037,+0.000000039,0.000000413
276,compute-0-1,0.000000121,+0.000000129,0.000000451
276,compute-0-2,0.000000000,+0.000000412,0.000000431
276,compute-0-3,0.000000000,-0.000000267,0.000000797
277,localhost,0.000000002,-0.000000051,0.000000974
277,compute-0-0,0.000000034,+0.000000039,0.000000413
277,compute-0-1,0.000000033,+0.000000129,0.000000451
277,compute-0-2,0.000000163,+0.000000236,0.000000416
277,compute-0-3,0.000000299,-0.000000328,0.000000763
278,localhost,0.000000000,-0.000000051,0.000000974
278,compute-0-0,0.000000000,+0.000000111,0.000000394
278,compute-0-1,0.000000050,-0.000000085,0.000000428
278,compute-0-2,0.000000000,+0.000000236,0.000000416
278,compute-0-3,0.000000198,-0.000000328,0.000000763
279,localhost,0.000000039,-0.000000053,0.000000924
279,compute-0-0,0.000000001,+0.000000838,0.000000458
279,compute-0-1,0.000000001,-0.000000085,0.000000428
279,compute-0-2,0.000000019,+0.000000022,0.000000394
279,compute-0-3,0.000000155,-0.000000067,0.000000725
280,localhost,0.000000040,-0.000000026,0.000000877
280,compute-0-0,0.000000001,+0.000000838,0.000000458
280,compute-0-1,0.000000000,-0.000000085,0.000000428
280,compute-0-2,0.000000370,-0.000000566,0.000000415
280,compute-0-3,0.000000188,+0.000000395,0.000000699
281,localhost,0.000000030,-0.000000023,0.000000832
281,compute-0-0,0.000000001,+0.000000838,0.000000458
281,compute-0-1,0.000000104,-0.000000150,0.000000409
281,compute-0-2,0.000000000,-0.000000566,0.000000415
281,compute-0-3,0.000000270,+0.000000277,0.000000668
282,localhost,0.000000021,-0.000000023,0.000000832
282,compute-0-0,0.000000009,-0.000000009,0.000000434
282,compute-0-1,0.000000044,+0.000000017,0.000000388
282,compute-0-2,0.000000104,-0.000000121,0.000000395
282,compute-0-3,0.000000046,+0.000000277,0.000000668
283,localhost,0.000000031,-0.000000023,0.000000789
283,compute-0-0,0.000000031,+0.000000043,0.000000412
283,compute-0-1,0.000000031,+0.000000017,0.000000388
283,compute-0-2,0.000000574,-0.000000707,0.000000437
283,compute-0-3,0.000000000,+0.000000277,0.000000668
284,localhost,0.000000015,+0.000000004,0.000000749
284,compute-0-0,0.000000019,+0.000000043,0.000000412
284,compute-0-1,0.000000018,+0.000000017,0.000000388
284,compute-0-2,0.000001284,+0.000001753,0.000000692
284,compute-0-3,0.000001064,+0.000001180,0.000000736
285,localhost,0.000000012,+0.000000004,0.000000749
285,compute-0-0,0.000000015,-0.000000000,0.000000391
285,compute-0-1,0.000000225,-0.000000295,0.000000380
285,compute-0-2,0.000000001,+0.000001753,0.000000692
285,compute-0-3,0.000000387,+0.000001180,0.000000736
286,localhost,0.000000012,-0.000000086,0.000000711
286,compute-0-0,0.000000182,+0.000000334,0.000000386
286,compute-0-1,0.000000228,-0.000000180,0.000000365
286,compute-0-2,0.000000207,+0.000000261,0.000000662
286,compute-0-3,0.000000002,+0.000001840,0.000000909
287,localhost,0.000000045,-0.000000064,0.000000675
287,compute-0-0,0.000000000,+0.000000334,0.000000386
287,compute-0-1,0.000000000,-0.000000180,0.000000365
287,compute-0-2,0.000000253,+0.000000121,0.000000629
287,compute-0-3,0.000000002,+0.000001840,0.000000909
288,localhost,0.000000000,-0.000000064,0.000000675
288,compute-0-0,0.000000000,+0.000000334,0.000000386
288,compute-0-1,0.000000052,-0.000000073,0.000000347
288,compute-0-2,0.000000183,+0.000000121,0.000000629
288,compute-0-3,0.000000003,+0.000001840,0.000000909
289,localhost,0.000000020,+0.000000031,0.000000640
289,compute-0-0,0.000000199,+0.000000227,0.000000373
289,compute-0-1,0.000000100,-0.000000095,0.000000330
289,compute-0-2,0.000000001,+0.000000955,0.000000669
289,compute-0-3,0.000000220,+0.000000298,0.000000867
290,localhost,0.000000024,+0.000000016,0.000000607
290,compute-0-0,0.000000412,+0.000000647,0.000000409
290,compute-0-1,0.000000002,-0.000000095,0.000000330
290,compute-0-2,0.000000033,+0.000000035,0.000000634
290,compute-0-3,0.000000360,+0.000000817,0.000000862
291,localhost,0.000000025,+0.000000013,0.000000576
291,compute-0-0,0.000000001,+0.000000647,0.000000409
291,compute-0-1,0.000000025,-0.000000096,0.000000315
291,compute-0-2,0.000000029,+0.000000035,0.000000634
291,compute-0-3,0.000000436,+0.000000455,0.000000831
292,localhost,0.000000016,+0.000000013,0.000000576
292,compute-0-0,0.000000001,+0.000000647,0.000000409
292,compute-0-1,0.000000062,-0.000000084,0.000000300
292,compute-0-2,0.000000004,-0.000000025,0.000000602
292,compute-0-3,0.000000020,+0.000000455,0.000000831
293,localhost,0.000000022,+0.000000017,0.000000547
293,compute-0-0,0.000000113,+0.000000131,0.000000390
293,compute-0-1,0.000000004,-0.000000084,0.000000300
293,compute-0-2,0.000000004,-0.000000025,0.000000602
293,compute-0-3,0.000000302,+0.000000611,0.000000811
294,localhost,0.000000011,+0.000000017,0.000000547
294,compute-0-0,0.000000057,+0.000000131,0.000000390
294,compute-0-1,0.000000000,-0.000000084,0.000000300
294,compute-0-2,0.000000015,-0.000000019,0.000000571
294,compute-0-3,0.000001232,+0.000002192,0.000001036
295,localhost,0.000000000,+0.000000017,0.000000547
295,compute-0-0,0.000000000,+0.000000131,0.000000390
295,compute-0-1,0.000000437,-0.000000728,0.000000366
295,compute-0-2,0.000000015,-0.000000019,0.000000571
295,compute-0-3,0.000000001,+0.000002192,0.000001036
296,localhost,0.000000024,+0.000000028,0.000000519
296,compute-0-0,0.000000005,-0.000000005,0.000000370
296,compute-0-1,0.000000256,-0.000000269,0.000000357
296,compute-0-2,0.000000001,+0.000000719,0.000000588
296,compute-0-3,0.000001380,+0.000001660,0.000001114
297,localhost,0.000000050,+0.000000049,0.000000492
297,compute-0-0,0.000000068,-0.000000063,0.000000352
297,compute-0-1,0.000000125,-0.000000269,0.000000357
297,compute-0-2,0.000000065,+0.000000076,0.000000558
297,compute-0-3,0.000000002,+0.000001660,0.000001114
298,localhost,0.000000046,+0.000000036,0.000000467
298,compute-0-0,0.000000032,-0.000000063,0.000000352
298,compute-0-1,0.000000000,-0.000000269,0.000000357
298,compute-0-2,0.000000025,+0.000000076,0.000000558
298,compute-0-3,0.000000054,+0.000000058,0.000001057
299,localhost,0.000000027,+0.000000036,0.000000467
299,compute-0-0,0.000000018,-0.000000002,0.000000334
299,compute-0-1,0.000000439,-0.000000590,0.000000387
299,compute-0-2,0.000000056,+0.000000078,0.000000530
299,compute-0-3,0.000000049,+0.000000058,0.000001057
300,localhost,0.000000000,+0.000000245,0.000000450
300,compute-0-0,0.000000086,+0.000000112,0.000000318
300,compute-0-1,0.000000000,-0.000000590,0.000000387
300,compute-0-2,0.000000069,+0.000000183,0.000000506
300,compute-0-3,0.000000001,-0.000001040,0.000001055
301,localhost,0.000000051,+0.000000060,0.000000427
301,compute-0-0,0.000000016,+0.000000112,0.000000318
301,compute-0-1,0.000000000,-0.000000590,0.000000387
301,compute-0-2,0.000000000,+0.000000183,0.000000506
301,compute-0-3,0.000000020,+0.000000020,0.000001001
302,localhost,0.000000017,+0.000000060,0.000000427
302,compute-0-0,0.000000000,+0.000000112,0.000000318
302,compute-0-1,0.000000002,+0.000000002,0.000000367
302,compute-0-2,0.000000010,+0.000000093,0.000000481
302,compute-0-3,0.000000012,+0.000000020,0.000001001
303,localhost,0.000000023,+0.000000267,0.000000414
303,compute-0-0,0.000000135,+0.000000270,0.000000314
303,compute-0-1,0.000000002,+0.000000002,0.000000367
303,compute-0-2,0.000000045,+0.000000073,0.000000457
303,compute-0-3,0.000000004,+0.000000020,0.000001001
304,localhost,0.000000143,+0.000000189,0.000000397
304,compute-0-0,0.000000000,+0.000000270,0.000000314
304,compute-0-1,0.000000025,+0.000000025,0.000000348
304,compute-0-2,0.000000244,+0.000000282,0.000000442
304,compute-0-3,0.000000025,+0.000000023,0.000000950
305,localhost,0.000000020,+0.000000189,0.000000397
305,compute-0-0,0.000000024,-0.000000028,0.000000298
305,compute-0-1,0.000000001,-0.000000634,0.000000387
305,compute-0-2,0.000000000,+0.000000282,0.000000442
305,compute-0-3,0.000000145,-0.000000388,0.000000910
306,localhost,0.000000030,+0.000000025,0.000000377
306,compute-0-0,0.000000070,-0.000000082,0.000000284
306,compute-0-1,0.000000298,-0.000000354,0.000000384
306,compute-0-2,0.000000012,+0.000000270,0.000000428
306,compute-0-3,0.000000795,-0.000001377,0.000000967
307,localhost,0.000000044,+0.000000025,0.000000358
307,compute-0-0,0.000000756,-0.000000765,0.000000362
307,compute-0-1,0.000000000,-0.000000354,0.000000384
307,compute-0-2,0.000000119,-0.000000139,0.000000409
307,compute-0-3,0.000000001,-0.000001377,0.000000967
308,localhost,0.000000052,-0.000000086,0.000000340
308,compute-0-0,0.000000001,-0.000000765,0.000000362
308,compute-0-1,0.000000095,-0.000000276,0.000000374
308,compute-0-2,0.000000044,-0.000000139,0.000000409
308,compute-0-3,0.000000090,-0.000000245,0.000000920
309,localhost,0.000000042,-0.000000086,0.000000340
309,compute-0-0,0.000000009,+0.000000009,0.000000343
309,compute-0-1,0.000000001,-0.000000850,0.000000445
309,compute-0-2,0.000000022,+0.000000055,0.000000388
309,compute-0-3,0.000000078,-0.000000297,0.000000841
310,localhost,0.000000071,-0.000000057,0.000000323
310,compute-0-0,0.000000008,+0.000000009,0.000000343
310,compute-0-1,0.000000001,-0.000000850,0.000000445
310,compute-0-2,0.000000020,+0.000000055,0.000000388
310,compute-0-3,0.000000015,-0.000000017,0.000000798
311,localhost,0.000000111,-0.000000081,0.000000308
311,compute-0-0,0.000000007,+0.000000009,0.000000343
311,compute-0-1,0.000000001,-0.000000850,0.000000445
311,compute-0-2,0.000000018,+0.000000055,0.000000388
311,compute-0-3,0.000000204,-0.000000210,0.000000760
312,localhost,0.000000051,-0.000000081,0.000000308
312,compute-0-0,0.000000137,+0.000000225,0.000000333
312,compute-0-1,0.000000256,-0.000000381,0.000000439
312,compute-0-2,0.000000007,-0.000000010,0.000000368
312,compute-0-3,0.000000028,+0.000000032,0.000000721
313,localhost,0.000000000,-0.000000362,0.000000314
313,compute-0-0,0.000000112,+0.000000448,0.000000347
313,compute-0-1,0.000000146,-0.000000147,0.000000419
313,compute-0-2,0.000000002,-0.000000005,0.000000349
313,compute-0-3,0.000000016,+0.000000032,0.000000721
314,localhost,0.000000032,-0.000000034,0.000000298
314,compute-0-0,0.000000000,+0.000000448,0.000000347
314,compute-0-1,0.000000068,-0.000000147,0.000000419
314,compute-0-2,0.000000181,+0.000000191,0.000000337
314,compute-0-3,0.000000031,+0.000000025,0.000000684
315,localhost,0.000000011,+0.000000038,0.000000283
315,compute-0-0,0.000000000,+0.000000448,0.000000347
315,compute-0-1,0.000000046,+0.000000086,0.000000399
315,compute-0-2,0.000000065,+0.000000191,0.000000337
315,compute-0-3,0.000000028,+0.000000025,0.000000684
316,localhost,0.000000011,+0.000000038,0.000000283
316,compute-0-0,0.000000105,+0.000000239,0.000000337
316,compute-0-1,0.000000228,-0.000000902,0.000000474
316,compute-0-2,0.000000000,+0.000000191,0.000000337
316,compute-0-3,0.000000035,+0.000000012,0.000000649
317,localhost,0.000000074,+0.000000084,0.000000270
317,compute-0-0,0.000000091,-0.000000093,0.000000321
317,compute-0-1,0.000000000,-0.000000902,0.000000474
317,compute-0-2,0.000000049,+0.000000050,0.000000320
317,compute-0-3,0.000000029,+0.000000012,0.000000649
318,localhost,0.000000067,+0.000000027,0.000000256
318,compute-0-0,0.000000024,-0.000000093,0.000000321
318,compute-0-1,0.000000009,+0.000000010,0.000000449
318,compute-0-2,0.000000045,+0.000000050,0.000000320
318,compute-0-3,0.000000024,+0.000000012,0.000000649
319,localhost,0.000000048,+0.000000027,0.000000256
319,compute-0-0,0.000000000,-0.000000093,0.000000321
319,compute-0-1,0.000000118,-0.000000156,0.000000429
319,compute-0-2,0.000000047,+0.000000008,0.000000304
319,compute-0-3,0.000000054,-0.000000325,0.000000624
320,localhost,0.000000046,+0.000000013,0.000000243
320,compute-0-0,0.000000101,-0.000000106,0.000000307
320,compute-0-1,0.000000025,-0.000000156,0.000000429
320,compute-0-2,0.000000001,+0.000000819,0.000000387
320,compute-0-3,0.000000000,+0.000000000,0.000000592
321,localhost,0.000000060,+0.000000027,0.000000231
321,compute-0-0,0.000000071,-0.000000106,0.000000307
321,compute-0-1,0.000000001,-0.000000625,0.000000453
321,compute-0-2,0.000000001,+0.000000819,0.000000387
321,compute-0-3,0.000000000,+0.000000000,0.000000592
322,localhost,0.000000043,+0.000000027,0.000000231
322,compute-0-0,0.000000041,-0.000000106,0.000000307
322,compute-0-1,0.000000001,-0.000000625,0.000000453
322,compute-0-2,0.000000001,+0.000000819,0.000000387
322,compute-0-3,0.000000000,+0.000000000,0.000000592
323,localhost,0.000000057,+0.000000133,0.000000223
323,compute-0-0,0.000000232,-0.000000363,0.000000313
323,compute-0-1,0.000000523,-0.000000542,0.000000462
323,compute-0-2,0.000000111,+0.000000135,0.000000370
323,compute-0-3,0.000000004,+0.000000004,0.000000562
324,localhost,0.000000016,+0.000000016,0.000000211
324,compute-0-0,0.000000000,-0.000000363,0.000000313
324,compute-0-1,0.000000224,-0.000000542,0.000000462
324,compute-0-2,0.000000069,+0.000000135,0.000000370
324,compute-0-3,0.000000003,+0.000000004,0.000000562
325,localhost,0.000000068,+0.000000054,0.000000201
325,compute-0-0,0.000000010,-0.000000011,0.000000297
325,compute-0-1,0.000000017,-0.000000450,0.000000461
325,compute-0-2,0.000000028,+0.000000135,0.000000370
325,compute-0-3,0.000000003,+0.000000004,0.000000562
326,localhost,0.000000048,+0.000000054,0.000000201
326,compute-0-0,0.000000024,+0.000000036,0.000000282
326,compute-0-1,0.000000037,-0.000000038,0.000000438
326,compute-0-2,0.000000111,+0.000000147,0.000000354
326,compute-0-3,0.000000020,+0.000000018,0.000000533
327,localhost,0.000000082,+0.000000147,0.000000196
327,compute-0-0,0.000000115,+0.000000103,0.000000269
327,compute-0-1,0.000000034,-0.000000038,0.000000438
327,compute-0-2,0.000000064,+0.000000013,0.000000336
327,compute-0-3,0.000000004,-0.000000016,0.000000506
328,localhost,0.000000001,+0.000000001,0.000000186
328,compute-0-0,0.000000000,+0.000000103,0.000000269
328,compute-0-1,0.000000000,-0.000000367,0.000000431
328,compute-0-2,0.000000029,+0.000000013,0.000000336
328,compute-0-3,0.000000004,-0.000000016,0.000000506
329,localhost,0.000000001,+0.000000001,0.000000186
329,compute-0-0,0.000000038,+0.000000058,0.000000256
329,compute-0-1,0.000000000,-0.000000367,0.000000431
329,compute-0-2,0.000000000,+0.000000013,0.000000336
329,compute-0-3,0.000000002,-0.000002194,0.000000844
330,localhost,0.000000000,-0.000000001,0.000000177
330,compute-0-0,0.000000015,+0.000000001,0.000000243
330,compute-0-1,0.000000000,-0.000000367,0.000000431
330,compute-0-2,0.000000088,+0.000000095,0.000000320
330,compute-0-3,0.000000002,-0.000002194,0.000000844
331,localhost,0.000000000,-0.000000000,0.000000168
331,compute-0-0,0.000000013,+0.000000001,0.000000243
331,compute-0-1,0.000000110,-0.000000340,0.000000423
331,compute-0-2,0.000000014,-0.000000086,0.000000305
331,compute-0-3,0.000000478,-0.000000504,0.000000816
332,localhost,0.000000000,-0.000000000,0.000000168
332,compute-0-0,0.000000011,+0.000000001,0.000000243
332,compute-0-1,0.000000000,-0.000000340,0.000000423
332,compute-0-2,0.000000013,-0.000000086,0.000000305
332,compute-0-3,0.000000221,-0.000000504,0.000000816
333,localhost,0.000000029,+0.000000034,0.000000159
333,compute-0-0,0.000000007,-0.000000002,0.000000231
333,compute-0-1,0.000000363,-0.000000395,0.000000420
333,compute-0-2,0.000000058,+0.000000141,0.000000293
333,compute-0-3,0.000000163,-0.000000607,0.000000798
334,localhost,0.000000000,+0.000000353,0.000000188
334,compute-0-0,0.000000007,-0.000000002,0.000000231
334,compute-0-1,0.000000000,-0.000000395,0.000000420
334,compute-0-2,0.000000003,-0.000000003,0.000000278
334,compute-0-3,0.000000135,-0.000000145,0.000000758
335,localhost,0.000000049,+0.000000050,0.000000179
335,compute-0-0,0.000000003,-0.000000004,0.000000219
335,compute-0-1,0.000000000,-0.000000395,0.000000420
335,compute-0-2,0.000000003,-0.000000003,0.000000278
335,compute-0-3,0.000000094,-0.000000145,0.000000758
336,localhost,0.000000029,+0.000000050,0.000000179
336,compute-0-0,0.000000003,-0.000000004,0.000000219
336,compute-0-1,0.000000055,-0.000000056,0.000000399
336,compute-0-2,0.000000003,+0.000000187,0.000000270
336,compute-0-3,0.000000001,+0.000001162,0.000000808
337,localhost,0.000000013,-0.000000034,0.000000170
337,compute-0-0,0.000000000,-0.000000003,0.000000208
337,compute-0-1,0.000000052,-0.000000056,0.000000399
337,compute-0-2,0.000000136,-0.000000197,0.000000264
337,compute-0-3,0.000000148,+0.000000252,0.000000770
338,localhost,0.000000025,-0.000000015,0.000000162
338,compute-0-0,0.000000000,-0.000000003,0.000000208
338,compute-0-1,0.000000025,-0.000000160,0.000000382
338,compute-0-2,0.000000000,-0.000000197,0.000000264
338,compute-0-3,0.000000000,+0.000000252,0.000000770
339,localhost,0.000000020,-0.000000015,0.000000162
339,compute-0-0,0.000000000,-0.000000003,0.000000208
339,compute-0-1,0.000000000,-0.000000160,0.000000382
339,compute-0-2,0.000000050,-0.000000073,0.000000251
339,compute-0-3,0.000000000,+0.000000252,0.000000770
340,localhost,0.000000036,+0.000000067,0.000000155
340,compute-0-0,0.000000070,-0.000000077,0.000000198
340,compute-0-1,0.000000000,-0.000000160,0.000000382
340,compute-0-2,0.000000024,-0.000000073,0.000000251
340,compute-0-3,0.000000959,+0.000001370,0.000000849
341,localhost,0.000000085,+0.000000278,0.000000171
341,compute-0-0,0.000000045,-0.000000077,0.000000198
341,compute-0-1,0.000000081,+0.000000095,0.000000364
341,compute-0-2,0.000000089,-0.000000089,0.000000240
341,compute-0-3,0.000001128,+0.000001013,0.000000867
342,localhost,0.000000000,+0.000000278,0.000000171
342,compute-0-0,0.000000020,-0.000000072,0.000000190
342,compute-0-1,0.000000077,+0.000000042,0.000000345
342,compute-0-2,0.000000088,-0.000000089,0.000000240
342,compute-0-3,0.000000001,+0.000001013,0.000000867
343,localhost,0.000000038,+0.000000111,0.000000166
343,compute-0-0,0.000000000,-0.000000072,0.000000190
343,compute-0-1,0.000000120,+0.000000115,0.000000329
343,compute-0-2,0.000000654,+0.000000852,0.000000353
343,compute-0-3,0.000000350,+0.000002057,0.000001049
344,localhost,0.000000006,-0.000000006,0.000000158
344,compute-0-0,0.000000105,+0.000000106,0.000000183
344,compute-0-1,0.000000058,+0.000000115,0.000000329
344,compute-0-2,0.000000882,+0.000000422,0.000000360
344,compute-0-3,0.000001128,+0.000001884,0.000001160
345,localhost,0.000000013,-0.000000008,0.000000150
345,compute-0-0,0.000000068,+0.000000106,0.000000183
345,compute-0-1,0.000000000,+0.000000115,0.000000329
345,compute-0-2,0.000000613,+0.000000422,0.000000360
345,compute-0-3,0.000000001,+0.000001884,0.000001160
346,localhost,0.000000012,-0.000000008,0.000000150
346,compute-0-0,0.000000030,+0.000000106,0.000000183
346,compute-0-1,0.000000639,+0.000000752,0.000000393
346,compute-0-2,0.000000768,+0.000000488,0.000000375
346,compute-0-3,0.000000261,+0.000000348,0.000001106
347,localhost,0.000000009,-0.000000262,0.000000164
347,compute-0-0,0.000000004,+0.000000004,0.000000174
347,compute-0-1,0.000000173,+0.000000752,0.000000393
347,compute-0-2,0.000000305,-0.000000214,0.000000362
347,compute-0-3,0.000000238,+0.000001330,0.000001130
348,localhost,0.000000023,+0.000000023,0.000000156
348,compute-0-0,0.000000003,+0.000000004,0.000000174
348,compute-0-1,0.000000001,+0.000000675,0.000000429
348,compute-0-2,0.000000254,-0.000000214,0.000000362
348,compute-0-3,0.000000000,+0.000001330,0.000001130
349,localhost,0.000000020,+0.000000023,0.000000156
349,compute-0-0,0.000000062,-0.000000154,0.000000172
349,compute-0-1,0.000000001,+0.000000827,0.000000484
349,compute-0-2,0.000000357,+0.000000195,0.000000349
349,compute-0-3,0.000000000,+0.000001330,0.000001130
350,localhost,0.000000027,+0.000000011,0.000000148
350,compute-0-0,0.000000043,-0.000000046,0.000000164
350,compute-0-1,0.000000001,+0.000000827,0.000000484
350,compute-0-2,0.000000225,-0.000000066,0.000000332
350,compute-0-3,0.000000224,-0.000000236,0.000001075
351,localhost,0.000000030,+0.000000009,0.000000141
351,compute-0-0,0.000000031,-0.000000046,0.000000164
351,compute-0-1,0.000000001,+0.000000827,0.000000484
351,compute-0-2,0.000000302,+0.000000114,0.000000317
351,compute-0-3,0.000000457,-0.000000278,0.000001023
352,localhost,0.000000022,+0.000000009,0.000000141
352,compute-0-0,0.000000000,-0.000000226,0.000000171
352,compute-0-1,0.000000369,+0.000000757,0.000000518
352,compute-0-2,0.000000238,+0.000000114,0.000000317
352,compute-0-3,0.000000121,-0.000000278,0.000001023
353,localhost,0.000000033,+0.000000024,0.000000134
353,compute-0-0,0.000000000,+0.000000000,0.000000162
353,compute-0-1,0.000000579,+0.000000828,0.000000557
353,compute-0-2,0.000000354,+0.000000218,0.000000308
353,compute-0-3,0.000000212,-0.000000312,0.000000976
354,localhost,0.000000081,+0.000000119,0.000000132
354,compute-0-0,0.000000049,-0.000000050,0.000000155
354,compute-0-1,0.000000001,+0.000000828,0.000000557
354,compute-0-2,0.000000405,+0.000000176,0.000000298
354,compute-0-3,0.000000411,-0.000000411,0.000000935
355,localhost,0.000000009,+0.000000009,0.000000125
355,compute-0-0,0.000000034,-0.000000050,0.000000155
355,compute-0-1,0.000000001,+0.000000828,0.000000557
355,compute-0-2,0.000000265,+0.000000176,0.000000298
355,compute-0-3,0.000000000,-0.000000411,0.000000935
356,localhost,0.000000009,+0.000000009,0.000000125
356,compute-0-0,0.000000018,-0.000000050,0.000000155
356,compute-0-1,0.000000440,+0.000000562,0.000000557
356,compute-0-2,0.000000285,+0.000000141,0.000000286
356,compute-0-3,0.000000014,-0.000000014,0.000000887
357,localhost,0.000000032,+0.000000031,0.000000119
357,compute-0-0,0.000000027,-0.000000022,0.000000147
357,compute-0-1,0.000000033,+0.000000562,0.000000557
357,compute-0-2,0.000000318,+0.000000152,0.000000275
357,compute-0-3,0.000000257,-0.000000818,0.000000880
358,localhost,0.000000033,+0.000000010,0.000000113
358,compute-0-0,0.000000025,-0.000000022,0.000000147
358,compute-0-1,0.000000064,+0.000000085,0.000000529
358,compute-0-2,0.000000196,+0.000000152,0.000000275
358,compute-0-3,0.000000000,-0.000000818,0.000000880
359,localhost,0.000000025,+0.000000010,0.000000113
359,compute-0-0,0.000000016,+0.000000007,0.000000139
359,compute-0-1,0.000000041,+0.000000085,0.000000529
359,compute-0-2,0.000000255,+0.000000168,0.000000267
359,compute-0-3,0.000000040,+0.000000044,0.000000835
360,localhost,0.000000031,+0.000000015,0.000000108
360,compute-0-0,0.000000015,+0.000000007,0.000000139
360,compute-0-1,0.000000045,+0.000000026,0.000000502
360,compute-0-2,0.000000379,+0.000000295,0.000000270
360,compute-0-3,0.000000161,+0.000000201,0.000000795
361,localhost,0.000000019,-0.000000004,0.000000102
361,compute-0-0,0.000000013,+0.000000007,0.000000139
361,compute-0-1,0.000000043,+0.000000026,0.000000502
361,compute-0-2,0.000000872,+0.000001168,0.000000449
361,compute-0-3,0.000000143,+0.000000139,0.000000755
362,localhost,0.000000017,-0.000000004,0.000000102
362,compute-0-0,0.000000001,+0.000000015,0.000000132
362,compute-0-1,0.000000040,+0.000000026,0.000000502
362,compute-0-2,0.000000001,+0.000001168,0.000000449
362,compute-0-3,0.000000049,+0.000000139,0.000000755
363,localhost,0.000000014,-0.000000001,0.000000097
363,compute-0-0,0.000000001,-0.000001242,0.000000412
363,compute-0-1,0.000001991,+0.000002639,0.000000961
363,compute-0-2,0.000000001,+0.000000474,0.000000452
363,compute-0-3,0.000000018,+0.000000003,0.000000717
364,localhost,0.000000047,-0.000000077,0.000000095
364,compute-0-0,0.000000032,-0.000000034,0.000000391
364,compute-0-1,0.000000002,+0.000002639,0.000000961
364,compute-0-2,0.000000001,+0.000000474,0.000000452
364,compute-0-3,0.000000030,+0.000000015,0.000000680
365,localhost,0.000000008,+0.000000012,0.000000090
365,compute-0-0,0.000000026,-0.000000034,0.000000391
365,compute-0-1,0.000000322,+0.000000435,0.000000922
365,compute-0-2,0.000000001,+0.000000474,0.000000452
365,compute-0-3,0.000000024,+0.000000015,0.000000680
366,localhost,0.000000008,+0.000000012,0.000000090
366,compute-0-0,0.000000014,+0.000000010,0.000000371
366,compute-0-1,0.000000001,+0.000001063,0.000000937
366,compute-0-2,0.000000089,+0.000000101,0.000000430
366,compute-0-3,0.000000043,-0.000000082,0.000000645
367,localhost,0.000000002,+0.000000010,0.000000086
367,compute-0-0,0.000000106,-0.000000112,0.000000354
367,compute-0-1,0.000000002,+0.000001063,0.000000937
367,compute-0-2,0.000000157,-0.000000371,0.000000424
367,compute-0-3,0.000000213,-0.000000394,0.000000625
368,localhost,0.000000006,-0.000000008,0.000000081
368,compute-0-0,0.000000024,-0.000000112,0.000000354
368,compute-0-1,0.000000000,+0.000000155,0.000000890
368,compute-0-2,0.000000000,-0.000000371,0.000000424
368,compute-0-3,0.000000000,-0.000000394,0.000000625
369,localhost,0.000000006,-0.000000008,0.000000081
369,compute-0-0,0.000000000,-0.000000112,0.000000354
369,compute-0-1,0.000000000,+0.000000155,0.000000890
369,compute-0-2,0.000000054,+0.000000133,0.000000405
369,compute-0-3,0.000000001,-0.000000915,0.000000660
370,localhost,0.000000009,+0.000000016,0.000000077
370,compute-0-0,0.000000013,+0.000000013,0.000000336
370,compute-0-1,0.000000154,+0.000000159,0.000000846
370,compute-0-2,0.000000000,+0.000000133,0.000000405
370,compute-0-3,0.000000131,-0.000000514,0.000000647
371,localhost,0.000000007,-0.000000016,0.000000074
371,compute-0-0,0.000000013,+0.000000013,0.000000336
371,compute-0-1,0.000000118,+0.000000159,0.000000846
371,compute-0-2,0.000000443,+0.000000472,0.000000412
371,compute-0-3,0.000000000,-0.000000514,0.000000647
372,localhost,0.000000007,-0.000000016,0.000000074
372,compute-0-0,0.000000024,+0.000000014,0.000000319
372,compute-0-1,0.000000082,+0.000000159,0.000000846
372,compute-0-2,0.000000154,+0.000000472,0.000000412
372,compute-0-3,0.000000000,-0.000000514,0.000000647
373,localhost,0.000000005,+0.000000012,0.000000070
373,compute-0-0,0.000000021,+0.000000014,0.000000319
373,compute-0-1,0.000001084,+0.000001623,0.000000953
373,compute-0-2,0.000000000,+0.000000472,0.000000412
373,compute-0-3,0.000000373,-0.000000690,0.000000651
374,localhost,0.000000009,+0.000000005,0.000000066
374,compute-0-0,0.000000018,-0.000000036,0.000000303
374,compute-0-1,0.000000001,+0.000001623,0.000000953
374,compute-0-2,0.000000837,+0.000001430,0.000000598
374,compute-0-3,0.000000000,-0.000000690,0.000000651
375,localhost,0.000000015,+0.000000007,0.000000063
375,compute-0-0,0.000000018,-0.000000036,0.000000303
375,compute-0-1,0.000000001,+0.000000545,0.000000920
375,compute-0-2,0.000000001,+0.000001430,0.000000598
375,compute-0-3,0.000000000,-0.000000690,0.000000651
376,localhost,0.000000013,+0.000000007,0.000000063
376,compute-0-0,0.000000017,-0.000000036,0.000000303
376,compute-0-1,0.000000075,+0.000000216,0.000000876
376,compute-0-2,0.000000001,+0.000001430,0.000000598
376,compute-0-3,0.000000001,-0.000000833,0.000000672
377,localhost,0.000000000,-0.000000012,0.000000060
377,compute-0-0,0.000000008,+0.000000008,0.000000287
377,compute-0-1,0.000000000,+0.000000216,0.000000876
377,compute-0-2,0.000000402,+0.000000571,0.000000595
377,compute-0-3,0.000000174,+0.000000396,0.000000649
378,localhost,0.000000006,+0.000000006,0.000000057
378,compute-0-0,0.000000008,+0.000000008,0.000000287
378,compute-0-1,0.000000000,+0.000000216,0.000000876
378,compute-0-2,0.000000000,+0.000000571,0.000000595
378,compute-0-3,0.000000000,+0.000000396,0.000000649
379,localhost,0.000000005,+0.000000006,0.000000057
379,compute-0-0,0.000000017,-0.000000011,0.000000272
379,compute-0-1,0.000000095,+0.000000109,0.000000831
379,compute-0-2,0.000000000,+0.000000571,0.000000595
379,compute-0-3,0.000000001,+0.000000664,0.000000651
380,localhost,0.000000014,+0.000000012,0.000000054
380,compute-0-0,0.000000064,-0.000000193,0.000000265
380,compute-0-1,0.000000071,+0.000000109,0.000000831
380,compute-0-2,0.000000640,+0.000001086,0.000000661
380,compute-0-3,0.000000001,+0.000000664,0.000000651
381,localhost,0.000000048,+0.000000052,0.000000054
381,compute-0-0,0.000000000,-0.000000193,0.000000265
381,compute-0-1,0.000000047,+0.000000109,0.000000831
381,compute-0-2,0.000000186,+0.000000194,0.000000630
381,compute-0-3,0.000002003,+0.000002723,0.000001060
382,localhost,0.000000005,+0.000000052,0.000000054
382,compute-0-0,0.000000000,-0.000000193,0.000000265
382,compute-0-1,0.000000081,+0.000000730,0.000000822
382,compute-0-2,0.000000123,+0.000000194,0.000000630
382,compute-0-3,0.000000002,+0.000002723,0.000001060
383,localhost,0.000000000,-0.000000160,0.000000072
383,compute-0-0,0.000000125,+0.000000164,0.000000257
383,compute-0-1,0.000000262,+0.000000322,0.000000786
383,compute-0-2,0.000000130,+0.000000064,0.000000598
383,compute-0-3,0.000000003,+0.000000726,0.000001031
384,localhost,0.000000007,+0.000000007,0.000000068
384,compute-0-0,0.000000127,+0.000000074,0.000000245
384,compute-0-1,0.000000072,+0.000000322,0.000000786
384,compute-0-2,0.000000318,+0.000000346,0.000000578
384,compute-0-3,0.000000000,+0.000000726,0.000001031
385,localhost,0.000000034,+0.000000028,0.000000065
385,compute-0-0,0.000000014,+0.000000074,0.000000245
385,compute-0-1,0.000000000,+0.000000322,0.000000786
385,compute-0-2,0.000000000,+0.000000346,0.000000578
385,compute-0-3,0.000000000,+0.000000726,0.000001031
386,localhost,0.000000025,+0.000000028,0.000000065
386,compute-0-0,0.000000031,+0.000000036,0.000000233
386,compute-0-1,0.000000713,+0.000001537,0.000000890
386,compute-0-2,0.000000069,+0.000000246,0.000000553
386,compute-0-3,0.000000188,+0.000000213,0.000000980
387,localhost,0.000000047,+0.000000051,0.000000064
387,compute-0-0,0.000000024,+0.000000036,0.000000233
387,compute-0-1,0.000000242,+0.000000250,0.000000848
387,compute-0-2,0.000000000,+0.000000246,0.000000553
387,compute-0-3,0.000000513,+0.000000734,0.000000959
388,localhost,0.000000021,+0.000000003,0.000000061
388,compute-0-0,0.000000017,+0.000000036,0.000000233
388,compute-0-1,0.000000108,+0.000000250,0.000000848
388,compute-0-2,0.000000000,+0.000000246,0.000000553
388,compute-0-3,0.000000001,+0.000000734,0.000000959
389,localhost,0.000000018,+0.000000003,0.000000061
389,compute-0-0,0.000000055,-0.000000080,0.000000222
389,compute-0-1,0.000000181,+0.000000187,0.000000807
389,compute-0-2,0.000000017,+0.000000018,0.000000525
389,compute-0-3,0.000000001,+0.000000734,0.000000959
390,localhost,0.000000026,+0.000000015,0.000000058
390,compute-0-0,0.000000045,-0.000000080,0.000000222
390,compute-0-1,0.000000236,+0.000000508,0.000000782
390,compute-0-2,0.000000096,-0.000000134,0.000000500
390,compute-0-3,0.000001156,+0.000002816,0.000001273
391,localhost,0.000000018,-0.000000002,0.000000055
391,compute-0-0,0.000000444,+0.000000486,0.000000261
391,compute-0-1,0.000000000,+0.000000508,0.000000782
391,compute-0-2,0.000000030,+0.000000092,0.000000475
391,compute-0-3,0.000000001,+0.000002816,0.000001273
392,localhost,0.000000016,-0.000000002,0.000000055
392,compute-0-0,0.000000212,+0.000000486,0.000000261
392,compute-0-1,0.000000036,-0.000000040,0.000000742
392,compute-0-2,0.000000024,+0.000000092,0.000000475
392,compute-0-3,0.000000001,+0.000002816,0.000001273
393,localhost,0.000000035,+0.000000047,0.000000054
393,compute-0-0,0.000000000,+0.000000486,0.000000261
393,compute-0-1,0.000000067,+0.000000110,0.000000705
393,compute-0-2,0.000000025,-0.000000050,0.000000451
393,compute-0-3,0.000000056,+0.000001749,0.000001328
394,localhost,0.000000043,-0.000000081,0.000000057
394,compute-0-0,0.000000282,+0.000000292,0.000000264
394,compute-0-1,0.000000041,+0.000000110,0.000000705
394,compute-0-2,0.000000016,+0.000000040,0.000000428
394,compute-0-3,0.000000089,+0.000000095,0.000001260
395,localhost,0.000000013,+0.000000008,0.000000055
395,compute-0-0,0.000000232,+0.000000292,0.000000264
395,compute-0-1,0.000000065,+0.000000055,0.000000669
395,compute-0-2,0.000000014,+0.000000040,0.000000428
395,compute-0-3,0.000000072,+0.000000095,0.000001260
396,localhost,0.000000012,+0.000000008,0.000000055
396,compute-0-0,0.000000002,+0.000002076,0.000000703
396,compute-0-1,0.000000081,+0.000000057,0.000000635
396,compute-0-2,0.000000003,-0.000000010,0.000000406
396,compute-0-3,0.000000176,-0.000000430,0.000001203
397,localhost,0.000000015,+0.000000028,0.000000052
397,compute-0-0,0.000000002,+0.000001648,0.000000846
397,compute-0-1,0.000000031,+0.000000057,0.000000635
397,compute-0-2,0.000000006,+0.000000003,0.000000385
397,compute-0-3,0.000000254,-0.000001055,0.000001189
398,localhost,0.000000043,+0.000000036,0.000000051
398,compute-0-0,0.000000002,+0.000001648,0.000000846
398,compute-0-1,0.000000000,+0.000000057,0.000000635
398,compute-0-2,0.000000046,+0.000000041,0.000000366
398,compute-0-3,0.000000801,-0.000000813,0.000001157
399,localhost,0.000000024,+0.000000036,0.000000051
399,compute-0-0,0.000000029,+0.000000037,0.000000803
399,compute-0-1,0.000000018,-0.000000018,0.000000602
399,compute-0-2,0.000000019,+0.000000041,0.000000366
399,compute-0-3,0.000000001,-0.000000813,0.000001157
400,localhost,0.000000021,+0.000000004,0.000000048
400,compute-0-0,0.000000001,-0.000001382,0.000000878
400,compute-0-1,0.000000013,+0.000000030,0.000000572
400,compute-0-2,0.000000032,-0.000000043,0.000000347
400,compute-0-3,0.000000001,-0.000001352,0.000001178
401,localhost,0.000000019,+0.000000002,0.000000046
401,compute-0-0,0.000000011,-0.000000012,0.000000833
401,compute-0-1,0.000000012,+0.000000030,0.000000572
401,compute-0-2,0.000000131,-0.000000132,0.000000332
401,compute-0-3,0.000000409,-0.000000479,0.000001128
402,localhost,0.000000017,+0.000000001,0.000000044
402,compute-0-0,0.000000010,-0.000000012,0.000000833
402,compute-0-1,0.000000011,+0.000000030,0.000000572
402,compute-0-2,0.000000000,-0.000000132,0.000000332
402,compute-0-3,0.000000000,-0.000000479,0.000001128
403,localhost,0.000000014,+0.000000001,0.000000044
403,compute-0-0,0.000000053,-0.000000062,0.000000791
403,compute-0-1,0.000000093,+0.000000088,0.000000543
403,compute-0-2,0.000000000,-0.000000132,0.000000332
403,compute-0-3,0.000000000,-0.000000479,0.000001128
404,localhost,0.000000020,+0.000000009,0.000000041
404,compute-0-0,0.000000094,+0.000000167,0.000000752
404,compute-0-1,0.000000080,+0.000000088,0.000000543
404,compute-0-2,0.000000141,-0.000000151,0.000000319
404,compute-0-3,0.000000851,-0.000001565,0.000001179
405,localhost,0.000000030,+0.000000015,0.000000040
405,compute-0-0,0.000000000,+0.000000167,0.000000752
405,compute-0-1,0.000000066,+0.000000088,0.000000543
405,compute-0-2,0.000000111,-0.000000151,0.000000319
405,compute-0-3,0.000000001,-0.000001565,0.000001179
406,localhost,0.000000022,+0.000000015,0.000000040
406,compute-0-0,0.000000000,+0.000000167,0.000000752
406,compute-0-1,0.000000384,-0.000000527,0.000000541
406,compute-0-2,0.000000013,+0.000000121,0.000000305
406,compute-0-3,0.000000082,-0.000000099,0.000001119
407,localhost,0.000000022,+0.000000007,0.000000038
407,compute-0-0,0.000000081,-0.000000089,0.000000714
407,compute-0-1,0.000000229,-0.000000527,0.000000541
407,compute-0-2,0.000000001,-0.000001229,0.000000484
407,compute-0-3,0.000000158,-0.000001776,0.000001201
408,localhost,0.000000054,+0.000000049,0.000000039
408,compute-0-0,0.000000062,-0.000000089,0.000000714
408,compute-0-1,0.000000074,-0.000000527,0.000000541
408,compute-0-2,0.000000045,-0.000000046,0.000000460
408,compute-0-3,0.000000072,+0.000000073,0.000001098
409,localhost,0.000000017,+0.000000049,0.000000039
409,compute-0-0,0.000000042,-0.000000089,0.000000714
409,compute-0-1,0.000000063,-0.000000037,0.000000514
409,compute-0-2,0.000000037,-0.000000046,0.000000460
409,compute-0-3,0.000000060,+0.000000073,0.000001098
410,localhost,0.000000030,+0.000000030,0.000000038
410,compute-0-0,0.000000001,-0.000000653,0.000000708
410,compute-0-1,0.000000113,-0.000000058,0.000000488
410,compute-0-2,0.000000001,-0.000000487,0.000000463
410,compute-0-3,0.000000031,-0.000000024,0.000001041
411,localhost,0.000000000,+0.000000580,0.000000187
411,compute-0-0,0.000000095,+0.000000104,0.000000672
411,compute-0-1,0.000000091,-0.000000058,0.000000488
411,compute-0-2,0.000000586,-0.000000901,0.000000523
411,compute-0-3,0.000000185,-0.000000204,0.000001040
412,localhost,0.000000180,+0.000000214,0.000000190
412,compute-0-0,0.000000021,+0.000000104,0.000000672
412,compute-0-1,0.000000187,-0.000000267,0.000000470
412,compute-0-2,0.000000001,-0.000000901,0.000000523
412,compute-0-3,0.000000125,-0.000000137,0.000000987
413,localhost,0.000000000,+0.000000214,0.000000190
413,compute-0-0,0.000000033,+0.000000040,0.000000638
413,compute-0-1,0.000000612,-0.000000848,0.000000521
413,compute-0-2,0.000000242,+0.000000339,0.000000508
413,compute-0-3,0.000000022,+0.000000022,0.000000937
414,localhost,0.000000042,+0.000000060,0.000000181
414,compute-0-0,0.000000025,-0.000000001,0.000000605
414,compute-0-1,0.000000001,-0.000000848,0.000000521
414,compute-0-2,0.000000114,-0.000000044,0.000000482
414,compute-0-3,0.000000046,+0.000000027,0.000000889
415,localhost,0.000000069,+0.000000060,0.000000173
415,compute-0-0,0.000000021,-0.000000001,0.000000605
415,compute-0-1,0.000000123,-0.000000155,0.000000496
415,compute-0-2,0.000000103,-0.000000044,0.000000482
415,compute-0-3,0.000000001,+0.000000566,0.000000862
416,localhost,0.000000014,+0.000000060,0.000000173
416,compute-0-0,0.000000049,+0.000000049,0.000000574
416,compute-0-1,0.000000001,-0.000000818,0.000000537
416,compute-0-2,0.000000092,-0.000000044,0.000000482
416,compute-0-3,0.000000001,+0.000000566,0.000000862
417,localhost,0.000000000,-0.000000213,0.000000177
417,compute-0-0,0.000000027,-0.000000064,0.000000545
417,compute-0-1,0.000000233,-0.000000307,0.000000519
417,compute-0-2,0.000000694,+0.000000772,0.000000518
417,compute-0-3,0.000000135,+0.000000144,0.000000819
418,localhost,0.000000002,-0.000000002,0.000000168
418,compute-0-0,0.000000023,-0.000000064,0.000000545
418,compute-0-1,0.000000000,-0.000000307,0.000000519
418,compute-0-2,0.000000624,+0.000000286,0.000000500
418,compute-0-3,0.000000192,+0.000000075,0.000000777
419,localhost,0.000000002,-0.000000002,0.000000168
419,compute-0-0,0.000000019,-0.000000064,0.000000545
419,compute-0-1,0.000000052,-0.000000077,0.000000493
419,compute-0-2,0.000000001,+0.000000286,0.000000500
419,compute-0-3,0.000000153,+0.000000075,0.000000777
420,localhost,0.000000002,-0.000000000,0.000000160
420,compute-0-0,0.000000151,+0.000000218,0.000000522
420,compute-0-1,0.000000051,+0.000000084,0.000000468
420,compute-0-2,0.000000002,+0.000000003,0.000000474
420,compute-0-3,0.000000003,+0.000003054,0.000001215
421,localhost,0.000000018,+0.000000021,0.000000152
421,compute-0-0,0.000000072,-0.000000004,0.000000495
421,compute-0-1,0.000000037,+0.000000084,0.000000468
421,compute-0-2,0.000000198,+0.000000215,0.000000455
421,compute-0-3,0.000000230,+0.000000306,0.000001157
422,localhost,0.000000015,+0.000000021,0.000000152
422,compute-0-0,0.000000045,-0.000000004,0.000000495
422,compute-0-1,0.000000000,-0.000000369,0.000000459
422,compute-0-2,0.000000127,+0.000000215,0.000000455
422,compute-0-3,0.000000000,+0.000000306,0.000001157
423,localhost,0.000000013,+0.000000021,0.000000152
423,compute-0-0,0.000000043,+0.000000012,0.000000470
423,compute-0-1,0.000000014,+0.000000014,0.000000436
423,compute-0-2,0.000000091,-0.000000011,0.000000432
423,compute-0-3,0.000000021,+0.000000024,0.000001098
424,localhost,0.000000024,+0.000000013,0.000000144
424,compute-0-0,0.000000031,+0.000000012,0.000000470
424,compute-0-1,0.000000050,+0.000000038,0.000000414
424,compute-0-2,0.000000073,-0.000000011,0.000000432
424,compute-0-3,0.000000080,+0.000000101,0.000001042
425,localhost,0.000000047,+0.000000030,0.000000137
425,compute-0-0,0.000000020,+0.000000012,0.000000470
425,compute-0-1,0.000000044,+0.000000038,0.000000414
425,compute-0-2,0.000000198,+0.000000143,0.000000412
425,compute-0-3,0.000000000,+0.000000101,0.000001042
426,localhost,0.000000030,+0.000000030,0.000000137
426,compute-0-0,0.000000035,+0.000000019,0.000000446
426,compute-0-1,0.000000095,-0.000000209,0.000000398
426,compute-0-2,0.000000169,+0.000000143,0.000000412
426,compute-0-3,0.000000043,-0.000000057,0.000000988
427,localhost,0.000000013,+0.000000030,0.000000137
427,compute-0-0,0.000000032,+0.000000019,0.000000446
427,compute-0-1,0.000000115,-0.000000129,0.000000380
427,compute-0-2,0.000000215,+0.000000301,0.000000402
427,compute-0-3,0.000000151,-0.000000239,0.000000941
428,localhost,0.000000019,+0.000000016,0.000000130
428,compute-0-0,0.000000023,-0.000000006,0.000000423
428,compute-0-1,0.000000037,-0.000000129,0.000000380
428,compute-0-2,0.000000018,-0.000000018,0.000000382
428,compute-0-3,0.000000000,-0.000000239,0.000000941
429,localhost,0.000000017,+0.000000016,0.000000130
429,compute-0-0,0.000000022,-0.000000006,0.000000423
429,compute-0-1,0.000000000,-0.000000440,0.000000386
429,compute-0-2,0.000000017,-0.000000018,0.000000382
429,compute-0-3,0.000000000,-0.000000239,0.000000941
430,localhost,0.000000017,+0.000000003,0.000000123
430,compute-0-0,0.000000112,+0.000000239,0.000000408
430,compute-0-1,0.000000045,-0.000000053,0.000000367
430,compute-0-2,0.000000055,-0.000000046,0.000000362
430,compute-0-3,0.000000173,-0.000000206,0.000000895
431,localhost,0.000000057,+0.000000091,0.000000120
431,compute-0-0,0.000000000,+0.000000239,0.000000408
431,compute-0-1,0.000000023,-0.000000053,0.000000367
431,compute-0-2,0.000000044,-0.000000046,0.000000362
431,compute-0-3,0.000000126,-0.000000206,0.000000895
432,localhost,0.000000000,+0.000000091,0.000000120
432,compute-0-0,0.000000000,+0.000000239,0.000000408
432,compute-0-1,0.000000015,-0.000000169,0.000000352
432,compute-0-2,0.000000033,-0.000000046,0.000000362
432,compute-0-3,0.000000079,-0.000000206,0.000000895
433,localhost,0.000000000,+0.000000091,0.000000120
433,compute-0-0,0.000000187,+0.000000551,0.000000425
433,compute-0-1,0.000000113,-0.000000146,0.000000337
433,compute-0-2,0.000000032,-0.000000002,0.000000344
433,compute-0-3,0.000000256,-0.000000255,0.000000853
434,localhost,0.000000001,-0.000000001,0.000000114
434,compute-0-0,0.000000144,-0.000000171,0.000000406
434,compute-0-1,0.000000092,-0.000000046,0.000000320
434,compute-0-2,0.000000080,-0.000000056,0.000000327
434,compute-0-3,0.000000172,-0.000000255,0.000000853
435,localhost,0.000000002,+0.000000004,0.000000108
435,compute-0-0,0.000000069,-0.000000171,0.000000406
435,compute-0-1,0.000000068,-0.000000046,0.000000320
435,compute-0-2,0.000000060,-0.000000056,0.000000327
435,compute-0-3,0.000000089,-0.000000255,0.000000853
436,localhost,0.000000002,+0.000000004,0.000000108
436,compute-0-0,0.000000071,+0.000000165,0.000000389
436,compute-0-1,0.000000044,-0.000000046,0.000000320
436,compute-0-2,0.000000067,-0.000000182,0.000000315
436,compute-0-3,0.000000310,-0.000000329,0.000000816
437,localhost,0.000000014,+0.000000014,0.000000103
437,compute-0-0,0.000000040,+0.000000165,0.000000389
437,compute-0-1,0.000000094,-0.000000069,0.000000305
437,compute-0-2,0.000000061,-0.000000069,0.000000300
437,compute-0-3,0.000000202,-0.000000329,0.000000816
438,localhost,0.000000006,-0.000000007,0.000000098
438,compute-0-0,0.000000001,-0.000000009,0.000000369
438,compute-0-1,0.000000089,-0.000000069,0.000000305
438,compute-0-2,0.000000082,-0.000000036,0.000000285
438,compute-0-3,0.000000003,-0.000002794,0.000001174
439,localhost,0.000000039,-0.000000044,0.000000094
439,compute-0-0,0.000000001,-0.000000009,0.000000369
439,compute-0-1,0.000000084,-0.000000069,0.000000305
439,compute-0-2,0.000000060,-0.000000036,0.000000285
439,compute-0-3,0.000000003,-0.000002794,0.000001174
440,localhost,0.000000023,-0.000000044,0.000000094
440,compute-0-0,0.000000007,-0.000000008,0.000000350
440,compute-0-1,0.000000045,-0.000000873,0.000000400
440,compute-0-2,0.000000050,-0.000000003,0.000000270
440,compute-0-3,0.000000037,+0.000000281,0.000001118
441,localhost,0.000000021,-0.000000009,0.000000089
441,compute-0-0,0.000000169,+0.000000220,0.000000339
441,compute-0-1,0.000000000,-0.000000873,0.000000400
441,compute-0-2,0.000000157,-0.000000146,0.000000260
441,compute-0-3,0.000000000,+0.000000281,0.000001118
442,localhost,0.000000009,+0.000000007,0.000000084
442,compute-0-0,0.000000000,+0.000000220,0.000000339
442,compute-0-1,0.000000067,-0.000000142,0.000000382
442,compute-0-2,0.000000047,-0.000000146,0.000000260
442,compute-0-3,0.000000000,+0.000000281,0.000001118
443,localhost,0.000000008,+0.000000007,0.000000084
443,compute-0-0,0.000000000,+0.000000220,0.000000339
443,compute-0-1,0.000000059,-0.000000035,0.000000362
443,compute-0-2,0.000000070,-0.000000061,0.000000248
443,compute-0-3,0.000000503,+0.000000723,0.000001085
444,localhost,0.000000038,-0.000000049,0.000000082
444,compute-0-0,0.000000059,-0.000000061,0.000000323
444,compute-0-1,0.000000042,-0.000000035,0.000000362
444,compute-0-2,0.000000054,-0.000000003,0.000000235
444,compute-0-3,0.000000579,+0.000000960,0.000001073
445,localhost,0.000000077,-0.000000074,0.000000081
445,compute-0-0,0.000000051,-0.000000061,0.000000323
445,compute-0-1,0.000000025,-0.000000035,0.000000362
445,compute-0-2,0.000000045,-0.000000001,0.000000223
445,compute-0-3,0.000001337,+0.000001342,0.000001103
446,localhost,0.000000022,-0.000000074,0.000000081
446,compute-0-0,0.000000048,-0.000000011,0.000000306
446,compute-0-1,0.000000137,-0.000000163,0.000000348
446,compute-0-2,0.000000039,-0.000000001,0.000000223
446,compute-0-3,0.000000001,+0.000001342,0.000001103
447,localhost,0.000000000,-0.000000517,0.000000181
447,compute-0-0,0.000000063,-0.000000036,0.000000291
447,compute-0-1,0.000000021,+0.000000065,0.000000330
447,compute-0-2,0.000000035,-0.000000000,0.000000212
447,compute-0-3,0.000000125,-0.000000147,0.000001047
448,localhost,0.000000118,+0.000000183,0.000000181
448,compute-0-0,0.000000176,-0.000000157,0.000000280
448,compute-0-1,0.000000019,+0.000000065,0.000000330
448,compute-0-2,0.000000031,-0.000000000,0.000000212
448,compute-0-3,0.000000086,-0.000000147,0.000001047
449,localhost,0.000000013,+0.000000013,0.000000172
449,compute-0-0,0.000000014,-0.000000157,0.000000280
449,compute-0-1,0.000000016,+0.000000065,0.000000330
449,compute-0-2,0.000000028,-0.000000000,0.000000212
449,compute-0-3,0.000000047,-0.000000147,0.000001047
450,localhost,0.000000012,+0.000000013,0.000000172
450,compute-0-0,0.000000006,-0.000000006,0.000000266
450,compute-0-1,0.000000267,+0.000000338,0.000000331
450,compute-0-2,0.000000004,+0.000000030,0.000000201
450,compute-0-3,0.000000136,-0.000000109,0.000000994
451,localhost,0.000000067,-0.000000110,0.000000167
451,compute-0-0,0.000000087,-0.000000091,0.000000254
451,compute-0-1,0.000000129,+0.000000338,0.000000331
451,compute-0-2,0.000000054,+0.000000055,0.000000191
451,compute-0-3,0.000000492,-0.000000791,0.000000976
452,localhost,0.000000025,-0.000000000,0.000000158
452,compute-0-0,0.000000051,-0.000000091,0.000000254
452,compute-0-1,0.000000000,+0.000000223,0.000000322
452,compute-0-2,0.000000043,+0.000000055,0.000000191
452,compute-0-3,0.000000000,-0.000000791,0.000000976
453,localhost,0.000000022,-0.000000000,0.000000158
453,compute-0-0,0.000000015,-0.000000091,0.000000254
453,compute-0-1,0.000000112,+0.000000154,0.000000309
453,compute-0-2,0.000000082,+0.000000098,0.000000184
453,compute-0-3,0.000000081,-0.000000455,0.000000937
454,localhost,0.000000089,-0.000000133,0.000000156
454,compute-0-0,0.000000179,-0.000000206,0.000000249
454,compute-0-1,0.000000040,+0.000000154,0.000000309
454,compute-0-2,0.000000121,+0.000000111,0.000000178
454,compute-0-3,0.000000128,-0.000000530,0.000000904
455,localhost,0.000000062,+0.000000100,0.000000151
455,compute-0-0,0.000000117,-0.000000206,0.000000249
455,compute-0-1,0.000000000,+0.000000154,0.000000309
455,compute-0-2,0.000000301,+0.000000285,0.000000192
455,compute-0-3,0.000000000,+0.000000000,0.000000858
456,localhost,0.000000043,+0.000000100,0.000000151
456,compute-0-0,0.000000001,-0.000001175,0.000000440
456,compute-0-1,0.000000280,+0.000000371,0.000000316
456,compute-0-2,0.000000000,+0.000000285,0.000000192
456,compute-0-3,0.000000000,+0.000000000,0.000000858
457,localhost,0.000000000,+0.000000157,0.000000152
457,compute-0-0,0.000000001,-0.000001175,0.000000440
457,compute-0-1,0.000000391,+0.000000416,0.000000327
457,compute-0-2,0.000000001,+0.000001089,0.000000389
457,compute-0-3,0.000000066,+0.000000140,0.000000815
458,localhost,0.000000035,-0.000000039,0.000000144
458,compute-0-0,0.000000536,+0.000000893,0.000000504
458,compute-0-1,0.000000000,+0.000000416,0.000000327
458,compute-0-2,0.000000088,+0.000000157,0.000000373
458,compute-0-3,0.000000000,+0.000000140,0.000000815
459,localhost,0.000000031,-0.000000003,0.000000137
459,compute-0-0,0.000000001,+0.000000893,0.000000504
459,compute-0-1,0.000000000,+0.000000416,0.000000327
459,compute-0-2,0.000000000,+0.000000157,0.000000373
459,compute-0-3,0.000000000,+0.000000140,0.000000815
460,localhost,0.000000026,-0.000000003,0.000000137
460,compute-0-0,0.000000036,-0.000000107,0.000000480
460,compute-0-1,0.000000236,+0.000000315,0.000000326
460,compute-0-2,0.000000010,+0.000000167,0.000000358
460,compute-0-3,0.000000116,+0.000001162,0.000000856
461,localhost,0.000000072,-0.000000570,0.000000222
461,compute-0-0,0.000000002,-0.000001806,0.000000730
461,compute-0-1,0.000000052,+0.000000315,0.000000326
461,compute-0-2,0.000000000,+0.000000167,0.000000358
461,compute-0-3,0.000000112,+0.000000707,0.000000842
462,localhost,0.000000021,-0.000000021,0.000000211
462,compute-0-0,0.000000002,-0.000001806,0.000000730
462,compute-0-1,0.000000000,+0.000000315,0.000000326
462,compute-0-2,0.000000000,+0.000000167,0.000000358
462,compute-0-3,0.000000000,+0.000000707,0.000000842
463,localhost,0.000000020,-0.000000021,0.000000211
463,compute-0-0,0.000000059,-0.000000101,0.000000694
463,compute-0-1,0.000000080,+0.000000092,0.000000311
463,compute-0-2,0.000000000,+0.000000401,0.000000362
463,compute-0-3,0.000000001,+0.000000606,0.000000822
464,localhost,0.000000004,+0.000000024,0.000000200
464,compute-0-0,0.000000068,-0.000000069,0.000000658
464,compute-0-1,0.000000060,+0.000000092,0.000000311
464,compute-0-2,0.000000001,+0.000000401,0.000000362
464,compute-0-3,0.000000168,+0.000000229,0.000000783
465,localhost,0.000000065,+0.000000065,0.000000191
465,compute-0-0,0.000000000,-0.000000069,0.000000658
465,compute-0-1,0.000000041,+0.000000092,0.000000311
465,compute-0-2,0.000000366,+0.000000398,0.000000366
465,compute-0-3,0.000000502,+0.000000637,0.000000770
466,localhost,0.000000055,+0.000000065,0.000000191
466,compute-0-0,0.000000000,-0.000000069,0.000000658
466,compute-0-1,0.000000088,+0.000000072,0.000000296
466,compute-0-2,0.000000088,+0.000000398,0.000000366
466,compute-0-3,0.000000001,+0.000000637,0.000000770
467,localhost,0.000000123,+0.000000178,0.000000190
467,compute-0-0,0.000000022,-0.000000022,0.000000625
467,compute-0-1,0.000000060,+0.000000072,0.000000296
467,compute-0-2,0.000000053,+0.000000325,0.000000362
467,compute-0-3,0.000000001,+0.000001183,0.000000820
468,localhost,0.000000119,+0.000000076,0.000000182
468,compute-0-0,0.000000021,-0.000000022,0.000000625
468,compute-0-1,0.000000032,+0.000000072,0.000000296
468,compute-0-2,0.000000000,+0.000000325,0.000000362
468,compute-0-3,0.000000073,-0.000000090,0.000000741
469,localhost,0.000000156,+0.000000081,0.000000174
469,compute-0-0,0.000000020,-0.000000022,0.000000625
469,compute-0-1,0.000000038,+0.000000012,0.000000281
469,compute-0-2,0.000000000,+0.000000325,0.000000362
469,compute-0-3,0.000000000,-0.000000090,0.000000741
470,localhost,0.000000100,+0.000000081,0.000000174
470,compute-0-0,0.000000063,-0.000000049,0.000000593
470,compute-0-1,0.000000122,+0.000000127,0.000000269
470,compute-0-2,0.000000314,+0.000000862,0.000000438
470,compute-0-3,0.000000000,-0.000000090,0.000000741
471,localhost,0.000000147,+0.000000219,0.000000179
471,compute-0-0,0.000000452,-0.000000529,0.000000587
471,compute-0-1,0.000000035,+0.000000127,0.000000269
471,compute-0-2,0.000000000,+0.000000862,0.000000438
471,compute-0-3,0.000000357,+0.000000798,0.000000747
472,localhost,0.000000072,+0.000000076,0.000000172
472,compute-0-0,0.000000046,-0.000000529,0.000000587
472,compute-0-1,0.000000000,+0.000000127,0.000000269
472,compute-0-2,0.000000000,+0.000000862,0.000000438
472,compute-0-3,0.000000000,+0.000000798,0.000000747
473,localhost,0.000000056,+0.000000076,0.000000172
473,compute-0-0,0.000000001,-0.000000825,0.000000615
473,compute-0-1,0.000000089,+0.000000098,0.000000257
473,compute-0-2,0.000000001,+0.000000582,0.000000455
473,compute-0-3,0.000000063,-0.000000017,0.000000673
474,localhost,0.000000085,+0.000000072,0.000000164
474,compute-0-0,0.000000135,-0.000000209,0.000000587
474,compute-0-1,0.000000367,+0.000000603,0.000000310
474,compute-0-2,0.000000001,+0.000000582,0.000000455
474,compute-0-3,0.000000049,+0.000000026,0.000000639
475,localhost,0.000000061,+0.000000012,0.000000156
475,compute-0-0,0.000000003,+0.000000003,0.000000557
475,compute-0-1,0.000000000,+0.000000603,0.000000310
475,compute-0-2,0.000000259,+0.000000271,0.000000440
475,compute-0-3,0.000000049,-0.000000057,0.000000606
476,localhost,0.000000048,+0.000000012,0.000000156
476,compute-0-0,0.000000003,+0.000000003,0.000000557
476,compute-0-1,0.000000034,-0.000000037,0.000000294
476,compute-0-2,0.000000160,+0.000000271,0.000000440
476,compute-0-3,0.000000038,-0.000000057,0.000000606
477,localhost,0.000000000,+0.000000271,0.000000171
477,compute-0-0,0.000000130,-0.000000261,0.000000535
477,compute-0-1,0.000000037,+0.000000508,0.000000322
477,compute-0-2,0.000000145,+0.000000145,0.000000420
477,compute-0-3,0.000000058,+0.000000107,0.000000576
478,localhost,0.000000064,+0.000000092,0.000000165
478,compute-0-0,0.000000169,-0.000000193,0.000000511
478,compute-0-1,0.000000000,+0.000000508,0.000000322
478,compute-0-2,0.000000175,+0.000000184,0.000000403
478,compute-0-3,0.000000114,+0.000000091,0.000000548
479,localhost,0.000000049,-0.000000071,0.000000158
479,compute-0-0,0.000000049,-0.000000193,0.000000511
479,compute-0-1,0.000000043,+0.000000168,0.000000310
479,compute-0-2,0.000000113,+0.000000184,0.000000403
479,compute-0-3,0.000000038,+0.000000091,0.000000548
480,localhost,0.000000032,-0.000000071,0.000000158
480,compute-0-0,0.000000076,-0.000000195,0.000000488
480,compute-0-1,0.000000098,-0.000000148,0.000000298
480,compute-0-2,0.000000051,+0.000000184,0.000000403
480,compute-0-3,0.000000000,+0.000000091,0.000000548
481,localhost,0.000000020,+0.000000005,0.000000150
481,compute-0-0,0.000000024,-0.000000024,0.000000463
481,compute-0-1,0.000000019,-0.000000007,0.000000282
481,compute-0-2,0.000000324,+0.000000629,0.000000431
481,compute-0-3,0.000000377,+0.000000661,0.000000560
482,localhost,0.000000047,+0.000000071,0.000000144
482,compute-0-0,0.000000022,-0.000000024,0.000000463
482,compute-0-1,0.000000017,-0.000000007,0.000000282
482,compute-0-2,0.000000000,+0.000000629,0.000000431
482,compute-0-3,0.000000000,+0.000000661,0.000000560
483,localhost,0.000000028,+0.000000071,0.000000144
483,compute-0-0,0.000000031,+0.000000066,0.000000440
483,compute-0-1,0.000000061,+0.000000094,0.000000270
483,compute-0-2,0.000000000,+0.000000629,0.000000431
483,compute-0-3,0.000000000,+0.000000661,0.000000560
484,localhost,0.000000006,-0.000000019,0.000000137
484,compute-0-0,0.000000041,+0.000000165,0.000000421
484,compute-0-1,0.000000359,+0.000000395,0.000000285
484,compute-0-2,0.000000063,+0.000000172,0.000000412
484,compute-0-3,0.000000259,+0.000000355,0.000000543
485,localhost,0.000000007,-0.000000013,0.000000130
485,compute-0-0,0.000000037,+0.000000039,0.000000399
485,compute-0-1,0.000000051,+0.000000395,0.000000285
485,compute-0-2,0.000000000,+0.000000172,0.000000412
485,compute-0-3,0.000000069,+0.000000355,0.000000543
486,localhost,0.000000006,+0.000000012,0.000000123
486,compute-0-0,0.000000024,+0.000000039,0.000000399
486,compute-0-1,0.000000001,+0.000000589,0.000000328
486,compute-0-2,0.000000000,+0.000000172,0.000000412
486,compute-0-3,0.000000000,+0.000000355,0.000000543
487,localhost,0.000000005,+0.000000012,0.000000123
487,compute-0-0,0.000000011,+0.000000039,0.000000399
487,compute-0-1,0.000000080,+0.000000087,0.000000312
487,compute-0-2,0.000000000,+0.000000227,0.000000397
487,compute-0-3,0.000000192,+0.000000397,0.000000530
488,localhost,0.000000036,+0.000000038,0.000000117
488,compute-0-0,0.000000032,+0.000000031,0.000000379
488,compute-0-1,0.000000067,+0.000000087,0.000000312
488,compute-0-2,0.000000013,-0.000000014,0.000000377
488,compute-0-3,0.000000511,+0.000002441,0.000000921
489,localhost,0.000000026,+0.000000001,0.000000111
489,compute-0-0,0.000000028,+0.000000031,0.000000379
489,compute-0-1,0.000000053,+0.000000087,0.000000312
489,compute-0-2,0.000000009,-0.000000014,0.000000377
489,compute-0-3,0.000000001,+0.000002441,0.000000921
490,localhost,0.000000021,+0.000000001,0.000000111
490,compute-0-0,0.000000024,+0.000000031,0.000000379
490,compute-0-1,0.000000001,+0.000000862,0.000000403
490,compute-0-2,0.000000008,-0.000000001,0.000000358
490,compute-0-3,0.000000001,+0.000002441,0.000000921
491,localhost,0.000000055,+0.000000130,0.000000113
491,compute-0-0,0.000000255,-0.000000546,0.000000399
491,compute-0-1,0.000000017,+0.000000018,0.000000382
491,compute-0-2,0.000000051,-0.000000067,0.000000340
491,compute-0-3,0.000001322,+0.000001982,0.000001075
492,localhost,0.000000043,+0.000000046,0.000000109
492,compute-0-0,0.000001527,+0.000001802,0.000000684
492,compute-0-1,0.000000015,+0.000000018,0.000000382
492,compute-0-2,0.000000057,-0.000000058,0.000000323
492,compute-0-3,0.000000001,+0.000001982,0.000001075
493,localhost,0.000000031,+0.000000046,0.000000109
493,compute-0-0,0.000000002,+0.000001802,0.000000684
493,compute-0-1,0.000000009,+0.000000105,0.000000364
493,compute-0-2,0.000000029,-0.000000058,0.000000323
493,compute-0-3,0.000000276,+0.000000759,0.000001048
494,localhost,0.000000000,+0.000000396,0.000000162
494,compute-0-0,0.000000029,-0.000000108,0.000000650
494,compute-0-1,0.000000140,-0.000000176,0.000000350
494,compute-0-2,0.000000000,-0.000000058,0.000000323
494,compute-0-3,0.000000002,+0.000001907,0.000001163
495,localhost,0.000000108,-0.000000183,0.000000164
495,compute-0-0,0.000000000,-0.000000108,0.000000650
495,compute-0-1,0.000000019,-0.000000176,0.000000350
495,compute-0-2,0.000000022,-0.000000022,0.000000307
495,compute-0-3,0.000000002,+0.000001907,0.000001163
496,localhost,0.000000035,+0.000000035,0.000000156
496,compute-0-0,0.000000000,-0.000000108,0.000000650
496,compute-0-1,0.000000118,+0.000000210,0.000000338
496,compute-0-2,0.000000021,-0.000000022,0.000000307
496,compute-0-3,0.000000002,+0.000001907,0.000001163
497,localhost,0.000000030,+0.000000035,0.000000156
497,compute-0-0,0.000000078,-0.000000153,0.000000618
497,compute-0-1,0.000000275,+0.000000550,0.000000365
497,compute-0-2,0.000000019,-0.000000022,0.000000307
497,compute-0-3,0.000000415,+0.000000745,0.000001128
498,localhost,0.000000027,+0.000000001,0.000000148
498,compute-0-0,0.000000001,-0.000001363,0.000000728
498,compute-0-1,0.000000319,+0.000000323,0.000000361
498,compute-0-2,0.000000001,-0.000000565,0.000000341
498,compute-0-3,0.000000000,+0.000000745,0.000001128
499,localhost,0.000000008,-0.000000032,0.000000141
499,compute-0-0,0.000000001,-0.000001363,0.000000728
499,compute-0-1,0.000000149,+0.000000323,0.000000361
499,compute-0-2,0.000000001,-0.000000565,0.000000341
499,compute-0-3,0.000000000,+0.000000745,0.000001128
500,localhost,0.000000008,-0.000000032,0.000000141
500,compute-0-0,0.000000001,-0.000001363,0.000000728
500,compute-0-1,0.000000114,+0.000000078,0.000000343
500,compute-0-2,0.000000000,-0.000000565,0.000000341
500,compute-0-3,0.000000227,+0.000000261,0.000001073
501,localhost,0.000000014,+0.000000023,0.000000134
501,compute-0-0,0.000000059,-0.000000069,0.000000691
501,compute-0-1,0.000000200,+0.000000188,0.000000331
501,compute-0-2,0.000000307,+0.000000403,0.000000348
501,compute-0-3,0.000000481,+0.000001671,0.000001147
502,localhost,0.000000037,+0.000000025,0.000000127
502,compute-0-0,0.000000038,-0.000000069,0.000000691
502,compute-0-1,0.000000000,+0.000000188,0.000000331
502,compute-0-2,0.000000336,+0.000000238,0.000000339
502,compute-0-3,0.000000001,+0.000001671,0.000001147
503,localhost,0.000000030,+0.000000025,0.000000127
503,compute-0-0,0.000000018,-0.000000069,0.000000691
503,compute-0-1,0.000000108,+0.000000184,0.000000320
503,compute-0-2,0.000000055,+0.000000238,0.000000339
503,compute-0-3,0.000000230,+0.000000601,0.000001105
504,localhost,0.000000045,+0.000000025,0.000000121
504,compute-0-0,0.000000050,+0.000000065,0.000000656
504,compute-0-1,0.000000159,+0.000000196,0.000000309
504,compute-0-2,0.000000000,+0.000000238,0.000000339
504,compute-0-3,0.000000296,+0.000000431,0.000001057
505,localhost,0.000000160,+0.000000211,0.000000133
505,compute-0-0,0.000000019,-0.000000024,0.000000622
505,compute-0-1,0.000000000,+0.000000196,0.000000309
505,compute-0-2,0.000000084,+0.000000086,0.000000322
505,compute-0-3,0.000000398,+0.000000431,0.000001012
506,localhost,0.000000204,+0.000000230,0.000000145
506,compute-0-0,0.000000016,-0.000000024,0.000000622
506,compute-0-1,0.000000050,+0.000000172,0.000000299
506,compute-0-2,0.000000076,+0.000000086,0.000000322
506,compute-0-3,0.000000148,+0.000000328,0.000000966
507,localhost,0.000000000,+0.000000230,0.000000145
507,compute-0-0,0.000000000,-0.000000273,0.000000597
507,compute-0-1,0.000000000,+0.000000172,0.000000299
507,compute-0-2,0.000000001,+0.000000961,0.000000431
507,compute-0-3,0.000000000,+0.000000328,0.000000966
508,localhost,0.000000063,-0.000000094,0.000000141
508,compute-0-0,0.000000074,-0.000000160,0.000000568
508,compute-0-1,0.000000003,+0.000000003,0.000000283
508,compute-0-2,0.000000001,+0.000000961,0.000000431
508,compute-0-3,0.000000539,+0.000000632,0.000000938
509,localhost,0.000000108,-0.000000127,0.000000140
509,compute-0-0,0.000000000,-0.000000160,0.000000568
509,compute-0-1,0.000000003,+0.000000003,0.000000283
509,compute-0-2,0.000000001,+0.000000961,0.000000431
509,compute-0-3,0.000000001,+0.000000258,0.000000893
510,localhost,0.000000000,-0.000000127,0.000000140
510,compute-0-0,0.000000029,+0.000000197,0.000000543
510,compute-0-1,0.000000001,+0.000000905,0.000000393
510,compute-0-2,0.000000228,+0.000000337,0.000000423
510,compute-0-3,0.000000021,+0.000000053,0.000000804
511,localhost,0.000000005,+0.000000005,0.000000133
511,compute-0-0,0.000000008,+0.000000009,0.000000515
511,compute-0-1,0.000000170,+0.000000447,0.000000398
511,compute-0-2,0.000000115,+0.000000337,0.000000423
511,compute-0-3,0.000000098,+0.000000193,0.000000765
512,localhost,0.000000024,+0.000000021,0.000000126
512,compute-0-0,0.000000008,+0.000000009,0.000000515
512,compute-0-1,0.000000000,+0.000000447,0.000000398
512,compute-0-2,0.000000603,+0.000000711,0.000000460
512,compute-0-3,0.000000000,+0.000000193,0.000000765
513,localhost,0.000000018,+0.000000021,0.000000126
513,compute-0-0,0.000000008,+0.000000009,0.000000515
513,compute-0-1,0.000000000,+0.000000447,0.000000398
513,compute-0-2,0.000000001,+0.000000711,0.000000460
513,compute-0-3,0.000000639,+0.000001178,0.000000816
514,localhost,0.000000000,+0.000000140,0.000000127
514,compute-0-0,0.000000014,+0.000000007,0.000000488
514,compute-0-1,0.000000458,+0.000000680,0.000000435
514,compute-0-2,0.000000000,-0.000000148,0.000000439
514,compute-0-3,0.000000001,+0.000001178,0.000000816
515,localhost,0.000000016,-0.000000017,0.000000121
515,compute-0-0,0.000000027,+0.000000015,0.000000463
515,compute-0-1,0.000000000,+0.000000680,0.000000435
515,compute-0-2,0.000000035,-0.000000041,0.000000416
515,compute-0-3,0.000000132,+0.000000200,0.000000758
516,localhost,0.000000014,+0.000000028,0.000000115
516,compute-0-0,0.000000023,+0.000000015,0.000000463
516,compute-0-1,0.000000092,+0.000000145,0.000000415
516,compute-0-2,0.000000007,-0.000000041,0.000000416
516,compute-0-3,0.000000000,+0.000000152,0.000000721
517,localhost,0.000000012,+0.000000028,0.000000115
517,compute-0-0,0.000000019,+0.000000015,0.000000463
517,compute-0-1,0.000000001,+0.000000759,0.000000461
517,compute-0-2,0.000000005,-0.000000002,0.000000395
517,compute-0-3,0.000001189,+0.000001191,0.000000781
518,localhost,0.000000000,+0.000000192,0.000000125
518,compute-0-0,0.000000164,+0.000000190,0.000000444
518,compute-0-1,0.000000001,+0.000000759,0.000000461
518,compute-0-2,0.000000023,-0.000000026,0.000000375
518,compute-0-3,0.000000142,+0.000000212,0.000000744
519,localhost,0.000000001,+0.000000001,0.000000119
519,compute-0-0,0.000000055,+0.000000190,0.000000444
519,compute-0-1,0.000000001,+0.000000759,0.000000461
519,compute-0-2,0.000000006,-0.000000026,0.000000375
519,compute-0-3,0.000000078,+0.000000158,0.000000707
520,localhost,0.000000000,+0.000000001,0.000000119
520,compute-0-0,0.000000000,+0.000000190,0.000000444
520,compute-0-1,0.000000149,+0.000000168,0.000000441
520,compute-0-2,0.000000004,+0.000000001,0.000000356
520,compute-0-3,0.000000018,-0.000000018,0.000000671
521,localhost,0.000000000,+0.000000001,0.000000119
521,compute-0-0,0.000000032,+0.000000033,0.000000421
521,compute-0-1,0.000000182,+0.000001164,0.000000557
521,compute-0-2,0.000000030,+0.000000055,0.000000338
521,compute-0-3,0.000000129,+0.000000311,0.000000644
522,localhost,0.000000167,+0.000000241,0.000000136
522,compute-0-0,0.000000178,-0.000000232,0.000000406
522,compute-0-1,0.000000000,+0.000001164,0.000000557
522,compute-0-2,0.000000087,+0.000000159,0.000000324
522,compute-0-3,0.000000388,+0.000000391,0.000000623
523,localhost,0.000000000,+0.000000241,0.000000136
523,compute-0-0,0.000000000,-0.000000232,0.000000406
523,compute-0-1,0.000000008,+0.000000173,0.000000531
523,compute-0-2,0.000000000,+0.000000159,0.000000324
523,compute-0-3,0.000000149,+0.000000391,0.000000623
524,localhost,0.000000005,+0.000000006,0.000000129
524,compute-0-0,0.000000000,-0.000000232,0.000000406
524,compute-0-1,0.000000146,+0.000000364,0.000000517
524,compute-0-2,0.000000033,+0.000000050,0.000000308
524,compute-0-3,0.000000256,+0.000000447,0.000000608
525,localhost,0.000000000,+0.000000259,0.000000147
525,compute-0-0,0.000000170,+0.000000188,0.000000390
525,compute-0-1,0.000000000,+0.000000196,0.000000494
525,compute-0-2,0.000000026,+0.000000012,0.000000292
525,compute-0-3,0.000000001,+0.000000600,0.000000607
526,localhost,0.000000071,+0.000000075,0.000000142
526,compute-0-0,0.000000103,+0.000000188,0.000000390
526,compute-0-1,0.000000000,+0.000000230,0.000000475
526,compute-0-2,0.000000022,+0.000000012,0.000000292
526,compute-0-3,0.000000054,+0.000000058,0.000000576
527,localhost,0.000000038,+0.000000075,0.000000142
527,compute-0-0,0.000000036,+0.000000188,0.000000390
527,compute-0-1,0.000000230,-0.000000302,0.000000460
527,compute-0-2,0.000000019,-0.000000001,0.000000277
527,compute-0-3,0.000000472,+0.000000519,0.000000549
528,localhost,0.000000026,-0.000000057,0.000000136
528,compute-0-0,0.000000201,+0.000000234,0.000000377
528,compute-0-1,0.000000091,-0.000000302,0.000000460
528,compute-0-2,0.000000039,+0.000000024,0.000000263
528,compute-0-3,0.000000001,+0.000000519,0.000000549
529,localhost,0.000000007,+0.000000029,0.000000129
529,compute-0-0,0.000000596,-0.000000717,0.000000424
529,compute-0-1,0.000000610,+0.000000770,0.000000500
529,compute-0-2,0.000000319,+0.000000311,0.000000268
529,compute-0-3,0.000000155,+0.000000481,0.000000543
530,localhost,0.000000006,+0.000000029,0.000000129
530,compute-0-0,0.000000398,-0.000000717,0.000000424
530,compute-0-1,0.000000219,+0.000000770,0.000000500
530,compute-0-2,0.000000000,+0.000000311,0.000000268
530,compute-0-3,0.000000494,+0.000000560,0.000000544
531,localhost,0.000000012,-0.000000019,0.000000122
531,compute-0-0,0.000002017,-0.000002125,0.000000783
531,compute-0-1,0.000000438,+0.000000471,0.000000497
531,compute-0-2,0.000000024,+0.000000026,0.000000255
531,compute-0-3,0.000000002,+0.000001385,0.000000677
532,localhost,0.000000036,+0.000000052,0.000000117
532,compute-0-0,0.000002158,+0.000003743,0.000001398
532,compute-0-1,0.000000309,+0.000000471,0.000000497
532,compute-0-2,0.000000008,-0.000000031,0.000000242
532,compute-0-3,0.000000189,+0.000000194,0.000000645
533,localhost,0.000000026,+0.000000052,0.000000117
533,compute-0-0,0.000001208,+0.000003743,0.000001398
533,compute-0-1,0.000000324,+0.000000135,0.000000473
533,compute-0-2,0.000000008,-0.000000031,0.000000242
533,compute-0-3,0.000000124,+0.000000194,0.000000645
534,localhost,0.000000016,+0.000000052,0.000000117
534,compute-0-0,0.000001234,+0.000000465,0.000001334
534,compute-0-1,0.000000207,+0.000000135,0.000000473
534,compute-0-2,0.000000059,-0.000000253,0.000000243
534,compute-0-3,0.000000059,+0.000000194,0.000000645
535,localhost,0.000000360,+0.000000621,0.000000226
535,compute-0-0,0.000002778,+0.000001963,0.000001410
535,compute-0-1,0.000000569,+0.000000585,0.000000486
535,compute-0-2,0.000000136,+0.000000178,0.000000237
535,compute-0-3,0.000000187,-0.000000435,0.000000628
536,localhost,0.000000319,+0.000000439,0.000000255
536,compute-0-0,0.000002045,+0.000001963,0.000001410
536,compute-0-1,0.000000297,+0.000000585,0.000000486
536,compute-0-2,0.000000009,+0.000000178,0.000000237
536,compute-0-3,0.000000000,-0.000000435,0.000000628
537,localhost,0.000000000,+0.000000439,0.000000255
537,compute-0-0,0.000002579,+0.000005914,0.000002299
537,compute-0-1,0.000000711,+0.000000719,0.000000514
537,compute-0-2,0.000000052,+0.000000078,0.000000226
537,compute-0-3,0.000001689,+0.000002158,0.000000906
538,localhost,0.000000060,+0.000000153,0.000000247
538,compute-0-0,0.000000005,-0.000004515,0.000002607
538,compute-0-1,0.000000499,+0.000000144,0.000000490
538,compute-0-2,0.000000024,+0.000000078,0.000000226
538,compute-0-3,0.000000002,+0.000002158,0.000000906
539,localhost,0.000000073,+0.000000083,0.000000236
539,compute-0-0,0.000000561,+0.000000666,0.000002482
539,compute-0-1,0.000000109,-0.000000001,0.000000464
539,compute-0-2,0.000000001,+0.000000001,0.000000215
539,compute-0-3,0.000000118,+0.000000475,0.000000872
540,localhost,0.000000042,+0.000000083,0.000000236
540,compute-0-0,0.000000001,+0.000000666,0.000002482
540,compute-0-1,0.000000000,-0.000000001,0.000000464
540,compute-0-2,0.000000001,+0.000000001,0.000000215
540,compute-0-3,0.000000049,-0.000000051,0.000000828
541,localhost,0.000000036,+0.000000011,0.000000224
541,compute-0-0,0.000000001,+0.000000666,0.000002482
541,compute-0-1,0.000000126,+0.000000134,0.000000443
541,compute-0-2,0.000000001,+0.000000001,0.000000215
541,compute-0-3,0.000000042,-0.000000051,0.000000828
542,localhost,0.000000061,+0.000000048,0.000000213
542,compute-0-0,0.000000238,+0.000000253,0.000002356
542,compute-0-1,0.000000097,+0.000000134,0.000000443
542,compute-0-2,0.000000038,+0.000000037,0.000000204
542,compute-0-3,0.000000376,+0.000000426,0.000000797
543,localhost,0.000000076,+0.000000047,0.000000202
543,compute-0-0,0.000000168,+0.000000253,0.000002356
543,compute-0-1,0.000000229,+0.000000314,0.000000448
543,compute-0-2,0.000000035,+0.000000037,0.000000204
543,compute-0-3,0.000000246,+0.000000426,0.000000797
544,localhost,0.000000046,+0.000000047,0.000000202
544,compute-0-0,0.000000134,+0.000000240,0.000002236
544,compute-0-1,0.000000089,+0.000000160,0.000000428
544,compute-0-2,0.000000086,+0.000000132,0.000000198
544,compute-0-3,0.000000355,+0.000000916,0.000000809
545,localhost,0.000000092,+0.000000182,0.000000200
545,compute-0-0,0.000000133,+0.000000149,0.000002122
545,compute-0-1,0.000000000,+0.000000160,0.000000428
545,compute-0-2,0.000000051,+0.000000030,0.000000188
545,compute-0-3,0.000000110,+0.000000131,0.000000830
546,localhost,0.000000241,+0.000000323,0.000000216
546,compute-0-0,0.000000089,+0.000000149,0.000002122
546,compute-0-1,0.000000000,+0.000000160,0.000000428
546,compute-0-2,0.000000039,+0.000000030,0.000000188
546,compute-0-3,0.000000033,+0.000000131,0.000000830
547,localhost,0.000000000,+0.000000323,0.000000216
547,compute-0-0,0.000000154,+0.000000202,0.000002014
547,compute-0-1,0.000000226,+0.000000342,0.000000420
547,compute-0-2,0.000000033,+0.000000000,0.000000179
547,compute-0-3,0.000000173,-0.000000685,0.000000788
548,localhost,0.000000000,+0.000000133,0.000000209
548,compute-0-0,0.000000220,+0.000000205,0.000001912
548,compute-0-1,0.000000000,+0.000000094,0.000000400
548,compute-0-2,0.000000029,-0.000000000,0.000000169
548,compute-0-3,0.000000000,-0.000000685,0.000000788
549,localhost,0.000000048,-0.000000055,0.000000199
549,compute-0-0,0.000000050,-0.000000145,0.000001815
549,compute-0-1,0.000000000,+0.000000094,0.000000400
549,compute-0-2,0.000000024,-0.000000001,0.000000161
549,compute-0-3,0.000000000,-0.000000685,0.000000788
550,localhost,0.000000027,-0.000000055,0.000000199
550,compute-0-0,0.000000045,-0.000000145,0.000001815
550,compute-0-1,0.000000034,+0.000000099,0.000000381
550,compute-0-2,0.000000022,-0.000000001,0.000000161
550,compute-0-3,0.000000000,-0.000000685,0.000000788
551,localhost,0.000000042,+0.000000086,0.000000191
551,compute-0-0,0.000000041,-0.000000145,0.000001815
551,compute-0-1,0.000000026,+0.000000022,0.000000343
551,compute-0-2,0.000000023,+0.000000003,0.000000152
551,compute-0-3,0.000000366,-0.000000421,0.000000759
552,localhost,0.000000040,-0.000000082,0.000000183
552,compute-0-0,0.000000292,+0.000000342,0.000001725
552,compute-0-1,0.000000043,-0.000000087,0.000000326
552,compute-0-2,0.000000024,+0.000000003,0.000000145
552,compute-0-3,0.000000773,-0.000000673,0.000000751
553,localhost,0.000000087,+0.000000108,0.000000177
553,compute-0-0,0.000000230,+0.000000342,0.000001725
553,compute-0-1,0.000000058,-0.000000058,0.000000310
553,compute-0-2,0.000000022,+0.000000003,0.000000145
553,compute-0-3,0.000000001,-0.000000673,0.000000751
554,localhost,0.000000030,+0.000000108,0.000000177
554,compute-0-0,0.000000001,+0.000000899,0.000001661
554,compute-0-1,0.000000047,-0.000000058,0.000000310
554,compute-0-2,0.000000070,+0.000000069,0.000000139
554,compute-0-3,0.000000125,-0.000000140,0.000000714
555,localhost,0.000000044,+0.000000049,0.000000168
555,compute-0-0,0.000000449,+0.000000594,0.000001587
555,compute-0-1,0.000000035,-0.000000058,0.000000310
555,compute-0-2,0.000000070,+0.000000023,0.000000132
555,compute-0-3,0.000000104,-0.000000140,0.000000714
556,localhost,0.000000189,+0.000000213,0.000000173
556,compute-0-0,0.000000042,+0.000000594,0.000001587
556,compute-0-1,0.000000302,+0.000000504,0.000000335
556,compute-0-2,0.000000797,+0.000000803,0.000000283
556,compute-0-3,0.000000003,-0.000003120,0.000001197
557,localhost,0.000000000,+0.000000213,0.000000173
557,compute-0-0,0.000000224,+0.000000436,0.000001512
557,compute-0-1,0.000000000,+0.000000504,0.000000335
557,compute-0-2,0.000000001,+0.000000803,0.000000283
557,compute-0-3,0.000000423,-0.000000505,0.000001146
558,localhost,0.000000005,+0.000000006,0.000000165
558,compute-0-0,0.000000294,+0.000000290,0.000001437
558,compute-0-1,0.000000062,-0.000000086,0.000000319
558,compute-0-2,0.000000104,+0.000000162,0.000000273
558,compute-0-3,0.000000000,-0.000000505,0.000001146
559,localhost,0.000000181,+0.000000247,0.000000175
559,compute-0-0,0.000000430,+0.000000342,0.000001367
559,compute-0-1,0.000000090,-0.000000097,0.000000304
559,compute-0-2,0.000000007,+0.000000162,0.000000273
559,compute-0-3,0.000000000,-0.000000505,0.000001146
560,localhost,0.000000000,+0.000000247,0.000000175
560,compute-0-0,0.000000115,+0.000000342,0.000001367
560,compute-0-1,0.000000042,+0.000000043,0.000000289
560,compute-0-2,0.000000000,+0.000000162,0.000000273
560,compute-0-3,0.000000040,-0.000000368,0.000001056
561,localhost,0.000000005,+0.000000298,0.000000191
561,compute-0-0,0.000000026,-0.000000035,0.000001297
561,compute-0-1,0.000000034,+0.000000043,0.000000289
561,compute-0-2,0.000000198,+0.000000255,0.000000272
561,compute-0-3,0.000000000,-0.000000201,0.000001004
562,localhost,0.000000131,+0.000000218,0.000000194
562,compute-0-0,0.000000257,+0.000000315,0.000001235
562,compute-0-1,0.000000023,-0.000000005,0.000000274
562,compute-0-2,0.000000164,+0.000000050,0.000000258
562,compute-0-3,0.000000049,-0.000000068,0.000000904
563,localhost,0.000000016,-0.000000016,0.000000184
563,compute-0-0,0.000000125,+0.000000315,0.000001235
563,compute-0-1,0.000000020,-0.000000005,0.000000274
563,compute-0-2,0.000000064,+0.000000050,0.000000258
563,compute-0-3,0.000000012,-0.000000068,0.000000904
564,localhost,0.000000015,-0.000000016,0.000000184
564,compute-0-0,0.000000127,+0.000000049,0.000001172
564,compute-0-1,0.000000018,-0.000000005,0.000000274
564,compute-0-2,0.000000046,+0.000000209,0.000000254
564,compute-0-3,0.000000034,+0.000000040,0.000000857
565,localhost,0.000000004,+0.000000019,0.000000174
565,compute-0-0,0.000000002,+0.000001496,0.000001208
565,compute-0-1,0.000000013,-0.000000004,0.000000260
565,compute-0-2,0.000000106,+0.000000145,0.000000245
565,compute-0-3,0.000000026,+0.000000040,0.000000857
566,localhost,0.000000040,+0.000000039,0.000000166
566,compute-0-0,0.000000002,+0.000001496,0.000001208
566,compute-0-1,0.000000001,+0.000001277,0.000000473
566,compute-0-2,0.000000075,+0.000000050,0.000000233
566,compute-0-3,0.000000080,-0.000000117,0.000000814
567,localhost,0.000000029,+0.000000039,0.000000166
567,compute-0-0,0.000000001,+0.000000886,0.000001180
567,compute-0-1,0.000000001,+0.000001277,0.000000473
567,compute-0-2,0.000000050,+0.000000050,0.000000233
567,compute-0-3,0.000000055,-0.000000117,0.000000814
568,localhost,0.000000040,+0.000000028,0.000000158
568,compute-0-0,0.000000090,+0.000000586,0.000001134
568,compute-0-1,0.000000000,+0.000000284,0.000000458
568,compute-0-2,0.000000094,+0.000000093,0.000000223
568,compute-0-3,0.000000121,-0.000000387,0.000000782
569,localhost,0.000000076,+0.000000065,0.000000151
569,compute-0-0,0.000000180,-0.000000187,0.000001078
569,compute-0-1,0.000000037,+0.000000046,0.000000434
569,compute-0-2,0.000000303,+0.000000403,0.000000247
569,compute-0-3,0.000000002,-0.000000002,0.000000742
570,localhost,0.000000028,+0.000000065,0.000000151
570,compute-0-0,0.000000127,-0.000000187,0.000001078
570,compute-0-1,0.000000337,+0.000000370,0.000000428
570,compute-0-2,0.000000000,+0.000000403,0.000000247
570,compute-0-3,0.000000002,-0.000000002,0.000000742
571,localhost,0.000000053,+0.000000092,0.000000146
571,compute-0-0,0.000000075,-0.000000187,0.000001078
571,compute-0-1,0.000000000,+0.000000370,0.000000428
571,compute-0-2,0.000000023,+0.000000085,0.000000236
571,compute-0-3,0.000000075,+0.000000123,0.000000705
572,localhost,0.000000084,+0.000000194,0.000000152
572,compute-0-0,0.000000265,-0.000000242,0.000001025
572,compute-0-1,0.000000001,+0.000000370,0.000000428
572,compute-0-2,0.000000014,+0.000000016,0.000000224
572,compute-0-3,0.000000000,+0.000000123,0.000000705
573,localhost,0.000000147,+0.000000163,0.000000153
573,compute-0-0,0.000000213,-0.000000242,0.000001025
573,compute-0-1,0.000000438,+0.000000625,0.000000452
573,compute-0-2,0.000000010,+0.000000016,0.000000224
573,compute-0-3,0.000000000,+0.000000123,0.000000705
574,localhost,0.000000001,+0.000000163,0.000000153
574,compute-0-0,0.000000001,-0.000000492,0.000000985
574,compute-0-1,0.000000001,+0.000000625,0.000000452
574,compute-0-2,0.000000013,-0.000000032,0.000000213
574,compute-0-3,0.000000008,+0.000000009,0.000000669
575,localhost,0.000000000,+0.000000163,0.000000153
575,compute-0-0,0.000000064,+0.000000066,0.000000935
575,compute-0-1,0.000000049,+0.000000139,0.000000431
575,compute-0-2,0.000000009,-0.000000002,0.000000202
575,compute-0-3,0.000000346,-0.000000549,0.000000658
576,localhost,0.000000078,+0.000000084,0.000000147
576,compute-0-0,0.000000098,+0.000000042,0.000000887
576,compute-0-1,0.000000000,+0.000000139,0.000000431
576,compute-0-2,0.000000067,+0.000000079,0.000000193
576,compute-0-3,0.000000000,-0.000000549,0.000000658
577,localhost,0.000000058,+0.000000084,0.000000147
577,compute-0-0,0.000000080,+0.000000042,0.000000887
577,compute-0-1,0.000000000,+0.000000139,0.000000431
577,compute-0-2,0.000000019,+0.000000079,0.000000193
577,compute-0-3,0.000000025,-0.000000027,0.000000624
578,localhost,0.000000074,+0.000000087,0.000000142
578,compute-0-0,0.000000103,+0.000000047,0.000000841
578,compute-0-1,0.000000113,+0.000000239,0.000000416
578,compute-0-2,0.000000021,+0.000000023,0.000000183
578,compute-0-3,0.000000001,-0.000001149,0.000000695
579,localhost,0.000000036,+0.000000012,0.000000135
579,compute-0-0,0.000000075,+0.000000047,0.000000841
579,compute-0-1,0.000000061,+0.000000279,0.000000404
579,compute-0-2,0.000000066,-0.000000093,0.000000176
579,compute-0-3,0.000000001,-0.000001149,0.000000695
580,localhost,0.000000028,+0.000000012,0.000000135
580,compute-0-0,0.000000047,+0.000000047,0.000000841
580,compute-0-1,0.000000042,+0.000000043,0.000000384
580,compute-0-2,0.000000014,-0.000000093,0.000000176
580,compute-0-3,0.000000001,-0.000000953,0.000000725
581,localhost,0.000000032,-0.000000070,0.000000130
581,compute-0-0,0.000000135,+0.000000111,0.000000799
581,compute-0-1,0.000000035,+0.000000043,0.000000384
581,compute-0-2,0.000000030,-0.000000041,0.000000168
581,compute-0-3,0.000000000,-0.000000953,0.000000725
582,localhost,0.000000002,+0.000000026,0.000000124
582,compute-0-0,0.000000114,+0.000000111,0.000000799
582,compute-0-1,0.000000028,+0.000000043,0.000000384
582,compute-0-2,0.000000011,-0.000000041,0.000000168
582,compute-0-3,0.000000833,-0.000001768,0.000000886
583,localhost,0.000000147,+0.000000164,0.000000128
583,compute-0-0,0.000000093,+0.000000111,0.000000799
583,compute-0-1,0.000000021,+0.000000043,0.000000384
583,compute-0-2,0.000000000,-0.000000041,0.000000168
583,compute-0-3,0.000000001,-0.000001768,0.000000886
584,localhost,0.000000033,+0.000000164,0.000000128
584,compute-0-0,0.000000299,+0.000000364,0.000000767
584,compute-0-1,0.000000534,+0.000000934,0.000000469
584,compute-0-2,0.000000103,-0.000000201,0.000000171
584,compute-0-3,0.000000001,-0.000001768,0.000000886
585,localhost,0.000000024,+0.000000026,0.000000122
585,compute-0-0,0.000000119,+0.000000364,0.000000767
585,compute-0-1,0.000000308,+0.000000365,0.000000459
585,compute-0-2,0.000000076,-0.000000046,0.000000163
585,compute-0-3,0.000000890,-0.000001216,0.000000924
586,localhost,0.000000104,+0.000000118,0.000000122
586,compute-0-0,0.000000598,+0.000000607,0.000000752
586,compute-0-1,0.000000000,+0.000000365,0.000000459
586,compute-0-2,0.000000086,-0.000000061,0.000000156
586,compute-0-3,0.000000001,-0.000001216,0.000000924
587,localhost,0.000000000,+0.000000118,0.000000122
587,compute-0-0,0.000000175,+0.000000607,0.000000752
587,compute-0-1,0.000000000,+0.000000365,0.000000459
587,compute-0-2,0.000000042,-0.000000061,0.000000156
587,compute-0-3,0.000000172,-0.000000265,0.000000881
588,localhost,0.000000000,+0.000000191,0.000000130
588,compute-0-0,0.000000063,+0.000000061,0.000000714
588,compute-0-1,0.000000291,+0.000000357,0.000000450
588,compute-0-2,0.000000000,-0.000000324,0.000000180
588,compute-0-3,0.000000069,+0.000000190,0.000000838
589,localhost,0.000000031,+0.000000034,0.000000124
589,compute-0-0,0.000000246,+0.000000227,0.000000681
589,compute-0-1,0.000000071,+0.000000357,0.000000450
589,compute-0-2,0.000000016,+0.000000016,0.000000171
589,compute-0-3,0.000000429,+0.000000383,0.000000804
590,localhost,0.000000025,+0.000000034,0.000000124
590,compute-0-0,0.000000066,+0.000000227,0.000000681
590,compute-0-1,0.000000000,+0.000000357,0.000000450
590,compute-0-2,0.000000015,+0.000000016,0.000000171
590,compute-0-3,0.000000096,+0.000000383,0.000000804
591,localhost,0.000000040,+0.000000034,0.000000118
591,compute-0-0,0.000000011,-0.000000011,0.000000646
591,compute-0-1,0.000000293,+0.000000383,0.000000444
591,compute-0-2,0.000000066,+0.000000099,0.000000165
591,compute-0-3,0.000000207,+0.000000241,0.000000767
592,localhost,0.000000015,-0.000000016,0.000000112
592,compute-0-0,0.000000108,-0.000000135,0.000000614
592,compute-0-1,0.000000098,+0.000000383,0.000000444
592,compute-0-2,0.000000116,+0.000000151,0.000000164
592,compute-0-3,0.000000437,+0.000000315,0.000000734
593,localhost,0.000000032,+0.000000020,0.000000107
593,compute-0-0,0.000000059,-0.000000135,0.000000614
593,compute-0-1,0.000000000,+0.000000383,0.000000444
593,compute-0-2,0.000000000,+0.000000151,0.000000164
593,compute-0-3,0.000000222,+0.000000315,0.000000734
594,localhost,0.000000024,+0.000000020,0.000000107
594,compute-0-0,0.000000012,+0.000000066,0.000000583
594,compute-0-1,0.000000191,+0.000000225,0.000000427
594,compute-0-2,0.000000000,+0.000000151,0.000000164
594,compute-0-3,0.000000279,+0.000000402,0.000001078
595,localhost,0.000000037,+0.000000028,0.000000102
595,compute-0-0,0.000000057,+0.000000051,0.000000554
595,compute-0-1,0.000000138,+0.000000225,0.000000427
595,compute-0-2,0.000000100,+0.000000113,0.000000159
595,compute-0-3,0.000000011,+0.000000013,0.000001023
596,localhost,0.000000088,+0.000000081,0.000000100
596,compute-0-0,0.000000092,+0.000000047,0.000000525
596,compute-0-1,0.000000085,+0.000000225,0.000000427
596,compute-0-2,0.000000300,+0.000000286,0.000000176
596,compute-0-3,0.000000006,+0.000000013,0.000001023
597,localhost,0.000000029,+0.000000081,0.000000100
597,compute-0-0,0.000000067,+0.000000047,0.000000525
597,compute-0-1,0.000000145,+0.000000088,0.000000406
597,compute-0-2,0.000000000,+0.000000286,0.000000176
597,compute-0-3,0.000000001,+0.000000013,0.000001023
598,localhost,0.000000053,+0.000000128,0.000000103
598,compute-0-0,0.000000071,+0.000000026,0.000000499
598,compute-0-1,0.000000087,-0.000000039,0.000000386
598,compute-0-2,0.000000010,+0.000000011,0.000000167
598,compute-0-3,0.000000787,+0.000001161,0.000001037
599,localhost,0.000000065,+0.000000217,0.000000119
599,compute-0-0,0.000000633,+0.000000726,0.000000526
599,compute-0-1,0.000000074,-0.000000039,0.000000386
599,compute-0-2,0.000000001,+0.000000754,0.000000286
599,compute-0-3,0.000000519,+0.000000530,0.000000998
600,localhost,0.000000071,+0.000000071,0.000000115
600,compute-0-0,0.000000001,+0.000000726,0.000000526
600,compute-0-1,0.000000036,-0.000000111,0.000000367
600,compute-0-2,0.000000001,+0.000000754,0.000000286
600,compute-0-3,0.000000001,+0.000000855,0.000000985
601,localhost,0.000000044,+0.000000071,0.000000115
601,compute-0-0,0.000000001,+0.000000726,0.000000526
601,compute-0-1,0.000000003,-0.000002783,0.000000947
601,compute-0-2,0.000000001,+0.000000754,0.000000286
601,compute-0-3,0.000000000,+0.000000230,0.000000937
602,localhost,0.000000026,-0.000000005,0.000000110
602,compute-0-0,0.000000072,-0.000000075,0.000000499
602,compute-0-1,0.000000003,-0.000002783,0.000000947
602,compute-0-2,0.000000403,+0.000000599,0.000000331
602,compute-0-3,0.000000076,-0.000000114,0.000000845
603,localhost,0.000000037,-0.000000060,0.000000106
603,compute-0-0,0.000000061,-0.000000075,0.000000499
603,compute-0-1,0.000000003,-0.000002783,0.000000947
603,compute-0-2,0.000000475,+0.000000545,0.000000358
603,compute-0-3,0.000000012,+0.000000013,0.000000801
604,localhost,0.000000030,-0.000000060,0.000000106
604,compute-0-0,0.000000073,+0.000000175,0.000000477
604,compute-0-1,0.000000401,-0.000000510,0.000000913
604,compute-0-2,0.000000001,+0.000000545,0.000000358
604,compute-0-3,0.000000210,-0.000000227,0.000000764
605,localhost,0.000000042,-0.000000022,0.000000100
605,compute-0-0,0.000000090,+0.000000156,0.000000455
605,compute-0-1,0.000000002,-0.000001733,0.000001025
605,compute-0-2,0.000000108,+0.000000318,0.000000355
605,compute-0-3,0.000000077,-0.000000227,0.000000764
606,localhost,0.000000036,-0.000000005,0.000000095
606,compute-0-0,0.000000080,-0.000000083,0.000000432
606,compute-0-1,0.000000002,-0.000001733,0.000001025
606,compute-0-2,0.000000261,+0.000000416,0.000000361
606,compute-0-3,0.000000002,-0.000001759,0.000000913
607,localhost,0.000000029,-0.000000005,0.000000095
607,compute-0-0,0.000000028,-0.000000083,0.000000432
607,compute-0-1,0.000000001,-0.000000695,0.000000997
607,compute-0-2,0.000000000,+0.000000416,0.000000361
607,compute-0-3,0.000000122,-0.000000170,0.000000858
608,localhost,0.000000043,-0.000000032,0.000000091
608,compute-0-0,0.000000027,-0.000000026,0.000000410
608,compute-0-1,0.000000126,-0.000000167,0.000000947
608,compute-0-2,0.000000000,+0.000000300,0.000000356
608,compute-0-3,0.000000001,-0.000000540,0.000000831
609,localhost,0.000000018,+0.000000013,0.000000086
609,compute-0-0,0.000000059,-0.000000046,0.000000390
609,compute-0-1,0.000000013,-0.000000167,0.000000947
609,compute-0-2,0.000000000,+0.000000300,0.000000356
609,compute-0-3,0.000000032,-0.000000033,0.000000789
610,localhost,0.000000016,+0.000000013,0.000000086
610,compute-0-0,0.000000028,-0.000000046,0.000000390
610,compute-0-1,0.000000014,-0.000000008,0.000000898
610,compute-0-2,0.000000001,+0.000000300,0.000000356
610,compute-0-3,0.000000028,-0.000000033,0.000000789
611,localhost,0.000000014,+0.000000013,0.000000086
611,compute-0-0,0.000000027,-0.000000095,0.000000371
611,compute-0-1,0.000000155,-0.000000334,0.000000859
611,compute-0-2,0.000000001,+0.000000640,0.000000393
611,compute-0-3,0.000000014,+0.000000041,0.000000749
612,localhost,0.000000038,-0.000000027,0.000000082
612,compute-0-0,0.000000029,+0.000000032,0.000000352
612,compute-0-1,0.000000124,-0.000000129,0.000000816
612,compute-0-2,0.000000069,+0.000000087,0.000000374
612,compute-0-3,0.000000013,+0.000000041,0.000000749
613,localhost,0.000000154,+0.000000220,0.000000105
613,compute-0-0,0.000000022,+0.000000032,0.000000352
613,compute-0-1,0.000000072,-0.000000129,0.000000816
613,compute-0-2,0.000000113,+0.000000082,0.000000356
613,compute-0-3,0.000000011,+0.000000041,0.000000749
614,localhost,0.000000000,+0.000000220,0.000000105
614,compute-0-0,0.000000032,+0.000000064,0.000000334
614,compute-0-1,0.000000157,-0.000000304,0.000000780
614,compute-0-2,0.000000051,+0.000000082,0.000000356
614,compute-0-3,0.000000028,+0.000000019,0.000000710
615,localhost,0.000000019,+0.000000021,0.000000100
615,compute-0-0,0.000000000,+0.000000064,0.000000334
615,compute-0-1,0.000000002,-0.000001680,0.000000911
615,compute-0-2,0.000000000,+0.000000082,0.000000356
615,compute-0-3,0.000000125,+0.000000166,0.000000676
616,localhost,0.000000107,-0.000000198,0.000000113
616,compute-0-0,0.000000116,+0.000000119,0.000000320
616,compute-0-1,0.000000002,-0.000001680,0.000000911
616,compute-0-2,0.000000322,+0.000000364,0.000000357
616,compute-0-3,0.000000000,+0.000000166,0.000000676
617,localhost,0.000000000,-0.000000198,0.000000113
617,compute-0-0,0.000000091,+0.000000119,0.000000320
617,compute-0-1,0.000000183,-0.000000197,0.000000866
617,compute-0-2,0.000000127,+0.000000364,0.000000357
617,compute-0-3,0.000000156,+0.000000158,0.000000639
618,localhost,0.000000003,-0.000000003,0.000000107
618,compute-0-0,0.000000074,+0.000000047,0.000000303
618,compute-0-1,0.000000089,-0.000000197,0.000000866
618,compute-0-2,0.000000000,+0.000000364,0.000000357
618,compute-0-3,0.000000105,+0.000000200,0.000000610
619,localhost,0.000000115,+0.000000204,0.000000121
619,compute-0-0,0.000000000,+0.000000047,0.000000303
619,compute-0-1,0.000000000,-0.000000197,0.000000866
619,compute-0-2,0.000000384,+0.000001259,0.000000522
619,compute-0-3,0.000000000,+0.000000325,0.000000587
620,localhost,0.000000152,+0.000000152,0.000000124
620,compute-0-0,0.000000000,+0.000000047,0.000000303
620,compute-0-1,0.000000134,+0.000000141,0.000000823
620,compute-0-2,0.000000001,+0.000001259,0.000000522
620,compute-0-3,0.000000052,+0.000000057,0.000000558
621,localhost,0.000000066,+0.000000152,0.000000124
621,compute-0-0,0.000000072,+0.000000106,0.000000290
621,compute-0-1,0.000000112,+0.000000141,0.000000823
621,compute-0-2,0.000000095,+0.000000154,0.000000498
621,compute-0-3,0.000000050,+0.000000016,0.000000529
622,localhost,0.000000003,-0.000000027,0.000000118
622,compute-0-0,0.000000000,-0.000000315,0.000000292
622,compute-0-1,0.000000130,+0.000000079,0.000000781
622,compute-0-2,0.000000182,+0.000000405,0.000000489
622,compute-0-3,0.000000120,-0.000000142,0.000000479
623,localhost,0.000000030,+0.000000027,0.000000112
623,compute-0-0,0.000000000,-0.000000315,0.000000292
623,compute-0-1,0.000000346,+0.000000452,0.000000755
623,compute-0-2,0.000000000,+0.000000405,0.000000489
623,compute-0-3,0.000000000,-0.000000142,0.000000479
624,localhost,0.000000028,+0.000000027,0.000000112
624,compute-0-0,0.000000043,+0.000000078,0.000000279
624,compute-0-1,0.000000096,-0.000000096,0.000000717
624,compute-0-2,0.000000000,+0.000000405,0.000000489
624,compute-0-3,0.000000920,-0.000001019,0.000000557
625,localhost,0.000000042,+0.000000017,0.000000107
625,compute-0-0,0.000000008,+0.000000078,0.000000279
625,compute-0-1,0.000000083,-0.000000096,0.000000717
625,compute-0-2,0.000000080,+0.000000450,0.000000486
625,compute-0-3,0.000000259,-0.000001019,0.000000557
626,localhost,0.000000015,-0.000000055,0.000000103
626,compute-0-0,0.000000163,-0.000000167,0.000000270
626,compute-0-1,0.000000069,-0.000000096,0.000000717
626,compute-0-2,0.000000112,+0.000000140,0.000000463
626,compute-0-3,0.000001128,-0.000001130,0.000000638
627,localhost,0.000000015,-0.000000055,0.000000103
627,compute-0-0,0.000000130,-0.000000167,0.000000270
627,compute-0-1,0.000000328,+0.000000408,0.000000692
627,compute-0-2,0.000000008,+0.000000140,0.000000463
627,compute-0-3,0.000000002,-0.000001359,0.000000742
628,localhost,0.000000023,-0.000000010,0.000000098
628,compute-0-0,0.000000120,+0.000000492,0.000000299
628,compute-0-1,0.000000220,+0.000000408,0.000000692
628,compute-0-2,0.000000009,+0.000000009,0.000000439
628,compute-0-3,0.000000080,-0.000000248,0.000000709
629,localhost,0.000000025,-0.000000003,0.000000093
629,compute-0-0,0.000000019,-0.000000019,0.000000284
629,compute-0-1,0.000000112,+0.000000408,0.000000692
629,compute-0-2,0.000000005,-0.000000003,0.000000417
629,compute-0-3,0.000000519,-0.000000617,0.000000700
630,localhost,0.000000035,-0.000000012,0.000000088
630,compute-0-0,0.000000018,-0.000000019,0.000000284
630,compute-0-1,0.000000154,+0.000000381,0.000000667
630,compute-0-2,0.000000578,-0.000000598,0.000000438
630,compute-0-3,0.000000000,-0.000000617,0.000000700
631,localhost,0.000000032,-0.000000012,0.000000088
631,compute-0-0,0.000000049,+0.000000077,0.000000271
631,compute-0-1,0.000000000,+0.000000381,0.000000667
631,compute-0-2,0.000000001,-0.000000598,0.000000438
631,compute-0-3,0.000000001,-0.000001359,0.000000791
632,localhost,0.000000009,+0.000000022,0.000000084
632,compute-0-0,0.000000036,+0.000000077,0.000000271
632,compute-0-1,0.000000000,+0.000000381,0.000000667
632,compute-0-2,0.000000021,-0.000000022,0.000000416
632,compute-0-3,0.000000001,-0.000001359,0.000000791
633,localhost,0.000000027,+0.000000036,0.000000080
633,compute-0-0,0.000007998,-0.000008090,0.000002571
633,compute-0-1,0.000000069,-0.000000083,0.000000634
633,compute-0-2,0.000000034,-0.000000016,0.000000394
633,compute-0-3,0.000000436,-0.000002062,0.000000994
634,localhost,0.000000024,+0.000000036,0.000000080
634,compute-0-0,0.000003621,-0.000008090,0.000002571
634,compute-0-1,0.000000041,-0.000000083,0.000000634
634,compute-0-2,0.000000029,-0.000000016,0.000000394
634,compute-0-3,0.000000001,-0.000000830,0.000000979
635,localhost,0.000000013,-0.000000036,0.000000077
635,compute-0-0,0.000002053,-0.000000625,0.000002447
635,compute-0-1,0.000000012,-0.000000083,0.000000634
635,compute-0-2,0.000000059,-0.000000052,0.000000375
635,compute-0-3,0.000000040,-0.000000041,0.000000929
636,localhost,0.000000014,+0.000000027,0.000000074
636,compute-0-0,0.000004081,+0.000006191,0.000003037
636,compute-0-1,0.000000103,-0.000000114,0.000000602
636,compute-0-2,0.000000032,-0.000000052,0.000000375
636,compute-0-3,0.000000038,-0.000000041,0.000000929
637,localhost,0.000000013,+0.000000027,0.000000074
637,compute-0-0,0.000000764,+0.000006191,0.000003037
637,compute-0-1,0.000000252,-0.000000250,0.000000577
637,compute-0-2,0.000000006,-0.000000052,0.000000375
637,compute-0-3,0.000001476,-0.000002723,0.000001232
638,localhost,0.000000001,-0.000000011,0.000000070
638,compute-0-0,0.000001228,+0.000001489,0.000002919
638,compute-0-1,0.000000000,-0.000000250,0.000000577
638,compute-0-2,0.000000039,-0.000000040,0.000000356
638,compute-0-3,0.000000001,-0.000002723,0.000001232
639,localhost,0.000000084,-0.000000161,0.000000084
639,compute-0-0,0.000002207,+0.000001435,0.000002806
639,compute-0-1,0.000000000,-0.000000250,0.000000577
639,compute-0-2,0.000000036,-0.000000040,0.000000356
639,compute-0-3,0.000000105,-0.000001453,0.000001216
640,localhost,0.000000008,+0.000000008,0.000000079
640,compute-0-0,0.000001517,+0.000001435,0.000002806
640,compute-0-1,0.000000371,-0.000000558,0.000000575
640,compute-0-2,0.000000060,-0.000000028,0.000000337
640,compute-0-3,0.000000000,-0.000001453,0.000001216
641,localhost,0.000000007,+0.000000008,0.000000079
641,compute-0-0,0.000001795,+0.000001899,0.000002729
641,compute-0-1,0.000000000,-0.000000558,0.000000575
641,compute-0-2,0.000000053,-0.000000028,0.000000337
641,compute-0-3,0.000000353,-0.000000507,0.000001118
642,localhost,0.000000003,-0.000000004,0.000000075
642,compute-0-0,0.000000002,-0.000002295,0.000002689
642,compute-0-1,0.000000000,-0.000000558,0.000000575
642,compute-0-2,0.000000047,-0.000000028,0.000000337
642,compute-0-3,0.000000082,-0.000000145,0.000001062
643,localhost,0.000000006,-0.000000009,0.000000071
643,compute-0-0,0.000000001,-0.000002295,0.000002689
643,compute-0-1,0.000000013,+0.000000013,0.000000545
643,compute-0-2,0.000000068,-0.000000027,0.000000320
643,compute-0-3,0.000000001,-0.000000492,0.000001019
644,localhost,0.000000006,-0.000000009,0.000000071
644,compute-0-0,0.000000001,-0.000002295,0.000002689
644,compute-0-1,0.000000323,-0.000000434,0.000000535
644,compute-0-2,0.000000062,-0.000000027,0.000000320
644,compute-0-3,0.000000141,-0.000000696,0.000000950
645,localhost,0.000000013,-0.000000008,0.000000068
645,compute-0-0,0.000000195,-0.000000251,0.000002552
645,compute-0-1,0.000000000,-0.000000434,0.000000535
645,compute-0-2,0.000000055,-0.000000027,0.000000320
645,compute-0-3,0.000000113,+0.000000252,0.000000904
646,localhost,0.000000018,-0.000000007,0.000000064
646,compute-0-0,0.000000109,+0.000000241,0.000002422
646,compute-0-1,0.000000000,-0.000000434,0.000000535
646,compute-0-2,0.000000292,-0.000000304,0.000000319
646,compute-0-3,0.000000275,+0.000000274,0.000000819
647,localhost,0.000000016,-0.000000007,0.000000064
647,compute-0-0,0.000000066,+0.000000241,0.000002422
647,compute-0-1,0.000000002,+0.000001515,0.000000698
647,compute-0-2,0.000000103,-0.000000304,0.000000319
647,compute-0-3,0.000000000,+0.000000274,0.000000819
648,localhost,0.000000039,-0.000000089,0.000000067
648,compute-0-0,0.000000062,+0.000000047,0.000002298
648,compute-0-1,0.000000002,+0.000001515,0.000000698
648,compute-0-2,0.000000063,-0.000000152,0.000000306
648,compute-0-3,0.000000022,+0.000000023,0.000000777
649,localhost,0.000000007,-0.000000005,0.000000064
649,compute-0-0,0.000000008,+0.000000047,0.000002298
649,compute-0-1,0.000000073,-0.000000119,0.000000663
649,compute-0-2,0.000000119,-0.000000299,0.000000305
649,compute-0-3,0.000000062,-0.000000049,0.000000699
650,localhost,0.000000007,-0.000000005,0.000000064
650,compute-0-0,0.000000000,+0.000000047,0.000002298
650,compute-0-1,0.000000146,-0.000000210,0.000000633
650,compute-0-2,0.000000344,-0.000000400,0.000000316
650,compute-0-3,0.000000044,-0.000000049,0.000000699
651,localhost,0.000000007,-0.000000005,0.000000064
651,compute-0-0,0.000000061,-0.000000069,0.000002180
651,compute-0-1,0.000000069,+0.000000070,0.000000601
651,compute-0-2,0.000000000,-0.000000400,0.000000316
651,compute-0-3,0.000000593,-0.000000593,0.000000689
652,localhost,0.000000029,-0.000000025,0.000000061
652,compute-0-0,0.000000090,-0.000000054,0.000002069
652,compute-0-1,0.000000054,+0.000000070,0.000000601
652,compute-0-2,0.000000000,-0.000000400,0.000000316
652,compute-0-3,0.000000001,-0.000000825,0.000000704
653,localhost,0.000000036,-0.000000011,0.000000058
653,compute-0-0,0.000000406,-0.000000373,0.000001966
653,compute-0-1,0.000000087,-0.000000154,0.000000572
653,compute-0-2,0.000000499,-0.000000661,0.000000366
653,compute-0-3,0.000000001,-0.000000825,0.000000704
654,localhost,0.000000028,-0.000000011,0.000000058
654,compute-0-0,0.000000000,-0.000000373,0.000001966
654,compute-0-1,0.000000468,-0.000000599,0.000000575
654,compute-0-2,0.000000000,-0.000000661,0.000000366
654,compute-0-3,0.000000102,-0.000000105,0.000000669
655,localhost,0.000000019,-0.000000011,0.000000058
655,compute-0-0,0.000000000,-0.000000373,0.000001966
655,compute-0-1,0.000000000,-0.000000599,0.000000575
655,compute-0-2,0.000000097,-0.000000414,0.000000371
655,compute-0-3,0.000000207,-0.000000197,0.000000638
656,localhost,0.000000024,-0.000000012,0.000000055
656,compute-0-0,0.000000127,-0.000000131,0.000001866
656,compute-0-1,0.000000010,+0.000000010,0.000000545
656,compute-0-2,0.000000000,-0.000000414,0.000000371
656,compute-0-3,0.000000043,-0.000000197,0.000000638
657,localhost,0.000000023,-0.000000012,0.000000055
657,compute-0-0,0.000000101,-0.000000131,0.000001866
657,compute-0-1,0.000000011,+0.000000001,0.000000517
657,compute-0-2,0.000000000,-0.000000414,0.000000371
657,compute-0-3,0.000000134,-0.000000142,0.000000607
658,localhost,0.000000039,-0.000000032,0.000000053
658,compute-0-0,0.000000001,-0.000000697,0.000001783
658,compute-0-1,0.000000010,+0.000000001,0.000000517
658,compute-0-2,0.000000012,+0.000000012,0.000000352
658,compute-0-3,0.000000102,-0.000000019,0.000000575
659,localhost,0.000000065,-0.000000054,0.000000053
659,compute-0-0,0.000000017,-0.000000338,0.000001695
659,compute-0-1,0.000000000,-0.000000556,0.000000521
659,compute-0-2,0.000000012,+0.000000012,0.000000352
659,compute-0-3,0.000000016,-0.000000005,0.000000526
660,localhost,0.000000372,-0.000000455,0.000000153
660,compute-0-0,0.000000000,-0.000000338,0.000001695
660,compute-0-1,0.000000056,+0.000000207,0.000000499
660,compute-0-2,0.000000212,-0.000000227,0.000000341
660,compute-0-3,0.000000033,-0.000000020,0.000000499
661,localhost,0.000000000,-0.000000455,0.000000153
661,compute-0-0,0.000000026,+0.000000032,0.000001608
661,compute-0-1,0.000000960,-0.000001550,0.000000665
661,compute-0-2,0.000000177,-0.000000227,0.000000341
661,compute-0-3,0.000000028,-0.000000020,0.000000499
662,localhost,0.000000024,-0.000000105,0.000000148
662,compute-0-0,0.000000065,+0.000000140,0.000001526
662,compute-0-1,0.000000048,-0.000000177,0.000000633
662,compute-0-2,0.000000001,-0.000000460,0.000000355
662,compute-0-3,0.000000294,+0.000000368,0.000000487
663,localhost,0.000000080,+0.000000096,0.000000144
663,compute-0-0,0.000000000,+0.000000140,0.000001526
663,compute-0-1,0.000000024,+0.000000029,0.000000601
663,compute-0-2,0.000000109,-0.000000228,0.000000344
663,compute-0-3,0.000000169,+0.000000368,0.000000487
664,localhost,0.000000012,+0.000000096,0.000000144
664,compute-0-0,0.000000000,+0.000000140,0.000001526
664,compute-0-1,0.000000012,-0.000000005,0.000000570
664,compute-0-2,0.000000000,-0.000000228,0.000000344
664,compute-0-3,0.000000142,+0.000000026,0.000000462
665,localhost,0.000000037,+0.000000057,0.000000138
665,compute-0-0,0.000000027,+0.000000030,0.000001448
665,compute-0-1,0.000000011,-0.000000005,0.000000570
665,compute-0-2,0.000000014,-0.000000016,0.000000327
665,compute-0-3,0.000000002,+0.000001711,0.000000697
666,localhost,0.000000015,-0.000000038,0.000000131
666,compute-0-0,0.000000024,+0.000000030,0.000001448
666,compute-0-1,0.000000007,-0.000000003,0.000000541
666,compute-0-2,0.000000110,-0.000000506,0.000000349
666,compute-0-3,0.000000002,+0.000001711,0.000000697
667,localhost,0.000000014,-0.000000038,0.000000131
667,compute-0-0,0.000000020,+0.000000030,0.000001448
667,compute-0-1,0.000000007,-0.000000003,0.000000541
667,compute-0-2,0.000000000,-0.000000506,0.000000349
667,compute-0-3,0.000000002,+0.000001711,0.000000697
668,localhost,0.000000000,-0.000000303,0.000000157
668,compute-0-0,0.000000058,+0.000000056,0.000001374
668,compute-0-1,0.000000038,+0.000000036,0.000000513
668,compute-0-2,0.000000000,-0.000000329,0.000000347
668,compute-0-3,0.000000572,+0.000000727,0.000000700
669,localhost,0.000000076,+0.000000097,0.000000152
669,compute-0-0,0.000000026,-0.000000017,0.000001303
669,compute-0-1,0.000000052,-0.000000086,0.000000487
669,compute-0-2,0.000000017,-0.000000018,0.000000329
669,compute-0-3,0.000000002,+0.000001095,0.000000749
670,localhost,0.000000009,-0.000000031,0.000000145
670,compute-0-0,0.000000023,-0.000000017,0.000001303
670,compute-0-1,0.000000038,-0.000000086,0.000000487
670,compute-0-2,0.000000571,-0.000000793,0.000000400
670,compute-0-3,0.000000002,+0.000001095,0.000000749
671,localhost,0.000000009,-0.000000031,0.000000145
671,compute-0-0,0.000000020,-0.000000017,0.000001303
671,compute-0-1,0.000000023,-0.000000086,0.000000487
671,compute-0-2,0.000000000,-0.000000793,0.000000400
671,compute-0-3,0.000000002,+0.000001095,0.000000749
672,localhost,0.000000107,+0.000000150,0.000000145
672,compute-0-0,0.000000162,-0.000000325,0.000001241
672,compute-0-1,0.000000012,+0.000000002,0.000000462
672,compute-0-2,0.000000150,-0.000000209,0.000000386
672,compute-0-3,0.000000007,+0.000000009,0.000000710
673,localhost,0.000000170,+0.000000184,0.000000150
673,compute-0-0,0.000000157,-0.000000181,0.000001179
673,compute-0-1,0.000000012,+0.000000002,0.000000462
673,compute-0-2,0.000000272,-0.000000237,0.000000373
673,compute-0-3,0.000001749,+0.000001872,0.000000897
674,localhost,0.000000000,+0.000000184,0.000000150
674,compute-0-0,0.000000000,-0.000000181,0.000001179
674,compute-0-1,0.000000052,-0.000000099,0.000000440
674,compute-0-2,0.000000082,-0.000000237,0.000000373
674,compute-0-3,0.000000002,+0.000001872,0.000000897
675,localhost,0.000000013,-0.000000013,0.000000142
675,compute-0-0,0.000000000,-0.000000181,0.000001179
675,compute-0-1,0.000000000,-0.000000099,0.000000440
675,compute-0-2,0.000000001,-0.000000603,0.000000402
675,compute-0-3,0.000000347,+0.000000466,0.000000863
676,localhost,0.000000114,-0.000000131,0.000000141
676,compute-0-0,0.000000103,+0.000000112,0.000001119
676,compute-0-1,0.000000274,-0.000000297,0.000000428
676,compute-0-2,0.000000086,-0.000000107,0.000000383
676,compute-0-3,0.000001324,+0.000001786,0.000000995
677,localhost,0.000000036,-0.000000131,0.000000141
677,compute-0-0,0.000000069,+0.000000112,0.000001119
677,compute-0-1,0.000000000,-0.000000297,0.000000428
677,compute-0-2,0.000000145,-0.000000107,0.000000365
677,compute-0-3,0.000000001,+0.000001786,0.000000995
678,localhost,0.000000000,-0.000000177,0.000000145
678,compute-0-0,0.000000028,-0.000000031,0.000001061
678,compute-0-1,0.000000055,-0.000000071,0.000000406
678,compute-0-2,0.000000042,-0.000000107,0.000000365
678,compute-0-3,0.000001045,+0.000002021,0.000001299
679,localhost,0.000000007,-0.000000008,0.000000137
679,compute-0-0,0.000000096,+0.000000107,0.000001007
679,compute-0-1,0.000000259,-0.000000294,0.000000397
679,compute-0-2,0.000000001,-0.000000582,0.000000392
679,compute-0-3,0.000000029,+0.000000034,0.000001232
680,localhost,0.000000025,-0.000000018,0.000000131
680,compute-0-0,0.000000013,+0.000000107,0.000001007
680,compute-0-1,0.000000000,-0.000000294,0.000000397
680,compute-0-2,0.000000001,-0.000000582,0.000000392
680,compute-0-3,0.000000017,+0.000000034,0.000001232
681,localhost,0.000000021,-0.000000018,0.000000131
681,compute-0-0,0.000000000,+0.000000107,0.000001007
681,compute-0-1,0.000000000,-0.000000294,0.000000397
681,compute-0-2,0.000000000,-0.000000582,0.000000392
681,compute-0-3,0.000000133,+0.000000411,0.000001119
682,localhost,0.000000054,+0.000000095,0.000000127
682,compute-0-0,0.000000011,+0.000000011,0.000000956
682,compute-0-1,0.000000291,-0.000000411,0.000000398
682,compute-0-2,0.000000285,-0.000000418,0.000000395
682,compute-0-3,0.000000038,+0.000000092,0.000001062
683,localhost,0.000000022,-0.000000006,0.000000121
683,compute-0-0,0.000000100,+0.000000098,0.000000907
683,compute-0-1,0.000000000,-0.000000411,0.000000398
683,compute-0-2,0.000000194,-0.000000064,0.000000375
683,compute-0-3,0.000000170,+0.000000182,0.000001009
684,localhost,0.000000019,-0.000000006,0.000000121
684,compute-0-0,0.000000042,+0.000000098,0.000000907
684,compute-0-1,0.000000001,-0.000000556,0.000000417
684,compute-0-2,0.000000097,-0.000000064,0.000000375
684,compute-0-3,0.000000000,+0.000000182,0.000001009
685,localhost,0.000000043,+0.000000050,0.000000116
685,compute-0-0,0.000000000,+0.000000098,0.000000907
685,compute-0-1,0.000000001,-0.000000556,0.000000417
685,compute-0-2,0.000000001,-0.000000588,0.000000402
685,compute-0-3,0.000000000,+0.000000449,0.000000968
686,localhost,0.000000023,+0.000000002,0.000000110
686,compute-0-0,0.000000108,-0.000000119,0.000000861
686,compute-0-1,0.000000337,-0.000000359,0.000000411
686,compute-0-2,0.000000099,+0.000000113,0.000000383
686,compute-0-3,0.000000115,+0.000000129,0.000000872
687,localhost,0.000000019,+0.000000002,0.000000110
687,compute-0-0,0.000000069,-0.000000119,0.000000861
687,compute-0-1,0.000000128,-0.000000359,0.000000411
687,compute-0-2,0.000000531,-0.000000661,0.000000419
687,compute-0-3,0.000000051,+0.000000065,0.000000827
688,localhost,0.000000000,-0.000000391,0.000000162
688,compute-0-0,0.000000030,-0.000000119,0.000000861
688,compute-0-1,0.000000001,-0.000000695,0.000000448
688,compute-0-2,0.000000000,-0.000000661,0.000000419
688,compute-0-3,0.000000229,+0.000000267,0.000000751
689,localhost,0.000000024,+0.000000026,0.000000154
689,compute-0-0,0.000000014,-0.000000006,0.000000817
689,compute-0-1,0.000000066,+0.000001118,0.000000553
689,compute-0-2,0.000000000,-0.000000661,0.000000419
689,compute-0-3,0.000000000,+0.000000267,0.000000751
690,localhost,0.000000019,+0.000000001,0.000000146
690,compute-0-0,0.000000050,+0.000000064,0.000000776
690,compute-0-1,0.000000000,+0.000001118,0.000000553
690,compute-0-2,0.000000385,-0.000000490,0.000000426
690,compute-0-3,0.000000087,+0.000000222,0.000000716
691,localhost,0.000000017,+0.000000001,0.000000146
691,compute-0-0,0.000000030,+0.000000064,0.000000776
691,compute-0-1,0.000000087,-0.000000145,0.000000526
691,compute-0-2,0.000000000,-0.000000490,0.000000426
691,compute-0-3,0.000000056,+0.000000948,0.000000742
692,localhost,0.000000041,-0.000000073,0.000000140
692,compute-0-0,0.000000041,-0.000000076,0.000000736
692,compute-0-1,0.000000016,-0.000000145,0.000000526
692,compute-0-2,0.000000000,-0.000000490,0.000000426
692,compute-0-3,0.000000000,+0.000000948,0.000000742
693,localhost,0.000000030,-0.000000012,0.000000133
693,compute-0-0,0.000000018,-0.000000076,0.000000736
693,compute-0-1,0.000000000,-0.000000145,0.000000526
693,compute-0-2,0.000000199,-0.000000235,0.000000411
693,compute-0-3,0.000000397,+0.000000589,0.000000694
694,localhost,0.000000023,-0.000000012,0.000000133
694,compute-0-0,0.000000000,-0.000000076,0.000000736
694,compute-0-1,0.000000010,-0.000000010,0.000000499
694,compute-0-2,0.000000095,-0.000000235,0.000000411
694,compute-0-3,0.000000109,+0.000000225,0.000000662
695,localhost,0.000000000,+0.000000021,0.000000126
695,compute-0-0,0.000000005,+0.000000005,0.000000698
695,compute-0-1,0.000000128,-0.000000170,0.000000477
695,compute-0-2,0.000000000,-0.000000191,0.000000395
695,compute-0-3,0.000000000,+0.000000225,0.000000662
696,localhost,0.000000056,+0.000000072,0.000000122
696,compute-0-0,0.000000005,+0.000000005,0.000000698
696,compute-0-1,0.000000150,-0.000000117,0.000000454
696,compute-0-2,0.000000036,+0.000000044,0.000000375
696,compute-0-3,0.000000001,+0.000001000,0.000000685
697,localhost,0.000000012,+0.000000072,0.000000122
697,compute-0-0,0.000000004,+0.000000005,0.000000698
697,compute-0-1,0.000000070,-0.000000117,0.000000454
697,compute-0-2,0.000000025,+0.000000005,0.000000356
697,compute-0-3,0.000000000,+0.000000257,0.000000655
698,localhost,0.000000008,-0.000000018,0.000000116
698,compute-0-0,0.000000008,+0.000000004,0.000000663
698,compute-0-1,0.000000127,-0.000000318,0.000000442
698,compute-0-2,0.000000020,+0.000000005,0.000000356
698,compute-0-3,0.000000001,-0.000000000,0.000000621
699,localhost,0.000000032,+0.000000047,0.000000111
699,compute-0-0,0.000000007,-0.000000001,0.000000629
699,compute-0-1,0.000000175,-0.000000197,0.000000424
699,compute-0-2,0.000000063,+0.000000159,0.000000341
699,compute-0-3,0.000000001,-0.000000000,0.000000621
700,localhost,0.000000029,+0.000000011,0.000000105
700,compute-0-0,0.000000211,-0.000000230,0.000000601
700,compute-0-1,0.000000087,-0.000000197,0.000000424
700,compute-0-2,0.000000085,+0.000000101,0.000000325
700,compute-0-3,0.000000007,-0.000000007,0.000000589
701,localhost,0.000000020,+0.000000011,0.000000105
701,compute-0-0,0.000000000,-0.000000230,0.000000601
701,compute-0-1,0.000000075,-0.000000018,0.000000402
701,compute-0-2,0.000000017,+0.000000101,0.000000325
701,compute-0-3,0.000000127,-0.000000139,0.000000561
702,localhost,0.000000005,-0.000000012,0.000000100
702,compute-0-0,0.000000000,-0.000000424,0.000000585
702,compute-0-1,0.000000058,-0.000000018,0.000000402
702,compute-0-2,0.000000000,+0.000000300,0.000000323
702,compute-0-3,0.000000000,-0.000000195,0.000000535
703,localhost,0.000000001,-0.000000006,0.000000095
703,compute-0-0,0.000000072,+0.000000080,0.000000556
703,compute-0-1,0.000000042,-0.000000018,0.000000402
703,compute-0-2,0.000000000,+0.000000300,0.000000323
703,compute-0-3,0.000000286,-0.000000337,0.000000519
704,localhost,0.000000001,-0.000000006,0.000000095
704,compute-0-0,0.000000031,+0.000000080,0.000000556
704,compute-0-1,0.000000039,+0.000000001,0.000000382
704,compute-0-2,0.000000000,+0.000000300,0.000000323
704,compute-0-3,0.000000097,-0.000000163,0.000000495
705,localhost,0.000000018,-0.000000019,0.000000090
705,compute-0-0,0.000000000,+0.000000080,0.000000556
705,compute-0-1,0.000000038,-0.000000001,0.000000362
705,compute-0-2,0.000000056,+0.000000071,0.000000307
705,compute-0-3,0.000000001,-0.000000510,0.000000497
706,localhost,0.000000023,-0.000000009,0.000000086
706,compute-0-0,0.000000145,-0.000000177,0.000000530
706,compute-0-1,0.000000003,-0.000002585,0.000000887
706,compute-0-2,0.000000041,+0.000000071,0.000000307
706,compute-0-3,0.000000132,-0.000000180,0.000000462
707,localhost,0.000000018,-0.000000009,0.000000086
707,compute-0-0,0.000000058,-0.000000177,0.000000530
707,compute-0-1,0.000000003,-0.000002585,0.000000887
707,compute-0-2,0.000000021,-0.000000005,0.000000291
707,compute-0-3,0.000000001,-0.000000575,0.000000474
708,localhost,0.000000026,-0.000000022,0.000000082
708,compute-0-0,0.000000046,-0.000000021,0.000000503
708,compute-0-1,0.000000116,-0.000000283,0.000000846
708,compute-0-2,0.000000020,-0.000000005,0.000000291
708,compute-0-3,0.000000221,-0.000000262,0.000000455
709,localhost,0.000000019,+0.000000000,0.000000077
709,compute-0-0,0.000000107,-0.000000161,0.000000480
709,compute-0-1,0.000000341,-0.000000460,0.000000816
709,compute-0-2,0.000000065,-0.000000275,0.000000290
709,compute-0-3,0.000000000,-0.000000352,0.000000445
710,localhost,0.000000008,+0.000000007,0.000000073
710,compute-0-0,0.000000008,-0.000000008,0.000000455
710,compute-0-1,0.000000000,-0.000000460,0.000000816
710,compute-0-2,0.000000179,-0.000000218,0.000000283
710,compute-0-3,0.000000000,-0.000000352,0.000000445
711,localhost,0.000000008,+0.000000007,0.000000073
711,compute-0-0,0.000000008,-0.000000008,0.000000455
711,compute-0-1,0.000000122,+0.000000229,0.000000777
711,compute-0-2,0.000000034,-0.000000218,0.000000283
711,compute-0-3,0.000000126,-0.000000312,0.000000437
712,localhost,0.000000007,+0.000000007,0.000000073
712,compute-0-0,0.000000034,+0.000000048,0.000000432
712,compute-0-1,0.000000148,+0.000000147,0.000000739
712,compute-0-2,0.000000069,-0.000000077,0.000000270
712,compute-0-3,0.000000000,-0.000000312,0.000000437
713,localhost,0.000000004,+0.000000011,0.000000070
713,compute-0-0,0.000000026,-0.000000001,0.000000410
713,compute-0-1,0.000000041,+0.000000147,0.000000739
713,compute-0-2,0.000000046,-0.000000077,0.000000270
713,compute-0-3,0.000000043,-0.000000172,0.000000419
714,localhost,0.000000004,+0.000000011,0.000000070
714,compute-0-0,0.000000023,-0.000000001,0.000000410
714,compute-0-1,0.000000000,+0.000000147,0.000000739
714,compute-0-2,0.000000024,-0.000000077,0.000000270
714,compute-0-3,0.000000001,-0.000000777,0.000000467
715,localhost,0.000000007,+0.000000004,0.000000066
715,compute-0-0,0.000000026,-0.000000052,0.000000389
715,compute-0-1,0.000000269,+0.000000316,0.000000708
715,compute-0-2,0.000000055,-0.000000035,0.000000256
715,compute-0-3,0.000000000,-0.000000482,0.000000468
716,localhost,0.000000013,+0.000000007,0.000000063
716,compute-0-0,0.000000001,+0.000000024,0.000000370
716,compute-0-1,0.000000570,+0.000000431,0.000000685
716,compute-0-2,0.000000051,-0.000000035,0.000000256
716,compute-0-3,0.000000110,-0.000000121,0.000000446
717,localhost,0.000000072,+0.000000061,0.000000063
717,compute-0-0,0.000000001,+0.000000024,0.000000370
717,compute-0-1,0.000000080,+0.000000431,0.000000685
717,compute-0-2,0.000000655,-0.000001640,0.000000573
717,compute-0-3,0.000000074,-0.000000121,0.000000446
718,localhost,0.000000038,+0.000000061,0.000000063
718,compute-0-0,0.000000001,+0.000000024,0.000000370
718,compute-0-1,0.000000000,+0.000000431,0.000000685
718,compute-0-2,0.000000001,-0.000001640,0.000000573
718,compute-0-3,0.000000175,-0.000000287,0.000000433
719,localhost,0.000000054,+0.000000052,0.000000062
719,compute-0-0,0.000000000,-0.000000001,0.000000351
719,compute-0-1,0.000001318,+0.000001917,0.000000889
719,compute-0-2,0.000000017,+0.000000018,0.000000543
719,compute-0-3,0.000000001,-0.000001055,0.000000529
720,localhost,0.000000185,+0.000000307,0.000000113
720,compute-0-0,0.000000053,+0.000000057,0.000000333
720,compute-0-1,0.000000001,+0.000001917,0.000000889
720,compute-0-2,0.000000098,-0.000000136,0.000000517
720,compute-0-3,0.000000417,-0.000000435,0.000000521
