sample_id,hostname,instant_offset_sec,last_offset_sec,jitter_sec
1,localhost,0.000058671,+0.000047815,0.002413681
1,compute-0-0,0.000048807,+0.000041458,0.000218002
1,compute-0-1,0.000058576,+0.000043293,0.000106437
1,compute-0-2,0.000000024,+0.000054140,0.000046670
1,compute-0-3,0.000010655,+0.000019458,0.000120234
104,localhost,0.000058433,+0.000047815,0.002413681
104,compute-0-0,0.000042577,+0.000041458,0.000218002
104,compute-0-1,0.000050609,+0.000043293,0.000106437
104,compute-0-2,0.000000024,+0.000054140,0.000046670
104,compute-0-3,0.000062727,+0.000054627,0.000115365
2,localhost,0.000058391,+0.000047815,0.002413681
2,compute-0-0,0.000041480,+0.000041458,0.000218002
2,compute-0-1,0.000049188,+0.000043293,0.000106437
2,compute-0-2,0.000000024,+0.000054140,0.000046670
2,compute-0-3,0.000058621,+0.000054627,0.000115365
105,localhost,0.000058153,+0.000047815,0.002413681
105,compute-0-0,0.000035261,+0.000041458,0.000218002
105,compute-0-1,0.000041227,+0.000043293,0.000106437
105,compute-0-2,0.000042144,+0.000056625,0.000047759
105,compute-0-3,0.000035582,+0.000054627,0.000115365
3,localhost,0.000058111,+0.000047815,0.002413681
3,compute-0-0,0.000110308,+0.000076528,0.000208226
3,compute-0-1,0.000039811,+0.000043293,0.000106437
3,compute-0-2,0.000035741,+0.000056625,0.000047759
3,compute-0-3,0.000031498,+0.000054627,0.000115365
106,localhost,0.000057873,+0.000047815,0.002413681
106,compute-0-0,0.000097031,+0.000076528,0.000208226
106,compute-0-1,0.000031839,+0.000043293,0.000106437
106,compute-0-2,0.000000036,+0.000056625,0.000047759
106,compute-0-3,0.000008418,+0.000054627,0.000115365
4,localhost,0.000057830,+0.000047815,0.002413681
4,compute-0-0,0.000094684,+0.000076528,0.000208226
4,compute-0-1,0.000030432,+0.000043293,0.000106437
4,compute-0-2,0.000000036,+0.000056625,0.000047759
4,compute-0-3,0.000004396,+0.000054627,0.000115365
107,localhost,0.000057592,+0.000047815,0.002413681
107,compute-0-0,0.000081389,+0.000076528,0.000208226
107,compute-0-1,0.000022447,+0.000043293,0.000106437
107,compute-0-2,0.000000036,+0.000056625,0.000047759
107,compute-0-3,0.000000005,+0.000054627,0.000115365
5,localhost,0.000057551,+0.000047815,0.002413681
5,compute-0-0,0.000079068,+0.000076528,0.000208226
5,compute-0-1,0.000021058,+0.000043293,0.000106437
5,compute-0-2,0.000000036,+0.000056625,0.000047759
5,compute-0-3,0.000000005,+0.000054627,0.000115365
108,localhost,0.000057312,+0.000047815,0.002413681
108,compute-0-0,0.000065771,+0.000076528,0.000208226
108,compute-0-1,0.000013074,+0.000043293,0.000106437
108,compute-0-2,0.000000036,+0.000056625,0.000047759
108,compute-0-3,0.000000005,+0.000054627,0.000115365
6,localhost,0.000057270,+0.000047815,0.002413681
6,compute-0-0,0.000063442,+0.000076528,0.000208226
6,compute-0-1,0.000011671,+0.000043293,0.000106437
6,compute-0-2,0.000000036,+0.000056625,0.000047759
6,compute-0-3,0.000000005,+0.000054627,0.000115365
109,localhost,0.000057032,+0.000047815,0.002413681
109,compute-0-0,0.000050144,+0.000076528,0.000208226
109,compute-0-1,0.000038883,+0.000033973,0.000101545
109,compute-0-2,0.000000036,+0.000056625,0.000047759
109,compute-0-3,0.000000005,+0.000054627,0.000115365
7,localhost,0.000056990,+0.000047815,0.002413681
7,compute-0-0,0.000047818,+0.000076528,0.000208226
7,compute-0-1,0.000038121,+0.000033973,0.000101545
7,compute-0-2,0.000000036,+0.000056625,0.000047759
7,compute-0-3,0.000000005,+0.000054627,0.000115365
110,localhost,0.000056752,+0.000047815,0.002413681
110,compute-0-0,0.000034527,+0.000076528,0.000208226
110,compute-0-1,0.000033764,+0.000033973,0.000101545
110,compute-0-2,0.000000036,+0.000056625,0.000047759
110,compute-0-3,0.000005710,+0.000005797,0.000109460
8,localhost,0.000056710,+0.000047815,0.002413681
8,compute-0-0,0.000032200,+0.000076528,0.000208226
8,compute-0-1,0.000033000,+0.000033973,0.000101545
8,compute-0-2,0.000000036,+0.000056625,0.000047759
8,compute-0-3,0.000005678,+0.000005797,0.000109460
111,localhost,0.000056471,+0.000047815,0.002413681
111,compute-0-0,0.000095218,+0.000087924,0.000199487
111,compute-0-1,0.000028637,+0.000033973,0.000101545
111,compute-0-2,0.000012014,+0.000012813,0.000045489
111,compute-0-3,0.000005496,+0.000005797,0.000109460
9,localhost,0.000056430,+0.000047815,0.002413681
9,compute-0-0,0.000085013,+0.000087924,0.000199487
9,compute-0-1,0.000027876,+0.000033973,0.000101545
9,compute-0-2,0.000011852,+0.000012813,0.000045489
9,compute-0-3,0.000005464,+0.000005797,0.000109460
112,localhost,0.000056191,+0.000047815,0.002413681
112,compute-0-0,0.000026608,+0.000087924,0.000199487
112,compute-0-1,0.000023516,+0.000033973,0.000101545
112,compute-0-2,0.000010922,+0.000012813,0.000045489
112,compute-0-3,0.000005281,+0.000005797,0.000109460
10,localhost,0.000056149,+0.000047815,0.002413681
10,compute-0-0,0.000016422,+0.000087924,0.000199487
10,compute-0-1,0.000022753,+0.000033973,0.000101545
10,compute-0-2,0.000010761,+0.000012813,0.000045489
10,compute-0-3,0.000005249,+0.000005797,0.000109460
113,localhost,0.000055910,+0.000047815,0.002413681
113,compute-0-0,0.000000017,+0.000087924,0.000199487
113,compute-0-1,0.000018377,+0.000033973,0.000101545
113,compute-0-2,0.000009827,+0.000012813,0.000045489
113,compute-0-3,0.000005066,+0.000005797,0.000109460
11,localhost,0.000055869,+0.000047815,0.002413681
11,compute-0-0,0.000000017,+0.000087924,0.000199487
11,compute-0-1,0.000017637,+0.000033973,0.000101545
11,compute-0-2,0.000009671,+0.000012813,0.000045489
11,compute-0-3,0.000005036,+0.000005797,0.000109460
114,localhost,0.000335852,+0.000282645,0.002291563
114,compute-0-0,0.000000017,+0.000087924,0.000199487
114,compute-0-1,0.000013242,+0.000033973,0.000101545
114,compute-0-2,0.000008734,+0.000012813,0.000045489
114,compute-0-3,0.000004851,+0.000005797,0.000109460
12,localhost,0.000334631,+0.000282645,0.002291563
12,compute-0-0,0.000000017,+0.000087924,0.000199487
12,compute-0-1,0.000012509,+0.000033973,0.000101545
12,compute-0-2,0.000008578,+0.000012813,0.000045489
12,compute-0-3,0.000004821,+0.000005797,0.000109460
115,localhost,0.000327299,+0.000282645,0.002291563
115,compute-0-0,0.000000017,+0.000087924,0.000199487
115,compute-0-1,0.000116127,+0.000147196,0.000106990
115,compute-0-2,0.000007639,+0.000012813,0.000045489
115,compute-0-3,0.000004637,+0.000005797,0.000109460
13,localhost,0.000326084,+0.000282645,0.002291563
13,compute-0-0,0.000000017,+0.000087924,0.000199487
13,compute-0-1,0.000106696,+0.000147196,0.000106990
13,compute-0-2,0.000007484,+0.000012813,0.000045489
13,compute-0-3,0.000004606,+0.000005797,0.000109460
116,localhost,0.000318752,+0.000282645,0.002291563
116,compute-0-0,0.000000017,+0.000087924,0.000199487
116,compute-0-1,0.000049850,+0.000147196,0.000106990
116,compute-0-2,0.000100895,+0.000095597,0.000052689
116,compute-0-3,0.000108306,+0.000144786,0.000113489
14,localhost,0.000317537,+0.000282645,0.002291563
14,compute-0-0,0.000000017,+0.000087924,0.000199487
14,compute-0-1,0.000040471,+0.000147196,0.000106990
14,compute-0-2,0.000097203,+0.000095597,0.000052689
14,compute-0-3,0.000100504,+0.000144786,0.000113489
117,localhost,0.000310201,+0.000282645,0.002291563
117,compute-0-0,0.000129103,+0.000176926,0.000197347
117,compute-0-1,0.000000040,+0.000147196,0.000106990
117,compute-0-2,0.000074628,+0.000095597,0.000052689
117,compute-0-3,0.000052961,+0.000144786,0.000113489
15,localhost,0.000308995,+0.000282645,0.002291563
15,compute-0-0,0.000116772,+0.000176926,0.000197347
15,compute-0-1,0.000000040,+0.000147196,0.000106990
15,compute-0-2,0.000070939,+0.000095597,0.000052689
15,compute-0-3,0.000045215,+0.000144786,0.000113489
118,localhost,0.000301641,+0.000282645,0.002291563
118,compute-0-0,0.000041637,+0.000176926,0.000197347
118,compute-0-1,0.000000040,+0.000147196,0.000106990
118,compute-0-2,0.000048303,+0.000095597,0.000052689
118,compute-0-3,0.000000046,+0.000144786,0.000113489
16,localhost,0.000300443,+0.000282645,0.002291563
16,compute-0-0,0.000029505,+0.000176926,0.000197347
16,compute-0-1,0.000000040,+0.000147196,0.000106990
16,compute-0-2,0.000044632,+0.000095597,0.000052689
16,compute-0-3,0.000000046,+0.000144786,0.000113489
119,localhost,0.000293070,+0.000282645,0.002291563
119,compute-0-0,0.000000029,+0.000176926,0.000197347
119,compute-0-1,0.000000040,+0.000147196,0.000106990
119,compute-0-2,0.000022079,+0.000095597,0.000052689
119,compute-0-3,0.000000046,+0.000144786,0.000113489
17,localhost,0.000291870,+0.000282645,0.002291563
17,compute-0-0,0.000000029,+0.000176926,0.000197347
17,compute-0-1,0.000000040,+0.000147196,0.000106990
17,compute-0-2,0.000018338,+0.000095597,0.000052689
17,compute-0-3,0.000000046,+0.000144786,0.000113489
120,localhost,0.000284526,+0.000282645,0.002291563
120,compute-0-0,0.000000029,+0.000176926,0.000197347
120,compute-0-1,0.000000040,+0.000147196,0.000106990
120,compute-0-2,0.000000017,+0.000095597,0.000052689
120,compute-0-3,0.000000046,+0.000144786,0.000113489
18,localhost,0.000283315,+0.000282645,0.002291563
18,compute-0-0,0.000000029,+0.000176926,0.000197347
18,compute-0-1,0.000070761,+0.000072720,0.000104072
18,compute-0-2,0.000000017,+0.000095597,0.000052689
18,compute-0-3,0.000000046,+0.000144786,0.000113489
121,localhost,0.000275966,+0.000282645,0.002291563
121,compute-0-0,0.000000029,+0.000176926,0.000197347
121,compute-0-1,0.000053382,+0.000072720,0.000104072
121,compute-0-2,0.000000018,+0.000095597,0.000052689
121,compute-0-3,0.000022216,+0.000022407,0.000107898
19,localhost,0.000274770,+0.000282645,0.002291563
19,compute-0-0,0.000000029,+0.000176926,0.000197347
19,compute-0-1,0.000050573,+0.000072720,0.000104072
19,compute-0-2,0.000000018,+0.000095597,0.000052689
19,compute-0-3,0.000022032,+0.000022407,0.000107898
122,localhost,0.000267409,+0.000282645,0.002291563
122,compute-0-0,0.000000029,+0.000176926,0.000197347
122,compute-0-1,0.000033135,+0.000072720,0.000104072
122,compute-0-2,0.000074504,+0.000087055,0.000057065
122,compute-0-3,0.000020906,+0.000022407,0.000107898
20,localhost,0.000266206,+0.000282645,0.002291563
20,compute-0-0,0.000072839,+0.000072924,0.000188635
20,compute-0-1,0.000030337,+0.000072720,0.000104072
20,compute-0-2,0.000070426,+0.000087055,0.000057065
20,compute-0-3,0.000020725,+0.000022407,0.000107898
123,localhost,0.000258823,+0.000282645,0.002291563
123,compute-0-0,0.000056389,+0.000072924,0.000188635
123,compute-0-1,0.000012883,+0.000072720,0.000104072
123,compute-0-2,0.000044936,+0.000087055,0.000057065
123,compute-0-3,0.000019596,+0.000022407,0.000107898
21,localhost,0.000257637,+0.000282645,0.002291563
21,compute-0-0,0.000053742,+0.000072924,0.000188635
21,compute-0-1,0.000010089,+0.000072720,0.000104072
21,compute-0-2,0.000040842,+0.000087055,0.000057065
21,compute-0-3,0.000019414,+0.000022407,0.000107898
124,localhost,0.000250238,+0.000282645,0.002291563
124,compute-0-0,0.000037244,+0.000072924,0.000188635
124,compute-0-1,0.000000008,+0.000072720,0.000104072
124,compute-0-2,0.000015360,+0.000087055,0.000057065
124,compute-0-3,0.000018286,+0.000022407,0.000107898
22,localhost,0.000249045,+0.000282645,0.002291563
22,compute-0-0,0.000034573,+0.000072924,0.000188635
22,compute-0-1,0.000000008,+0.000072720,0.000104072
22,compute-0-2,0.000011228,+0.000087055,0.000057065
22,compute-0-3,0.000018104,+0.000022407,0.000107898
125,localhost,0.000241647,+0.000282645,0.002291563
125,compute-0-0,0.000018124,+0.000072924,0.000188635
125,compute-0-1,0.000000008,+0.000072720,0.000104072
125,compute-0-2,0.000000011,+0.000087055,0.000057065
125,compute-0-3,0.000016977,+0.000022407,0.000107898
23,localhost,0.000452644,+0.000213456,0.002175015
23,compute-0-0,0.000015425,+0.000072924,0.000188635
23,compute-0-1,0.000000008,+0.000072720,0.000104072
23,compute-0-2,0.000000011,+0.000087055,0.000057065
23,compute-0-3,0.000016795,+0.000022407,0.000107898
126,localhost,0.000436506,+0.000213456,0.002175015
126,compute-0-0,0.000000014,+0.000072924,0.000188635
126,compute-0-1,0.000090649,+0.000101310,0.000103799
126,compute-0-2,0.000000011,+0.000087055,0.000057065
126,compute-0-3,0.000015671,+0.000022407,0.000107898
24,localhost,0.000433895,+0.000213456,0.002175015
24,compute-0-0,0.000000014,+0.000072924,0.000188635
24,compute-0-1,0.000085224,+0.000101310,0.000103799
24,compute-0-2,0.000000011,+0.000087055,0.000057065
24,compute-0-3,0.000015486,+0.000022407,0.000107898
127,localhost,0.000417800,+0.000213456,0.002175015
127,compute-0-0,0.000000014,+0.000072924,0.000188635
127,compute-0-1,0.000052177,+0.000101310,0.000103799
127,compute-0-2,0.000000011,+0.000087055,0.000057065
127,compute-0-3,0.000048885,+0.000037471,0.000103044
25,localhost,0.000415148,+0.000213456,0.002175015
25,compute-0-0,0.000000014,+0.000072924,0.000188635
25,compute-0-1,0.000046794,+0.000101310,0.000103799
25,compute-0-2,0.000000011,+0.000087055,0.000057065
25,compute-0-3,0.000047853,+0.000037471,0.000103044
128,localhost,0.000399036,+0.000213456,0.002175015
128,compute-0-0,0.000100036,+0.000105257,0.000182024
128,compute-0-1,0.000013638,+0.000101310,0.000103799
128,compute-0-2,0.000048869,+0.000059571,0.000057321
128,compute-0-3,0.000041503,+0.000037471,0.000103044
26,localhost,0.000396413,+0.000213456,0.002175015
26,compute-0-0,0.000095568,+0.000105257,0.000182024
26,compute-0-1,0.000008194,+0.000101310,0.000103799
26,compute-0-2,0.000046960,+0.000059571,0.000057321
26,compute-0-3,0.000040437,+0.000037471,0.000103044
129,localhost,0.000380284,+0.000213456,0.002175015
129,compute-0-0,0.000068203,+0.000105257,0.000182024
129,compute-0-1,0.000000008,+0.000101310,0.000103799
129,compute-0-2,0.000035490,+0.000059571,0.000057321
129,compute-0-3,0.000034123,+0.000037471,0.000103044
27,localhost,0.000377572,+0.000213456,0.002175015
27,compute-0-0,0.000063626,+0.000105257,0.000182024
27,compute-0-1,0.000000008,+0.000101310,0.000103799
27,compute-0-2,0.000033547,+0.000059571,0.000057321
27,compute-0-3,0.000033056,+0.000037471,0.000103044
130,localhost,0.000361534,+0.000213456,0.002175015
130,compute-0-0,0.000036339,+0.000105257,0.000182024
130,compute-0-1,0.000000008,+0.000101310,0.000103799
130,compute-0-2,0.000022105,+0.000059571,0.000057321
130,compute-0-3,0.000026723,+0.000037471,0.000103044
28,localhost,0.000358826,+0.000213456,0.002175015
28,compute-0-0,0.000031835,+0.000105257,0.000182024
28,compute-0-1,0.000000008,+0.000101310,0.000103799
28,compute-0-2,0.000020221,+0.000059571,0.000057321
28,compute-0-3,0.000025695,+0.000037471,0.000103044
131,localhost,0.000342736,+0.000213456,0.002175015
131,compute-0-0,0.000004453,+0.000105257,0.000182024
131,compute-0-1,0.000000008,+0.000101310,0.000103799
131,compute-0-2,0.000008719,+0.000059571,0.000057321
131,compute-0-3,0.000019354,+0.000037471,0.000103044
29,localhost,0.000340123,+0.000213456,0.002175015
29,compute-0-0,0.000000057,+0.000105257,0.000182024
29,compute-0-1,0.000000008,+0.000101310,0.000103799
29,compute-0-2,0.000006835,+0.000059571,0.000057321
29,compute-0-3,0.000018301,+0.000037471,0.000103044
132,localhost,0.000324013,+0.000213456,0.002175015
132,compute-0-0,0.000000007,+0.000105257,0.000182024
132,compute-0-1,0.000001828,+0.000001844,0.000098474
132,compute-0-2,0.000000006,+0.000059571,0.000057321
132,compute-0-3,0.000011971,+0.000037471,0.000103044
30,localhost,0.000321338,+0.000213456,0.002175015
30,compute-0-0,0.000000007,+0.000105257,0.000182024
30,compute-0-1,0.000001826,+0.000001844,0.000098474
30,compute-0-2,0.000000006,+0.000059571,0.000057321
30,compute-0-3,0.000041597,-0.000052712,0.000099167
133,localhost,0.000305259,+0.000213456,0.002175015
133,compute-0-0,0.000000007,+0.000105257,0.000182024
133,compute-0-1,0.000001814,+0.000001844,0.000098474
133,compute-0-2,0.000026337,-0.000026707,0.000055031
133,compute-0-3,0.000037746,-0.000052712,0.000099167
31,localhost,0.000302646,+0.000213456,0.002175015
31,compute-0-0,0.000000007,+0.000105257,0.000182024
31,compute-0-1,0.000001812,+0.000001844,0.000098474
31,compute-0-2,0.000025946,-0.000026707,0.000055031
31,compute-0-3,0.000037112,-0.000052712,0.000099167
134,localhost,0.000286528,+0.000213456,0.002175015
134,compute-0-0,0.000103858,+0.000122115,0.000176948
134,compute-0-1,0.000001799,+0.000001844,0.000098474
134,compute-0-2,0.000023574,-0.000026707,0.000055031
134,compute-0-3,0.000033270,-0.000052712,0.000099167
32,localhost,0.000283875,+0.000213456,0.002175015
32,compute-0-0,0.000098632,+0.000122115,0.000176948
32,compute-0-1,0.000001797,+0.000001844,0.000098474
32,compute-0-2,0.000023187,-0.000026707,0.000055031
32,compute-0-3,0.000032626,-0.000052712,0.000099167
135,localhost,0.000267791,+0.000213456,0.002175015
135,compute-0-0,0.000066744,+0.000122115,0.000176948
135,compute-0-1,0.000001785,+0.000001844,0.000098474
135,compute-0-2,0.000020818,-0.000026707,0.000055031
135,compute-0-3,0.000028804,-0.000052712,0.000099167
33,localhost,0.000265097,+0.000213456,0.002175015
33,compute-0-0,0.000061328,+0.000122115,0.000176948
33,compute-0-1,0.000001783,+0.000001844,0.000098474
33,compute-0-2,0.000020408,-0.000026707,0.000055031
33,compute-0-3,0.000028133,-0.000052712,0.000099167
136,localhost,0.000249101,+0.000213456,0.002175015
136,compute-0-0,0.000029577,+0.000122115,0.000176948
136,compute-0-1,0.000001771,+0.000001844,0.000098474
136,compute-0-2,0.000018048,-0.000026707,0.000055031
136,compute-0-3,0.000024317,-0.000052712,0.000099167
34,localhost,0.000246298,+0.000213456,0.002175015
34,compute-0-0,0.000024040,+0.000122115,0.000176948
34,compute-0-1,0.000001769,+0.000001844,0.000098474
34,compute-0-2,0.000017641,-0.000026707,0.000055031
34,compute-0-3,0.000023654,-0.000052712,0.000099167
137,localhost,0.000322614,+0.000085630,0.002063578
137,compute-0-0,0.000000024,+0.000122115,0.000176948
137,compute-0-1,0.000001757,+0.000001844,0.000098474
137,compute-0-2,0.000015283,-0.000026707,0.000055031
137,compute-0-3,0.000019838,-0.000052712,0.000099167
35,localhost,0.000321281,+0.000085630,0.002063578
35,compute-0-0,0.000000024,+0.000122115,0.000176948
35,compute-0-1,0.000001755,+0.000001844,0.000098474
35,compute-0-2,0.000014870,-0.000026707,0.000055031
35,compute-0-3,0.000019170,-0.000052712,0.000099167
138,localhost,0.000313612,+0.000085630,0.002063578
138,compute-0-0,0.000000024,+0.000122115,0.000176948
138,compute-0-1,0.000010574,-0.000012775,0.000093508
138,compute-0-2,0.000012519,-0.000026707,0.000055031
138,compute-0-3,0.000074314,-0.000061008,0.000096036
36,localhost,0.000312270,+0.000085630,0.002063578
36,compute-0-0,0.000000024,+0.000122115,0.000176948
36,compute-0-1,0.000010494,-0.000012775,0.000093508
36,compute-0-2,0.000012104,-0.000026707,0.000055031
36,compute-0-3,0.000072230,-0.000061008,0.000096036
139,localhost,0.000304606,+0.000085630,0.002063578
139,compute-0-0,0.000000024,+0.000122115,0.000176948
139,compute-0-1,0.000010037,-0.000012775,0.000093508
139,compute-0-2,0.000034755,-0.000026333,0.000052867
139,compute-0-3,0.000060377,-0.000061008,0.000096036
37,localhost,0.000303259,+0.000085630,0.002063578
37,compute-0-0,0.000047949,+0.000048226,0.000168559
37,compute-0-1,0.000009958,-0.000012775,0.000093508
37,compute-0-2,0.000033905,-0.000026333,0.000052867
37,compute-0-3,0.000058266,-0.000061008,0.000096036
140,localhost,0.000295605,+0.000085630,0.002063578
140,compute-0-0,0.000039816,+0.000048226,0.000168559
140,compute-0-1,0.000009502,-0.000012775,0.000093508
140,compute-0-2,0.000028999,-0.000026333,0.000052867
140,compute-0-3,0.000046406,-0.000061008,0.000096036
38,localhost,0.000294242,+0.000085630,0.002063578
38,compute-0-0,0.000038368,+0.000048226,0.000168559
38,compute-0-1,0.000009419,-0.000012775,0.000093508
38,compute-0-2,0.000028138,-0.000026333,0.000052867
38,compute-0-3,0.000044315,-0.000061008,0.000096036
141,localhost,0.000286581,+0.000085630,0.002063578
141,compute-0-0,0.000030235,+0.000048226,0.000168559
141,compute-0-1,0.000008963,-0.000012775,0.000093508
141,compute-0-2,0.000023257,-0.000026333,0.000052867
141,compute-0-3,0.000032439,-0.000061008,0.000096036
39,localhost,0.000285232,+0.000085630,0.002063578
39,compute-0-0,0.000028801,+0.000048226,0.000168559
39,compute-0-1,0.000008883,-0.000012775,0.000093508
39,compute-0-2,0.000022404,-0.000026333,0.000052867
39,compute-0-3,0.000030351,-0.000061008,0.000096036
142,localhost,0.000277562,+0.000085630,0.002063578
142,compute-0-0,0.000020650,+0.000048226,0.000168559
142,compute-0-1,0.000008427,-0.000012775,0.000093508
142,compute-0-2,0.000017517,-0.000026333,0.000052867
142,compute-0-3,0.000018520,-0.000061008,0.000096036
40,localhost,0.000276214,+0.000085630,0.002063578
40,compute-0-0,0.000019212,+0.000048226,0.000168559
40,compute-0-1,0.000008346,-0.000012775,0.000093508
40,compute-0-2,0.000016651,-0.000026333,0.000052867
40,compute-0-3,0.000016406,-0.000061008,0.000096036
143,localhost,0.000268571,+0.000085630,0.002063578
143,compute-0-0,0.000011101,+0.000048226,0.000168559
143,compute-0-1,0.000050087,-0.000044287,0.000089809
143,compute-0-2,0.000011770,-0.000026333,0.000052867
143,compute-0-3,0.000004539,-0.000061008,0.000096036
41,localhost,0.000267208,+0.000085630,0.002063578
41,compute-0-0,0.000009668,+0.000048226,0.000168559
41,compute-0-1,0.000048472,-0.000044287,0.000089809
41,compute-0-2,0.000010894,-0.000026333,0.000052867
41,compute-0-3,0.000002418,-0.000061008,0.000096036
144,localhost,0.000259543,+0.000085630,0.002063578
144,compute-0-0,0.000001521,+0.000048226,0.000168559
144,compute-0-1,0.000039468,-0.000044287,0.000089809
144,compute-0-2,0.000006016,-0.000026333,0.000052867
144,compute-0-3,0.000143170,-0.000173285,0.000106318
42,localhost,0.000258173,+0.000085630,0.002063578
42,compute-0-0,0.000000066,+0.000048226,0.000168559
42,compute-0-1,0.000037866,-0.000044287,0.000089809
42,compute-0-2,0.000005142,-0.000026333,0.000052867
42,compute-0-3,0.000134193,-0.000173285,0.000106318
145,localhost,0.000250541,+0.000085630,0.002063578
145,compute-0-0,0.000006486,-0.000006510,0.000159923
145,compute-0-1,0.000028868,-0.000044287,0.000089809
145,compute-0-2,0.000039439,-0.000040906,0.000051795
145,compute-0-3,0.000084541,-0.000173285,0.000106318
43,localhost,0.000249161,+0.000085630,0.002063578
43,compute-0-0,0.000006465,-0.000006510,0.000159923
43,compute-0-1,0.000027272,-0.000044287,0.000089809
43,compute-0-2,0.000038219,-0.000040906,0.000051795
43,compute-0-3,0.000075738,-0.000173285,0.000106318
146,localhost,0.000241522,+0.000085630,0.002063578
146,compute-0-0,0.000006347,-0.000006510,0.000159923
146,compute-0-1,0.000018256,-0.000044287,0.000089809
146,compute-0-2,0.000031332,-0.000040906,0.000051795
146,compute-0-3,0.000025952,-0.000173285,0.000106318
44,localhost,0.000240167,+0.000085630,0.002063578
44,compute-0-0,0.000006326,-0.000006510,0.000159923
44,compute-0-1,0.000016715,-0.000044287,0.000089809
44,compute-0-2,0.000030140,-0.000040906,0.000051795
44,compute-0-3,0.000017361,-0.000173285,0.000106318
147,localhost,0.000232508,+0.000085630,0.002063578
147,compute-0-0,0.000006208,-0.000006510,0.000159923
147,compute-0-1,0.000007674,-0.000044287,0.000089809
147,compute-0-2,0.000023238,-0.000040906,0.000051795
147,compute-0-3,0.000000017,-0.000173285,0.000106318
45,localhost,0.000231188,+0.000085630,0.002063578
45,compute-0-0,0.000006188,-0.000006510,0.000159923
45,compute-0-1,0.000006120,-0.000044287,0.000089809
45,compute-0-2,0.000022045,-0.000040906,0.000051795
45,compute-0-3,0.000000017,-0.000173285,0.000106318
148,localhost,0.000223507,+0.000085630,0.002063578
148,compute-0-0,0.000006069,-0.000006510,0.000159923
148,compute-0-1,0.000000006,-0.000044287,0.000089809
148,compute-0-2,0.000015122,-0.000040906,0.000051795
148,compute-0-3,0.000000017,-0.000173285,0.000106318
46,localhost,0.000222200,+0.000085630,0.002063578
46,compute-0-0,0.000006049,-0.000006510,0.000159923
46,compute-0-1,0.000000006,-0.000044287,0.000089809
46,compute-0-2,0.000013976,-0.000040906,0.000051795
46,compute-0-3,0.000000017,-0.000173285,0.000106318
149,localhost,0.000214467,+0.000085630,0.002063578
149,compute-0-0,0.000005930,-0.000006510,0.000159923
149,compute-0-1,0.000055176,-0.000060632,0.000087331
149,compute-0-2,0.000007016,-0.000040906,0.000051795
149,compute-0-3,0.000000017,-0.000173285,0.000106318
47,localhost,0.000213191,+0.000085630,0.002063578
47,compute-0-0,0.000005910,-0.000006510,0.000159923
47,compute-0-1,0.000053651,-0.000060632,0.000087331
47,compute-0-2,0.000005882,-0.000040906,0.000051795
47,compute-0-3,0.000173616,-0.000174579,0.000114982
150,localhost,0.000205468,+0.000085630,0.002063578
150,compute-0-0,0.000005791,-0.000006510,0.000159923
150,compute-0-1,0.000044406,-0.000060632,0.000087331
150,compute-0-2,0.000093657,-0.000094468,0.000057506
150,compute-0-3,0.000126985,-0.000174579,0.000114982
48,localhost,0.000204200,+0.000085630,0.002063578
48,compute-0-0,0.000005772,-0.000006510,0.000159923
48,compute-0-1,0.000042908,-0.000060632,0.000087331
48,compute-0-2,0.000089183,-0.000094468,0.000057506
48,compute-0-3,0.000119406,-0.000174579,0.000114982
151,localhost,0.000196448,+0.000085630,0.002063578
151,compute-0-0,0.000033913,-0.000030616,0.000152024
151,compute-0-1,0.000033664,-0.000060632,0.000087331
151,compute-0-2,0.000061710,-0.000094468,0.000057506
151,compute-0-3,0.000072900,-0.000174579,0.000114982
49,localhost,0.000195191,+0.000085630,0.002063578
49,compute-0-0,0.000033300,-0.000030616,0.000152024
49,compute-0-1,0.000032124,-0.000060632,0.000087331
49,compute-0-2,0.000057133,-0.000094468,0.000057506
49,compute-0-3,0.000065213,-0.000174579,0.000114982
152,localhost,0.000187461,+0.000085630,0.002063578
152,compute-0-0,0.000029569,-0.000030616,0.000152024
152,compute-0-1,0.000022892,-0.000060632,0.000087331
152,compute-0-2,0.000029670,-0.000094468,0.000057506
152,compute-0-3,0.000018701,-0.000174579,0.000114982
50,localhost,0.000186183,+0.000085630,0.002063578
50,compute-0-0,0.000028959,-0.000030616,0.000152024
50,compute-0-1,0.000021384,-0.000060632,0.000087331
50,compute-0-2,0.000025216,-0.000094468,0.000057506
50,compute-0-3,0.000011127,-0.000174579,0.000114982
153,localhost,0.000178453,+0.000085630,0.002063578
153,compute-0-0,0.000025226,-0.000030616,0.000152024
153,compute-0-1,0.000012147,-0.000060632,0.000087331
153,compute-0-2,0.000000023,-0.000094468,0.000057506
153,compute-0-3,0.000000009,-0.000174579,0.000114982
51,localhost,0.000177194,+0.000085630,0.002063578
51,compute-0-0,0.000024613,-0.000030616,0.000152024
51,compute-0-1,0.000010627,-0.000060632,0.000087331
51,compute-0-2,0.000000023,-0.000094468,0.000057506
51,compute-0-3,0.000000009,-0.000174579,0.000114982
154,localhost,0.000169476,+0.000085630,0.002063578
154,compute-0-0,0.000020895,-0.000030616,0.000152024
154,compute-0-1,0.000001403,-0.000060632,0.000087331
154,compute-0-2,0.000000023,-0.000094468,0.000057506
154,compute-0-3,0.000000008,-0.000174579,0.000114982
52,localhost,0.000168161,+0.000085630,0.002063578
52,compute-0-0,0.000020263,-0.000030616,0.000152024
52,compute-0-1,0.000000001,-0.000060632,0.000087331
52,compute-0-2,0.000000023,-0.000094468,0.000057506
52,compute-0-3,0.000000008,-0.000174579,0.000114982
155,localhost,0.000160457,+0.000085630,0.002063578
155,compute-0-0,0.000016557,-0.000030616,0.000152024
155,compute-0-1,0.000043976,-0.000266737,0.000118232
155,compute-0-2,0.000000023,-0.000094468,0.000057506
155,compute-0-3,0.000107724,-0.000128902,0.000116449
53,localhost,0.000159138,+0.000085630,0.002063578
53,compute-0-0,0.000015910,-0.000030616,0.000152024
53,compute-0-1,0.000003160,-0.000266737,0.000118232
53,compute-0-2,0.000000023,-0.000094468,0.000057506
53,compute-0-3,0.000094676,-0.000128902,0.000116449
156,localhost,0.000151474,+0.000085630,0.002063578
156,compute-0-0,0.000012212,-0.000030616,0.000152024
156,compute-0-1,0.000000004,-0.000266737,0.000118232
156,compute-0-2,0.000038672,-0.000041027,0.000056076
156,compute-0-3,0.000022325,-0.000128902,0.000116449
54,localhost,0.000150098,+0.000085630,0.002063578
54,compute-0-0,0.000060876,-0.000050480,0.000145104
54,compute-0-1,0.000000004,-0.000266737,0.000118232
54,compute-0-2,0.000037575,-0.000041027,0.000056076
54,compute-0-3,0.000009151,-0.000128902,0.000116449
157,localhost,0.000142475,+0.000085630,0.002063578
157,compute-0-0,0.000046754,-0.000050480,0.000145104
157,compute-0-1,0.000000004,-0.000266737,0.000118232
157,compute-0-2,0.000031510,-0.000041027,0.000056076
157,compute-0-3,0.000000005,-0.000128902,0.000116449
55,localhost,0.000141087,+0.000085630,0.002063578
55,compute-0-0,0.000044242,-0.000050480,0.000145104
55,compute-0-1,0.000000004,-0.000266737,0.000118232
55,compute-0-2,0.000030430,-0.000041027,0.000056076
55,compute-0-3,0.000000005,-0.000128902,0.000116449
158,localhost,0.000133455,+0.000085630,0.002063578
158,compute-0-0,0.000030144,-0.000050480,0.000145104
158,compute-0-1,0.000000004,-0.000266737,0.000118232
158,compute-0-2,0.000024376,-0.000041027,0.000056076
158,compute-0-3,0.000000005,-0.000128902,0.000116449
56,localhost,0.000132072,+0.000085630,0.002063578
56,compute-0-0,0.000027611,-0.000050480,0.000145104
56,compute-0-1,0.000000004,-0.000266737,0.000118232
56,compute-0-2,0.000023284,-0.000041027,0.000056076
56,compute-0-3,0.000000005,-0.000128902,0.000116449
159,localhost,0.000599674,+0.000475408,0.001963446
159,compute-0-0,0.000013532,-0.000050480,0.000145104
159,compute-0-1,0.000000004,-0.000266737,0.000118232
159,compute-0-2,0.000017236,-0.000041027,0.000056076
159,compute-0-3,0.000000005,-0.000128902,0.000116449
57,localhost,0.000597675,+0.000475408,0.001963446
57,compute-0-0,0.000010946,-0.000050480,0.000145104
57,compute-0-1,0.000000004,-0.000266737,0.000118232
57,compute-0-2,0.000016136,-0.000041027,0.000056076
57,compute-0-3,0.000000005,-0.000128902,0.000116449
160,localhost,0.000586700,+0.000475408,0.001963446
160,compute-0-0,0.000000011,-0.000050480,0.000145104
160,compute-0-1,0.000055218,-0.000056137,0.000113561
160,compute-0-2,0.000010057,-0.000041027,0.000056076
160,compute-0-3,0.000000005,-0.000128902,0.000116449
58,localhost,0.000584700,+0.000475408,0.001963446
58,compute-0-0,0.000000011,-0.000050480,0.000145104
58,compute-0-1,0.000054239,-0.000056137,0.000113561
58,compute-0-2,0.000009004,-0.000041027,0.000056076
58,compute-0-3,0.000000005,-0.000128902,0.000116449
161,localhost,0.000573613,+0.000475408,0.001963446
161,compute-0-0,0.000000011,-0.000050480,0.000145104
161,compute-0-1,0.000048624,-0.000056137,0.000113561
161,compute-0-2,0.000002875,-0.000041027,0.000056076
161,compute-0-3,0.000172088,+0.000194260,0.000126404
59,localhost,0.000571732,+0.000475408,0.001963446
59,compute-0-0,0.000000011,-0.000050480,0.000145104
59,compute-0-1,0.000047682,-0.000056137,0.000113561
59,compute-0-2,0.000001862,-0.000041027,0.000056076
59,compute-0-3,0.000166375,+0.000194260,0.000126404
162,localhost,0.000560575,+0.000475408,0.001963446
162,compute-0-0,0.000202049,+0.000219029,0.000154100
162,compute-0-1,0.000042042,-0.000056137,0.000113561
162,compute-0-2,0.000145239,+0.000170131,0.000075661
162,compute-0-3,0.000131701,+0.000194260,0.000126404
60,localhost,0.000558734,+0.000475408,0.001963446
60,compute-0-0,0.000192098,+0.000219029,0.000154100
60,compute-0-1,0.000041121,-0.000056137,0.000113561
60,compute-0-2,0.000140122,+0.000170131,0.000075661
60,compute-0-3,0.000126059,+0.000194260,0.000126404
163,localhost,0.000547561,+0.000475408,0.001963446
163,compute-0-0,0.000131206,+0.000219029,0.000154100
163,compute-0-1,0.000035481,-0.000056137,0.000113561
163,compute-0-2,0.000108840,+0.000170131,0.000075661
163,compute-0-3,0.000091409,+0.000194260,0.000126404
61,localhost,0.000545743,+0.000475408,0.001963446
61,compute-0-0,0.000121292,+0.000219029,0.000154100
61,compute-0-1,0.000034564,-0.000056137,0.000113561
61,compute-0-2,0.000103767,+0.000170131,0.000075661
61,compute-0-3,0.000085796,+0.000194260,0.000126404
164,localhost,0.000534578,+0.000475408,0.001963446
164,compute-0-0,0.000060408,+0.000219029,0.000154100
164,compute-0-1,0.000028926,-0.000056137,0.000113561
164,compute-0-2,0.000072444,+0.000170131,0.000075661
164,compute-0-3,0.000051079,+0.000194260,0.000126404
62,localhost,0.000532769,+0.000475408,0.001963446
62,compute-0-0,0.000050656,+0.000219029,0.000154100
62,compute-0-1,0.000028015,-0.000056137,0.000113561
62,compute-0-2,0.000067352,+0.000170131,0.000075661
62,compute-0-3,0.000045452,+0.000194260,0.000126404
165,localhost,0.000521582,+0.000475408,0.001963446
165,compute-0-0,0.000000045,+0.000219029,0.000154100
165,compute-0-1,0.000022361,-0.000056137,0.000113561
165,compute-0-2,0.000036051,+0.000170131,0.000075661
165,compute-0-3,0.000010773,+0.000194260,0.000126404
63,localhost,0.000519769,+0.000475408,0.001963446
63,compute-0-0,0.000000045,+0.000219029,0.000154100
63,compute-0-1,0.000021453,-0.000056137,0.000113561
63,compute-0-2,0.000031029,+0.000170131,0.000075661
63,compute-0-3,0.000005167,+0.000194260,0.000126404
166,localhost,0.000508594,+0.000475408,0.001963446
166,compute-0-0,0.000000045,+0.000219029,0.000154100
166,compute-0-1,0.000195041,+0.000241946,0.000132137
166,compute-0-2,0.000000031,+0.000170131,0.000075661
166,compute-0-3,0.000000003,+0.000194260,0.000126404
64,localhost,0.000506788,+0.000475408,0.001963446
64,compute-0-0,0.000000045,+0.000219029,0.000154100
64,compute-0-1,0.000186180,+0.000241946,0.000132137
64,compute-0-2,0.000000031,+0.000170131,0.000075661
64,compute-0-3,0.000154246,+0.000156457,0.000129723
167,localhost,0.000495642,+0.000475408,0.001963446
167,compute-0-0,0.000000046,+0.000219029,0.000154100
167,compute-0-1,0.000132745,+0.000241946,0.000132137
167,compute-0-2,0.000220789,+0.000222873,0.000100595
167,compute-0-3,0.000130365,+0.000156457,0.000129723
65,localhost,0.000493785,+0.000475408,0.001963446
65,compute-0-0,0.000000046,+0.000219029,0.000154100
65,compute-0-1,0.000124005,+0.000241946,0.000132137
65,compute-0-2,0.000212707,+0.000222873,0.000100595
65,compute-0-3,0.000126520,+0.000156457,0.000129723
168,localhost,0.000482605,+0.000475408,0.001963446
168,compute-0-0,0.000060206,+0.000063719,0.000147575
168,compute-0-1,0.000070334,+0.000241946,0.000132137
168,compute-0-2,0.000162799,+0.000222873,0.000100595
168,compute-0-3,0.000102632,+0.000156457,0.000129723
66,localhost,0.000480804,+0.000475408,0.001963446
66,compute-0-0,0.000059421,+0.000063719,0.000147575
66,compute-0-1,0.000061636,+0.000241946,0.000132137
66,compute-0-2,0.000154698,+0.000222873,0.000100595
66,compute-0-3,0.000098738,+0.000156457,0.000129723
169,localhost,0.000469617,+0.000475408,0.001963446
169,compute-0-0,0.000054485,+0.000063719,0.000147575
169,compute-0-1,0.000007994,+0.000241946,0.000132137
169,compute-0-2,0.000104724,+0.000222873,0.000100595
169,compute-0-3,0.000074889,+0.000156457,0.000129723
67,localhost,0.000467793,+0.000475408,0.001963446
67,compute-0-0,0.000053677,+0.000063719,0.000147575
67,compute-0-1,0.000000006,+0.000241946,0.000132137
67,compute-0-2,0.000096617,+0.000222873,0.000100595
67,compute-0-3,0.000070975,+0.000156457,0.000129723
170,localhost,0.000456625,+0.000475408,0.001963446
170,compute-0-0,0.000048754,+0.000063719,0.000147575
170,compute-0-1,0.000000006,+0.000241946,0.000132137
170,compute-0-2,0.000046802,+0.000222873,0.000100595
170,compute-0-3,0.000047138,+0.000156457,0.000129723
68,localhost,0.000454792,+0.000475408,0.001963446
68,compute-0-0,0.000047949,+0.000063719,0.000147575
68,compute-0-1,0.000000006,+0.000241946,0.000132137
68,compute-0-2,0.000038675,+0.000222873,0.000100595
68,compute-0-3,0.000043257,+0.000156457,0.000129723
171,localhost,0.000443626,+0.000475408,0.001963446
171,compute-0-0,0.000043011,+0.000063719,0.000147575
171,compute-0-1,0.000000006,+0.000241946,0.000132137
171,compute-0-2,0.000000034,+0.000222873,0.000100595
171,compute-0-3,0.000019371,+0.000156457,0.000129723
69,localhost,0.000441811,+0.000475408,0.001963446
69,compute-0-0,0.000042213,+0.000063719,0.000147575
69,compute-0-1,0.000000006,+0.000241946,0.000132137
69,compute-0-2,0.000000034,+0.000222873,0.000100595
69,compute-0-3,0.000015487,+0.000156457,0.000129723
172,localhost,0.000430626,+0.000475408,0.001963446
172,compute-0-0,0.000037290,+0.000063719,0.000147575
172,compute-0-1,0.000028558,+0.000030072,0.000125717
172,compute-0-2,0.000000034,+0.000222873,0.000100595
172,compute-0-3,0.000002234,+0.000002250,0.000123068
70,localhost,0.000428806,+0.000475408,0.001963446
70,compute-0-0,0.000036483,+0.000063719,0.000147575
70,compute-0-1,0.000028306,+0.000030072,0.000125717
70,compute-0-2,0.000000034,+0.000222873,0.000100595
70,compute-0-3,0.000002232,+0.000002250,0.000123068
173,localhost,0.000417658,+0.000475408,0.001963446
173,compute-0-0,0.000031561,+0.000063719,0.000147575
173,compute-0-1,0.000026763,+0.000030072,0.000125717
173,compute-0-2,0.000034127,+0.000034845,0.000096067
173,compute-0-3,0.000002224,+0.000002250,0.000123068
71,localhost,0.000415803,+0.000475408,0.001963446
71,compute-0-0,0.000332415,+0.000305823,0.000170156
71,compute-0-1,0.000026508,+0.000030072,0.000125717
71,compute-0-2,0.000033820,+0.000034845,0.000096067
71,compute-0-3,0.000002223,+0.000002250,0.000123068
174,localhost,0.000404673,+0.000475408,0.001963446
174,compute-0-0,0.000254078,+0.000305823,0.000170156
174,compute-0-1,0.000024963,+0.000030072,0.000125717
174,compute-0-2,0.000031968,+0.000034845,0.000096067
174,compute-0-3,0.000002214,+0.000002250,0.000123068
72,localhost,0.000402802,+0.000475408,0.001963446
72,compute-0-0,0.000241022,+0.000305823,0.000170156
72,compute-0-1,0.000024711,+0.000030072,0.000125717
72,compute-0-2,0.000031664,+0.000034845,0.000096067
72,compute-0-3,0.000002213,+0.000002250,0.000123068
175,localhost,0.000391644,+0.000475408,0.001963446
175,compute-0-0,0.000162541,+0.000305823,0.000170156
175,compute-0-1,0.000023166,+0.000030072,0.000125717
175,compute-0-2,0.000029809,+0.000034845,0.000096067
175,compute-0-3,0.000002205,+0.000002250,0.000123068
73,localhost,0.000389823,+0.000475408,0.001963446
73,compute-0-0,0.000149652,+0.000305823,0.000170156
73,compute-0-1,0.000022915,+0.000030072,0.000125717
73,compute-0-2,0.000029513,+0.000034845,0.000096067
73,compute-0-3,0.000002204,+0.000002250,0.000123068
176,localhost,0.000378613,+0.000475408,0.001963446
176,compute-0-0,0.000071091,+0.000305823,0.000170156
176,compute-0-1,0.000021368,+0.000030072,0.000125717
176,compute-0-2,0.000027654,+0.000034845,0.000096067
176,compute-0-3,0.000002195,+0.000002250,0.000123068
74,localhost,0.000376815,+0.000475408,0.001963446
74,compute-0-0,0.000058441,+0.000305823,0.000170156
74,compute-0-1,0.000021119,+0.000030072,0.000125717
74,compute-0-2,0.000027355,+0.000034845,0.000096067
74,compute-0-3,0.000002194,+0.000002250,0.000123068
177,localhost,0.000365639,+0.000475408,0.001963446
177,compute-0-0,0.000000051,+0.000305823,0.000170156
177,compute-0-1,0.000006086,-0.000013771,0.000119345
177,compute-0-2,0.000025503,+0.000034845,0.000096067
177,compute-0-3,0.000002186,+0.000002250,0.000123068
75,localhost,0.000363838,+0.000475408,0.001963446
75,compute-0-0,0.000000051,+0.000305823,0.000170156
75,compute-0-1,0.000006076,-0.000013771,0.000119345
75,compute-0-2,0.000025199,+0.000034845,0.000096067
75,compute-0-3,0.000002184,+0.000002250,0.000123068
178,localhost,0.000352666,+0.000475408,0.001963446
178,compute-0-0,0.000000051,+0.000305823,0.000170156
178,compute-0-1,0.000006019,-0.000013771,0.000119345
178,compute-0-2,0.000023361,+0.000034845,0.000096067
178,compute-0-3,0.000012201,+0.000010168,0.000116797
76,localhost,0.000350830,+0.000475408,0.001963446
76,compute-0-0,0.000000051,+0.000305823,0.000170156
76,compute-0-1,0.000006010,-0.000013771,0.000119345
76,compute-0-2,0.000023048,+0.000034845,0.000096067
76,compute-0-3,0.000012167,+0.000010168,0.000116797
179,localhost,0.000339745,+0.000475408,0.001963446
179,compute-0-0,0.000018986,+0.000019117,0.000161538
179,compute-0-1,0.000005952,-0.000013771,0.000119345
179,compute-0-2,0.000002956,-0.000025661,0.000091497
179,compute-0-3,0.000011962,+0.000010168,0.000116797
77,localhost,0.000337864,+0.000475408,0.001963446
77,compute-0-0,0.000018947,+0.000019117,0.000161538
77,compute-0-1,0.000005943,-0.000013771,0.000119345
77,compute-0-2,0.000002954,-0.000025661,0.000091497
77,compute-0-3,0.000011928,+0.000010168,0.000116797
180,localhost,0.000326695,+0.000475408,0.001963446
180,compute-0-0,0.000018709,+0.000019117,0.000161538
180,compute-0-1,0.000005885,-0.000013771,0.000119345
180,compute-0-2,0.000002941,-0.000025661,0.000091497
180,compute-0-3,0.000011723,+0.000010168,0.000116797
78,localhost,0.000324866,+0.000475408,0.001963446
78,compute-0-0,0.000018670,+0.000019117,0.000161538
78,compute-0-1,0.000005876,-0.000013771,0.000119345
78,compute-0-2,0.000002938,-0.000025661,0.000091497
78,compute-0-3,0.000011690,+0.000010168,0.000116797
181,localhost,0.000313682,+0.000475408,0.001963446
181,compute-0-0,0.000018432,+0.000019117,0.000161538
181,compute-0-1,0.000005818,-0.000013771,0.000119345
181,compute-0-2,0.000002925,-0.000025661,0.000091497
181,compute-0-3,0.000011485,+0.000010168,0.000116797
79,localhost,0.000311879,+0.000475408,0.001963446
79,compute-0-0,0.000018394,+0.000019117,0.000161538
79,compute-0-1,0.000005809,-0.000013771,0.000119345
79,compute-0-2,0.000002923,-0.000025661,0.000091497
79,compute-0-3,0.000011450,+0.000010168,0.000116797
182,localhost,0.000300700,+0.000475408,0.001963446
182,compute-0-0,0.000018155,+0.000019117,0.000161538
182,compute-0-1,0.000005751,-0.000013771,0.000119345
182,compute-0-2,0.000002910,-0.000025661,0.000091497
182,compute-0-3,0.000011247,+0.000010168,0.000116797
80,localhost,0.000298829,+0.000475408,0.001963446
80,compute-0-0,0.000018116,+0.000019117,0.000161538
80,compute-0-1,0.000005741,-0.000013771,0.000119345
80,compute-0-2,0.000002908,-0.000025661,0.000091497
80,compute-0-3,0.000011210,+0.000010168,0.000116797
183,localhost,0.000287740,+0.000475408,0.001963446
183,compute-0-0,0.000017879,+0.000019117,0.000161538
183,compute-0-1,0.000009233,+0.000003560,0.000113226
183,compute-0-2,0.000002895,-0.000025661,0.000091497
183,compute-0-3,0.000011008,+0.000010168,0.000116797
81,localhost,0.000285741,+0.000475408,0.001963446
81,compute-0-0,0.000017837,+0.000019117,0.000161538
81,compute-0-1,0.000009219,+0.000003560,0.000113226
81,compute-0-2,0.000002893,-0.000025661,0.000091497
81,compute-0-3,0.000169365,-0.000187763,0.000125710
184,localhost,0.000274749,+0.000475408,0.001963446
184,compute-0-0,0.000017602,+0.000019117,0.000161538
184,compute-0-1,0.000009140,+0.000003560,0.000113226
184,compute-0-2,0.000002880,-0.000025661,0.000091497
184,compute-0-3,0.000112520,-0.000187763,0.000125710
82,localhost,0.000272809,+0.000475408,0.001963446
82,compute-0-0,0.000017561,+0.000019117,0.000161538
82,compute-0-1,0.000009126,+0.000003560,0.000113226
82,compute-0-2,0.000108425,-0.000107931,0.000093271
82,compute-0-3,0.000102694,-0.000187763,0.000125710
185,localhost,0.000261787,+0.000475408,0.001963446
185,compute-0-0,0.000028289,+0.000011104,0.000153288
185,compute-0-1,0.000009048,+0.000003560,0.000113226
185,compute-0-2,0.000094776,-0.000107931,0.000093271
185,compute-0-3,0.000045870,-0.000187763,0.000125710
83,localhost,0.000259884,+0.000475408,0.001963446
83,compute-0-0,0.000028216,+0.000011104,0.000153288
83,compute-0-1,0.000009034,+0.000003560,0.000113226
83,compute-0-2,0.000092450,-0.000107931,0.000093271
83,compute-0-3,0.000036256,-0.000187763,0.000125710
186,localhost,0.000248862,+0.000475408,0.001963446
186,compute-0-0,0.000027792,+0.000011104,0.000153288
186,compute-0-1,0.000008956,+0.000003560,0.000113226
186,compute-0-2,0.000078733,-0.000107931,0.000093271
186,compute-0-3,0.000000033,-0.000187763,0.000125710
84,localhost,0.000247001,+0.000475408,0.001963446
84,compute-0-0,0.000027720,+0.000011104,0.000153288
84,compute-0-1,0.000008942,+0.000003560,0.000113226
84,compute-0-2,0.000076438,-0.000107931,0.000093271
84,compute-0-3,0.000000033,-0.000187763,0.000125710
187,localhost,0.000235926,+0.000475408,0.001963446
187,compute-0-0,0.000027294,+0.000011104,0.000153288
187,compute-0-1,0.000008863,+0.000003560,0.000113226
187,compute-0-2,0.000062694,-0.000107931,0.000093271
187,compute-0-3,0.000000033,-0.000187763,0.000125710
85,localhost,0.000234079,+0.000475408,0.001963446
85,compute-0-0,0.000027224,+0.000011104,0.000153288
85,compute-0-1,0.000008850,+0.000003560,0.000113226
85,compute-0-2,0.000060426,-0.000107931,0.000093271
85,compute-0-3,0.000000033,-0.000187763,0.000125710
188,localhost,0.000222986,+0.000475408,0.001963446
188,compute-0-0,0.000026796,+0.000011104,0.000153288
188,compute-0-1,0.000008771,+0.000003560,0.000113226
188,compute-0-2,0.000046659,-0.000107931,0.000093271
188,compute-0-3,0.000000033,-0.000187763,0.000125710
86,localhost,0.000221146,+0.000475408,0.001963446
86,compute-0-0,0.000026726,+0.000011104,0.000153288
86,compute-0-1,0.000008758,+0.000003560,0.000113226
86,compute-0-2,0.000044393,-0.000107931,0.000093271
86,compute-0-3,0.000000033,-0.000187763,0.000125710
189,localhost,0.000210074,+0.000475408,0.001963446
189,compute-0-0,0.000026300,+0.000011104,0.000153288
189,compute-0-1,0.000096115,-0.000113859,0.000113289
189,compute-0-2,0.000030623,-0.000107931,0.000093271
189,compute-0-3,0.000008857,-0.000063775,0.000120952
87,localhost,0.000208231,+0.000475408,0.001963446
87,compute-0-0,0.000026230,+0.000011104,0.000153288
87,compute-0-1,0.000094584,-0.000113859,0.000113289
87,compute-0-2,0.000028374,-0.000107931,0.000093271
87,compute-0-3,0.000000006,-0.000063775,0.000120952
190,localhost,0.000197158,+0.000475408,0.001963446
190,compute-0-0,0.000025804,+0.000011104,0.000153288
190,compute-0-1,0.000085286,-0.000113859,0.000113289
190,compute-0-2,0.000000163,-0.000141343,0.000099133
190,compute-0-3,0.000000006,-0.000063775,0.000120952
88,localhost,0.000195347,+0.000475408,0.001963446
88,compute-0-0,0.000221520,-0.000275146,0.000169464
88,compute-0-1,0.000083756,-0.000113859,0.000113289
88,compute-0-2,0.000000163,-0.000141343,0.000099133
88,compute-0-3,0.000000006,-0.000063775,0.000120952
191,localhost,0.000184283,+0.000475408,0.001963446
191,compute-0-0,0.000000223,-0.000275146,0.000169464
191,compute-0-1,0.000074474,-0.000113859,0.000113289
191,compute-0-2,0.000000162,-0.000141343,0.000099133
191,compute-0-3,0.000000006,-0.000063775,0.000120952
89,localhost,0.000182465,+0.000475408,0.001963446
89,compute-0-0,0.000000223,-0.000275146,0.000169464
89,compute-0-1,0.000072933,-0.000113859,0.000113289
89,compute-0-2,0.000000162,-0.000141343,0.000099133
89,compute-0-3,0.000000006,-0.000063775,0.000120952
192,localhost,0.000171399,+0.000475408,0.001963446
192,compute-0-0,0.000000223,-0.000275146,0.000169464
192,compute-0-1,0.000063646,-0.000113859,0.000113289
192,compute-0-2,0.000000162,-0.000141343,0.000099133
192,compute-0-3,0.000000005,-0.000063775,0.000120952
90,localhost,0.000169560,+0.000475408,0.001963446
90,compute-0-0,0.000000223,-0.000275146,0.000169464
90,compute-0-1,0.000062107,-0.000113859,0.000113289
90,compute-0-2,0.000000162,-0.000141343,0.000099133
90,compute-0-3,0.000000005,-0.000063775,0.000120952
193,localhost,0.000158512,+0.000475408,0.001963446
193,compute-0-0,0.000000222,-0.000275146,0.000169464
193,compute-0-1,0.000052818,-0.000113859,0.000113289
193,compute-0-2,0.000000161,-0.000141343,0.000099133
193,compute-0-3,0.000000005,-0.000063775,0.000120952
91,localhost,0.000156691,+0.000475408,0.001963446
91,compute-0-0,0.000000222,-0.000275146,0.000169464
91,compute-0-1,0.000051295,-0.000113859,0.000113289
91,compute-0-2,0.000000161,-0.000141343,0.000099133
91,compute-0-3,0.000000005,-0.000063775,0.000120952
194,localhost,0.000145614,+0.000475408,0.001963446
194,compute-0-0,0.000000222,-0.000275146,0.000169464
194,compute-0-1,0.000120167,-0.000078574,0.000110311
194,compute-0-2,0.000000160,-0.000141343,0.000099133
194,compute-0-3,0.000000005,-0.000063775,0.000120952
92,localhost,0.000143800,+0.000475408,0.001963446
92,compute-0-0,0.000000222,-0.000275146,0.000169464
92,compute-0-1,0.000118037,-0.000078574,0.000110311
92,compute-0-2,0.000000160,-0.000141343,0.000099133
92,compute-0-3,0.000000005,-0.000063775,0.000120952
195,localhost,0.000132730,+0.000475408,0.001963446
195,compute-0-0,0.000000222,-0.000275146,0.000169464
195,compute-0-1,0.000105035,-0.000078574,0.000110311
195,compute-0-2,0.000000160,-0.000141343,0.000099133
195,compute-0-3,0.000002951,-0.000003289,0.000114750
93,localhost,0.000130935,+0.000475408,0.001963446
93,compute-0-0,0.000000222,-0.000275146,0.000169464
93,compute-0-1,0.000102907,-0.000078574,0.000110311
93,compute-0-2,0.000000159,-0.000141343,0.000099133
93,compute-0-3,0.000002869,-0.000003289,0.000114750
196,localhost,0.000119864,+0.000475408,0.001963446
196,compute-0-0,0.000091704,-0.000096442,0.000163635
196,compute-0-1,0.000089932,-0.000078574,0.000110311
196,compute-0-2,0.000004994,-0.000005407,0.000094061
196,compute-0-3,0.000002377,-0.000003289,0.000114750
94,localhost,0.000118028,+0.000475408,0.001963446
94,compute-0-0,0.000088197,-0.000096442,0.000163635
94,compute-0-1,0.000087790,-0.000078574,0.000110311
94,compute-0-2,0.000004924,-0.000005407,0.000094061
94,compute-0-3,0.000002296,-0.000003289,0.000114750
197,localhost,0.000107000,+0.000475408,0.001963446
197,compute-0-0,0.000066842,-0.000096442,0.000163635
197,compute-0-1,0.000074802,-0.000078574,0.000110311
197,compute-0-2,0.000004496,-0.000005407,0.000094061
197,compute-0-3,0.000001802,-0.000003289,0.000114750
95,localhost,0.000105191,+0.000475408,0.001963446
95,compute-0-0,0.000063358,-0.000096442,0.000163635
95,compute-0-1,0.000072673,-0.000078574,0.000110311
95,compute-0-2,0.000004426,-0.000005407,0.000094061
95,compute-0-3,0.000001721,-0.000003289,0.000114750
198,localhost,0.000094116,+0.000475408,0.001963446
198,compute-0-0,0.000041957,-0.000096442,0.000163635
198,compute-0-1,0.000059671,-0.000078574,0.000110311
198,compute-0-2,0.000003997,-0.000005407,0.000094061
198,compute-0-3,0.000001228,-0.000003289,0.000114750
96,localhost,0.000092314,+0.000475408,0.001963446
96,compute-0-0,0.000038485,-0.000096442,0.000163635
96,compute-0-1,0.000057555,-0.000078574,0.000110311
96,compute-0-2,0.000003927,-0.000005407,0.000094061
96,compute-0-3,0.000001147,-0.000003289,0.000114750
199,localhost,0.000081257,+0.000475408,0.001963446
199,compute-0-0,0.000017105,-0.000096442,0.000163635
199,compute-0-1,0.000044555,-0.000078574,0.000110311
199,compute-0-2,0.000003499,-0.000005407,0.000094061
199,compute-0-3,0.000000653,-0.000003289,0.000114750
97,localhost,0.000079432,+0.000475408,0.001963446
97,compute-0-0,0.000013585,-0.000096442,0.000163635
97,compute-0-1,0.000042410,-0.000078574,0.000110311
97,compute-0-2,0.000003428,-0.000005407,0.000094061
97,compute-0-3,0.000000572,-0.000003289,0.000114750
200,localhost,0.000068377,+0.000475408,0.001963446
200,compute-0-0,0.000000014,-0.000096442,0.000163635
200,compute-0-1,0.000052993,-0.000152340,0.000115206
200,compute-0-2,0.000003000,-0.000005407,0.000094061
200,compute-0-3,0.000000079,-0.000003289,0.000114750
98,localhost,0.000066550,+0.000475408,0.001963446
98,compute-0-0,0.000000014,-0.000096442,0.000163635
98,compute-0-1,0.000007558,-0.000152340,0.000115206
98,compute-0-2,0.000002929,-0.000005407,0.000094061
98,compute-0-3,0.000000178,-0.000000169,0.000108861
201,localhost,0.000055503,+0.000475408,0.001963446
201,compute-0-0,0.000000014,-0.000096442,0.000163635
201,compute-0-1,0.000000009,-0.000152340,0.000115206
201,compute-0-2,0.000002502,-0.000005407,0.000094061
201,compute-0-3,0.000000177,-0.000000169,0.000108861
99,localhost,0.000053648,+0.000475408,0.001963446
99,compute-0-0,0.000000014,-0.000096442,0.000163635
99,compute-0-1,0.000000009,-0.000152340,0.000115206
99,compute-0-2,0.000002430,-0.000005407,0.000094061
99,compute-0-3,0.000000176,-0.000000169,0.000108861
202,localhost,0.000042644,+0.000475408,0.001963446
202,compute-0-0,0.000084478,-0.000162806,0.000163552
202,compute-0-1,0.000000009,-0.000152340,0.000115206
202,compute-0-2,0.000036967,-0.000042550,0.000090243
202,compute-0-3,0.000000175,-0.000000169,0.000108861
100,localhost,0.000040783,+0.000475408,0.001963446
100,compute-0-0,0.000058061,-0.000162806,0.000163552
100,compute-0-1,0.000000009,-0.000152340,0.000115206
100,compute-0-2,0.000035470,-0.000042550,0.000090243
100,compute-0-3,0.000000174,-0.000000169,0.000108861
203,localhost,0.000029760,+0.000475408,0.001963446
203,compute-0-0,0.000000059,-0.000162806,0.000163552
203,compute-0-1,0.000000009,-0.000152340,0.000115206
203,compute-0-2,0.000026538,-0.000042550,0.000090243
203,compute-0-3,0.000000173,-0.000000169,0.000108861
101,localhost,0.000027899,+0.000475408,0.001963446
101,compute-0-0,0.000000059,-0.000162806,0.000163552
101,compute-0-1,0.000000009,-0.000152340,0.000115206
101,compute-0-2,0.000025040,-0.000042550,0.000090243
101,compute-0-3,0.000000172,-0.000000169,0.000108861
204,localhost,0.000016868,+0.000475408,0.001963446
204,compute-0-0,0.000000059,-0.000162806,0.000163552
204,compute-0-1,0.000000009,-0.000152340,0.000115206
204,compute-0-2,0.000016112,-0.000042550,0.000090243
204,compute-0-3,0.000000171,-0.000000169,0.000108861
102,localhost,0.000015020,+0.000475408,0.001963446
102,compute-0-0,0.000000059,-0.000162806,0.000163552
102,compute-0-1,0.000000009,-0.000152340,0.000115206
102,compute-0-2,0.000014611,-0.000042550,0.000090243
102,compute-0-3,0.000000170,-0.000000169,0.000108861
205,localhost,0.000591728,+0.000581900,0.001871756
205,compute-0-0,0.000000059,-0.000162806,0.000163552
205,compute-0-1,0.000000009,-0.000152340,0.000115206
205,compute-0-2,0.000005691,-0.000042550,0.000090243
205,compute-0-3,0.000000169,-0.000000169,0.000108861
103,localhost,0.000590937,+0.000581900,0.001871756
103,compute-0-0,0.000000059,-0.000162806,0.000163552
103,compute-0-1,0.000000009,-0.000152340,0.000115206
103,compute-0-2,0.000004195,-0.000042550,0.000090243
103,compute-0-3,0.000000169,-0.000000169,0.000108861
206,localhost,0.000586200,+0.000581900,0.001871756
206,compute-0-0,0.000000059,-0.000162806,0.000163552
206,compute-0-1,0.000112213,+0.000121898,0.000115892
206,compute-0-2,0.000000004,-0.000042550,0.000090243
206,compute-0-3,0.000252705,+0.000261857,0.000132373
104,localhost,0.000585408,+0.000581900,0.001871756
104,compute-0-0,0.000000059,-0.000162806,0.000163552
104,compute-0-1,0.000110133,+0.000121898,0.000115892
104,compute-0-2,0.000000004,-0.000042550,0.000090243
104,compute-0-3,0.000245070,+0.000261857,0.000132373
207,localhost,0.000580659,+0.000581900,0.001871756
207,compute-0-0,0.000000058,-0.000162806,0.000163552
207,compute-0-1,0.000097554,+0.000121898,0.000115892
207,compute-0-2,0.000177917,+0.000178839,0.000102605
207,compute-0-3,0.000198919,+0.000261857,0.000132373
105,localhost,0.000579874,+0.000581900,0.001871756
105,compute-0-0,0.000000058,-0.000162806,0.000163552
105,compute-0-1,0.000095492,+0.000121898,0.000115892
105,compute-0-2,0.000173722,+0.000178839,0.000102605
105,compute-0-3,0.000191289,+0.000261857,0.000132373
208,localhost,0.000575130,+0.000581900,0.001871756
208,compute-0-0,0.000167205,+0.000187972,0.000166156
208,compute-0-1,0.000082914,+0.000121898,0.000115892
208,compute-0-2,0.000148188,+0.000178839,0.000102605
208,compute-0-3,0.000145033,+0.000261857,0.000132373
106,localhost,0.000574346,+0.000581900,0.001871756
106,compute-0-0,0.000163110,+0.000187972,0.000166156
106,compute-0-1,0.000080845,+0.000121898,0.000115892
106,compute-0-2,0.000143998,+0.000178839,0.000102605
106,compute-0-3,0.000137460,+0.000261857,0.000132373
209,localhost,0.000569589,+0.000581900,0.001871756
209,compute-0-0,0.000138248,+0.000187972,0.000166156
209,compute-0-1,0.000068252,+0.000121898,0.000115892
209,compute-0-2,0.000118447,+0.000178839,0.000102605
209,compute-0-3,0.000091138,+0.000261857,0.000132373
107,localhost,0.000568812,+0.000581900,0.001871756
107,compute-0-0,0.000134192,+0.000187972,0.000166156
107,compute-0-1,0.000066196,+0.000121898,0.000115892
107,compute-0-2,0.000114316,+0.000178839,0.000102605
107,compute-0-3,0.000083651,+0.000261857,0.000132373
210,localhost,0.000564050,+0.000581900,0.001871756
210,compute-0-0,0.000109289,+0.000187972,0.000166156
210,compute-0-1,0.000053587,+0.000121898,0.000115892
210,compute-0-2,0.000088694,+0.000178839,0.000102605
210,compute-0-3,0.000037271,+0.000261857,0.000132373
108,localhost,0.000563280,+0.000581900,0.001871756
108,compute-0-0,0.000105244,+0.000187972,0.000166156
108,compute-0-1,0.000051549,+0.000121898,0.000115892
108,compute-0-2,0.000084606,+0.000178839,0.000102605
108,compute-0-3,0.000029836,+0.000261857,0.000132373
211,localhost,0.000558512,+0.000581900,0.001871756
211,compute-0-0,0.000080325,+0.000187972,0.000166156
211,compute-0-1,0.000038922,+0.000121898,0.000115892
211,compute-0-2,0.000058963,+0.000178839,0.000102605
211,compute-0-3,0.000000028,+0.000261857,0.000132373
109,localhost,0.000557748,+0.000581900,0.001871756
109,compute-0-0,0.000076337,+0.000187972,0.000166156
109,compute-0-1,0.000336441,+0.000307839,0.000146848
109,compute-0-2,0.000054869,+0.000178839,0.000102605
109,compute-0-3,0.000000028,+0.000261857,0.000132373
212,localhost,0.000552973,+0.000581900,0.001871756
212,compute-0-0,0.000051356,+0.000187972,0.000166156
212,compute-0-1,0.000266453,+0.000307839,0.000146848
212,compute-0-2,0.000029207,+0.000178839,0.000102605
212,compute-0-3,0.000227538,+0.000247513,0.000147975
110,localhost,0.000552217,+0.000581900,0.001871756
110,compute-0-0,0.000047397,+0.000187972,0.000166156
110,compute-0-1,0.000255442,+0.000307839,0.000146848
110,compute-0-2,0.000025158,+0.000178839,0.000102605
110,compute-0-3,0.000221009,+0.000247513,0.000147975
213,localhost,0.000547436,+0.000581900,0.001871756
213,compute-0-0,0.000022406,+0.000187972,0.000166156
213,compute-0-1,0.000185381,+0.000307839,0.000146848
213,compute-0-2,0.000156026,+0.000161106,0.000109866
213,compute-0-3,0.000179558,+0.000247513,0.000147975
111,localhost,0.000546683,+0.000581900,0.001871756
111,compute-0-0,0.000249002,+0.000232564,0.000173941
111,compute-0-1,0.000174309,+0.000307839,0.000146848
111,compute-0-2,0.000150124,+0.000161106,0.000109866
111,compute-0-3,0.000173033,+0.000247513,0.000147975
214,localhost,0.000541899,+0.000581900,0.001871756
214,compute-0-0,0.000210733,+0.000232564,0.000173941
214,compute-0-1,0.000104259,+0.000307839,0.000146848
214,compute-0-2,0.000112838,+0.000161106,0.000109866
214,compute-0-3,0.000131658,+0.000247513,0.000147975
112,localhost,0.000541146,+0.000581900,0.001871756
112,compute-0-0,0.000204722,+0.000232564,0.000173941
112,compute-0-1,0.000093185,+0.000307839,0.000146848
112,compute-0-2,0.000106899,+0.000161106,0.000109866
112,compute-0-3,0.000125086,+0.000247513,0.000147975
215,localhost,0.000536370,+0.000581900,0.001871756
215,compute-0-0,0.000166497,+0.000232564,0.000173941
215,compute-0-1,0.000023183,+0.000307839,0.000146848
215,compute-0-2,0.000069612,+0.000161106,0.000109866
215,compute-0-3,0.000083686,+0.000247513,0.000147975
113,localhost,0.000535612,+0.000581900,0.001871756
113,compute-0-0,0.000160458,+0.000232564,0.000173941
113,compute-0-1,0.000012104,+0.000307839,0.000146848
113,compute-0-2,0.000063673,+0.000161106,0.000109866
113,compute-0-3,0.000077123,+0.000247513,0.000147975
216,localhost,0.000530833,+0.000581900,0.001871756
216,compute-0-0,0.000122219,+0.000232564,0.000173941
216,compute-0-1,0.000000012,+0.000307839,0.000146848
216,compute-0-2,0.000026307,+0.000161106,0.000109866
216,compute-0-3,0.000035646,+0.000247513,0.000147975
114,localhost,0.000530076,+0.000581900,0.001871756
114,compute-0-0,0.000116195,+0.000232564,0.000173941
114,compute-0-1,0.000000012,+0.000307839,0.000146848
114,compute-0-2,0.000020466,+0.000161106,0.000109866
114,compute-0-3,0.000029168,+0.000247513,0.000147975
217,localhost,0.000525289,+0.000581900,0.001871756
217,compute-0-0,0.000077900,+0.000232564,0.000173941
217,compute-0-1,0.000278450,+0.000294402,0.000167557
217,compute-0-2,0.000000021,+0.000161106,0.000109866
217,compute-0-3,0.000000026,+0.000247513,0.000147975
115,localhost,0.000524542,+0.000581900,0.001871756
115,compute-0-0,0.000071909,+0.000232564,0.000173941
115,compute-0-1,0.000269839,+0.000294402,0.000167557
115,compute-0-2,0.000000021,+0.000161106,0.000109866
115,compute-0-3,0.000000026,+0.000247513,0.000147975
218,localhost,0.000519735,+0.000581900,0.001871756
218,compute-0-0,0.000033438,+0.000232564,0.000173941
218,compute-0-1,0.000214680,+0.000294402,0.000167557
218,compute-0-2,0.000000021,+0.000161106,0.000109866
218,compute-0-3,0.000134248,+0.000159355,0.000149152
116,localhost,0.000519000,+0.000581900,0.001871756
116,compute-0-0,0.000027585,+0.000232564,0.000173941
116,compute-0-1,0.000206297,+0.000294402,0.000167557
116,compute-0-2,0.000000021,+0.000161106,0.000109866
116,compute-0-3,0.000129813,+0.000159355,0.000149152
219,localhost,0.000514194,+0.000581900,0.001871756
219,compute-0-0,0.000080696,+0.000081743,0.000167028
219,compute-0-1,0.000151165,+0.000294402,0.000167557
219,compute-0-2,0.000021173,+0.000021764,0.000104455
219,compute-0-3,0.000100456,+0.000159355,0.000149152
117,localhost,0.000513468,+0.000581900,0.001871756
117,compute-0-0,0.000079991,+0.000081743,0.000167028
117,compute-0-1,0.000142755,+0.000294402,0.000167557
117,compute-0-2,0.000021052,+0.000021764,0.000104455
117,compute-0-3,0.000095972,+0.000159355,0.000149152
220,localhost,0.000508659,+0.000581900,0.001871756
220,compute-0-0,0.000075361,+0.000081743,0.000167028
220,compute-0-1,0.000087640,+0.000294402,0.000167557
220,compute-0-2,0.000020261,+0.000021764,0.000104455
220,compute-0-3,0.000066669,+0.000159355,0.000149152
118,localhost,0.000507925,+0.000581900,0.001871756
118,compute-0-0,0.000074651,+0.000081743,0.000167028
118,compute-0-1,0.000079234,+0.000294402,0.000167557
118,compute-0-2,0.000020141,+0.000021764,0.000104455
118,compute-0-3,0.000062234,+0.000159355,0.000149152
221,localhost,0.000503123,+0.000581900,0.001871756
221,compute-0-0,0.000070022,+0.000081743,0.000167028
221,compute-0-1,0.000024139,+0.000294402,0.000167557
221,compute-0-2,0.000019350,+0.000021764,0.000104455
221,compute-0-3,0.000032886,+0.000159355,0.000149152
119,localhost,0.000502397,+0.000581900,0.001871756
119,compute-0-0,0.000069320,+0.000081743,0.000167028
119,compute-0-1,0.000015736,+0.000294402,0.000167557
119,compute-0-2,0.000019229,+0.000021764,0.000104455
119,compute-0-3,0.000028426,+0.000159355,0.000149152
222,localhost,0.000497590,+0.000581900,0.001871756
222,compute-0-0,0.000064687,+0.000081743,0.000167028
222,compute-0-1,0.000000016,+0.000294402,0.000167557
222,compute-0-2,0.000018439,+0.000021764,0.000104455
222,compute-0-3,0.000000026,+0.000159355,0.000149152
120,localhost,0.000496859,+0.000581900,0.001871756
120,compute-0-0,0.000063983,+0.000081743,0.000167028
120,compute-0-1,0.000000016,+0.000294402,0.000167557
120,compute-0-2,0.000018318,+0.000021764,0.000104455
120,compute-0-3,0.000000026,+0.000159355,0.000149152
223,localhost,0.000492048,+0.000581900,0.001871756
223,compute-0-0,0.000059346,+0.000081743,0.000167028
223,compute-0-1,0.000185737,+0.000201279,0.000171228
223,compute-0-2,0.000017527,+0.000021764,0.000104455
223,compute-0-3,0.000105618,+0.000106805,0.000145473
121,localhost,0.000491317,+0.000581900,0.001871756
121,compute-0-0,0.000058643,+0.000081743,0.000167028
121,compute-0-1,0.000181833,+0.000201279,0.000171228
121,compute-0-2,0.000017407,+0.000021764,0.000104455
121,compute-0-3,0.000103763,+0.000106805,0.000145473
224,localhost,0.000486519,+0.000581900,0.001871756
224,compute-0-0,0.000054015,+0.000081743,0.000167028
224,compute-0-1,0.000156003,+0.000201279,0.000171228
224,compute-0-2,0.000016616,+0.000021764,0.000104455
224,compute-0-3,0.000091587,+0.000106805,0.000145473
122,localhost,0.000485786,+0.000581900,0.001871756
122,compute-0-0,0.000053312,+0.000081743,0.000167028
122,compute-0-1,0.000152056,+0.000201279,0.000171228
122,compute-0-2,0.000016496,+0.000021764,0.000104455
122,compute-0-3,0.000089758,+0.000106805,0.000145473
225,localhost,0.000480974,+0.000581900,0.001871756
225,compute-0-0,0.000116739,+0.000070365,0.000160011
225,compute-0-1,0.000126218,+0.000201279,0.000171228
225,compute-0-2,0.000029880,-0.000047462,0.000100225
225,compute-0-3,0.000077588,+0.000106805,0.000145473
123,localhost,0.000480252,+0.000581900,0.001871756
123,compute-0-0,0.000115423,+0.000070365,0.000160011
123,compute-0-1,0.000122317,+0.000201279,0.000171228
123,compute-0-2,0.000029716,-0.000047462,0.000100225
123,compute-0-3,0.000075725,+0.000106805,0.000145473
226,localhost,0.000475442,+0.000581900,0.001871756
226,compute-0-0,0.000106729,+0.000070365,0.000160011
226,compute-0-1,0.000096483,+0.000201279,0.000171228
226,compute-0-2,0.000028626,-0.000047462,0.000100225
226,compute-0-3,0.000063569,+0.000106805,0.000145473
124,localhost,0.000474704,+0.000581900,0.001871756
124,compute-0-0,0.000105387,+0.000070365,0.000160011
124,compute-0-1,0.000092518,+0.000201279,0.000171228
124,compute-0-2,0.000028457,-0.000047462,0.000100225
124,compute-0-3,0.000061721,+0.000106805,0.000145473
227,localhost,0.000469900,+0.000581900,0.001871756
227,compute-0-0,0.000096699,+0.000070365,0.000160011
227,compute-0-1,0.000066692,+0.000201279,0.000171228
227,compute-0-2,0.000027367,-0.000047462,0.000100225
227,compute-0-3,0.000049579,+0.000106805,0.000145473
125,localhost,0.000469171,+0.000581900,0.001871756
125,compute-0-0,0.000095375,+0.000070365,0.000160011
125,compute-0-1,0.000062782,+0.000201279,0.000171228
125,compute-0-2,0.000027202,-0.000047462,0.000100225
125,compute-0-3,0.000047720,+0.000106805,0.000145473
228,localhost,0.000464373,+0.000581900,0.001871756
228,compute-0-0,0.000086684,+0.000070365,0.000160011
228,compute-0-1,0.000036977,+0.000201279,0.000171228
228,compute-0-2,0.000026113,-0.000047462,0.000100225
228,compute-0-3,0.000035584,+0.000106805,0.000145473
126,localhost,0.000463639,+0.000581900,0.001871756
126,compute-0-0,0.000085362,+0.000070365,0.000160011
126,compute-0-1,0.000033030,+0.000201279,0.000171228
126,compute-0-2,0.000025946,-0.000047462,0.000100225
126,compute-0-3,0.000033708,+0.000106805,0.000145473
229,localhost,0.000458842,+0.000581900,0.001871756
229,compute-0-0,0.000076672,+0.000070365,0.000160011
229,compute-0-1,0.000064371,-0.000099507,0.000165461
229,compute-0-2,0.000024855,-0.000047462,0.000100225
229,compute-0-3,0.000033576,+0.000007656,0.000138029
127,localhost,0.000458101,+0.000581900,0.001871756
127,compute-0-0,0.000075327,+0.000070365,0.000160011
127,compute-0-1,0.000063955,-0.000099507,0.000165461
127,compute-0-2,0.000024689,-0.000047462,0.000100225
127,compute-0-3,0.000033420,+0.000007656,0.000138029
230,localhost,0.000453307,+0.000581900,0.001871756
230,compute-0-0,0.000066659,+0.000070365,0.000160011
230,compute-0-1,0.000061250,-0.000099507,0.000165461
230,compute-0-2,0.000075967,-0.000052773,0.000096535
230,compute-0-3,0.000032409,+0.000007656,0.000138029
128,localhost,0.000452572,+0.000581900,0.001871756
128,compute-0-0,0.000065328,+0.000070365,0.000160011
128,compute-0-1,0.000060836,-0.000099507,0.000165461
128,compute-0-2,0.000075244,-0.000052773,0.000096535
128,compute-0-3,0.000032254,+0.000007656,0.000138029
231,localhost,0.000447778,+0.000581900,0.001871756
231,compute-0-0,0.000043617,-0.000019762,0.000151928
231,compute-0-1,0.000058127,-0.000099507,0.000165461
231,compute-0-2,0.000070531,-0.000052773,0.000096535
231,compute-0-3,0.000031240,+0.000007656,0.000138029
129,localhost,0.000447043,+0.000581900,0.001871756
129,compute-0-0,0.000043479,-0.000019762,0.000151928
129,compute-0-1,0.000057712,-0.000099507,0.000165461
129,compute-0-2,0.000069811,-0.000052773,0.000096535
129,compute-0-3,0.000031087,+0.000007656,0.000138029
232,localhost,0.000442237,+0.000581900,0.001871756
232,compute-0-0,0.000042578,-0.000019762,0.000151928
232,compute-0-1,0.000054999,-0.000099507,0.000165461
232,compute-0-2,0.000065089,-0.000052773,0.000096535
232,compute-0-3,0.000030073,+0.000007656,0.000138029
130,localhost,0.000441513,+0.000581900,0.001871756
130,compute-0-0,0.000042442,-0.000019762,0.000151928
130,compute-0-1,0.000054590,-0.000099507,0.000165461
130,compute-0-2,0.000064374,-0.000052773,0.000096535
130,compute-0-3,0.000029919,+0.000007656,0.000138029
233,localhost,0.000436701,+0.000581900,0.001871756
233,compute-0-0,0.000041541,-0.000019762,0.000151928
233,compute-0-1,0.000051874,-0.000099507,0.000165461
233,compute-0-2,0.000059653,-0.000052773,0.000096535
233,compute-0-3,0.000028906,+0.000007656,0.000138029
131,localhost,0.000435974,+0.000581900,0.001871756
131,compute-0-0,0.000041404,-0.000019762,0.000151928
131,compute-0-1,0.000051461,-0.000099507,0.000165461
131,compute-0-2,0.000058937,-0.000052773,0.000096535
131,compute-0-3,0.000028752,+0.000007656,0.000138029
234,localhost,0.000431172,+0.000581900,0.001871756
234,compute-0-0,0.000040504,-0.000019762,0.000151928
234,compute-0-1,0.000128199,-0.000308316,0.000184785
234,compute-0-2,0.000054216,-0.000052773,0.000096535
234,compute-0-3,0.000027738,+0.000007656,0.000138029
132,localhost,0.000430440,+0.000581900,0.001871756
132,compute-0-0,0.000040368,-0.000019762,0.000151928
132,compute-0-1,0.000000137,-0.000308316,0.000184785
132,compute-0-2,0.000053502,-0.000052773,0.000096535
132,compute-0-3,0.000027585,+0.000007656,0.000138029
235,localhost,0.000425635,+0.000581900,0.001871756
235,compute-0-0,0.000039467,-0.000019762,0.000151928
235,compute-0-1,0.000000136,-0.000308316,0.000184785
235,compute-0-2,0.000048780,-0.000052773,0.000096535
235,compute-0-3,0.000000057,-0.000084038,0.000133615
133,localhost,0.000424908,+0.000581900,0.001871756
133,compute-0-0,0.000039331,-0.000019762,0.000151928
133,compute-0-1,0.000000136,-0.000308316,0.000184785
133,compute-0-2,0.000048063,-0.000052773,0.000096535
133,compute-0-3,0.000000057,-0.000084038,0.000133615
236,localhost,0.000420099,+0.000581900,0.001871756
236,compute-0-0,0.000391437,-0.000494695,0.000212712
236,compute-0-1,0.000000136,-0.000308316,0.000184785
236,compute-0-2,0.000000264,-0.000214286,0.000113925
236,compute-0-3,0.000000056,-0.000084038,0.000133615
134,localhost,0.000419370,+0.000581900,0.001871756
134,compute-0-0,0.000196162,-0.000494695,0.000212712
134,compute-0-1,0.000000136,-0.000308316,0.000184785
134,compute-0-2,0.000000264,-0.000214286,0.000113925
134,compute-0-3,0.000000056,-0.000084038,0.000133615
237,localhost,0.000414565,+0.000581900,0.001871756
237,compute-0-0,0.000000206,-0.000494695,0.000212712
237,compute-0-1,0.000000136,-0.000308316,0.000184785
237,compute-0-2,0.000000263,-0.000214286,0.000113925
237,compute-0-3,0.000000056,-0.000084038,0.000133615
135,localhost,0.000413837,+0.000581900,0.001871756
135,compute-0-0,0.000000206,-0.000494695,0.000212712
135,compute-0-1,0.000000136,-0.000308316,0.000184785
135,compute-0-2,0.000000263,-0.000214286,0.000113925
135,compute-0-3,0.000000056,-0.000084038,0.000133615
238,localhost,0.000409030,+0.000581900,0.001871756
238,compute-0-0,0.000000205,-0.000494695,0.000212712
238,compute-0-1,0.000000135,-0.000308316,0.000184785
238,compute-0-2,0.000000262,-0.000214286,0.000113925
238,compute-0-3,0.000000056,-0.000084038,0.000133615
136,localhost,0.000408296,+0.000581900,0.001871756
136,compute-0-0,0.000000205,-0.000494695,0.000212712
136,compute-0-1,0.000000135,-0.000308316,0.000184785
136,compute-0-2,0.000000262,-0.000214286,0.000113925
136,compute-0-3,0.000000056,-0.000084038,0.000133615
239,localhost,0.000403493,+0.000581900,0.001871756
239,compute-0-0,0.000000205,-0.000494695,0.000212712
239,compute-0-1,0.000000135,-0.000308316,0.000184785
239,compute-0-2,0.000000261,-0.000214286,0.000113925
239,compute-0-3,0.000000056,-0.000084038,0.000133615
137,localhost,0.000402751,+0.000581900,0.001871756
137,compute-0-0,0.000000205,-0.000494695,0.000212712
137,compute-0-1,0.000000135,-0.000308316,0.000184785
137,compute-0-2,0.000000261,-0.000214286,0.000113925
137,compute-0-3,0.000000055,-0.000084038,0.000133615
240,localhost,0.000397947,+0.000581900,0.001871756
240,compute-0-0,0.000000205,-0.000494695,0.000212712
240,compute-0-1,0.000022913,-0.000025674,0.000175490
240,compute-0-2,0.000000260,-0.000214286,0.000113925
240,compute-0-3,0.000000055,-0.000084038,0.000133615
138,localhost,0.000397205,+0.000581900,0.001871756
138,compute-0-0,0.000000205,-0.000494695,0.000212712
138,compute-0-1,0.000022124,-0.000025674,0.000175490
138,compute-0-2,0.000000260,-0.000214286,0.000113925
138,compute-0-3,0.000000055,-0.000084038,0.000133615
241,localhost,0.000392400,+0.000581900,0.001871756
241,compute-0-0,0.000000204,-0.000494695,0.000212712
241,compute-0-1,0.000017002,-0.000025674,0.000175490
241,compute-0-2,0.000000259,-0.000214286,0.000113925
241,compute-0-3,0.000000560,-0.000000635,0.000126759
139,localhost,0.000391670,+0.000581900,0.001871756
139,compute-0-0,0.000000204,-0.000494695,0.000212712
139,compute-0-1,0.000016226,-0.000025674,0.000175490
139,compute-0-2,0.000000259,-0.000214286,0.000113925
139,compute-0-3,0.000000557,-0.000000635,0.000126759
242,localhost,0.000386863,+0.000581900,0.001871756
242,compute-0-0,0.000017632,-0.000018987,0.000201885
242,compute-0-1,0.000011099,-0.000025674,0.000175490
242,compute-0-2,0.000012465,+0.000014504,0.000108176
242,compute-0-3,0.000000537,-0.000000635,0.000126759
140,localhost,0.000386139,+0.000581900,0.001871756
140,compute-0-0,0.000017188,-0.000018987,0.000201885
140,compute-0-1,0.000010325,-0.000025674,0.000175490
140,compute-0-2,0.000012061,+0.000014504,0.000108176
140,compute-0-3,0.000000534,-0.000000635,0.000126759
243,localhost,0.000381325,+0.000581900,0.001871756
243,compute-0-0,0.000014244,-0.000018987,0.000201885
243,compute-0-1,0.000005192,-0.000025674,0.000175490
243,compute-0-2,0.000009395,+0.000014504,0.000108176
243,compute-0-3,0.000000513,-0.000000635,0.000126759
141,localhost,0.000380600,+0.000581900,0.001871756
141,compute-0-0,0.000013799,-0.000018987,0.000201885
141,compute-0-1,0.000004420,-0.000025674,0.000175490
141,compute-0-2,0.000008993,+0.000014504,0.000108176
141,compute-0-3,0.000000510,-0.000000635,0.000126759
244,localhost,0.000375786,+0.000581900,0.001871756
244,compute-0-0,0.000010854,-0.000018987,0.000201885
244,compute-0-1,0.000000004,-0.000025674,0.000175490
244,compute-0-2,0.000006322,+0.000014504,0.000108176
244,compute-0-3,0.000000490,-0.000000635,0.000126759
142,localhost,0.000375065,+0.000581900,0.001871756
142,compute-0-0,0.000010412,-0.000018987,0.000201885
142,compute-0-1,0.000000004,-0.000025674,0.000175490
142,compute-0-2,0.000005921,+0.000014504,0.000108176
142,compute-0-3,0.000000487,-0.000000635,0.000126759
245,localhost,0.000370249,+0.000581900,0.001871756
245,compute-0-0,0.000007468,-0.000018987,0.000201885
245,compute-0-1,0.000000004,-0.000025674,0.000175490
245,compute-0-2,0.000003256,+0.000014504,0.000108176
245,compute-0-3,0.000000467,-0.000000635,0.000126759
143,localhost,0.000369513,+0.000581900,0.001871756
143,compute-0-0,0.000007015,-0.000018987,0.000201885
143,compute-0-1,0.000000004,-0.000025674,0.000175490
143,compute-0-2,0.000002849,+0.000014504,0.000108176
143,compute-0-3,0.000000464,-0.000000635,0.000126759
246,localhost,0.000364717,+0.000581900,0.001871756
246,compute-0-0,0.000004079,-0.000018987,0.000201885
246,compute-0-1,0.000022668,-0.000025782,0.000166684
246,compute-0-2,0.000000187,+0.000014504,0.000108176
246,compute-0-3,0.000000425,+0.000000873,0.000120254
144,localhost,0.000363979,+0.000581900,0.001871756
144,compute-0-0,0.000003629,-0.000018987,0.000201885
144,compute-0-1,0.000022117,-0.000025782,0.000166684
144,compute-0-2,0.000000000,+0.000014504,0.000108176
144,compute-0-3,0.000000423,+0.000000873,0.000120254
247,localhost,0.000359184,+0.000581900,0.001871756
247,compute-0-0,0.000000693,-0.000018987,0.000201885
247,compute-0-1,0.000018532,-0.000025782,0.000166684
247,compute-0-2,0.000025899,+0.000025985,0.000102953
247,compute-0-3,0.000000410,+0.000000873,0.000120254
145,localhost,0.000358437,+0.000581900,0.001871756
145,compute-0-0,0.000000237,-0.000018987,0.000201885
145,compute-0-1,0.000017979,-0.000025782,0.000166684
145,compute-0-2,0.000024997,+0.000025985,0.000102953
145,compute-0-3,0.000000408,+0.000000873,0.000120254
248,localhost,0.000353637,+0.000581900,0.001871756
248,compute-0-0,0.000015277,-0.000059706,0.000192454
248,compute-0-1,0.000014390,-0.000025782,0.000166684
248,compute-0-2,0.000019093,+0.000025985,0.000102953
248,compute-0-3,0.000000394,+0.000000873,0.000120254
146,localhost,0.000352901,+0.000581900,0.001871756
146,compute-0-0,0.000005676,-0.000059706,0.000192454
146,compute-0-1,0.000013843,-0.000025782,0.000166684
146,compute-0-2,0.000018192,+0.000025985,0.000102953
146,compute-0-3,0.000000392,+0.000000873,0.000120254
249,localhost,0.000348095,+0.000581900,0.001871756
249,compute-0-0,0.000000006,-0.000059706,0.000192454
249,compute-0-1,0.000010260,-0.000025782,0.000166684
249,compute-0-2,0.000012301,+0.000025985,0.000102953
249,compute-0-3,0.000000378,+0.000000873,0.000120254
147,localhost,0.000347364,+0.000581900,0.001871756
147,compute-0-0,0.000000006,-0.000059706,0.000192454
147,compute-0-1,0.000009712,-0.000025782,0.000166684
147,compute-0-2,0.000011399,+0.000025985,0.000102953
147,compute-0-3,0.000000376,+0.000000873,0.000120254
250,localhost,0.000342567,+0.000581900,0.001871756
250,compute-0-0,0.000000006,-0.000059706,0.000192454
250,compute-0-1,0.000006128,-0.000025782,0.000166684
250,compute-0-2,0.000005505,+0.000025985,0.000102953
250,compute-0-3,0.000000362,+0.000000873,0.000120254
148,localhost,0.000341831,+0.000581900,0.001871756
148,compute-0-0,0.000000006,-0.000059706,0.000192454
148,compute-0-1,0.000005574,-0.000025782,0.000166684
148,compute-0-2,0.000004591,+0.000025985,0.000102953
148,compute-0-3,0.000000360,+0.000000873,0.000120254
251,localhost,0.000337032,+0.000581900,0.001871756
251,compute-0-0,0.000000006,-0.000059706,0.000192454
251,compute-0-1,0.000058819,-0.000058883,0.000159223
251,compute-0-2,0.000000005,+0.000025985,0.000102953
251,compute-0-3,0.000000346,+0.000000873,0.000120254
149,localhost,0.000336290,+0.000581900,0.001871756
149,compute-0-0,0.000000006,-0.000059706,0.000192454
149,compute-0-1,0.000054785,-0.000058883,0.000159223
149,compute-0-2,0.000000005,+0.000025985,0.000102953
149,compute-0-3,0.000000344,+0.000000873,0.000120254
252,localhost,0.000331483,+0.000581900,0.001871756
252,compute-0-0,0.000000006,-0.000059706,0.000192454
252,compute-0-1,0.000028524,-0.000058883,0.000159223
252,compute-0-2,0.000000005,+0.000025985,0.000102953
252,compute-0-3,0.000000398,+0.000000067,0.000114083
150,localhost,0.000330745,+0.000581900,0.001871756
150,compute-0-0,0.000000005,-0.000059706,0.000192454
150,compute-0-1,0.000024520,-0.000058883,0.000159223
150,compute-0-2,0.000000005,+0.000025985,0.000102953
150,compute-0-3,0.000000396,+0.000000067,0.000114083
253,localhost,0.000325944,+0.000581900,0.001871756
253,compute-0-0,0.000000005,-0.000059706,0.000192454
253,compute-0-1,0.000000025,-0.000058883,0.000159223
253,compute-0-2,0.000006020,+0.000006137,0.000097690
253,compute-0-3,0.000000383,+0.000000067,0.000114083
151,localhost,0.000325223,+0.000581900,0.001871756
151,compute-0-0,0.000007182,-0.000007188,0.000182592
151,compute-0-1,0.000000025,-0.000058883,0.000159223
151,compute-0-2,0.000005966,+0.000006137,0.000097690
151,compute-0-3,0.000000382,+0.000000067,0.000114083
254,localhost,0.000320413,+0.000581900,0.001871756
254,compute-0-0,0.000006243,-0.000007188,0.000182592
254,compute-0-1,0.000000024,-0.000058883,0.000159223
254,compute-0-2,0.000005609,+0.000006137,0.000097690
254,compute-0-3,0.000000369,+0.000000067,0.000114083
152,localhost,0.000319683,+0.000581900,0.001871756
152,compute-0-0,0.000006099,-0.000007188,0.000182592
152,compute-0-1,0.000000024,-0.000058883,0.000159223
152,compute-0-2,0.000005554,+0.000006137,0.000097690
152,compute-0-3,0.000000367,+0.000000067,0.000114083
255,localhost,0.000314876,+0.000581900,0.001871756
255,compute-0-0,0.000005161,-0.000007188,0.000182592
255,compute-0-1,0.000000024,-0.000058883,0.000159223
255,compute-0-2,0.000005197,+0.000006137,0.000097690
255,compute-0-3,0.000000355,+0.000000067,0.000114083
153,localhost,0.000314139,+0.000581900,0.001871756
153,compute-0-0,0.000005017,-0.000007188,0.000182592
153,compute-0-1,0.000000024,-0.000058883,0.000159223
153,compute-0-2,0.000005143,+0.000006137,0.000097690
153,compute-0-3,0.000000353,+0.000000067,0.000114083
256,localhost,0.000309338,+0.000581900,0.001871756
256,compute-0-0,0.000004079,-0.000007188,0.000182592
256,compute-0-1,0.000000024,-0.000058883,0.000159223
256,compute-0-2,0.000004786,+0.000006137,0.000097690
256,compute-0-3,0.000000340,+0.000000067,0.000114083
154,localhost,0.000308607,+0.000581900,0.001871756
154,compute-0-0,0.000003937,-0.000007188,0.000182592
154,compute-0-1,0.000000024,-0.000058883,0.000159223
154,compute-0-2,0.000004731,+0.000006137,0.000097690
154,compute-0-3,0.000000338,+0.000000067,0.000114083
257,localhost,0.000303806,+0.000581900,0.001871756
257,compute-0-0,0.000002998,-0.000007188,0.000182592
257,compute-0-1,0.000016848,-0.000018282,0.000151163
257,compute-0-2,0.000004374,+0.000006137,0.000097690
257,compute-0-3,0.000000326,+0.000000067,0.000114083
155,localhost,0.000303078,+0.000581900,0.001871756
155,compute-0-0,0.000002857,-0.000007188,0.000182592
155,compute-0-1,0.000016411,-0.000018282,0.000151163
155,compute-0-2,0.000004320,+0.000006137,0.000097690
155,compute-0-3,0.000000324,+0.000000067,0.000114083
258,localhost,0.000298269,+0.000581900,0.001871756
258,compute-0-0,0.000001916,-0.000007188,0.000182592
258,compute-0-1,0.000013524,-0.000018282,0.000151163
258,compute-0-2,0.000003962,+0.000006137,0.000097690
258,compute-0-3,0.000000415,+0.000000106,0.000108229
156,localhost,0.000297532,+0.000581900,0.001871756
156,compute-0-0,0.000001773,-0.000007188,0.000182592
156,compute-0-1,0.000013086,-0.000018282,0.000151163
156,compute-0-2,0.000003908,+0.000006137,0.000097690
156,compute-0-3,0.000000412,+0.000000106,0.000108229
259,localhost,0.000292732,+0.000581900,0.001871756
259,compute-0-0,0.000009054,-0.000008361,0.000173242
259,compute-0-1,0.000010207,-0.000018282,0.000151163
259,compute-0-2,0.000007208,+0.000003823,0.000092684
259,compute-0-3,0.000000396,+0.000000106,0.000108229
157,localhost,0.000291995,+0.000581900,0.001871756
157,compute-0-0,0.000008733,-0.000008361,0.000173242
157,compute-0-1,0.000009763,-0.000018282,0.000151163
157,compute-0-2,0.000007114,+0.000003823,0.000092684
157,compute-0-3,0.000000393,+0.000000106,0.000108229
260,localhost,0.000287201,+0.000581900,0.001871756
260,compute-0-0,0.000006646,-0.000008361,0.000173242
260,compute-0-1,0.000006887,-0.000018282,0.000151163
260,compute-0-2,0.000006505,+0.000003823,0.000092684
260,compute-0-3,0.000000377,+0.000000106,0.000108229
158,localhost,0.000286456,+0.000581900,0.001871756
158,compute-0-0,0.000006322,-0.000008361,0.000173242
158,compute-0-1,0.000006444,-0.000018282,0.000151163
158,compute-0-2,0.000006412,+0.000003823,0.000092684
158,compute-0-3,0.000000374,+0.000000106,0.000108229
261,localhost,0.000281668,+0.000581900,0.001871756
261,compute-0-0,0.000004237,-0.000008361,0.000173242
261,compute-0-1,0.000003572,-0.000018282,0.000151163
261,compute-0-2,0.000005804,+0.000003823,0.000092684
261,compute-0-3,0.000000358,+0.000000106,0.000108229
159,localhost,0.000280927,+0.000581900,0.001871756
159,compute-0-0,0.000003915,-0.000008361,0.000173242
159,compute-0-1,0.000003128,-0.000018282,0.000151163
159,compute-0-2,0.000005710,+0.000003823,0.000092684
159,compute-0-3,0.000000356,+0.000000106,0.000108229
262,localhost,0.000276121,+0.000581900,0.001871756
262,compute-0-0,0.000001820,-0.000008361,0.000173242
262,compute-0-1,0.000000241,-0.000018282,0.000151163
262,compute-0-2,0.000005099,+0.000003823,0.000092684
262,compute-0-3,0.000000339,+0.000000106,0.000108229
160,localhost,0.000275395,+0.000581900,0.001871756
160,compute-0-0,0.000001505,-0.000008361,0.000173242
160,compute-0-1,0.000000000,-0.000018282,0.000151163
160,compute-0-2,0.000005008,+0.000003823,0.000092684
160,compute-0-3,0.000000337,+0.000000106,0.000108229
263,localhost,0.000270583,+0.000581900,0.001871756
263,compute-0-0,0.000000001,-0.000008361,0.000173242
263,compute-0-1,0.000006661,-0.000007414,0.000143425
263,compute-0-2,0.000004397,+0.000003823,0.000092684
263,compute-0-3,0.000000320,+0.000000106,0.000108229
161,localhost,0.000269859,+0.000581900,0.001871756
161,compute-0-0,0.000000001,-0.000008361,0.000173242
161,compute-0-1,0.000006530,-0.000007414,0.000143425
161,compute-0-2,0.000004305,+0.000003823,0.000092684
161,compute-0-3,0.000002247,+0.000001945,0.000102677
264,localhost,0.000265039,+0.000581900,0.001871756
264,compute-0-0,0.000000001,-0.000008361,0.000173242
264,compute-0-1,0.000005651,-0.000007414,0.000143425
264,compute-0-2,0.000003693,+0.000003823,0.000092684
264,compute-0-3,0.000001804,+0.000001945,0.000102677
162,localhost,0.000264330,+0.000581900,0.001871756
162,compute-0-0,0.000000001,-0.000008361,0.000173242
162,compute-0-1,0.000005522,-0.000007414,0.000143425
162,compute-0-2,0.000002748,-0.000006360,0.000087951
162,compute-0-3,0.000001739,+0.000001945,0.000102677
265,localhost,0.000259502,+0.000581900,0.001871756
265,compute-0-0,0.000000886,-0.000000896,0.000164352
265,compute-0-1,0.000004642,-0.000007414,0.000143425
265,compute-0-2,0.000002656,-0.000006360,0.000087951
265,compute-0-3,0.000001297,+0.000001945,0.000102677
163,localhost,0.000258786,+0.000581900,0.001871756
163,compute-0-0,0.000000882,-0.000000896,0.000164352
163,compute-0-1,0.000004511,-0.000007414,0.000143425
163,compute-0-2,0.000002643,-0.000006360,0.000087951
163,compute-0-3,0.000001232,+0.000001945,0.000102677
266,localhost,0.000253969,+0.000581900,0.001871756
266,compute-0-0,0.000000860,-0.000000896,0.000164352
266,compute-0-1,0.000003632,-0.000007414,0.000143425
266,compute-0-2,0.000002551,-0.000006360,0.000087951
266,compute-0-3,0.000000789,+0.000001945,0.000102677
164,localhost,0.000253256,+0.000581900,0.001871756
164,compute-0-0,0.000000857,-0.000000896,0.000164352
164,compute-0-1,0.000003502,-0.000007414,0.000143425
164,compute-0-2,0.000002537,-0.000006360,0.000087951
164,compute-0-3,0.000000724,+0.000001945,0.000102677
267,localhost,0.000248429,+0.000581900,0.001871756
267,compute-0-0,0.000000835,-0.000000896,0.000164352
267,compute-0-1,0.000002622,-0.000007414,0.000143425
267,compute-0-2,0.000002446,-0.000006360,0.000087951
267,compute-0-3,0.000000282,+0.000001945,0.000102677
165,localhost,0.000247716,+0.000581900,0.001871756
165,compute-0-0,0.000000831,-0.000000896,0.000164352
165,compute-0-1,0.000002494,-0.000007414,0.000143425
165,compute-0-2,0.000002432,-0.000006360,0.000087951
165,compute-0-3,0.000000217,+0.000001945,0.000102677
268,localhost,0.000242888,+0.000581900,0.001871756
268,compute-0-0,0.000000809,-0.000000896,0.000164352
268,compute-0-1,0.000001079,+0.000000575,0.000136065
268,compute-0-2,0.000002341,-0.000006360,0.000087951
268,compute-0-3,0.000000000,+0.000001945,0.000102677
166,localhost,0.000242186,+0.000581900,0.001871756
166,compute-0-0,0.000000806,-0.000000896,0.000164352
166,compute-0-1,0.000001076,+0.000000575,0.000136065
166,compute-0-2,0.000002327,-0.000006360,0.000087951
166,compute-0-3,0.000000000,+0.000001945,0.000102677
269,localhost,0.000237357,+0.000581900,0.001871756
269,compute-0-0,0.000000784,-0.000000896,0.000164352
269,compute-0-1,0.000001056,+0.000000575,0.000136065
269,compute-0-2,0.000002236,-0.000006360,0.000087951
269,compute-0-3,0.000009877,+0.000011054,0.000097471
167,localhost,0.000236644,+0.000581900,0.001871756
167,compute-0-0,0.000000780,-0.000000896,0.000164352
167,compute-0-1,0.000001053,+0.000000575,0.000136065
167,compute-0-2,0.000002222,-0.000006360,0.000087951
167,compute-0-3,0.000009164,+0.000011054,0.000097471
270,localhost,0.000231819,+0.000581900,0.001871756
270,compute-0-0,0.000000758,-0.000000896,0.000164352
270,compute-0-1,0.000001033,+0.000000575,0.000136065
270,compute-0-2,0.000023903,-0.000027479,0.000083889
270,compute-0-3,0.000004407,+0.000011054,0.000097471
168,localhost,0.000231098,+0.000581900,0.001871756
168,compute-0-0,0.000000755,-0.000000896,0.000164352
168,compute-0-1,0.000001030,+0.000000575,0.000136065
168,compute-0-2,0.000019621,-0.000027479,0.000083889
168,compute-0-3,0.000003703,+0.000011054,0.000097471
271,localhost,0.000226281,+0.000581900,0.001871756
271,compute-0-0,0.000009088,-0.000010944,0.000155956
271,compute-0-1,0.000001010,+0.000000575,0.000136065
271,compute-0-2,0.000000020,-0.000027479,0.000083889
271,compute-0-3,0.000000004,+0.000011054,0.000097471
169,localhost,0.000225568,+0.000581900,0.001871756
169,compute-0-0,0.000008563,-0.000010944,0.000155956
169,compute-0-1,0.000001007,+0.000000575,0.000136065
169,compute-0-2,0.000000020,-0.000027479,0.000083889
169,compute-0-3,0.000000004,+0.000011054,0.000097471
272,localhost,0.000220725,+0.000581900,0.001871756
272,compute-0-0,0.000004979,-0.000010944,0.000155956
272,compute-0-1,0.000000987,+0.000000575,0.000136065
272,compute-0-2,0.000000020,-0.000027479,0.000083889
272,compute-0-3,0.000000004,+0.000011054,0.000097471
170,localhost,0.000220029,+0.000581900,0.001871756
170,compute-0-0,0.000004468,-0.000010944,0.000155956
170,compute-0-1,0.000000984,+0.000000575,0.000136065
170,compute-0-2,0.000000020,-0.000027479,0.000083889
170,compute-0-3,0.000000004,+0.000011054,0.000097471
273,localhost,0.000215188,+0.000581900,0.001871756
273,compute-0-0,0.000000890,-0.000010944,0.000155956
273,compute-0-1,0.000000964,+0.000000575,0.000136065
273,compute-0-2,0.000000019,-0.000027479,0.000083889
273,compute-0-3,0.000000004,+0.000011054,0.000097471
171,localhost,0.000214493,+0.000581900,0.001871756
171,compute-0-0,0.000000375,-0.000010944,0.000155956
171,compute-0-1,0.000000961,+0.000000575,0.000136065
171,compute-0-2,0.000000019,-0.000027479,0.000083889
171,compute-0-3,0.000000004,+0.000011054,0.000097471
274,localhost,0.000209654,+0.000581900,0.001871756
274,compute-0-0,0.000000000,-0.000010944,0.000155956
274,compute-0-1,0.000004662,-0.000003830,0.000129088
274,compute-0-2,0.000000019,-0.000027479,0.000083889
274,compute-0-3,0.000000004,+0.000011054,0.000097471
172,localhost,0.000208955,+0.000581900,0.001871756
172,compute-0-0,0.000000000,-0.000010944,0.000155956
172,compute-0-1,0.000004615,-0.000003830,0.000129088
172,compute-0-2,0.000000019,-0.000027479,0.000083889
172,compute-0-3,0.000000004,+0.000011054,0.000097471
275,localhost,0.000204106,+0.000581900,0.001871756
275,compute-0-0,0.000000000,-0.000010944,0.000155956
275,compute-0-1,0.000004284,-0.000003830,0.000129088
275,compute-0-2,0.000000019,-0.000027479,0.000083889
275,compute-0-3,0.000000384,+0.000000390,0.000092469
173,localhost,0.000203411,+0.000581900,0.001871756
173,compute-0-0,0.000000000,-0.000010944,0.000155956
173,compute-0-1,0.000004236,-0.000003830,0.000129088
173,compute-0-2,0.000000019,-0.000027479,0.000083889
173,compute-0-3,0.000000383,+0.000000390,0.000092469
276,localhost,0.000198572,+0.000581900,0.001871756
276,compute-0-0,0.000000000,-0.000010944,0.000155956
276,compute-0-1,0.000003905,-0.000003830,0.000129088
276,compute-0-2,0.000002528,-0.000002679,0.000079589
276,compute-0-3,0.000000379,+0.000000390,0.000092469
174,localhost,0.000197874,+0.000581900,0.001871756
174,compute-0-0,0.000004043,-0.000004049,0.000147959
174,compute-0-1,0.000003858,-0.000003830,0.000129088
174,compute-0-2,0.000002492,-0.000002679,0.000079589
174,compute-0-3,0.000000379,+0.000000390,0.000092469
277,localhost,0.000193028,+0.000581900,0.001871756
277,compute-0-0,0.000003542,-0.000004049,0.000147959
277,compute-0-1,0.000003527,-0.000003830,0.000129088
277,compute-0-2,0.000002238,-0.000002679,0.000079589
277,compute-0-3,0.000000375,+0.000000390,0.000092469
175,localhost,0.000192344,+0.000581900,0.001871756
175,compute-0-0,0.000003471,-0.000004049,0.000147959
175,compute-0-1,0.000003481,-0.000003830,0.000129088
175,compute-0-2,0.000002203,-0.000002679,0.000079589
175,compute-0-3,0.000000374,+0.000000390,0.000092469
278,localhost,0.000187488,+0.000581900,0.001871756
278,compute-0-0,0.000002969,-0.000004049,0.000147959
278,compute-0-1,0.000003149,-0.000003830,0.000129088
278,compute-0-2,0.000001949,-0.000002679,0.000079589
278,compute-0-3,0.000000370,+0.000000390,0.000092469
176,localhost,0.000186821,+0.000581900,0.001871756
176,compute-0-0,0.000002901,-0.000004049,0.000147959
176,compute-0-1,0.000003104,-0.000003830,0.000129088
176,compute-0-2,0.000001914,-0.000002679,0.000079589
176,compute-0-3,0.000000370,+0.000000390,0.000092469
279,localhost,0.000181950,+0.000581900,0.001871756
279,compute-0-0,0.000002397,-0.000004049,0.000147959
279,compute-0-1,0.000002771,-0.000003830,0.000129088
279,compute-0-2,0.000001659,-0.000002679,0.000079589
279,compute-0-3,0.000000366,+0.000000390,0.000092469
177,localhost,0.000181285,+0.000581900,0.001871756
177,compute-0-0,0.000002329,-0.000004049,0.000147959
177,compute-0-1,0.000002726,-0.000003830,0.000129088
177,compute-0-2,0.000001624,-0.000002679,0.000079589
177,compute-0-3,0.000000365,+0.000000390,0.000092469
280,localhost,0.000176410,+0.000581900,0.001871756
280,compute-0-0,0.000001826,-0.000004049,0.000147959
280,compute-0-1,0.000001125,+0.000001461,0.000122465
280,compute-0-2,0.000001370,-0.000002679,0.000079589
280,compute-0-3,0.000000361,+0.000000390,0.000092469
178,localhost,0.000175753,+0.000581900,0.001871756
178,compute-0-0,0.000001757,-0.000004049,0.000147959
178,compute-0-1,0.000001123,+0.000001461,0.000122465
178,compute-0-2,0.000001335,-0.000002679,0.000079589
178,compute-0-3,0.000000361,+0.000000390,0.000092469
281,localhost,0.000170878,+0.000581900,0.001871756
281,compute-0-0,0.000001253,-0.000004049,0.000147959
281,compute-0-1,0.000001103,+0.000001461,0.000122465
281,compute-0-2,0.000001080,-0.000002679,0.000079589
281,compute-0-3,0.000000648,+0.000000296,0.000087724
179,localhost,0.000170206,+0.000581900,0.001871756
179,compute-0-0,0.000001184,-0.000004049,0.000147959
179,compute-0-1,0.000001100,+0.000001461,0.000122465
179,compute-0-2,0.000001045,-0.000002679,0.000079589
179,compute-0-3,0.000000647,+0.000000296,0.000087724
282,localhost,0.000165339,+0.000581900,0.001871756
282,compute-0-0,0.000001749,-0.000000983,0.000140366
282,compute-0-1,0.000001080,+0.000001461,0.000122465
282,compute-0-2,0.000002286,+0.000003450,0.000075512
282,compute-0-3,0.000000638,+0.000000296,0.000087724
180,localhost,0.000164670,+0.000581900,0.001871756
180,compute-0-0,0.000001731,-0.000000983,0.000140366
180,compute-0-1,0.000001077,+0.000001461,0.000122465
180,compute-0-2,0.000002263,+0.000003450,0.000075512
180,compute-0-3,0.000000636,+0.000000296,0.000087724
283,localhost,0.000159791,+0.000581900,0.001871756
283,compute-0-0,0.000001605,-0.000000983,0.000140366
283,compute-0-1,0.000001057,+0.000001461,0.000122465
283,compute-0-2,0.000002090,+0.000003450,0.000075512
283,compute-0-3,0.000000627,+0.000000296,0.000087724
181,localhost,0.000159134,+0.000581900,0.001871756
181,compute-0-0,0.000001588,-0.000000983,0.000140366
181,compute-0-1,0.000001054,+0.000001461,0.000122465
181,compute-0-2,0.000002067,+0.000003450,0.000075512
181,compute-0-3,0.000000626,+0.000000296,0.000087724
284,localhost,0.000154252,+0.000581900,0.001871756
284,compute-0-0,0.000001461,-0.000000983,0.000140366
284,compute-0-1,0.000001034,+0.000001461,0.000122465
284,compute-0-2,0.000001894,+0.000003450,0.000075512
284,compute-0-3,0.000000617,+0.000000296,0.000087724
182,localhost,0.000153595,+0.000581900,0.001871756
182,compute-0-0,0.000001444,-0.000000983,0.000140366
182,compute-0-1,0.000001031,+0.000001461,0.000122465
182,compute-0-2,0.000001871,+0.000003450,0.000075512
182,compute-0-3,0.000000616,+0.000000296,0.000087724
285,localhost,0.000148718,+0.000581900,0.001871756
285,compute-0-0,0.000001318,-0.000000983,0.000140366
285,compute-0-1,0.000001011,+0.000001461,0.000122465
285,compute-0-2,0.000001698,+0.000003450,0.000075512
285,compute-0-3,0.000000607,+0.000000296,0.000087724
183,localhost,0.000148058,+0.000581900,0.001871756
183,compute-0-0,0.000001300,-0.000000983,0.000140366
183,compute-0-1,0.000001008,+0.000001461,0.000122465
183,compute-0-2,0.000001675,+0.000003450,0.000075512
183,compute-0-3,0.000000606,+0.000000296,0.000087724
286,localhost,0.000143190,+0.000581900,0.001871756
286,compute-0-0,0.000001174,-0.000000983,0.000140366
286,compute-0-1,0.000000427,+0.000000575,0.000116180
286,compute-0-2,0.000001502,+0.000003450,0.000075512
286,compute-0-3,0.000002015,-0.000002632,0.000083226
184,localhost,0.000142521,+0.000581900,0.001871756
184,compute-0-0,0.000001157,-0.000000983,0.000140366
184,compute-0-1,0.000000427,+0.000000575,0.000116180
184,compute-0-2,0.000001479,+0.000003450,0.000075512
184,compute-0-3,0.000002002,-0.000002632,0.000083226
287,localhost,0.000137654,+0.000581900,0.001871756
287,compute-0-0,0.000001031,-0.000000983,0.000140366
287,compute-0-1,0.000000423,+0.000000575,0.000116180
287,compute-0-2,0.000005179,+0.000003893,0.000071648
287,compute-0-3,0.000001910,-0.000002632,0.000083226
185,localhost,0.000136978,+0.000581900,0.001871756
185,compute-0-0,0.000001013,-0.000000983,0.000140366
185,compute-0-1,0.000000422,+0.000000575,0.000116180
185,compute-0-2,0.000005089,+0.000003893,0.000071648
185,compute-0-3,0.000001897,-0.000002632,0.000083226
288,localhost,0.000132128,+0.000581900,0.001871756
288,compute-0-0,0.000002727,-0.000002012,0.000133165
288,compute-0-1,0.000000418,+0.000000575,0.000116180
288,compute-0-2,0.000004453,+0.000003893,0.000071648
288,compute-0-3,0.000001805,-0.000002632,0.000083226
186,localhost,0.000131438,+0.000581900,0.001871756
186,compute-0-0,0.000002665,-0.000002012,0.000133165
186,compute-0-1,0.000000417,+0.000000575,0.000116180
186,compute-0-2,0.000004363,+0.000003893,0.000071648
186,compute-0-3,0.000001792,-0.000002632,0.000083226
289,localhost,0.000126592,+0.000581900,0.001871756
289,compute-0-0,0.000002227,-0.000002012,0.000133165
289,compute-0-1,0.000000414,+0.000000575,0.000116180
289,compute-0-2,0.000003727,+0.000003893,0.000071648
289,compute-0-3,0.000001701,-0.000002632,0.000083226
187,localhost,0.000125898,+0.000581900,0.001871756
187,compute-0-0,0.000002165,-0.000002012,0.000133165
187,compute-0-1,0.000000413,+0.000000575,0.000116180
187,compute-0-2,0.000003637,+0.000003893,0.000071648
187,compute-0-3,0.000001688,-0.000002632,0.000083226
290,localhost,0.000121057,+0.000581900,0.001871756
290,compute-0-0,0.000001727,-0.000002012,0.000133165
290,compute-0-1,0.000000409,+0.000000575,0.000116180
290,compute-0-2,0.000003001,+0.000003893,0.000071648
290,compute-0-3,0.000001596,-0.000002632,0.000083226
188,localhost,0.000120366,+0.000581900,0.001871756
188,compute-0-0,0.000001665,-0.000002012,0.000133165
188,compute-0-1,0.000000408,+0.000000575,0.000116180
188,compute-0-2,0.000002911,+0.000003893,0.000071648
188,compute-0-3,0.000001583,-0.000002632,0.000083226
291,localhost,0.000115519,+0.000581900,0.001871756
291,compute-0-0,0.000001227,-0.000002012,0.000133165
291,compute-0-1,0.000001732,-0.000001335,0.000110219
291,compute-0-2,0.000002275,+0.000003893,0.000071648
291,compute-0-3,0.000001491,-0.000002632,0.000083226
189,localhost,0.000114834,+0.000581900,0.001871756
189,compute-0-0,0.000001165,-0.000002012,0.000133165
189,compute-0-1,0.000001723,-0.000001335,0.000110219
189,compute-0-2,0.000002185,+0.000003893,0.000071648
189,compute-0-3,0.000001478,-0.000002632,0.000083226
292,localhost,0.000109982,+0.000581900,0.001871756
292,compute-0-0,0.000000727,-0.000002012,0.000133165
292,compute-0-1,0.000001657,-0.000001335,0.000110219
292,compute-0-2,0.000001549,+0.000003893,0.000071648
292,compute-0-3,0.000005760,-0.000004793,0.000078970
190,localhost,0.000109294,+0.000581900,0.001871756
190,compute-0-0,0.000000665,-0.000002012,0.000133165
190,compute-0-1,0.000001647,-0.000001335,0.000110219
190,compute-0-2,0.000001460,+0.000003893,0.000071648
190,compute-0-3,0.000005631,-0.000004793,0.000078970
293,localhost,0.000104449,+0.000581900,0.001871756
293,compute-0-0,0.000000227,-0.000002012,0.000133165
293,compute-0-1,0.000001581,-0.000001335,0.000110219
293,compute-0-2,0.000006497,+0.000005788,0.000067996
293,compute-0-3,0.000004708,-0.000004793,0.000078970
191,localhost,0.000103767,+0.000581900,0.001871756
191,compute-0-0,0.000000166,-0.000002012,0.000133165
191,compute-0-1,0.000001572,-0.000001335,0.000110219
191,compute-0-2,0.000006369,+0.000005788,0.000067996
191,compute-0-3,0.000004580,-0.000004793,0.000078970
294,localhost,0.000098909,+0.000581900,0.001871756
294,compute-0-0,0.000001225,+0.000001428,0.000126332
294,compute-0-1,0.000001505,-0.000001335,0.000110219
294,compute-0-2,0.000005452,+0.000005788,0.000067996
294,compute-0-3,0.000003657,-0.000004793,0.000078970
192,localhost,0.000098234,+0.000581900,0.001871756
192,compute-0-0,0.000001211,+0.000001428,0.000126332
192,compute-0-1,0.000001496,-0.000001335,0.000110219
192,compute-0-2,0.000005324,+0.000005788,0.000067996
192,compute-0-3,0.000003527,-0.000004793,0.000078970
295,localhost,0.000093376,+0.000581900,0.001871756
295,compute-0-0,0.000001111,+0.000001428,0.000126332
295,compute-0-1,0.000001430,-0.000001335,0.000110219
295,compute-0-2,0.000004408,+0.000005788,0.000067996
295,compute-0-3,0.000002607,-0.000004793,0.000078970
193,localhost,0.000092689,+0.000581900,0.001871756
193,compute-0-0,0.000001097,+0.000001428,0.000126332
193,compute-0-1,0.000001420,-0.000001335,0.000110219
193,compute-0-2,0.000004278,+0.000005788,0.000067996
193,compute-0-3,0.000002476,-0.000004793,0.000078970
296,localhost,0.000200539,-0.000292365,0.001778109
296,compute-0-0,0.000000997,+0.000001428,0.000126332
296,compute-0-1,0.000001354,-0.000001335,0.000110219
296,compute-0-2,0.000003362,+0.000005788,0.000067996
296,compute-0-3,0.000001553,-0.000004793,0.000078970
194,localhost,0.000200508,-0.000292365,0.001778109
194,compute-0-0,0.000000983,+0.000001428,0.000126332
194,compute-0-1,0.000001345,-0.000001335,0.000110219
194,compute-0-2,0.000003231,+0.000005788,0.000067996
194,compute-0-3,0.000001425,-0.000004793,0.000078970
297,localhost,0.000200287,-0.000292365,0.001778109
297,compute-0-0,0.000000883,+0.000001428,0.000126332
297,compute-0-1,0.000123785,-0.000132147,0.000112604
297,compute-0-2,0.000002314,+0.000005788,0.000067996
297,compute-0-3,0.000000501,-0.000004793,0.000078970
195,localhost,0.000200257,-0.000292365,0.001778109
195,compute-0-0,0.000000870,+0.000001428,0.000126332
195,compute-0-1,0.000120388,-0.000132147,0.000112604
195,compute-0-2,0.000002187,+0.000005788,0.000067996
195,compute-0-3,0.000000374,-0.000004793,0.000078970
298,localhost,0.000200036,-0.000292365,0.001778109
298,compute-0-0,0.000000770,+0.000001428,0.000126332
298,compute-0-1,0.000095668,-0.000132147,0.000112604
298,compute-0-2,0.000001268,+0.000005788,0.000067996
298,compute-0-3,0.000116128,-0.000138207,0.000086734
196,localhost,0.000200006,-0.000292365,0.001778109
196,compute-0-0,0.000000756,+0.000001428,0.000126332
196,compute-0-1,0.000092260,-0.000132147,0.000112604
196,compute-0-2,0.000001141,+0.000005788,0.000067996
196,compute-0-3,0.000112433,-0.000138207,0.000086734
299,localhost,0.000199785,-0.000292365,0.001778109
299,compute-0-0,0.000217802,-0.000227260,0.000139744
299,compute-0-1,0.000067519,-0.000132147,0.000112604
299,compute-0-2,0.000070178,-0.000076962,0.000068945
299,compute-0-3,0.000085266,-0.000138207,0.000086734
197,localhost,0.000199755,-0.000292365,0.001778109
197,compute-0-0,0.000206863,-0.000227260,0.000139744
197,compute-0-1,0.000064164,-0.000132147,0.000112604
197,compute-0-2,0.000069013,-0.000076962,0.000068945
197,compute-0-3,0.000081582,-0.000138207,0.000086734
300,localhost,0.000199534,-0.000292365,0.001778109
300,compute-0-0,0.000126099,-0.000227260,0.000139744
300,compute-0-1,0.000039396,-0.000132147,0.000112604
300,compute-0-2,0.000060401,-0.000076962,0.000068945
300,compute-0-3,0.000054328,-0.000138207,0.000086734
198,localhost,0.000199504,-0.000292365,0.001778109
198,compute-0-0,0.000115164,-0.000227260,0.000139744
198,compute-0-1,0.000036055,-0.000132147,0.000112604
198,compute-0-2,0.000059246,-0.000076962,0.000068945
198,compute-0-3,0.000050700,-0.000138207,0.000086734
301,localhost,0.000199283,-0.000292365,0.001778109
301,compute-0-0,0.000034255,-0.000227260,0.000139744
301,compute-0-1,0.000011227,-0.000132147,0.000112604
301,compute-0-2,0.000050620,-0.000076962,0.000068945
301,compute-0-3,0.000023477,-0.000138207,0.000086734
199,localhost,0.000199253,-0.000292365,0.001778109
199,compute-0-0,0.000023543,-0.000227260,0.000139744
199,compute-0-1,0.000007947,-0.000132147,0.000112604
199,compute-0-2,0.000049476,-0.000076962,0.000068945
199,compute-0-3,0.000019849,-0.000138207,0.000086734
302,localhost,0.000199032,-0.000292365,0.001778109
302,compute-0-0,0.000000024,-0.000227260,0.000139744
302,compute-0-1,0.000000008,-0.000132147,0.000112604
302,compute-0-2,0.000040853,-0.000076962,0.000068945
302,compute-0-3,0.000000018,-0.000138207,0.000086734
200,localhost,0.000199002,-0.000292365,0.001778109
200,compute-0-0,0.000000024,-0.000227260,0.000139744
200,compute-0-1,0.000000008,-0.000132147,0.000112604
200,compute-0-2,0.000039698,-0.000076962,0.000068945
200,compute-0-3,0.000000018,-0.000138207,0.000086734
303,localhost,0.000198780,-0.000292365,0.001778109
303,compute-0-0,0.000000024,-0.000227260,0.000139744
303,compute-0-1,0.000117222,-0.000136394,0.000115204
303,compute-0-2,0.000031087,-0.000076962,0.000068945
303,compute-0-3,0.000122428,-0.000124119,0.000091165
201,localhost,0.000198751,-0.000292365,0.001778109
201,compute-0-0,0.000000024,-0.000227260,0.000139744
201,compute-0-1,0.000113415,-0.000136394,0.000115204
201,compute-0-2,0.000029932,-0.000076962,0.000068945
201,compute-0-3,0.000119314,-0.000124119,0.000091165
304,localhost,0.000198530,-0.000292365,0.001778109
304,compute-0-0,0.000000024,-0.000227260,0.000139744
304,compute-0-1,0.000084873,-0.000136394,0.000115204
304,compute-0-2,0.000021305,-0.000076962,0.000068945
304,compute-0-3,0.000096238,-0.000124119,0.000091165
202,localhost,0.000198500,-0.000292365,0.001778109
202,compute-0-0,0.000000024,-0.000227260,0.000139744
202,compute-0-1,0.000081048,-0.000136394,0.000115204
202,compute-0-2,0.000174427,-0.000154346,0.000081611
202,compute-0-3,0.000093193,-0.000124119,0.000091165
305,localhost,0.000198278,-0.000292365,0.001778109
305,compute-0-0,0.000080579,-0.000086125,0.000135342
305,compute-0-1,0.000052486,-0.000136394,0.000115204
305,compute-0-2,0.000122201,-0.000154346,0.000081611
305,compute-0-3,0.000070117,-0.000124119,0.000091165
203,localhost,0.000198249,-0.000292365,0.001778109
203,compute-0-0,0.000079068,-0.000086125,0.000135342
203,compute-0-1,0.000048715,-0.000136394,0.000115204
203,compute-0-2,0.000115379,-0.000154346,0.000081611
203,compute-0-3,0.000067094,-0.000124119,0.000091165
306,localhost,0.000198027,-0.000292365,0.001778109
306,compute-0-0,0.000067746,-0.000086125,0.000135342
306,compute-0-1,0.000020161,-0.000136394,0.000115204
306,compute-0-2,0.000063171,-0.000154346,0.000081611
306,compute-0-3,0.000043984,-0.000124119,0.000091165
204,localhost,0.000197998,-0.000292365,0.001778109
204,compute-0-0,0.000066263,-0.000086125,0.000135342
204,compute-0-1,0.000016401,-0.000136394,0.000115204
204,compute-0-2,0.000056358,-0.000154346,0.000081611
204,compute-0-3,0.000041015,-0.000124119,0.000091165
307,localhost,0.000197776,-0.000292365,0.001778109
307,compute-0-0,0.000054922,-0.000086125,0.000135342
307,compute-0-1,0.000000016,-0.000136394,0.000115204
307,compute-0-2,0.000004075,-0.000154346,0.000081611
205,localhost,0.000197747,-0.000292365,0.001778109
307,compute-0-3,0.000017835,-0.000124119,0.000091165
205,compute-0-0,0.000053469,-0.000086125,0.000135342
205,compute-0-1,0.000000016,-0.000136394,0.000115204
205,compute-0-2,0.000000004,-0.000154346,0.000081611
205,compute-0-3,0.000014889,-0.000124119,0.000091165
308,localhost,0.000197524,-0.000292365,0.001778109
308,compute-0-0,0.000042088,-0.000086125,0.000135342
308,compute-0-1,0.000000016,-0.000136394,0.000115204
308,compute-0-2,0.000000004,-0.000154346,0.000081611
206,localhost,0.000197496,-0.000292365,0.001778109
308,compute-0-3,0.000000013,-0.000124119,0.000091165
206,compute-0-0,0.000040643,-0.000086125,0.000135342
206,compute-0-1,0.000048055,-0.000048245,0.000110352
206,compute-0-2,0.000000004,-0.000154346,0.000081611
206,compute-0-3,0.000000013,-0.000124119,0.000091165
309,localhost,0.000197273,-0.000292365,0.001778109
309,compute-0-0,0.000029259,-0.000086125,0.000135342
309,compute-0-1,0.000042601,-0.000048245,0.000110352
309,compute-0-2,0.000000004,-0.000154346,0.000081611
207,localhost,0.000197245,-0.000292365,0.001778109
309,compute-0-3,0.000045989,-0.000048338,0.000087827
207,compute-0-0,0.000027812,-0.000086125,0.000135342
207,compute-0-1,0.000041904,-0.000048245,0.000110352
207,compute-0-2,0.000000004,-0.000154346,0.000081611
207,compute-0-3,0.000045230,-0.000048338,0.000087827
310,localhost,0.000197022,-0.000292365,0.001778109
310,compute-0-0,0.000016450,-0.000086125,0.000135342
310,compute-0-1,0.000036456,-0.000048245,0.000110352
310,compute-0-2,0.000072172,-0.000074924,0.000080967
208,localhost,0.000196994,-0.000292365,0.001778109
310,compute-0-3,0.000039303,-0.000048338,0.000087827
208,compute-0-0,0.000014995,-0.000086125,0.000135342
208,compute-0-1,0.000035753,-0.000048245,0.000110352
208,compute-0-2,0.000070632,-0.000074924,0.000080967
208,compute-0-3,0.000038539,-0.000048338,0.000087827
311,localhost,0.000196771,-0.000292365,0.001778109
311,compute-0-0,0.000069811,-0.000063360,0.000129950
311,compute-0-1,0.000030302,-0.000048245,0.000110352
311,compute-0-2,0.000058735,-0.000074924,0.000080967
311,compute-0-3,0.000032625,-0.000048338,0.000087827
209,localhost,0.000196743,-0.000292365,0.001778109
209,compute-0-0,0.000068778,-0.000063360,0.000129950
209,compute-0-1,0.000029601,-0.000048245,0.000110352
209,compute-0-2,0.000057194,-0.000074924,0.000080967
209,compute-0-3,0.000031853,-0.000048338,0.000087827
312,localhost,0.000196520,-0.000292365,0.001778109
312,compute-0-0,0.000060776,-0.000063360,0.000129950
312,compute-0-1,0.000024157,-0.000048245,0.000110352
312,compute-0-2,0.000045314,-0.000074924,0.000080967
210,localhost,0.000196491,-0.000292365,0.001778109
312,compute-0-3,0.000025925,-0.000048338,0.000087827
210,compute-0-0,0.000059734,-0.000063360,0.000129950
210,compute-0-1,0.000023447,-0.000048245,0.000110352
210,compute-0-2,0.000043752,-0.000074924,0.000080967
210,compute-0-3,0.000025155,-0.000048338,0.000087827
313,localhost,0.000196269,-0.000292365,0.001778109
313,compute-0-0,0.000051721,-0.000063360,0.000129950
313,compute-0-1,0.000017996,-0.000048245,0.000110352
313,compute-0-2,0.000031854,-0.000074924,0.000080967
313,compute-0-3,0.000019239,-0.000048338,0.000087827
211,localhost,0.000196240,-0.000292365,0.001778109
211,compute-0-0,0.000050679,-0.000063360,0.000129950
211,compute-0-1,0.000017289,-0.000048245,0.000110352
211,compute-0-2,0.000030310,-0.000074924,0.000080967
211,compute-0-3,0.000018470,-0.000048338,0.000087827
314,localhost,0.000196018,-0.000292365,0.001778109
314,compute-0-0,0.000042674,-0.000063360,0.000129950
314,compute-0-1,0.000041095,-0.000029000,0.000105090
314,compute-0-2,0.000018421,-0.000074924,0.000080967
212,localhost,0.000195989,-0.000292365,0.001778109
314,compute-0-3,0.000012550,-0.000048338,0.000087827
212,compute-0-0,0.000041637,-0.000063360,0.000129950
212,compute-0-1,0.000040555,-0.000029000,0.000105090
212,compute-0-2,0.000016884,-0.000074924,0.000080967
212,compute-0-3,0.000011782,-0.000048338,0.000087827
315,localhost,0.000195767,-0.000292365,0.001778109
315,compute-0-0,0.000033629,-0.000063360,0.000129950
315,compute-0-1,0.000036366,-0.000029000,0.000105090
315,compute-0-2,0.000004981,-0.000074924,0.000080967
213,localhost,0.000195738,-0.000292365,0.001778109
315,compute-0-3,0.000043586,-0.000037120,0.000084143
213,compute-0-0,0.000032593,-0.000063360,0.000129950
213,compute-0-1,0.000035821,-0.000029000,0.000105090
213,compute-0-2,0.000003440,-0.000074924,0.000080967
213,compute-0-3,0.000042923,-0.000037120,0.000084143
316,localhost,0.000195515,-0.000292365,0.001778109
316,compute-0-0,0.000050514,-0.000025542,0.000123546
316,compute-0-1,0.000031636,-0.000029000,0.000105090
316,compute-0-2,0.000046868,-0.000048722,0.000078342
316,compute-0-3,0.000037849,-0.000037120,0.000084143
214,localhost,0.000195486,-0.000292365,0.001778109
214,compute-0-0,0.000050161,-0.000025542,0.000123546
214,compute-0-1,0.000031087,-0.000029000,0.000105090
214,compute-0-2,0.000046402,-0.000048722,0.000078342
214,compute-0-3,0.000037186,-0.000037120,0.000084143
317,localhost,0.000195264,-0.000292365,0.001778109
317,compute-0-0,0.000047462,-0.000025542,0.000123546
317,compute-0-1,0.000026904,-0.000029000,0.000105090
317,compute-0-2,0.000042856,-0.000048722,0.000078342
317,compute-0-3,0.000032111,-0.000037120,0.000084143
215,localhost,0.000195235,-0.000292365,0.001778109
215,compute-0-0,0.000047112,-0.000025542,0.000123546
215,compute-0-1,0.000026366,-0.000029000,0.000105090
215,compute-0-2,0.000042396,-0.000048722,0.000078342
215,compute-0-3,0.000031449,-0.000037120,0.000084143
318,localhost,0.000195013,-0.000292365,0.001778109
318,compute-0-0,0.000044410,-0.000025542,0.000123546
318,compute-0-1,0.000022180,-0.000029000,0.000105090
318,compute-0-2,0.000038849,-0.000048722,0.000078342
318,compute-0-3,0.000026379,-0.000037120,0.000084143
216,localhost,0.000194984,-0.000292365,0.001778109
216,compute-0-0,0.000044059,-0.000025542,0.000123546
216,compute-0-1,0.000021638,-0.000029000,0.000105090
216,compute-0-2,0.000038387,-0.000048722,0.000078342
216,compute-0-3,0.000025709,-0.000037120,0.000084143
319,localhost,0.000194762,-0.000292365,0.001778109
319,compute-0-0,0.000041361,-0.000025542,0.000123546
319,compute-0-1,0.000017452,-0.000029000,0.000105090
319,compute-0-2,0.000034841,-0.000048722,0.000078342
319,compute-0-3,0.000020653,-0.000037120,0.000084143
217,localhost,0.000194732,-0.000292365,0.001778109
217,compute-0-0,0.000040994,-0.000025542,0.000123546
217,compute-0-1,0.000016888,-0.000029000,0.000105090
217,compute-0-2,0.000034363,-0.000048722,0.000078342
217,compute-0-3,0.000019966,-0.000037120,0.000084143
320,localhost,0.000194511,-0.000292365,0.001778109
320,compute-0-0,0.000038314,-0.000025542,0.000123546
320,compute-0-1,0.000013453,+0.000028905,0.000100115
320,compute-0-2,0.000030838,-0.000048722,0.000078342
320,compute-0-3,0.000014914,-0.000037120,0.000084143
218,localhost,0.000194481,-0.000292365,0.001778109
218,compute-0-0,0.000037951,-0.000025542,0.000123546
218,compute-0-1,0.000013391,+0.000028905,0.000100115
218,compute-0-2,0.000030361,-0.000048722,0.000078342
218,compute-0-3,0.000052804,+0.000067133,0.000082599
321,localhost,0.000194260,-0.000292365,0.001778109
321,compute-0-0,0.000035263,-0.000025542,0.000123546
321,compute-0-1,0.000012929,+0.000028905,0.000100115
321,compute-0-2,0.000026830,-0.000048722,0.000078342
321,compute-0-3,0.000046949,+0.000067133,0.000082599
219,localhost,0.000194231,-0.000292365,0.001778109
219,compute-0-0,0.000034901,-0.000025542,0.000123546
219,compute-0-1,0.000012867,+0.000028905,0.000100115
219,compute-0-2,0.000026355,-0.000048722,0.000078342
219,compute-0-3,0.000046173,+0.000067133,0.000082599
322,localhost,0.000194009,-0.000292365,0.001778109
322,compute-0-0,0.000019510,+0.000013582,0.000117285
322,compute-0-1,0.000012404,+0.000028905,0.000100115
322,compute-0-2,0.000022580,+0.000049130,0.000075928
322,compute-0-3,0.000040317,+0.000067133,0.000082599
220,localhost,0.000193980,-0.000292365,0.001778109
220,compute-0-0,0.000019466,+0.000013582,0.000117285
220,compute-0-1,0.000012343,+0.000028905,0.000100115
220,compute-0-2,0.000022494,+0.000049130,0.000075928
220,compute-0-3,0.000039545,+0.000067133,0.000082599
323,localhost,0.000193758,-0.000292365,0.001778109
323,compute-0-0,0.000019130,+0.000013582,0.000117285
323,compute-0-1,0.000011880,+0.000028905,0.000100115
323,compute-0-2,0.000021838,+0.000049130,0.000075928
323,compute-0-3,0.000033675,+0.000067133,0.000082599
221,localhost,0.000193729,-0.000292365,0.001778109
221,compute-0-0,0.000019086,+0.000013582,0.000117285
221,compute-0-1,0.000011820,+0.000028905,0.000100115
221,compute-0-2,0.000021753,+0.000049130,0.000075928
221,compute-0-3,0.000032907,+0.000067133,0.000082599
324,localhost,0.000193507,-0.000292365,0.001778109
324,compute-0-0,0.000018749,+0.000013582,0.000117285
324,compute-0-1,0.000011355,+0.000028905,0.000100115
324,compute-0-2,0.000021095,+0.000049130,0.000075928
324,compute-0-3,0.000027038,+0.000067133,0.000082599
222,localhost,0.000193478,-0.000292365,0.001778109
222,compute-0-0,0.000018705,+0.000013582,0.000117285
222,compute-0-1,0.000011295,+0.000028905,0.000100115
222,compute-0-2,0.000021010,+0.000049130,0.000075928
222,compute-0-3,0.000026262,+0.000067133,0.000082599
325,localhost,0.000193256,-0.000292365,0.001778109
325,compute-0-0,0.000018368,+0.000013582,0.000117285
325,compute-0-1,0.000010831,+0.000028905,0.000100115
325,compute-0-2,0.000020354,+0.000049130,0.000075928
325,compute-0-3,0.000020405,+0.000067133,0.000082599
223,localhost,0.000193226,-0.000292365,0.001778109
223,compute-0-0,0.000018324,+0.000013582,0.000117285
223,compute-0-1,0.000010770,+0.000028905,0.000100115
223,compute-0-2,0.000020267,+0.000049130,0.000075928
223,compute-0-3,0.000019626,+0.000067133,0.000082599
326,localhost,0.000193005,-0.000292365,0.001778109
326,compute-0-0,0.000017988,+0.000013582,0.000117285
326,compute-0-1,0.000026519,+0.000042881,0.000095941
326,compute-0-2,0.000019611,+0.000049130,0.000075928
326,compute-0-3,0.000000077,+0.000071932,0.000081595
224,localhost,0.000192975,-0.000292365,0.001778109
224,compute-0-0,0.000017943,+0.000013582,0.000117285
224,compute-0-1,0.000022489,+0.000042881,0.000095941
224,compute-0-2,0.000019525,+0.000049130,0.000075928
224,compute-0-3,0.000000077,+0.000071932,0.000081595
327,localhost,0.000192754,-0.000292365,0.001778109
327,compute-0-0,0.000017608,+0.000013582,0.000117285
327,compute-0-1,0.000000022,+0.000042881,0.000095941
327,compute-0-2,0.000097590,+0.000091932,0.000077677
327,compute-0-3,0.000000076,+0.000071932,0.000081595
225,localhost,0.000192724,-0.000292365,0.001778109
225,compute-0-0,0.000017563,+0.000013582,0.000117285
225,compute-0-1,0.000000022,+0.000042881,0.000095941
225,compute-0-2,0.000077674,+0.000091932,0.000077677
225,compute-0-3,0.000000076,+0.000071932,0.000081595
328,localhost,0.000192503,-0.000292365,0.001778109
328,compute-0-0,0.000017848,+0.000087008,0.000114618
328,compute-0-1,0.000000022,+0.000042881,0.000095941
328,compute-0-2,0.000000078,+0.000091932,0.000077677
328,compute-0-3,0.000000075,+0.000071932,0.000081595
226,localhost,0.000192473,-0.000292365,0.001778109
226,compute-0-0,0.000007603,+0.000087008,0.000114618
226,compute-0-1,0.000000022,+0.000042881,0.000095941
226,compute-0-2,0.000000078,+0.000091932,0.000077677
226,compute-0-3,0.000000075,+0.000071932,0.000081595
329,localhost,0.000192251,-0.000292365,0.001778109
329,compute-0-0,0.000000008,+0.000087008,0.000114618
329,compute-0-1,0.000000023,+0.000042881,0.000095941
329,compute-0-2,0.000000078,+0.000091932,0.000077677
329,compute-0-3,0.000000074,+0.000071932,0.000081595
227,localhost,0.000192222,-0.000292365,0.001778109
227,compute-0-0,0.000000008,+0.000087008,0.000114618
227,compute-0-1,0.000000023,+0.000042881,0.000095941
227,compute-0-2,0.000000078,+0.000091932,0.000077677
227,compute-0-3,0.000000074,+0.000071932,0.000081595
330,localhost,0.000192001,-0.000292365,0.001778109
330,compute-0-0,0.000000008,+0.000087008,0.000114618
330,compute-0-1,0.000000023,+0.000042881,0.000095941
330,compute-0-2,0.000000078,+0.000091932,0.000077677
330,compute-0-3,0.000000074,+0.000071932,0.000081595
228,localhost,0.000191971,-0.000292365,0.001778109
228,compute-0-0,0.000000008,+0.000087008,0.000114618
228,compute-0-1,0.000000023,+0.000042881,0.000095941
228,compute-0-2,0.000000078,+0.000091932,0.000077677
228,compute-0-3,0.000000074,+0.000071932,0.000081595
331,localhost,0.000191749,-0.000292365,0.001778109
331,compute-0-0,0.000000008,+0.000087008,0.000114618
331,compute-0-1,0.000000303,+0.000000326,0.000091018
331,compute-0-2,0.000000078,+0.000091932,0.000077677
331,compute-0-3,0.000000073,+0.000071932,0.000081595
229,localhost,0.000191720,-0.000292365,0.001778109
229,compute-0-0,0.000000008,+0.000087008,0.000114618
229,compute-0-1,0.000000303,+0.000000326,0.000091018
229,compute-0-2,0.000000078,+0.000091932,0.000077677
229,compute-0-3,0.000000073,+0.000071932,0.000081595
332,localhost,0.000191499,-0.000292365,0.001778109
332,compute-0-0,0.000000009,+0.000087008,0.000114618
332,compute-0-1,0.000000302,+0.000000326,0.000091018
332,compute-0-2,0.000000078,+0.000091932,0.000077677
332,compute-0-3,0.000001645,-0.000001769,0.000077410
230,localhost,0.000191470,-0.000292365,0.001778109
230,compute-0-0,0.000000009,+0.000087008,0.000114618
230,compute-0-1,0.000000301,+0.000000326,0.000091018
230,compute-0-2,0.000000078,+0.000091932,0.000077677
230,compute-0-3,0.000001593,-0.000001769,0.000077410
333,localhost,0.000191248,-0.000292365,0.001778109
333,compute-0-0,0.000000009,+0.000087008,0.000114618
333,compute-0-1,0.000000300,+0.000000326,0.000091018
333,compute-0-2,0.000001872,+0.000001970,0.000073694
333,compute-0-3,0.000001197,-0.000001769,0.000077410
231,localhost,0.000191219,-0.000292365,0.001778109
231,compute-0-0,0.000000009,+0.000087008,0.000114618
231,compute-0-1,0.000000300,+0.000000326,0.000091018
231,compute-0-2,0.000001865,+0.000001970,0.000073694
231,compute-0-3,0.000001145,-0.000001769,0.000077410
334,localhost,0.000190997,-0.000292365,0.001778109
334,compute-0-0,0.000003431,-0.000004250,0.000108744
334,compute-0-1,0.000000299,+0.000000326,0.000091018
334,compute-0-2,0.000001810,+0.000001970,0.000073694
334,compute-0-3,0.000000748,-0.000001769,0.000077410
232,localhost,0.000190967,-0.000292365,0.001778109
232,compute-0-0,0.000003321,-0.000004250,0.000108744
232,compute-0-1,0.000000298,+0.000000326,0.000091018
232,compute-0-2,0.000001803,+0.000001970,0.000073694
232,compute-0-3,0.000000697,-0.000001769,0.000077410
335,localhost,0.000190745,-0.000292365,0.001778109
335,compute-0-0,0.000002478,-0.000004250,0.000108744
335,compute-0-1,0.000000297,+0.000000326,0.000091018
335,compute-0-2,0.000001748,+0.000001970,0.000073694
335,compute-0-3,0.000000300,-0.000001769,0.000077410
233,localhost,0.000190716,-0.000292365,0.001778109
233,compute-0-0,0.000002369,-0.000004250,0.000108744
233,compute-0-1,0.000000297,+0.000000326,0.000091018
233,compute-0-2,0.000001741,+0.000001970,0.000073694
233,compute-0-3,0.000000249,-0.000001769,0.000077410
336,localhost,0.000190494,-0.000292365,0.001778109
336,compute-0-0,0.000001526,-0.000004250,0.000108744
336,compute-0-1,0.000000296,+0.000000326,0.000091018
336,compute-0-2,0.000001686,+0.000001970,0.000073694
234,localhost,0.000190466,-0.000292365,0.001778109
336,compute-0-3,0.000000000,-0.000001769,0.000077410
234,compute-0-0,0.000001417,-0.000004250,0.000108744
234,compute-0-1,0.000000295,+0.000000326,0.000091018
234,compute-0-2,0.000001679,+0.000001970,0.000073694
234,compute-0-3,0.000000000,-0.000001769,0.000077410
337,localhost,0.000190243,-0.000292365,0.001778109
337,compute-0-0,0.000000574,-0.000004250,0.000108744
337,compute-0-1,0.000007076,-0.000007591,0.000086380
337,compute-0-2,0.000001624,+0.000001970,0.000073694
337,compute-0-3,0.000000000,-0.000001769,0.000077410
235,localhost,0.000190214,-0.000292365,0.001778109
235,compute-0-0,0.000000465,-0.000004250,0.000108744
235,compute-0-1,0.000006994,-0.000007591,0.000086380
235,compute-0-2,0.000001617,+0.000001970,0.000073694
235,compute-0-3,0.000000000,-0.000001769,0.000077410
338,localhost,0.000189992,-0.000292365,0.001778109
338,compute-0-0,0.000000000,-0.000004250,0.000108744
338,compute-0-1,0.000006363,-0.000007591,0.000086380
338,compute-0-2,0.000001562,+0.000001970,0.000073694
338,compute-0-3,0.000000222,+0.000000230,0.000073438
236,localhost,0.000189963,-0.000292365,0.001778109
236,compute-0-0,0.000000000,-0.000004250,0.000108744
236,compute-0-1,0.000006280,-0.000007591,0.000086380
236,compute-0-2,0.000001555,+0.000001970,0.000073694
236,compute-0-3,0.000000221,+0.000000230,0.000073438
339,localhost,0.000189741,-0.000292365,0.001778109
339,compute-0-0,0.000000064,-0.000000065,0.000103164
339,compute-0-1,0.000005652,-0.000007591,0.000086380
339,compute-0-2,0.000004384,-0.000006377,0.000069941
339,compute-0-3,0.000000211,+0.000000230,0.000073438
237,localhost,0.000189712,-0.000292365,0.001778109
237,compute-0-0,0.000000064,-0.000000065,0.000103164
237,compute-0-1,0.000005567,-0.000007591,0.000086380
237,compute-0-2,0.000004300,-0.000006377,0.000069941
237,compute-0-3,0.000000210,+0.000000230,0.000073438
340,localhost,0.000189490,-0.000292365,0.001778109
340,compute-0-0,0.000000064,-0.000000065,0.000103164
340,compute-0-1,0.000004939,-0.000007591,0.000086380
340,compute-0-2,0.000003671,-0.000006377,0.000069941
340,compute-0-3,0.000000200,+0.000000230,0.000073438
238,localhost,0.000189460,-0.000292365,0.001778109
238,compute-0-0,0.000000064,-0.000000065,0.000103164
238,compute-0-1,0.000004855,-0.000007591,0.000086380
238,compute-0-2,0.000003586,-0.000006377,0.000069941
238,compute-0-3,0.000000199,+0.000000230,0.000073438
341,localhost,0.000189239,-0.000292365,0.001778109
341,compute-0-0,0.000000064,-0.000000065,0.000103164
341,compute-0-1,0.000004227,-0.000007591,0.000086380
341,compute-0-2,0.000002957,-0.000006377,0.000069941
341,compute-0-3,0.000000189,+0.000000230,0.000073438
239,localhost,0.000189209,-0.000292365,0.001778109
239,compute-0-0,0.000000064,-0.000000065,0.000103164
239,compute-0-1,0.000004141,-0.000007591,0.000086380
239,compute-0-2,0.000002872,-0.000006377,0.000069941
239,compute-0-3,0.000000188,+0.000000230,0.000073438
342,localhost,0.000290580,-0.000102355,0.001687172
342,compute-0-0,0.000000064,-0.000000065,0.000103164
342,compute-0-1,0.000003514,-0.000007591,0.000086380
342,compute-0-2,0.000002243,-0.000006377,0.000069941
342,compute-0-3,0.000000178,+0.000000230,0.000073438
240,localhost,0.000290419,-0.000102355,0.001687172
240,compute-0-0,0.000000064,-0.000000065,0.000103164
240,compute-0-1,0.000003430,-0.000007591,0.000086380
240,compute-0-2,0.000002159,-0.000006377,0.000069941
240,compute-0-3,0.000000177,+0.000000230,0.000073438
343,localhost,0.000289214,-0.000102355,0.001687172
343,compute-0-0,0.000000064,-0.000000065,0.000103164
343,compute-0-1,0.000052230,-0.000056596,0.000083879
343,compute-0-2,0.000001528,-0.000006377,0.000069941
343,compute-0-3,0.000001295,-0.000001463,0.000069671
241,localhost,0.000289055,-0.000102355,0.001687172
241,compute-0-0,0.000000064,-0.000000065,0.000103164
241,compute-0-1,0.000050774,-0.000056596,0.000083879
241,compute-0-2,0.000001445,-0.000006377,0.000069941
241,compute-0-3,0.000001290,-0.000001463,0.000069671
344,localhost,0.000287847,-0.000102355,0.001687172
344,compute-0-0,0.000000063,-0.000000065,0.000103164
344,compute-0-1,0.000039690,-0.000056596,0.000083879
344,compute-0-2,0.000000814,-0.000006377,0.000069941
242,localhost,0.000287690,-0.000102355,0.001687172
344,compute-0-3,0.000001251,-0.000001463,0.000069671
242,compute-0-0,0.000000063,-0.000000065,0.000103164
242,compute-0-1,0.000038243,-0.000056596,0.000083879
242,compute-0-2,0.000059949,-0.000060751,0.000069077
242,compute-0-3,0.000001245,-0.000001463,0.000069671
345,localhost,0.000286481,-0.000102355,0.001687172
345,compute-0-0,0.000003256,-0.000003310,0.000097875
345,compute-0-1,0.000027156,-0.000056596,0.000083879
345,compute-0-2,0.000044059,-0.000060751,0.000069077
345,compute-0-3,0.000001206,-0.000001463,0.000069671
243,localhost,0.000286323,-0.000102355,0.001687172
243,compute-0-0,0.000003229,-0.000003310,0.000097875
243,compute-0-1,0.000025706,-0.000056596,0.000083879
243,compute-0-2,0.000041969,-0.000060751,0.000069077
243,compute-0-3,0.000001201,-0.000001463,0.000069671
346,localhost,0.000285118,-0.000102355,0.001687172
346,compute-0-0,0.000003024,-0.000003310,0.000097875
346,compute-0-1,0.000014646,-0.000056596,0.000083879
346,compute-0-2,0.000026117,-0.000060751,0.000069077
346,compute-0-3,0.000001161,-0.000001463,0.000069671
244,localhost,0.000284959,-0.000102355,0.001687172
244,compute-0-0,0.000002997,-0.000003310,0.000097875
244,compute-0-1,0.000013185,-0.000056596,0.000083879
244,compute-0-2,0.000024013,-0.000060751,0.000069077
244,compute-0-3,0.000001156,-0.000001463,0.000069671
347,localhost,0.000283756,-0.000102355,0.001687172
347,compute-0-0,0.000002793,-0.000003310,0.000097875
347,compute-0-1,0.000002132,-0.000056596,0.000083879
347,compute-0-2,0.000008166,-0.000060751,0.000069077
347,compute-0-3,0.000001116,-0.000001463,0.000069671
245,localhost,0.000283595,-0.000102355,0.001687172
245,compute-0-0,0.000002765,-0.000003310,0.000097875
245,compute-0-1,0.000000666,-0.000056596,0.000083879
245,compute-0-2,0.000006070,-0.000060751,0.000069077
245,compute-0-3,0.000001111,-0.000001463,0.000069671
348,localhost,0.000282391,-0.000102355,0.001687172
348,compute-0-0,0.000002560,-0.000003310,0.000097875
348,compute-0-1,0.000000001,-0.000056596,0.000083879
348,compute-0-2,0.000000006,-0.000060751,0.000069077
348,compute-0-3,0.000001071,-0.000001463,0.000069671
246,localhost,0.000282232,-0.000102355,0.001687172
246,compute-0-0,0.000002533,-0.000003310,0.000097875
246,compute-0-1,0.000061947,-0.000063845,0.000082096
246,compute-0-2,0.000000006,-0.000060751,0.000069077
246,compute-0-3,0.000001066,-0.000001463,0.000069671
349,localhost,0.000281028,-0.000102355,0.001687172
349,compute-0-0,0.000002329,-0.000003310,0.000097875
349,compute-0-1,0.000034272,-0.000063845,0.000082096
349,compute-0-2,0.000000006,-0.000060751,0.000069077
349,compute-0-3,0.000066999,-0.000075439,0.000070269
247,localhost,0.000280869,-0.000102355,0.001687172
247,compute-0-0,0.000002302,-0.000003310,0.000097875
247,compute-0-1,0.000030612,-0.000063845,0.000082096
247,compute-0-2,0.000000006,-0.000060751,0.000069077
247,compute-0-3,0.000063625,-0.000075439,0.000070269
350,localhost,0.000279663,-0.000102355,0.001687172
350,compute-0-0,0.000002097,-0.000003310,0.000097875
350,compute-0-1,0.000002887,-0.000063845,0.000082096
350,compute-0-2,0.000033041,-0.000034624,0.000066441
350,compute-0-3,0.000038218,-0.000075439,0.000070269
248,localhost,0.000279503,-0.000102355,0.001687172
248,compute-0-0,0.000002069,-0.000003310,0.000097875
248,compute-0-1,0.000000001,-0.000063845,0.000082096
248,compute-0-2,0.000032365,-0.000034624,0.000066441
248,compute-0-3,0.000034820,-0.000075439,0.000070269
351,localhost,0.000278298,-0.000102355,0.001687172
351,compute-0-0,0.000044836,-0.000085582,0.000096716
351,compute-0-1,0.000000001,-0.000063845,0.000082096
351,compute-0-2,0.000027321,-0.000034624,0.000066441
351,compute-0-3,0.000009436,-0.000075439,0.000070269
249,localhost,0.000278137,-0.000102355,0.001687172
249,compute-0-0,0.000037995,-0.000085582,0.000096716
249,compute-0-1,0.000000001,-0.000063845,0.000082096
249,compute-0-2,0.000026650,-0.000034624,0.000066441
249,compute-0-3,0.000006086,-0.000075439,0.000070269
352,localhost,0.000276933,-0.000102355,0.001687172
352,compute-0-0,0.000000038,-0.000085582,0.000096716
352,compute-0-1,0.000000001,-0.000063845,0.000082096
352,compute-0-2,0.000021603,-0.000034624,0.000066441
352,compute-0-3,0.000000005,-0.000075439,0.000070269
250,localhost,0.000276774,-0.000102355,0.001687172
250,compute-0-0,0.000000038,-0.000085582,0.000096716
250,compute-0-1,0.000000001,-0.000063845,0.000082096
250,compute-0-2,0.000020943,-0.000034624,0.000066441
250,compute-0-3,0.000000005,-0.000075439,0.000070269
353,localhost,0.000275569,-0.000102355,0.001687172
353,compute-0-0,0.000000038,-0.000085582,0.000096716
353,compute-0-1,0.000000001,-0.000063845,0.000082096
353,compute-0-2,0.000015891,-0.000034624,0.000066441
353,compute-0-3,0.000000005,-0.000075439,0.000070269
251,localhost,0.000275410,-0.000102355,0.001687172
251,compute-0-0,0.000000038,-0.000085582,0.000096716
251,compute-0-1,0.000000001,-0.000063845,0.000082096
251,compute-0-2,0.000015226,-0.000034624,0.000066441
251,compute-0-3,0.000000005,-0.000075439,0.000070269
354,localhost,0.000274204,-0.000102355,0.001687172
354,compute-0-0,0.000000038,-0.000085582,0.000096716
354,compute-0-1,0.000024001,-0.000025043,0.000078285
354,compute-0-2,0.000010177,-0.000034624,0.000066441
354,compute-0-3,0.000000005,-0.000075439,0.000070269
252,localhost,0.000274044,-0.000102355,0.001687172
252,compute-0-0,0.000000038,-0.000085582,0.000096716
252,compute-0-1,0.000023539,-0.000025043,0.000078285
252,compute-0-2,0.000009510,-0.000034624,0.000066441
252,compute-0-3,0.000000005,-0.000075439,0.000070269
355,localhost,0.000272839,-0.000102355,0.001687172
355,compute-0-0,0.000000038,-0.000085582,0.000096716
355,compute-0-1,0.000020064,-0.000025043,0.000078285
355,compute-0-2,0.000004460,-0.000034624,0.000066441
355,compute-0-3,0.000040574,-0.000047730,0.000068350
253,localhost,0.000272681,-0.000102355,0.001687172
253,compute-0-0,0.000000038,-0.000085582,0.000096716
253,compute-0-1,0.000019609,-0.000025043,0.000078285
253,compute-0-2,0.000003808,-0.000034624,0.000066441
253,compute-0-3,0.000039319,-0.000047730,0.000068350
356,localhost,0.000271476,-0.000102355,0.001687172
356,compute-0-0,0.000024817,-0.000025109,0.000092096
356,compute-0-1,0.000016132,-0.000025043,0.000078285
356,compute-0-2,0.000014081,-0.000012456,0.000063154
356,compute-0-3,0.000029694,-0.000047730,0.000068350
254,localhost,0.000271318,-0.000102355,0.001687172
254,compute-0-0,0.000024304,-0.000025109,0.000092096
254,compute-0-1,0.000015678,-0.000025043,0.000078285
254,compute-0-2,0.000013963,-0.000012456,0.000063154
254,compute-0-3,0.000028428,-0.000047730,0.000068350
357,localhost,0.000270111,-0.000102355,0.001687172
357,compute-0-0,0.000020358,-0.000025109,0.000092096
357,compute-0-1,0.000012195,-0.000025043,0.000078285
357,compute-0-2,0.000013065,-0.000012456,0.000063154
357,compute-0-3,0.000018804,-0.000047730,0.000068350
255,localhost,0.000269952,-0.000102355,0.001687172
255,compute-0-0,0.000019836,-0.000025109,0.000092096
255,compute-0-1,0.000011737,-0.000025043,0.000078285
255,compute-0-2,0.000012947,-0.000012456,0.000063154
255,compute-0-3,0.000017528,-0.000047730,0.000068350
358,localhost,0.000268745,-0.000102355,0.001687172
358,compute-0-0,0.000015896,-0.000025109,0.000092096
358,compute-0-1,0.000008256,-0.000025043,0.000078285
358,compute-0-2,0.000012049,-0.000012456,0.000063154
358,compute-0-3,0.000007920,-0.000047730,0.000068350
256,localhost,0.000268585,-0.000102355,0.001687172
256,compute-0-0,0.000015372,-0.000025109,0.000092096
256,compute-0-1,0.000007797,-0.000025043,0.000078285
256,compute-0-2,0.000011931,-0.000012456,0.000063154
256,compute-0-3,0.000006648,-0.000047730,0.000068350
359,localhost,0.000267380,-0.000102355,0.001687172
359,compute-0-0,0.000011435,-0.000025109,0.000092096
359,compute-0-1,0.000004319,-0.000025043,0.000078285
359,compute-0-2,0.000011034,-0.000012456,0.000063154
359,compute-0-3,0.000000007,-0.000047730,0.000068350
257,localhost,0.000267220,-0.000102355,0.001687172
257,compute-0-0,0.000010915,-0.000025109,0.000092096
257,compute-0-1,0.000003859,-0.000025043,0.000078285
257,compute-0-2,0.000010915,-0.000012456,0.000063154
257,compute-0-3,0.000000007,-0.000047730,0.000068350
360,localhost,0.000266015,-0.000102355,0.001687172
360,compute-0-0,0.000006978,-0.000025109,0.000092096
360,compute-0-1,0.000001193,+0.000001239,0.000074268
360,compute-0-2,0.000010018,-0.000012456,0.000063154
360,compute-0-3,0.000002858,-0.000002865,0.000064849
258,localhost,0.000265855,-0.000102355,0.001687172
258,compute-0-0,0.000006455,-0.000025109,0.000092096
258,compute-0-1,0.000001192,+0.000001239,0.000074268
258,compute-0-2,0.000009900,-0.000012456,0.000063154
258,compute-0-3,0.000002852,-0.000002865,0.000064849
361,localhost,0.000264648,-0.000102355,0.001687172
361,compute-0-0,0.000002508,-0.000025109,0.000092096
361,compute-0-1,0.000001185,+0.000001239,0.000074268
361,compute-0-2,0.000009001,-0.000012456,0.000063154
361,compute-0-3,0.000002805,-0.000002865,0.000064849
259,localhost,0.000264489,-0.000102355,0.001687172
259,compute-0-0,0.000001992,-0.000025109,0.000092096
259,compute-0-1,0.000001184,+0.000001239,0.000074268
259,compute-0-2,0.000018950,-0.000010071,0.000059998
259,compute-0-3,0.000002799,-0.000002865,0.000064849
362,localhost,0.000263281,-0.000102355,0.001687172
362,compute-0-0,0.000010127,-0.000010413,0.000087432
362,compute-0-1,0.000001177,+0.000001239,0.000074268
362,compute-0-2,0.000017963,-0.000010071,0.000059998
260,localhost,0.000263124,-0.000102355,0.001687172
362,compute-0-3,0.000002752,-0.000002865,0.000064849
260,compute-0-0,0.000010046,-0.000010413,0.000087432
260,compute-0-1,0.000001176,+0.000001239,0.000074268
260,compute-0-2,0.000017834,-0.000010071,0.000059998
260,compute-0-3,0.000002746,-0.000002865,0.000064849
363,localhost,0.000261915,-0.000102355,0.001687172
363,compute-0-0,0.000009420,-0.000010413,0.000087432
363,compute-0-1,0.000001169,+0.000001239,0.000074268
363,compute-0-2,0.000016847,-0.000010071,0.000059998
261,localhost,0.000261758,-0.000102355,0.001687172
363,compute-0-3,0.000002699,-0.000002865,0.000064849
261,compute-0-0,0.000009339,-0.000010413,0.000087432
261,compute-0-1,0.000001168,+0.000001239,0.000074268
261,compute-0-2,0.000016720,-0.000010071,0.000059998
261,compute-0-3,0.000002693,-0.000002865,0.000064849
364,localhost,0.000260549,-0.000102355,0.001687172
364,compute-0-0,0.000008713,-0.000010413,0.000087432
364,compute-0-1,0.000001162,+0.000001239,0.000074268
364,compute-0-2,0.000015731,-0.000010071,0.000059998
262,localhost,0.000260394,-0.000102355,0.001687172
364,compute-0-3,0.000002646,-0.000002865,0.000064849
262,compute-0-0,0.000008634,-0.000010413,0.000087432
262,compute-0-1,0.000001161,+0.000001239,0.000074268
262,compute-0-2,0.000015605,-0.000010071,0.000059998
262,compute-0-3,0.000002640,-0.000002865,0.000064849
365,localhost,0.000259183,-0.000102355,0.001687172
365,compute-0-0,0.000008007,-0.000010413,0.000087432
365,compute-0-1,0.000001154,+0.000001239,0.000074268
365,compute-0-2,0.000014615,-0.000010071,0.000059998
263,localhost,0.000259028,-0.000102355,0.001687172
365,compute-0-3,0.000002593,-0.000002865,0.000064849
263,compute-0-0,0.000007926,-0.000010413,0.000087432
263,compute-0-1,0.000001153,+0.000001239,0.000074268
263,compute-0-2,0.000014487,-0.000010071,0.000059998
263,compute-0-3,0.000002587,-0.000002865,0.000064849
366,localhost,0.000257817,-0.000102355,0.001687172
366,compute-0-0,0.000007301,-0.000010413,0.000087432
366,compute-0-1,0.000031711,+0.000036940,0.000071419
366,compute-0-2,0.000013500,-0.000010071,0.000059998
366,compute-0-3,0.000028645,-0.000027302,0.000062124
264,localhost,0.000257660,-0.000102355,0.001687172
264,compute-0-0,0.000007220,-0.000010413,0.000087432
264,compute-0-1,0.000031142,+0.000036940,0.000071419
264,compute-0-2,0.000013373,-0.000010071,0.000059998
264,compute-0-3,0.000028140,-0.000027302,0.000062124
367,localhost,0.000256452,-0.000102355,0.001687172
367,compute-0-0,0.000006595,-0.000010413,0.000087432
367,compute-0-1,0.000026708,+0.000036940,0.000071419
367,compute-0-2,0.000015999,+0.000028945,0.000057650
367,compute-0-3,0.000024234,-0.000027302,0.000062124
265,localhost,0.000256296,-0.000102355,0.001687172
265,compute-0-0,0.000006515,-0.000010413,0.000087432
265,compute-0-1,0.000026141,+0.000036940,0.000071419
265,compute-0-2,0.000015896,+0.000028945,0.000057650
265,compute-0-3,0.000023734,-0.000027302,0.000062124
368,localhost,0.000255089,-0.000102355,0.001687172
368,compute-0-0,0.000008117,+0.000014784,0.000083077
368,compute-0-1,0.000021709,+0.000036940,0.000071419
368,compute-0-2,0.000015091,+0.000028945,0.000057650
266,localhost,0.000254934,-0.000102355,0.001687172
368,compute-0-3,0.000019820,-0.000027302,0.000062124
266,compute-0-0,0.000008076,+0.000014784,0.000083077
266,compute-0-1,0.000021138,+0.000036940,0.000071419
266,compute-0-2,0.000014987,+0.000028945,0.000057650
266,compute-0-3,0.000019310,-0.000027302,0.000062124
369,localhost,0.000253724,-0.000102355,0.001687172
369,compute-0-0,0.000007755,+0.000014784,0.000083077
369,compute-0-1,0.000016700,+0.000036940,0.000071419
369,compute-0-2,0.000014181,+0.000028945,0.000057650
369,compute-0-3,0.000015404,-0.000027302,0.000062124
267,localhost,0.000253567,-0.000102355,0.001687172
267,compute-0-0,0.000007714,+0.000014784,0.000083077
267,compute-0-1,0.000016125,+0.000036940,0.000071419
267,compute-0-2,0.000014077,+0.000028945,0.000057650
267,compute-0-3,0.000014893,-0.000027302,0.000062124
370,localhost,0.000252359,-0.000102355,0.001687172
370,compute-0-0,0.000007393,+0.000014784,0.000083077
370,compute-0-1,0.000011692,+0.000036940,0.000071419
370,compute-0-2,0.000013272,+0.000028945,0.000057650
370,compute-0-3,0.000010986,-0.000027302,0.000062124
268,localhost,0.000252201,-0.000102355,0.001687172
268,compute-0-0,0.000007352,+0.000014784,0.000083077
268,compute-0-1,0.000011110,+0.000036940,0.000071419
268,compute-0-2,0.000013167,+0.000028945,0.000057650
268,compute-0-3,0.000010473,-0.000027302,0.000062124
371,localhost,0.000250994,-0.000102355,0.001687172
371,compute-0-0,0.000007031,+0.000014784,0.000083077
371,compute-0-1,0.000052630,+0.000049690,0.000069552
371,compute-0-2,0.000012363,+0.000028945,0.000057650
371,compute-0-3,0.000006572,-0.000027302,0.000062124
269,localhost,0.000250835,-0.000102355,0.001687172
269,compute-0-0,0.000006990,+0.000014784,0.000083077
269,compute-0-1,0.000049202,+0.000049690,0.000069552
269,compute-0-2,0.000012258,+0.000028945,0.000057650
269,compute-0-3,0.000006065,-0.000027302,0.000062124
372,localhost,0.000249628,-0.000102355,0.001687172
372,compute-0-0,0.000006670,+0.000014784,0.000083077
372,compute-0-1,0.000022929,+0.000049690,0.000069552
372,compute-0-2,0.000011453,+0.000028945,0.000057650
270,localhost,0.000249472,-0.000102355,0.001687172
372,compute-0-3,0.000000032,+0.000040697,0.000060325
270,compute-0-0,0.000006628,+0.000014784,0.000083077
270,compute-0-1,0.000019548,+0.000049690,0.000069552
270,compute-0-2,0.000011349,+0.000028945,0.000057650
270,compute-0-3,0.000000032,+0.000040697,0.000060325
373,localhost,0.000248263,-0.000102355,0.001687172
373,compute-0-0,0.000043921,+0.000038994,0.000079773
373,compute-0-1,0.000000020,+0.000049690,0.000069552
373,compute-0-2,0.000016020,+0.000035473,0.000055830
271,localhost,0.000248107,-0.000102355,0.001687172
373,compute-0-3,0.000000031,+0.000040697,0.000060325
271,compute-0-0,0.000040153,+0.000038994,0.000079773
271,compute-0-1,0.000000020,+0.000049690,0.000069552
271,compute-0-2,0.000010074,+0.000035473,0.000055830
271,compute-0-3,0.000000031,+0.000040697,0.000060325
374,localhost,0.000246898,-0.000102355,0.001687172
374,compute-0-0,0.000011194,+0.000038994,0.000079773
374,compute-0-1,0.000000020,+0.000049690,0.000069552
374,compute-0-2,0.000000010,+0.000035473,0.000055830
374,compute-0-3,0.000000031,+0.000040697,0.000060325
272,localhost,0.000246741,-0.000102355,0.001687172
272,compute-0-0,0.000007430,+0.000038994,0.000079773
272,compute-0-1,0.000000020,+0.000049690,0.000069552
272,compute-0-2,0.000000010,+0.000035473,0.000055830
272,compute-0-3,0.000000031,+0.000040697,0.000060325
375,localhost,0.000245534,-0.000102355,0.001687172
375,compute-0-0,0.000000008,+0.000038994,0.000079773
375,compute-0-1,0.000000020,+0.000049690,0.000069552
375,compute-0-2,0.000000010,+0.000035473,0.000055830
375,compute-0-3,0.000000031,+0.000040697,0.000060325
273,localhost,0.000245374,-0.000102355,0.001687172
273,compute-0-0,0.000000008,+0.000038994,0.000079773
273,compute-0-1,0.000000020,+0.000049690,0.000069552
273,compute-0-2,0.000000010,+0.000035473,0.000055830
273,compute-0-3,0.000000031,+0.000040697,0.000060325
376,localhost,0.000244170,-0.000102355,0.001687172
376,compute-0-0,0.000000008,+0.000038994,0.000079773
376,compute-0-1,0.000000020,+0.000049690,0.000069552
376,compute-0-2,0.000000010,+0.000035473,0.000055830
376,compute-0-3,0.000000031,+0.000040697,0.000060325
274,localhost,0.000244009,-0.000102355,0.001687172
274,compute-0-0,0.000000008,+0.000038994,0.000079773
274,compute-0-1,0.000000020,+0.000049690,0.000069552
274,compute-0-2,0.000000010,+0.000035473,0.000055830
274,compute-0-3,0.000000031,+0.000040697,0.000060325
377,localhost,0.000242807,-0.000102355,0.001687172
377,compute-0-0,0.000000008,+0.000038994,0.000079773
377,compute-0-1,0.000002692,-0.000002707,0.000065989
377,compute-0-2,0.000000010,+0.000035473,0.000055830
377,compute-0-3,0.000000031,+0.000040697,0.000060325
275,localhost,0.000242643,-0.000102355,0.001687172
275,compute-0-0,0.000000008,+0.000038994,0.000079773
275,compute-0-1,0.000002683,-0.000002707,0.000065989
275,compute-0-2,0.000000010,+0.000035473,0.000055830
275,compute-0-3,0.000000031,+0.000040697,0.000060325
378,localhost,0.000241442,-0.000102355,0.001687172
378,compute-0-0,0.000000008,+0.000038994,0.000079773
378,compute-0-1,0.000002619,-0.000002707,0.000065989
378,compute-0-2,0.000000010,+0.000035473,0.000055830
378,compute-0-3,0.000003394,-0.000003806,0.000057242
276,localhost,0.000241278,-0.000102355,0.001687172
276,compute-0-0,0.000000008,+0.000038994,0.000079773
276,compute-0-1,0.000002611,-0.000002707,0.000065989
276,compute-0-2,0.000000010,+0.000035473,0.000055830
276,compute-0-3,0.000003331,-0.000003806,0.000057242
379,localhost,0.000240078,-0.000102355,0.001687172
379,compute-0-0,0.000016263,+0.000018788,0.000075912
379,compute-0-1,0.000002546,-0.000002707,0.000065989
379,compute-0-2,0.000005080,+0.000006172,0.000053001
379,compute-0-3,0.000002866,-0.000003806,0.000057242
277,localhost,0.000239917,-0.000102355,0.001687172
277,compute-0-0,0.000015198,+0.000018788,0.000075912
277,compute-0-1,0.000002538,-0.000002707,0.000065989
277,compute-0-2,0.000004928,+0.000006172,0.000053001
277,compute-0-3,0.000002804,-0.000003806,0.000057242
380,localhost,0.000238710,-0.000102355,0.001687172
380,compute-0-0,0.000007162,+0.000018788,0.000075912
380,compute-0-1,0.000002473,-0.000002707,0.000065989
380,compute-0-2,0.000003787,+0.000006172,0.000053001
380,compute-0-3,0.000002339,-0.000003806,0.000057242
278,localhost,0.000238551,-0.000102355,0.001687172
278,compute-0-0,0.000006098,+0.000018788,0.000075912
278,compute-0-1,0.000002465,-0.000002707,0.000065989
278,compute-0-2,0.000003637,+0.000006172,0.000053001
278,compute-0-3,0.000002278,-0.000003806,0.000057242
381,localhost,0.000237345,-0.000102355,0.001687172
381,compute-0-0,0.000000006,+0.000018788,0.000075912
381,compute-0-1,0.000002400,-0.000002707,0.000065989
381,compute-0-2,0.000002495,+0.000006172,0.000053001
381,compute-0-3,0.000001812,-0.000003806,0.000057242
279,localhost,0.000237187,-0.000102355,0.001687172
279,compute-0-0,0.000000006,+0.000018788,0.000075912
279,compute-0-1,0.000002392,-0.000002707,0.000065989
279,compute-0-2,0.000002346,+0.000006172,0.000053001
279,compute-0-3,0.000001751,-0.000003806,0.000057242
382,localhost,0.000235980,-0.000102355,0.001687172
382,compute-0-0,0.000000006,+0.000018788,0.000075912
382,compute-0-1,0.000002327,-0.000002707,0.000065989
382,compute-0-2,0.000001204,+0.000006172,0.000053001
382,compute-0-3,0.000001285,-0.000003806,0.000057242
280,localhost,0.000235822,-0.000102355,0.001687172
280,compute-0-0,0.000000006,+0.000018788,0.000075912
280,compute-0-1,0.000002319,-0.000002707,0.000065989
280,compute-0-2,0.000001053,+0.000006172,0.000053001
280,compute-0-3,0.000001224,-0.000003806,0.000057242
383,localhost,0.000234615,-0.000102355,0.001687172
383,compute-0-0,0.000000006,+0.000018788,0.000075912
383,compute-0-1,0.000007056,+0.000009843,0.000062680
383,compute-0-2,0.000000001,+0.000006172,0.000053001
383,compute-0-3,0.000008608,+0.000009867,0.000054394
281,localhost,0.000234456,-0.000102355,0.001687172
281,compute-0-0,0.000000007,+0.000018788,0.000075912
281,compute-0-1,0.000006979,+0.000009843,0.000062680
281,compute-0-2,0.000000001,+0.000006172,0.000053001
281,compute-0-3,0.000008280,+0.000009867,0.000054394
384,localhost,0.000233249,-0.000102355,0.001687172
384,compute-0-0,0.000000007,+0.000018788,0.000075912
384,compute-0-1,0.000006405,+0.000009843,0.000062680
384,compute-0-2,0.000002634,-0.000002678,0.000050288
384,compute-0-3,0.000005785,+0.000009867,0.000054394
282,localhost,0.000233090,-0.000102355,0.001687172
282,compute-0-0,0.000000007,+0.000018788,0.000075912
282,compute-0-1,0.000006330,+0.000009843,0.000062680
282,compute-0-2,0.000002602,-0.000002678,0.000050288
282,compute-0-3,0.000005458,+0.000009867,0.000054394
385,localhost,0.000231883,-0.000102355,0.001687172
385,compute-0-0,0.000005939,-0.000006311,0.000072044
385,compute-0-1,0.000005756,+0.000009843,0.000062680
385,compute-0-2,0.000002356,-0.000002678,0.000050288
385,compute-0-3,0.000002965,+0.000009867,0.000054394
283,localhost,0.000231725,-0.000102355,0.001687172
283,compute-0-0,0.000005855,-0.000006311,0.000072044
283,compute-0-1,0.000005681,+0.000009843,0.000062680
283,compute-0-2,0.000002324,-0.000002678,0.000050288
283,compute-0-3,0.000002636,+0.000009867,0.000054394
386,localhost,0.000230519,-0.000102355,0.001687172
386,compute-0-0,0.000005210,-0.000006311,0.000072044
386,compute-0-1,0.000005107,+0.000009843,0.000062680
386,compute-0-2,0.000002079,-0.000002678,0.000050288
386,compute-0-3,0.000000141,+0.000009867,0.000054394
284,localhost,0.000230360,-0.000102355,0.001687172
284,compute-0-0,0.000005125,-0.000006311,0.000072044
284,compute-0-1,0.000005032,+0.000009843,0.000062680
284,compute-0-2,0.000002046,-0.000002678,0.000050288
284,compute-0-3,0.000000000,+0.000009867,0.000054394
387,localhost,0.000229154,-0.000102355,0.001687172
387,compute-0-0,0.000004480,-0.000006311,0.000072044
387,compute-0-1,0.000004457,+0.000009843,0.000062680
387,compute-0-2,0.000001801,-0.000002678,0.000050288
285,localhost,0.000228996,-0.000102355,0.001687172
387,compute-0-3,0.000000000,+0.000009867,0.000054394
285,compute-0-0,0.000004396,-0.000006311,0.000072044
285,compute-0-1,0.000004383,+0.000009843,0.000062680
285,compute-0-2,0.000001769,-0.000002678,0.000050288
285,compute-0-3,0.000000000,+0.000009867,0.000054394
388,localhost,0.000551563,-0.000326964,0.001603928
388,compute-0-0,0.000003749,-0.000006311,0.000072044
388,compute-0-1,0.000171038,-0.000178812,0.000082056
388,compute-0-2,0.000001523,-0.000002678,0.000050288
286,localhost,0.000550960,-0.000326964,0.001603928
388,compute-0-3,0.000000000,+0.000009867,0.000054394
286,compute-0-0,0.000003667,-0.000006311,0.000072044
286,compute-0-1,0.000166064,-0.000178812,0.000082056
286,compute-0-2,0.000001492,-0.000002678,0.000050288
286,compute-0-3,0.000000000,+0.000009867,0.000054394
389,localhost,0.000546201,-0.000326964,0.001603928
389,compute-0-0,0.000003020,-0.000006311,0.000072044
389,compute-0-1,0.000126187,-0.000178812,0.000082056
389,compute-0-2,0.000001245,-0.000002678,0.000050288
287,localhost,0.000545609,-0.000326964,0.001603928
389,compute-0-3,0.000188854,-0.000226858,0.000088370
287,compute-0-0,0.000002939,-0.000006311,0.000072044
287,compute-0-1,0.000121169,-0.000178812,0.000082056
287,compute-0-2,0.000001214,-0.000002678,0.000050288
287,compute-0-3,0.000179970,-0.000226858,0.000088370
390,localhost,0.000540844,-0.000326964,0.001603928
390,compute-0-0,0.000002291,-0.000006311,0.000072044
390,compute-0-1,0.000081263,-0.000178812,0.000082056
390,compute-0-2,0.000193677,-0.000240316,0.000089729
288,localhost,0.000540243,-0.000326964,0.001603928
390,compute-0-3,0.000109503,-0.000226858,0.000088370
288,compute-0-0,0.000002210,-0.000006311,0.000072044
288,compute-0-1,0.000076257,-0.000178812,0.000082056
288,compute-0-2,0.000183181,-0.000240316,0.000089729
288,compute-0-3,0.000100837,-0.000226858,0.000088370
391,localhost,0.000535476,-0.000326964,0.001603928
391,compute-0-0,0.000136404,-0.000169323,0.000086823
391,compute-0-1,0.000036304,-0.000178812,0.000082056
391,compute-0-2,0.000098244,-0.000240316,0.000089729
289,localhost,0.000534890,-0.000326964,0.001603928
391,compute-0-3,0.000030215,-0.000226858,0.000088370
289,compute-0-0,0.000131935,-0.000169323,0.000086823
289,compute-0-1,0.000031392,-0.000178812,0.000082056
289,compute-0-2,0.000087807,-0.000240316,0.000089729
289,compute-0-3,0.000021633,-0.000226858,0.000088370
392,localhost,0.000530113,-0.000326964,0.001603928
392,compute-0-0,0.000095587,-0.000169323,0.000086823
392,compute-0-1,0.000000032,-0.000178812,0.000082056
392,compute-0-2,0.000002776,-0.000240316,0.000089729
290,localhost,0.000529533,-0.000326964,0.001603928
392,compute-0-3,0.000000020,-0.000226858,0.000088370
290,compute-0-0,0.000091183,-0.000169323,0.000086823
290,compute-0-1,0.000000032,-0.000178812,0.000082056
290,compute-0-2,0.000000003,-0.000240316,0.000089729
290,compute-0-3,0.000000020,-0.000226858,0.000088370
393,localhost,0.000524751,-0.000326964,0.001603928
393,compute-0-0,0.000054797,-0.000169323,0.000086823
393,compute-0-1,0.000000032,-0.000178812,0.000082056
393,compute-0-2,0.000000003,-0.000240316,0.000089729
291,localhost,0.000524175,-0.000326964,0.001603928
393,compute-0-3,0.000000020,-0.000226858,0.000088370
291,compute-0-0,0.000050432,-0.000169323,0.000086823
291,compute-0-1,0.000000031,-0.000178812,0.000082056
291,compute-0-2,0.000000003,-0.000240316,0.000089729
291,compute-0-3,0.000000020,-0.000226858,0.000088370
394,localhost,0.000519381,-0.000326964,0.001603928
394,compute-0-0,0.000013929,-0.000169323,0.000086823
394,compute-0-1,0.000101121,-0.000106528,0.000084822
394,compute-0-2,0.000000003,-0.000240316,0.000089729
292,localhost,0.000518817,-0.000326964,0.001603928
394,compute-0-3,0.000000020,-0.000226858,0.000088370
292,compute-0-0,0.000009645,-0.000169323,0.000086823
292,compute-0-1,0.000099593,-0.000106528,0.000084822
292,compute-0-2,0.000000003,-0.000240316,0.000089729
292,compute-0-3,0.000000020,-0.000226858,0.000088370
395,localhost,0.000514013,-0.000326964,0.001603928
395,compute-0-0,0.000000010,-0.000169323,0.000086823
395,compute-0-1,0.000086429,-0.000106528,0.000084822
395,compute-0-2,0.000000003,-0.000240316,0.000089729
293,localhost,0.000513460,-0.000326964,0.001603928
395,compute-0-3,0.000093374,-0.000110164,0.000090785
293,compute-0-0,0.000000010,-0.000169323,0.000086823
293,compute-0-1,0.000084904,-0.000106528,0.000084822
293,compute-0-2,0.000000003,-0.000240316,0.000089729
293,compute-0-3,0.000091114,-0.000110164,0.000090785
396,localhost,0.000508653,-0.000326964,0.001603928
396,compute-0-0,0.000162404,-0.000168129,0.000098037
396,compute-0-1,0.000071742,-0.000106528,0.000084822
396,compute-0-2,0.000087051,-0.000096807,0.000090461
294,localhost,0.000508098,-0.000326964,0.001603928
396,compute-0-3,0.000071578,-0.000110164,0.000090785
294,compute-0-0,0.000156970,-0.000168129,0.000098037
294,compute-0-1,0.000070223,-0.000106528,0.000084822
294,compute-0-2,0.000085774,-0.000096807,0.000090461
294,compute-0-3,0.000069312,-0.000110164,0.000090785
397,localhost,0.000503297,-0.000326964,0.001603928
397,compute-0-0,0.000109584,-0.000168129,0.000098037
397,compute-0-1,0.000057064,-0.000106528,0.000084822
397,compute-0-2,0.000074729,-0.000096807,0.000090461
295,localhost,0.000502741,-0.000326964,0.001603928
397,compute-0-3,0.000049745,-0.000110164,0.000090785
295,compute-0-0,0.000104071,-0.000168129,0.000098037
295,compute-0-1,0.000055544,-0.000106528,0.000084822
295,compute-0-2,0.000073464,-0.000096807,0.000090461
295,compute-0-3,0.000047504,-0.000110164,0.000090785
398,localhost,0.000497933,-0.000326964,0.001603928
398,compute-0-0,0.000056720,-0.000168129,0.000098037
398,compute-0-1,0.000042380,-0.000106528,0.000084822
398,compute-0-2,0.000062423,-0.000096807,0.000090461
296,localhost,0.000497383,-0.000326964,0.001603928
398,compute-0-3,0.000027919,-0.000110164,0.000090785
296,compute-0-0,0.000051304,-0.000168129,0.000098037
296,compute-0-1,0.000040879,-0.000106528,0.000084822
296,compute-0-2,0.000061158,-0.000096807,0.000090461
296,compute-0-3,0.000025668,-0.000110164,0.000090785
399,localhost,0.000492571,-0.000326964,0.001603928
399,compute-0-0,0.000003798,-0.000168129,0.000098037
399,compute-0-1,0.000027697,-0.000106528,0.000084822
399,compute-0-2,0.000050110,-0.000096807,0.000090461
297,localhost,0.000492018,-0.000326964,0.001603928
399,compute-0-3,0.000006163,-0.000110164,0.000090785
297,compute-0-0,0.000000004,-0.000168129,0.000098037
297,compute-0-1,0.000026190,-0.000106528,0.000084822
297,compute-0-2,0.000048850,-0.000096807,0.000090461
297,compute-0-3,0.000003872,-0.000110164,0.000090785
400,localhost,0.000487225,-0.000326964,0.001603928
400,compute-0-0,0.000000004,-0.000168129,0.000098037
400,compute-0-1,0.000062660,-0.000046701,0.000081813
400,compute-0-2,0.000037808,-0.000096807,0.000090461
298,localhost,0.000486662,-0.000326964,0.001603928
400,compute-0-3,0.000044985,-0.000045269,0.000087308
298,compute-0-0,0.000000004,-0.000168129,0.000098037
298,compute-0-1,0.000061571,-0.000046701,0.000081813
298,compute-0-2,0.000036527,-0.000096807,0.000090461
298,compute-0-3,0.000044555,-0.000045269,0.000087308
401,localhost,0.000481850,-0.000326964,0.001603928
401,compute-0-0,0.000000004,-0.000168129,0.000098037
401,compute-0-1,0.000052235,-0.000046701,0.000081813
401,compute-0-2,0.000123028,-0.000098519,0.000091299
299,localhost,0.000481302,-0.000326964,0.001603928
401,compute-0-3,0.000040785,-0.000045269,0.000087308
299,compute-0-0,0.000000004,-0.000168129,0.000098037
299,compute-0-1,0.000051175,-0.000046701,0.000081813
299,compute-0-2,0.000120796,-0.000098519,0.000091299
299,compute-0-3,0.000040363,-0.000045269,0.000087308
402,localhost,0.000476490,-0.000326964,0.001603928
402,compute-0-0,0.000094927,-0.000102546,0.000098497
402,compute-0-1,0.000041834,-0.000046701,0.000081813
402,compute-0-2,0.000100930,-0.000098519,0.000091299
300,localhost,0.000475951,-0.000326964,0.001603928
402,compute-0-3,0.000036592,-0.000045269,0.000087308
300,compute-0-0,0.000093016,-0.000102546,0.000098497
300,compute-0-1,0.000040789,-0.000046701,0.000081813
300,compute-0-2,0.000098712,-0.000098519,0.000091299
300,compute-0-3,0.000036169,-0.000045269,0.000087308
403,localhost,0.000471136,-0.000326964,0.001603928
403,compute-0-0,0.000076006,-0.000102546,0.000098497
403,compute-0-1,0.000031438,-0.000046701,0.000081813
403,compute-0-2,0.000078834,-0.000098519,0.000091299
301,localhost,0.000470596,-0.000326964,0.001603928
403,compute-0-3,0.000032394,-0.000045269,0.000087308
301,compute-0-0,0.000074083,-0.000102546,0.000098497
301,compute-0-1,0.000030379,-0.000046701,0.000081813
301,compute-0-2,0.000076589,-0.000098519,0.000091299
301,compute-0-3,0.000031969,-0.000045269,0.000087308
404,localhost,0.000465777,-0.000326964,0.001603928
404,compute-0-0,0.000057064,-0.000102546,0.000098497
404,compute-0-1,0.000021034,-0.000046701,0.000081813
404,compute-0-2,0.000056710,-0.000098519,0.000091299
302,localhost,0.000465235,-0.000326964,0.001603928
404,compute-0-3,0.000028196,-0.000045269,0.000087308
302,compute-0-0,0.000055143,-0.000102546,0.000098497
302,compute-0-1,0.000019982,-0.000046701,0.000081813
302,compute-0-2,0.000054490,-0.000098519,0.000091299
302,compute-0-3,0.000027765,-0.000045269,0.000087308
405,localhost,0.000460416,-0.000326964,0.001603928
405,compute-0-0,0.000038102,-0.000102546,0.000098497
405,compute-0-1,0.000010624,-0.000046701,0.000081813
405,compute-0-2,0.000034607,-0.000098519,0.000091299
303,localhost,0.000459869,-0.000326964,0.001603928
405,compute-0-3,0.000024001,-0.000045269,0.000087308
303,compute-0-0,0.000036174,-0.000102546,0.000098497
303,compute-0-1,0.000013381,-0.000003301,0.000077622
303,compute-0-2,0.000032351,-0.000098519,0.000091299
303,compute-0-3,0.000023572,-0.000045269,0.000087308
406,localhost,0.000455061,-0.000326964,0.001603928
406,compute-0-0,0.000019175,-0.000102546,0.000098497
406,compute-0-1,0.000013036,-0.000003301,0.000077622
406,compute-0-2,0.000012463,-0.000098519,0.000091299
304,localhost,0.000454515,-0.000326964,0.001603928
406,compute-0-3,0.000016337,+0.000004749,0.000082841
304,compute-0-0,0.000017256,-0.000102546,0.000098497
304,compute-0-1,0.000012997,-0.000003301,0.000077622
304,compute-0-2,0.000010252,-0.000098519,0.000091299
304,compute-0-3,0.000016262,+0.000004749,0.000082841
407,localhost,0.000449695,-0.000326964,0.001603928
407,compute-0-0,0.000000209,-0.000102546,0.000098497
407,compute-0-1,0.000012651,-0.000003301,0.000077622
407,compute-0-2,0.000004597,+0.000004597,0.000086626
305,localhost,0.000449158,-0.000326964,0.001603928
407,compute-0-3,0.000015595,+0.000004749,0.000082841
305,compute-0-0,0.000000000,-0.000102546,0.000098497
305,compute-0-1,0.000012613,-0.000003301,0.000077622
305,compute-0-2,0.000004594,+0.000004597,0.000086626
305,compute-0-3,0.000015520,+0.000004749,0.000082841
408,localhost,0.000444335,-0.000326964,0.001603928
408,compute-0-0,0.000000337,-0.000000337,0.000093443
408,compute-0-1,0.000012267,-0.000003301,0.000077622
408,compute-0-2,0.000004568,+0.000004597,0.000086626
306,localhost,0.000443798,-0.000326964,0.001603928
408,compute-0-3,0.000014852,+0.000004749,0.000082841
306,compute-0-0,0.000000337,-0.000000337,0.000093443
306,compute-0-1,0.000012229,-0.000003301,0.000077622
306,compute-0-2,0.000004566,+0.000004597,0.000086626
306,compute-0-3,0.000014779,+0.000004749,0.000082841
409,localhost,0.000438967,-0.000326964,0.001603928
409,compute-0-0,0.000000337,-0.000000337,0.000093443
409,compute-0-1,0.000011882,-0.000003301,0.000077622
409,compute-0-2,0.000004540,+0.000004597,0.000086626
307,localhost,0.000438441,-0.000326964,0.001603928
409,compute-0-3,0.000014108,+0.000004749,0.000082841
307,compute-0-0,0.000000337,-0.000000337,0.000093443
307,compute-0-1,0.000011845,-0.000003301,0.000077622
307,compute-0-2,0.000004538,+0.000004597,0.000086626
307,compute-0-3,0.000014037,+0.000004749,0.000082841
410,localhost,0.000433599,-0.000326964,0.001603928
410,compute-0-0,0.000000337,-0.000000337,0.000093443
410,compute-0-1,0.000011497,-0.000003301,0.000077622
410,compute-0-2,0.000004512,+0.000004597,0.000086626
308,localhost,0.000433084,-0.000326964,0.001603928
410,compute-0-3,0.000013366,+0.000004749,0.000082841
308,compute-0-0,0.000000337,-0.000000337,0.000093443
308,compute-0-1,0.000011460,-0.000003301,0.000077622
308,compute-0-2,0.000004509,+0.000004597,0.000086626
308,compute-0-3,0.000013296,+0.000004749,0.000082841
411,localhost,0.000428236,-0.000326964,0.001603928
411,compute-0-0,0.000000337,-0.000000337,0.000093443
411,compute-0-1,0.000005828,+0.000017029,0.000073835
411,compute-0-2,0.000004484,+0.000004597,0.000086626
309,localhost,0.000427728,-0.000326964,0.001603928
411,compute-0-3,0.000012623,+0.000004749,0.000082841
309,compute-0-0,0.000000337,-0.000000337,0.000093443
309,compute-0-1,0.000005821,+0.000017029,0.000073835
309,compute-0-2,0.000004481,+0.000004597,0.000086626
309,compute-0-3,0.000012554,+0.000004749,0.000082841
412,localhost,0.000422870,-0.000326964,0.001603928
412,compute-0-0,0.000000336,-0.000000337,0.000093443
412,compute-0-1,0.000005752,+0.000017029,0.000073835
412,compute-0-2,0.000004456,+0.000004597,0.000086626
310,localhost,0.000422373,-0.000326964,0.001603928
412,compute-0-3,0.000040096,-0.000029254,0.000079133
310,compute-0-0,0.000000336,-0.000000337,0.000093443
310,compute-0-1,0.000005745,+0.000017029,0.000073835
310,compute-0-2,0.000004453,+0.000004597,0.000086626
310,compute-0-3,0.000039872,-0.000029254,0.000079133
413,localhost,0.000417506,-0.000326964,0.001603928
413,compute-0-0,0.000000336,-0.000000337,0.000093443
413,compute-0-1,0.000005676,+0.000017029,0.000073835
413,compute-0-2,0.000048707,+0.000046782,0.000083502
311,localhost,0.000417011,-0.000326964,0.001603928
413,compute-0-3,0.000037678,-0.000029254,0.000079133
311,compute-0-0,0.000083923,+0.000084796,0.000092614
311,compute-0-1,0.000005669,+0.000017029,0.000073835
311,compute-0-2,0.000048370,+0.000046782,0.000083502
311,compute-0-3,0.000037449,-0.000029254,0.000079133
414,localhost,0.000412153,-0.000326964,0.001603928
414,compute-0-0,0.000074370,+0.000084796,0.000092614
414,compute-0-1,0.000005600,+0.000017029,0.000073835
414,compute-0-2,0.000045055,+0.000046782,0.000083502
312,localhost,0.000411646,-0.000326964,0.001603928
414,compute-0-3,0.000035252,-0.000029254,0.000079133
312,compute-0-0,0.000073382,+0.000084796,0.000092614
312,compute-0-1,0.000005593,+0.000017029,0.000073835
312,compute-0-2,0.000044710,+0.000046782,0.000083502
312,compute-0-3,0.000035029,-0.000029254,0.000079133
415,localhost,0.000406781,-0.000326964,0.001603928
415,compute-0-0,0.000063824,+0.000084796,0.000092614
415,compute-0-1,0.000005524,+0.000017029,0.000073835
415,compute-0-2,0.000041395,+0.000046782,0.000083502
313,localhost,0.000406287,-0.000326964,0.001603928
415,compute-0-3,0.000032833,-0.000029254,0.000079133
313,compute-0-0,0.000062853,+0.000084796,0.000092614
313,compute-0-1,0.000005517,+0.000017029,0.000073835
313,compute-0-2,0.000041061,+0.000046782,0.000083502
313,compute-0-3,0.000032609,-0.000029254,0.000079133
416,localhost,0.000401422,-0.000326964,0.001603928
416,compute-0-0,0.000053286,+0.000084796,0.000092614
416,compute-0-1,0.000005448,+0.000017029,0.000073835
416,compute-0-2,0.000037737,+0.000046782,0.000083502
314,localhost,0.000400928,-0.000326964,0.001603928
416,compute-0-3,0.000030410,-0.000029254,0.000079133
314,compute-0-0,0.000052325,+0.000084796,0.000092614
314,compute-0-1,0.000005441,+0.000017029,0.000073835
314,compute-0-2,0.000037407,+0.000046782,0.000083502
314,compute-0-3,0.000030188,-0.000029254,0.000079133
417,localhost,0.000396057,-0.000326964,0.001603928
417,compute-0-0,0.000042751,+0.000084796,0.000092614
417,compute-0-1,0.000000064,+0.000057620,0.000072377
417,compute-0-2,0.000034084,+0.000046782,0.000083502
315,localhost,0.000395566,-0.000326964,0.001603928
417,compute-0-3,0.000027990,-0.000029254,0.000079133
315,compute-0-0,0.000041797,+0.000084796,0.000092614
315,compute-0-1,0.000000064,+0.000057620,0.000072377
315,compute-0-2,0.000033753,+0.000046782,0.000083502
315,compute-0-3,0.000027769,-0.000029254,0.000079133
418,localhost,0.000390700,-0.000326964,0.001603928
418,compute-0-0,0.000032226,+0.000084796,0.000092614
418,compute-0-1,0.000000064,+0.000057620,0.000072377
418,compute-0-2,0.000030434,+0.000046782,0.000083502
316,localhost,0.000390209,-0.000326964,0.001603928
418,compute-0-3,0.000000057,+0.000085573,0.000079800
316,compute-0-0,0.000031266,+0.000084796,0.000092614
316,compute-0-1,0.000000064,+0.000057620,0.000072377
316,compute-0-2,0.000060081,+0.000041051,0.000080273
316,compute-0-3,0.000000057,+0.000085573,0.000079800
419,localhost,0.000385339,-0.000326964,0.001603928
419,compute-0-0,0.000088420,+0.000095762,0.000092934
419,compute-0-1,0.000000064,+0.000057620,0.000072377
419,compute-0-2,0.000000060,+0.000041051,0.000080273
317,localhost,0.000384850,-0.000326964,0.001603928
419,compute-0-3,0.000000057,+0.000085573,0.000079800
317,compute-0-0,0.000073844,+0.000095762,0.000092934
317,compute-0-1,0.000000064,+0.000057620,0.000072377
317,compute-0-2,0.000000060,+0.000041051,0.000080273
317,compute-0-3,0.000000057,+0.000085573,0.000079800
420,localhost,0.000379974,-0.000326964,0.001603928
420,compute-0-0,0.000000074,+0.000095762,0.000092934
420,compute-0-1,0.000000063,+0.000057620,0.000072377
420,compute-0-2,0.000000060,+0.000041051,0.000080273
318,localhost,0.000379495,-0.000326964,0.001603928
420,compute-0-3,0.000000057,+0.000085573,0.000079800
318,compute-0-0,0.000000074,+0.000095762,0.000092934
318,compute-0-1,0.000000063,+0.000057620,0.000072377
318,compute-0-2,0.000000060,+0.000041051,0.000080273
318,compute-0-3,0.000000057,+0.000085573,0.000079800
421,localhost,0.000374605,-0.000326964,0.001603928
421,compute-0-0,0.000000074,+0.000095762,0.000092934
421,compute-0-1,0.000000063,+0.000057620,0.000072377
319,localhost,0.000374134,-0.000326964,0.001603928
421,compute-0-2,0.000000060,+0.000041051,0.000080273
421,compute-0-3,0.000000057,+0.000085573,0.000079800
319,compute-0-0,0.000000074,+0.000095762,0.000092934
319,compute-0-1,0.000000063,+0.000057620,0.000072377
319,compute-0-2,0.000000060,+0.000041051,0.000080273
319,compute-0-3,0.000000057,+0.000085573,0.000079800
422,localhost,0.000369243,-0.000326964,0.001603928
422,compute-0-0,0.000000074,+0.000095762,0.000092934
422,compute-0-1,0.000000063,+0.000057620,0.000072377
320,localhost,0.000368774,-0.000326964,0.001603928
422,compute-0-2,0.000000060,+0.000041051,0.000080273
422,compute-0-3,0.000000057,+0.000085573,0.000079800
320,compute-0-0,0.000000074,+0.000095762,0.000092934
320,compute-0-1,0.000000063,+0.000057620,0.000072377
320,compute-0-2,0.000000060,+0.000041051,0.000080273
320,compute-0-3,0.000000057,+0.000085573,0.000079800
423,localhost,0.000363874,-0.000326964,0.001603928
423,compute-0-0,0.000000074,+0.000095762,0.000092934
423,compute-0-1,0.000006120,+0.000008947,0.000068721
321,localhost,0.000363417,-0.000326964,0.001603928
423,compute-0-2,0.000000060,+0.000041051,0.000080273
321,compute-0-0,0.000000074,+0.000095762,0.000092934
423,compute-0-3,0.000000565,-0.000000513,0.000075705
321,compute-0-1,0.000005795,+0.000008947,0.000068721
321,compute-0-2,0.000000060,+0.000041051,0.000080273
321,compute-0-3,0.000000563,-0.000000513,0.000075705
424,localhost,0.000358511,-0.000326964,0.001603928
424,compute-0-0,0.000000074,+0.000095762,0.000092934
424,compute-0-1,0.000002303,+0.000008947,0.000068721
322,localhost,0.000358049,-0.000326964,0.001603928
424,compute-0-2,0.000003999,+0.000004273,0.000076166
424,compute-0-3,0.000000541,-0.000000513,0.000075705
322,compute-0-0,0.000000074,+0.000095762,0.000092934
322,compute-0-1,0.000001972,+0.000008947,0.000068721
322,compute-0-2,0.000003922,+0.000004273,0.000076166
322,compute-0-3,0.000000539,-0.000000513,0.000075705
425,localhost,0.000353149,-0.000326964,0.001603928
425,compute-0-0,0.000004101,-0.000004141,0.000088174
425,compute-0-1,0.000000002,+0.000008947,0.000068721
323,localhost,0.000352690,-0.000326964,0.001603928
425,compute-0-2,0.000003109,+0.000004273,0.000076166
425,compute-0-3,0.000000518,-0.000000513,0.000075705
323,compute-0-0,0.000004080,-0.000004141,0.000088174
323,compute-0-1,0.000000002,+0.000008947,0.000068721
323,compute-0-2,0.000003032,+0.000004273,0.000076166
323,compute-0-3,0.000000516,-0.000000513,0.000075705
426,localhost,0.000347782,-0.000326964,0.001603928
426,compute-0-0,0.000003861,-0.000004141,0.000088174
426,compute-0-1,0.000000002,+0.000008947,0.000068721
324,localhost,0.000347330,-0.000326964,0.001603928
426,compute-0-2,0.000002219,+0.000004273,0.000076166
426,compute-0-3,0.000000494,-0.000000513,0.000075705
324,compute-0-0,0.000003840,-0.000004141,0.000088174
324,compute-0-1,0.000000002,+0.000008947,0.000068721
324,compute-0-2,0.000002142,+0.000004273,0.000076166
324,compute-0-3,0.000000492,-0.000000513,0.000075705
427,localhost,0.000342428,-0.000326964,0.001603928
427,compute-0-0,0.000003620,-0.000004141,0.000088174
427,compute-0-1,0.000000002,+0.000008947,0.000068721
325,localhost,0.000341970,-0.000326964,0.001603928
427,compute-0-2,0.000001328,+0.000004273,0.000076166
325,compute-0-0,0.000003600,-0.000004141,0.000088174
427,compute-0-3,0.000000470,-0.000000513,0.000075705
325,compute-0-1,0.000000002,+0.000008947,0.000068721
325,compute-0-2,0.000001253,+0.000004273,0.000076166
325,compute-0-3,0.000000468,-0.000000513,0.000075705
428,localhost,0.000337062,-0.000326964,0.001603928
428,compute-0-0,0.000003380,-0.000004141,0.000088174
428,compute-0-1,0.000005811,-0.000005818,0.000065221
326,localhost,0.000336614,-0.000326964,0.001603928
428,compute-0-2,0.000000437,+0.000004273,0.000076166
326,compute-0-0,0.000003360,-0.000004141,0.000088174
428,compute-0-3,0.000000446,-0.000000513,0.000075705
326,compute-0-1,0.000005698,-0.000005818,0.000065221
326,compute-0-2,0.000000364,+0.000004273,0.000076166
326,compute-0-3,0.000000445,-0.000000513,0.000075705
429,localhost,0.000331699,-0.000326964,0.001603928
429,compute-0-0,0.000003140,-0.000004141,0.000088174
429,compute-0-1,0.000004449,-0.000005818,0.000065221
327,localhost,0.000331256,-0.000326964,0.001603928
429,compute-0-2,0.000000000,+0.000004273,0.000076166
327,compute-0-0,0.000003120,-0.000004141,0.000088174
429,compute-0-3,0.000000619,-0.000000199,0.000071820
327,compute-0-1,0.000004337,-0.000005818,0.000065221
327,compute-0-2,0.000000000,+0.000004273,0.000076166
327,compute-0-3,0.000000617,-0.000000199,0.000071820
430,localhost,0.000326337,-0.000326964,0.001603928
430,compute-0-0,0.000002900,-0.000004141,0.000088174
430,compute-0-1,0.000003086,-0.000005818,0.000065221
328,localhost,0.000325898,-0.000326964,0.001603928
430,compute-0-2,0.000002917,-0.000003162,0.000072264
328,compute-0-0,0.000002881,-0.000004141,0.000088174
430,compute-0-3,0.000000590,-0.000000199,0.000071820
328,compute-0-1,0.000002975,-0.000005818,0.000065221
328,compute-0-2,0.000002876,-0.000003162,0.000072264
328,compute-0-3,0.000000587,-0.000000199,0.000071820
431,localhost,0.000320964,-0.000326964,0.001603928
431,compute-0-0,0.000012095,-0.000014498,0.000083775
431,compute-0-1,0.000001722,-0.000005818,0.000065221
329,localhost,0.000320528,-0.000326964,0.001603928
431,compute-0-2,0.000002416,-0.000003162,0.000072264
329,compute-0-0,0.000011548,-0.000014498,0.000083775
431,compute-0-3,0.000000561,-0.000000199,0.000071820
329,compute-0-1,0.000001611,-0.000005818,0.000065221
329,compute-0-2,0.000002375,-0.000003162,0.000072264
329,compute-0-3,0.000000558,-0.000000199,0.000071820
432,localhost,0.000315602,-0.000326964,0.001603928
432,compute-0-0,0.000005410,-0.000014498,0.000083775
432,compute-0-1,0.000000360,-0.000005818,0.000065221
330,localhost,0.000315170,-0.000326964,0.001603928
432,compute-0-2,0.000001916,-0.000003162,0.000072264
330,compute-0-0,0.000004868,-0.000014498,0.000083775
432,compute-0-3,0.000000532,-0.000000199,0.000071820
330,compute-0-1,0.000000250,-0.000005818,0.000065221
330,compute-0-2,0.000001876,-0.000003162,0.000072264
330,compute-0-3,0.000000529,-0.000000199,0.000071820
433,localhost,0.000310242,-0.000326964,0.001603928
433,compute-0-0,0.000000005,-0.000014498,0.000083775
433,compute-0-1,0.000000000,-0.000005818,0.000065221
331,localhost,0.000309816,-0.000326964,0.001603928
433,compute-0-2,0.000001416,-0.000003162,0.000072264
331,compute-0-0,0.000000005,-0.000014498,0.000083775
433,compute-0-3,0.000000503,-0.000000199,0.000071820
331,compute-0-1,0.000000000,-0.000005818,0.000065221
331,compute-0-2,0.000001376,-0.000003162,0.000072264
331,compute-0-3,0.000000500,-0.000000199,0.000071820
434,localhost,0.000304878,-0.000326964,0.001603928
434,compute-0-0,0.000000005,-0.000014498,0.000083775
434,compute-0-1,0.000003448,-0.000003707,0.000061885
332,localhost,0.000304456,-0.000326964,0.001603928
434,compute-0-2,0.000000916,-0.000003162,0.000072264
332,compute-0-0,0.000000005,-0.000014498,0.000083775
434,compute-0-3,0.000000473,-0.000000199,0.000071820
332,compute-0-1,0.000003383,-0.000003707,0.000061885
332,compute-0-2,0.000000877,-0.000003162,0.000072264
332,compute-0-3,0.000000471,-0.000000199,0.000071820
435,localhost,0.000299511,-0.000326964,0.001603928
435,compute-0-0,0.000000005,-0.000014498,0.000083775
435,compute-0-1,0.000002624,-0.000003707,0.000061885
333,localhost,0.000299098,-0.000326964,0.001603928
435,compute-0-2,0.000000415,-0.000003162,0.000072264
333,compute-0-0,0.000000005,-0.000014498,0.000083775
435,compute-0-3,0.000000823,-0.000000408,0.000068135
333,compute-0-1,0.000002561,-0.000003707,0.000061885
333,compute-0-2,0.000000377,-0.000003162,0.000072264
333,compute-0-3,0.000000817,-0.000000408,0.000068135
436,localhost,0.000294145,-0.000326964,0.001603928
436,compute-0-0,0.000003157,-0.000003189,0.000079482
436,compute-0-1,0.000001802,-0.000003707,0.000061885
334,localhost,0.000293738,-0.000326964,0.001603928
436,compute-0-2,0.000004123,+0.000004786,0.000068573
334,compute-0-0,0.000003130,-0.000003189,0.000079482
436,compute-0-3,0.000000752,-0.000000408,0.000068135
334,compute-0-1,0.000001740,-0.000003707,0.000061885
334,compute-0-2,0.000004093,+0.000004786,0.000068573
334,compute-0-3,0.000000746,-0.000000408,0.000068135
437,localhost,0.000288785,-0.000326964,0.001603928
437,compute-0-0,0.000002801,-0.000003189,0.000079482
437,compute-0-1,0.000000982,-0.000003707,0.000061885
335,localhost,0.000288370,-0.000326964,0.001603928
437,compute-0-2,0.000003720,+0.000004786,0.000068573
335,compute-0-0,0.000002773,-0.000003189,0.000079482
437,compute-0-3,0.000000680,-0.000000408,0.000068135
335,compute-0-1,0.000000919,-0.000003707,0.000061885
335,compute-0-2,0.000003689,+0.000004786,0.000068573
335,compute-0-3,0.000000675,-0.000000408,0.000068135
438,localhost,0.000283426,-0.000326964,0.001603928
438,compute-0-0,0.000002445,-0.000003189,0.000079482
438,compute-0-1,0.000000161,-0.000003707,0.000061885
336,localhost,0.000283006,-0.000326964,0.001603928
438,compute-0-2,0.000003317,+0.000004786,0.000068573
336,compute-0-0,0.000002417,-0.000003189,0.000079482
438,compute-0-3,0.000000609,-0.000000408,0.000068135
336,compute-0-1,0.000000097,-0.000003707,0.000061885
336,compute-0-2,0.000003286,+0.000004786,0.000068573
336,compute-0-3,0.000000603,-0.000000408,0.000068135
439,localhost,0.000278067,-0.000326964,0.001603928
439,compute-0-0,0.000002089,-0.000003189,0.000079482
439,compute-0-1,0.000000000,-0.000003707,0.000061885
337,localhost,0.000277638,-0.000326964,0.001603928
439,compute-0-2,0.000002915,+0.000004786,0.000068573
337,compute-0-0,0.000002060,-0.000003189,0.000079482
439,compute-0-3,0.000000538,-0.000000408,0.000068135
337,compute-0-1,0.000000000,-0.000003707,0.000061885
337,compute-0-2,0.000002883,+0.000004786,0.000068573
337,compute-0-3,0.000000532,-0.000000408,0.000068135
440,localhost,0.000272710,-0.000326964,0.001603928
440,compute-0-0,0.000001733,-0.000003189,0.000079482
440,compute-0-1,0.000000290,+0.000000293,0.000058709
338,localhost,0.000272277,-0.000326964,0.001603928
440,compute-0-2,0.000002512,+0.000004786,0.000068573
338,compute-0-0,0.000001704,-0.000003189,0.000079482
440,compute-0-3,0.000000467,-0.000000408,0.000068135
338,compute-0-1,0.000000290,+0.000000293,0.000058709
338,compute-0-2,0.000002480,+0.000004786,0.000068573
338,compute-0-3,0.000000482,+0.000000951,0.000064639
441,localhost,0.000267351,-0.000326964,0.001603928
441,compute-0-0,0.000001377,-0.000003189,0.000079482
441,compute-0-1,0.000000285,+0.000000293,0.000058709
339,localhost,0.000266912,-0.000326964,0.001603928
441,compute-0-2,0.000005538,+0.000003442,0.000065063
339,compute-0-0,0.000001348,-0.000003189,0.000079482
441,compute-0-3,0.000000453,+0.000000951,0.000064639
339,compute-0-1,0.000000285,+0.000000293,0.000058709
339,compute-0-2,0.000005489,+0.000003442,0.000065063
339,compute-0-3,0.000000450,+0.000000951,0.000064639
442,localhost,0.000261997,-0.000326964,0.001603928
442,compute-0-0,0.000010070,+0.000012278,0.000075504
442,compute-0-1,0.000000280,+0.000000293,0.000058709
340,localhost,0.000261556,-0.000326964,0.001603928
442,compute-0-2,0.000004935,+0.000003442,0.000065063
340,compute-0-0,0.000009818,+0.000012278,0.000075504
442,compute-0-3,0.000000421,+0.000000951,0.000064639
340,compute-0-1,0.000000280,+0.000000293,0.000058709
340,compute-0-2,0.000004887,+0.000003442,0.000065063
340,compute-0-3,0.000000418,+0.000000951,0.000064639
443,localhost,0.000256631,-0.000326964,0.001603928
443,compute-0-0,0.000007000,+0.000012278,0.000075504
443,compute-0-1,0.000000275,+0.000000293,0.000058709
341,localhost,0.000256194,-0.000326964,0.001603928
443,compute-0-2,0.000004333,+0.000003442,0.000065063
341,compute-0-0,0.000006749,+0.000012278,0.000075504
443,compute-0-3,0.000000389,+0.000000951,0.000064639
341,compute-0-1,0.000000275,+0.000000293,0.000058709
341,compute-0-2,0.000004284,+0.000003442,0.000065063
341,compute-0-3,0.000000386,+0.000000951,0.000064639
444,localhost,0.000251266,-0.000326964,0.001603928
444,compute-0-0,0.000003929,+0.000012278,0.000075504
444,compute-0-1,0.000000270,+0.000000293,0.000058709
342,localhost,0.000250834,-0.000326964,0.001603928
444,compute-0-2,0.000003730,+0.000003442,0.000065063
342,compute-0-0,0.000003686,+0.000012278,0.000075504
444,compute-0-3,0.000000356,+0.000000951,0.000064639
342,compute-0-1,0.000000270,+0.000000293,0.000058709
342,compute-0-2,0.000003683,+0.000003442,0.000065063
342,compute-0-3,0.000000354,+0.000000951,0.000064639
445,localhost,0.000245905,-0.000326964,0.001603928
445,compute-0-0,0.000000864,+0.000012278,0.000075504
445,compute-0-1,0.000000265,+0.000000293,0.000058709
343,localhost,0.000245482,-0.000326964,0.001603928
445,compute-0-2,0.000003128,+0.000003442,0.000065063
343,compute-0-0,0.000000620,+0.000012278,0.000075504
445,compute-0-3,0.000000324,+0.000000951,0.000064639
343,compute-0-1,0.000000265,+0.000000293,0.000058709
343,compute-0-2,0.000003081,+0.000003442,0.000065063
343,compute-0-3,0.000000322,+0.000000951,0.000064639
446,localhost,0.000240539,-0.000326964,0.001603928
446,compute-0-0,0.000000001,+0.000012278,0.000075504
446,compute-0-1,0.000007327,+0.000008117,0.000055756
344,localhost,0.000240117,-0.000326964,0.001603928
446,compute-0-2,0.000002525,+0.000003442,0.000065063
344,compute-0-0,0.000000001,+0.000012278,0.000075504
446,compute-0-3,0.000001837,-0.000002192,0.000061326
344,compute-0-1,0.000007235,+0.000008117,0.000055756
344,compute-0-2,0.000002478,+0.000003442,0.000065063
344,compute-0-3,0.000001825,-0.000002192,0.000061326
447,localhost,0.000235171,-0.000326964,0.001603928
447,compute-0-0,0.000000001,+0.000012278,0.000075504
447,compute-0-1,0.000006155,+0.000008117,0.000055756
345,localhost,0.000234754,-0.000326964,0.001603928
447,compute-0-2,0.000011496,+0.000010177,0.000061808
345,compute-0-0,0.000000001,+0.000012278,0.000075504
447,compute-0-3,0.000001684,-0.000002192,0.000061326
345,compute-0-1,0.000006065,+0.000008117,0.000055756
345,compute-0-2,0.000011298,+0.000010177,0.000061808
345,compute-0-3,0.000001672,-0.000002192,0.000061326
448,localhost,0.000229804,-0.000326964,0.001603928
448,compute-0-0,0.000001884,-0.000001940,0.000071632
448,compute-0-1,0.000004984,+0.000008117,0.000055756
346,localhost,0.000229385,-0.000326964,0.001603928
448,compute-0-2,0.000008958,+0.000010177,0.000061808
346,compute-0-0,0.000001877,-0.000001940,0.000071632
448,compute-0-3,0.000001531,-0.000002192,0.000061326
346,compute-0-1,0.000004893,+0.000008117,0.000055756
346,compute-0-2,0.000008763,+0.000010177,0.000061808
346,compute-0-3,0.000001519,-0.000002192,0.000061326
449,localhost,0.000224443,-0.000326964,0.001603928
449,compute-0-0,0.000001796,-0.000001940,0.000071632
449,compute-0-1,0.000003814,+0.000008117,0.000055756
347,localhost,0.000224021,-0.000326964,0.001603928
449,compute-0-2,0.000006421,+0.000010177,0.000061808
347,compute-0-0,0.000001789,-0.000001940,0.000071632
449,compute-0-3,0.000001379,-0.000002192,0.000061326
347,compute-0-1,0.000003723,+0.000008117,0.000055756
347,compute-0-2,0.000006223,+0.000010177,0.000061808
347,compute-0-3,0.000001367,-0.000002192,0.000061326
450,localhost,0.000219084,-0.000326964,0.001603928
450,compute-0-0,0.000001707,-0.000001940,0.000071632
450,compute-0-1,0.000002645,+0.000008117,0.000055756
348,localhost,0.000218665,-0.000326964,0.001603928
450,compute-0-2,0.000003887,+0.000010177,0.000061808
348,compute-0-0,0.000001700,-0.000001940,0.000071632
450,compute-0-3,0.000001226,-0.000002192,0.000061326
348,compute-0-1,0.000002553,+0.000008117,0.000055756
348,compute-0-2,0.000003687,+0.000010177,0.000061808
348,compute-0-3,0.000001214,-0.000002192,0.000061326
451,localhost,0.000213720,-0.000326964,0.001603928
451,compute-0-0,0.000001618,-0.000001940,0.000071632
451,compute-0-1,0.000006474,+0.000005066,0.000052919
349,localhost,0.000213300,-0.000326964,0.001603928
451,compute-0-2,0.000001346,+0.000010177,0.000061808
349,compute-0-0,0.000001611,-0.000001940,0.000071632
451,compute-0-3,0.000001073,-0.000002192,0.000061326
349,compute-0-1,0.000006360,+0.000005066,0.000052919
349,compute-0-2,0.000001150,+0.000010177,0.000061808
349,compute-0-3,0.000001061,-0.000002192,0.000061326
452,localhost,0.000208352,-0.000326964,0.001603928
452,compute-0-0,0.000001529,-0.000001940,0.000071632
452,compute-0-1,0.000005006,+0.000005066,0.000052919
350,localhost,0.000207936,-0.000326964,0.001603928
452,compute-0-2,0.000000001,+0.000010177,0.000061808
350,compute-0-0,0.000001523,-0.000001940,0.000071632
452,compute-0-3,0.000001515,-0.000000551,0.000058179
350,compute-0-1,0.000004896,+0.000005066,0.000052919
350,compute-0-2,0.000000001,+0.000010177,0.000061808
350,compute-0-3,0.000001508,-0.000000551,0.000058179
453,localhost,0.000202987,-0.000326964,0.001603928
453,compute-0-0,0.000001441,-0.000001940,0.000071632
453,compute-0-1,0.000003540,+0.000005066,0.000052919
351,localhost,0.000202584,-0.000326964,0.001603928
453,compute-0-2,0.000003812,+0.000004010,0.000058650
351,compute-0-0,0.000001434,-0.000001940,0.000071632
453,compute-0-3,0.000001428,-0.000000551,0.000058179
351,compute-0-1,0.000003431,+0.000005066,0.000052919
351,compute-0-2,0.000003788,+0.000004010,0.000058650
351,compute-0-3,0.000001422,-0.000000551,0.000058179
454,localhost,0.000197627,-0.000326964,0.001603928
454,compute-0-0,0.000003733,-0.000002642,0.000067961
454,compute-0-1,0.000002075,+0.000005066,0.000052919
352,localhost,0.000197231,-0.000326964,0.001603928
454,compute-0-2,0.000003485,+0.000004010,0.000058650
352,compute-0-0,0.000003705,-0.000002642,0.000067961
454,compute-0-3,0.000001342,-0.000000551,0.000058179
352,compute-0-1,0.000001967,+0.000005066,0.000052919
352,compute-0-2,0.000003460,+0.000004010,0.000058650
352,compute-0-3,0.000001336,-0.000000551,0.000058179
455,localhost,0.000192266,-0.000326964,0.001603928
455,compute-0-0,0.000003346,-0.000002642,0.000067961
455,compute-0-1,0.000000609,+0.000005066,0.000052919
353,localhost,0.000191866,-0.000326964,0.001603928
455,compute-0-2,0.000003157,+0.000004010,0.000058650
353,compute-0-0,0.000003317,-0.000002642,0.000067961
455,compute-0-3,0.000001256,-0.000000551,0.000058179
353,compute-0-1,0.000000501,+0.000005066,0.000052919
353,compute-0-2,0.000003133,+0.000004010,0.000058650
353,compute-0-3,0.000001249,-0.000000551,0.000058179
456,localhost,0.000186911,-0.000326964,0.001603928
456,compute-0-0,0.000002959,-0.000002642,0.000067961
456,compute-0-1,0.000000001,+0.000005066,0.000052919
354,localhost,0.000186501,-0.000326964,0.001603928
456,compute-0-2,0.000002830,+0.000004010,0.000058650
354,compute-0-0,0.000002929,-0.000002642,0.000067961
456,compute-0-3,0.000001169,-0.000000551,0.000058179
354,compute-0-1,0.000000001,+0.000005066,0.000052919
354,compute-0-2,0.000002805,+0.000004010,0.000058650
354,compute-0-3,0.000001163,-0.000000551,0.000058179
457,localhost,0.000181542,-0.000326964,0.001603928
457,compute-0-0,0.000002570,-0.000002642,0.000067961
457,compute-0-1,0.000003531,-0.000003761,0.000050217
355,localhost,0.000181131,-0.000326964,0.001603928
457,compute-0-2,0.000002502,+0.000004010,0.000058650
355,compute-0-0,0.000002541,-0.000002642,0.000067961
457,compute-0-3,0.000001083,-0.000000551,0.000058179
355,compute-0-1,0.000003500,-0.000003761,0.000050217
355,compute-0-2,0.000002477,+0.000004010,0.000058650
355,compute-0-3,0.000002289,-0.000001218,0.000055195
458,localhost,0.000176187,-0.000326964,0.001603928
458,compute-0-0,0.000002184,-0.000002642,0.000067961
458,compute-0-1,0.000003130,-0.000003761,0.000050217
356,localhost,0.000175755,-0.000326964,0.001603928
458,compute-0-2,0.000002176,+0.000004010,0.000058650
356,compute-0-0,0.000002153,-0.000002642,0.000067961
458,compute-0-3,0.000002148,-0.000001218,0.000055195
356,compute-0-1,0.000003097,-0.000003761,0.000050217
356,compute-0-2,0.000008543,+0.000006399,0.000055677
356,compute-0-3,0.000002136,-0.000001218,0.000055195
459,localhost,0.000170822,-0.000326964,0.001603928
459,compute-0-0,0.000002511,-0.000000683,0.000064474
459,compute-0-1,0.000002726,-0.000003761,0.000050217
357,localhost,0.000170388,-0.000326964,0.001603928
459,compute-0-2,0.000006894,+0.000006399,0.000055677
357,compute-0-0,0.000002499,-0.000000683,0.000064474
459,compute-0-3,0.000001994,-0.000001218,0.000055195
357,compute-0-1,0.000002694,-0.000003761,0.000050217
357,compute-0-2,0.000006750,+0.000006399,0.000055677
357,compute-0-3,0.000001982,-0.000001218,0.000055195
460,localhost,0.000165466,-0.000326964,0.001603928
460,compute-0-0,0.000002366,-0.000000683,0.000064474
460,compute-0-1,0.000002323,-0.000003761,0.000050217
358,localhost,0.000165028,-0.000326964,0.001603928
460,compute-0-2,0.000005101,+0.000006399,0.000055677
358,compute-0-0,0.000002354,-0.000000683,0.000064474
460,compute-0-3,0.000001841,-0.000001218,0.000055195
358,compute-0-1,0.000002290,-0.000003761,0.000050217
358,compute-0-2,0.000004955,+0.000006399,0.000055677
358,compute-0-3,0.000001828,-0.000001218,0.000055195
461,localhost,0.000160102,-0.000326964,0.001603928
461,compute-0-0,0.000002220,-0.000000683,0.000064474
461,compute-0-1,0.000001920,-0.000003761,0.000050217
359,localhost,0.000159663,-0.000326964,0.001603928
461,compute-0-2,0.000003305,+0.000006399,0.000055677
359,compute-0-0,0.000002209,-0.000000683,0.000064474
461,compute-0-3,0.000001687,-0.000001218,0.000055195
359,compute-0-1,0.000001888,-0.000003761,0.000050217
359,compute-0-2,0.000003162,+0.000006399,0.000055677
359,compute-0-3,0.000001674,-0.000001218,0.000055195
462,localhost,0.000154734,-0.000326964,0.001603928
462,compute-0-0,0.000002075,-0.000000683,0.000064474
462,compute-0-1,0.000001517,-0.000003761,0.000050217
360,localhost,0.000154304,-0.000326964,0.001603928
462,compute-0-2,0.000001512,+0.000006399,0.000055677
360,compute-0-0,0.000002063,-0.000000683,0.000064474
462,compute-0-3,0.000001533,-0.000001218,0.000055195
360,compute-0-1,0.000001485,-0.000003761,0.000050217
360,compute-0-2,0.000001371,+0.000006399,0.000055677
360,compute-0-3,0.000001521,-0.000001218,0.000055195
463,localhost,0.000149368,-0.000326964,0.001603928
463,compute-0-0,0.000001930,-0.000000683,0.000064474
463,compute-0-1,0.000002290,-0.000000966,0.000047641
361,localhost,0.000148947,-0.000326964,0.001603928
463,compute-0-2,0.000000001,+0.000006399,0.000055677
361,compute-0-0,0.000001918,-0.000000683,0.000064474
463,compute-0-3,0.000006943,-0.000005774,0.000052394
361,compute-0-1,0.000002278,-0.000000966,0.000047641
361,compute-0-2,0.000000001,+0.000006399,0.000055677
361,compute-0-3,0.000006864,-0.000005774,0.000052394
464,localhost,0.000144001,-0.000326964,0.001603928
464,compute-0-0,0.000001784,-0.000000683,0.000064474
464,compute-0-1,0.000002126,-0.000000966,0.000047641
362,localhost,0.000143584,-0.000326964,0.001603928
464,compute-0-2,0.000001197,-0.000001205,0.000052821
362,compute-0-0,0.000001773,-0.000000683,0.000064474
464,compute-0-3,0.000005932,-0.000005774,0.000052394
362,compute-0-1,0.000002114,-0.000000966,0.000047641
362,compute-0-2,0.000001194,-0.000001205,0.000052821
362,compute-0-3,0.000005854,-0.000005774,0.000052394
465,localhost,0.000138642,-0.000326964,0.001603928
465,compute-0-0,0.000004007,-0.000002525,0.000061170
465,compute-0-1,0.000001963,-0.000000966,0.000047641
363,localhost,0.000138228,-0.000326964,0.001603928
465,compute-0-2,0.000001162,-0.000001205,0.000052821
363,compute-0-0,0.000003970,-0.000002525,0.000061170
465,compute-0-3,0.000004922,-0.000005774,0.000052394
363,compute-0-1,0.000001950,-0.000000966,0.000047641
363,compute-0-2,0.000001159,-0.000001205,0.000052821
363,compute-0-3,0.000004843,-0.000005774,0.000052394
466,localhost,0.000133281,-0.000326964,0.001603928
466,compute-0-0,0.000003523,-0.000002525,0.000061170
466,compute-0-1,0.000001799,-0.000000966,0.000047641
364,localhost,0.000132865,-0.000326964,0.001603928
466,compute-0-2,0.000001126,-0.000001205,0.000052821
364,compute-0-0,0.000003485,-0.000002525,0.000061170
466,compute-0-3,0.000003910,-0.000005774,0.000052394
364,compute-0-1,0.000001786,-0.000000966,0.000047641
364,compute-0-2,0.000001123,-0.000001205,0.000052821
364,compute-0-3,0.000003834,-0.000005774,0.000052394
467,localhost,0.000127915,-0.000326964,0.001603928
467,compute-0-0,0.000003037,-0.000002525,0.000061170
467,compute-0-1,0.000001635,-0.000000966,0.000047641
365,localhost,0.000127512,-0.000326964,0.001603928
467,compute-0-2,0.000001090,-0.000001205,0.000052821
365,compute-0-0,0.000003000,-0.000002525,0.000061170
467,compute-0-3,0.000002899,-0.000005774,0.000052394
365,compute-0-1,0.000001622,-0.000000966,0.000047641
365,compute-0-2,0.000001088,-0.000001205,0.000052821
365,compute-0-3,0.000002823,-0.000005774,0.000052394
468,localhost,0.000122555,-0.000326964,0.001603928
468,compute-0-0,0.000002551,-0.000002525,0.000061170
468,compute-0-1,0.000011534,-0.000011017,0.000045330
366,localhost,0.000122153,-0.000326964,0.001603928
468,compute-0-2,0.000001055,-0.000001205,0.000052821
366,compute-0-0,0.000002515,-0.000002525,0.000061170
468,compute-0-3,0.000001889,-0.000005774,0.000052394
366,compute-0-1,0.000011171,-0.000011017,0.000045330
366,compute-0-2,0.000001052,-0.000001205,0.000052821
366,compute-0-3,0.000001813,-0.000005774,0.000052394
469,localhost,0.000117197,-0.000326964,0.001603928
469,compute-0-0,0.000002067,-0.000002525,0.000061170
469,compute-0-1,0.000006727,-0.000011017,0.000045330
367,localhost,0.000116793,-0.000326964,0.001603928
469,compute-0-2,0.000001020,-0.000001205,0.000052821
367,compute-0-0,0.000002030,-0.000002525,0.000061170
469,compute-0-3,0.000003101,-0.000001799,0.000049709
367,compute-0-1,0.000006355,-0.000011017,0.000045330
367,compute-0-2,0.000001017,-0.000001205,0.000052821
367,compute-0-3,0.000003087,-0.000001799,0.000049709
470,localhost,0.000111842,-0.000326964,0.001603928
470,compute-0-0,0.000001582,-0.000002525,0.000061170
470,compute-0-1,0.000001917,-0.000011017,0.000045330
368,localhost,0.000111433,-0.000326964,0.001603928
470,compute-0-2,0.000001855,-0.000000903,0.000050111
368,compute-0-0,0.000001544,-0.000002525,0.000061170
470,compute-0-3,0.000002919,-0.000001799,0.000049709
368,compute-0-1,0.000001550,-0.000011017,0.000045330
368,compute-0-2,0.000001848,-0.000000903,0.000050111
368,compute-0-3,0.000002905,-0.000001799,0.000049709
471,localhost,0.000106480,-0.000326964,0.001603928
471,compute-0-0,0.000000526,+0.000000930,0.000058032
471,compute-0-1,0.000000002,-0.000011017,0.000045330
369,localhost,0.000106073,-0.000326964,0.001603928
471,compute-0-2,0.000001763,-0.000000903,0.000050111
369,compute-0-0,0.000000526,+0.000000930,0.000058032
471,compute-0-3,0.000002736,-0.000001799,0.000049709
369,compute-0-1,0.000000002,-0.000011017,0.000045330
369,compute-0-2,0.000001757,-0.000000903,0.000050111
369,compute-0-3,0.000002723,-0.000001799,0.000049709
472,localhost,0.000101117,-0.000326964,0.001603928
472,compute-0-0,0.000000518,+0.000000930,0.000058032
472,compute-0-1,0.000000002,-0.000011017,0.000045330
370,localhost,0.000100712,-0.000326964,0.001603928
472,compute-0-2,0.000001672,-0.000000903,0.000050111
370,compute-0-0,0.000000517,+0.000000930,0.000058032
472,compute-0-3,0.000002554,-0.000001799,0.000049709
370,compute-0-1,0.000000002,-0.000011017,0.000045330
370,compute-0-2,0.000001665,-0.000000903,0.000050111
370,compute-0-3,0.000002540,-0.000001799,0.000049709
473,localhost,0.000095760,-0.000326964,0.001603928
473,compute-0-0,0.000000510,+0.000000930,0.000058032
473,compute-0-1,0.000000002,-0.000011017,0.000045330
371,localhost,0.000095351,-0.000326964,0.001603928
473,compute-0-2,0.000001581,-0.000000903,0.000050111
371,compute-0-0,0.000000509,+0.000000930,0.000058032
473,compute-0-3,0.000002372,-0.000001799,0.000049709
371,compute-0-1,0.000000002,-0.000011017,0.000045330
371,compute-0-2,0.000001574,-0.000000903,0.000050111
371,compute-0-3,0.000002358,-0.000001799,0.000049709
474,localhost,0.000090394,-0.000326964,0.001603928
474,compute-0-0,0.000000501,+0.000000930,0.000058032
474,compute-0-1,0.000002806,+0.000002959,0.000043014
372,localhost,0.000089990,-0.000326964,0.001603928
474,compute-0-2,0.000001489,-0.000000903,0.000050111
372,compute-0-0,0.000000501,+0.000000930,0.000058032
474,compute-0-3,0.000002190,-0.000001799,0.000049709
372,compute-0-1,0.000002784,+0.000002959,0.000043014
372,compute-0-2,0.000001482,-0.000000903,0.000050111
372,compute-0-3,0.000002176,-0.000001799,0.000049709
475,localhost,0.000085035,-0.000326964,0.001603928
475,compute-0-0,0.000000493,+0.000000930,0.000058032
475,compute-0-1,0.000002519,+0.000002959,0.000043014
373,localhost,0.000084629,-0.000326964,0.001603928
475,compute-0-2,0.000001397,-0.000000903,0.000050111
373,compute-0-0,0.000000492,+0.000000930,0.000058032
475,compute-0-3,0.000007247,-0.000005943,0.000047195
373,compute-0-1,0.000002498,+0.000002959,0.000043014
373,compute-0-2,0.000001391,-0.000000903,0.000050111
373,compute-0-3,0.000007169,-0.000005943,0.000047195
476,localhost,0.000079669,-0.000326964,0.001603928
476,compute-0-0,0.000000485,+0.000000930,0.000058032
476,compute-0-1,0.000002232,+0.000002959,0.000043014
374,localhost,0.000079271,-0.000326964,0.001603928
476,compute-0-2,0.000006406,-0.000010181,0.000047649
374,compute-0-0,0.000005832,-0.000005422,0.000055081
476,compute-0-3,0.000006196,-0.000005943,0.000047195
374,compute-0-1,0.000002211,+0.000002959,0.000043014
374,compute-0-2,0.000005993,-0.000010181,0.000047649
374,compute-0-3,0.000006122,-0.000005943,0.000047195
477,localhost,0.000074297,-0.000326964,0.001603928
477,compute-0-0,0.000004884,-0.000005422,0.000055081
477,compute-0-1,0.000001945,+0.000002959,0.000043014
375,localhost,0.000073914,-0.000326964,0.001603928
477,compute-0-2,0.000000756,-0.000010181,0.000047649
375,compute-0-0,0.000004812,-0.000005422,0.000055081
477,compute-0-3,0.000005148,-0.000005943,0.000047195
375,compute-0-1,0.000001925,+0.000002959,0.000043014
375,compute-0-2,0.000000361,-0.000010181,0.000047649
375,compute-0-3,0.000005074,-0.000005943,0.000047195
478,localhost,0.000068931,-0.000326964,0.001603928
478,compute-0-0,0.000003862,-0.000005422,0.000055081
478,compute-0-1,0.000001658,+0.000002959,0.000043014
376,localhost,0.000136601,+0.000205223,0.001523003
478,compute-0-2,0.000000000,-0.000010181,0.000047649
376,compute-0-0,0.000003790,-0.000005422,0.000055081
478,compute-0-3,0.000004100,-0.000005943,0.000047195
376,compute-0-1,0.000001638,+0.000002959,0.000043014
376,compute-0-2,0.000000000,-0.000010181,0.000047649
376,compute-0-3,0.000004025,-0.000005943,0.000047195
479,localhost,0.000136451,+0.000205223,0.001523003
479,compute-0-0,0.000002841,-0.000005422,0.000055081
479,compute-0-1,0.000001372,+0.000002959,0.000043014
377,localhost,0.000136439,+0.000205223,0.001523003
479,compute-0-2,0.000000000,-0.000010181,0.000047649
377,compute-0-0,0.000002769,-0.000005422,0.000055081
479,compute-0-3,0.000003052,-0.000005943,0.000047195
377,compute-0-1,0.000001351,+0.000002959,0.000043014
377,compute-0-2,0.000000000,-0.000010181,0.000047649
377,compute-0-3,0.000002979,-0.000005943,0.000047195
480,localhost,0.000136290,+0.000205223,0.001523003
480,compute-0-0,0.000001819,-0.000005422,0.000055081
480,compute-0-1,0.000099295,+0.000135135,0.000059088
378,localhost,0.000136279,+0.000205223,0.001523003
480,compute-0-2,0.000000000,-0.000010181,0.000047649
378,compute-0-0,0.000001748,-0.000005422,0.000055081
480,compute-0-3,0.000011733,+0.000013985,0.000044991
378,compute-0-1,0.000096038,+0.000135135,0.000059088
378,compute-0-2,0.000000000,-0.000010181,0.000047649
378,compute-0-3,0.000011660,+0.000013985,0.000044991
481,localhost,0.000136128,+0.000205223,0.001523003
481,compute-0-0,0.000000796,-0.000005422,0.000055081
481,compute-0-1,0.000051750,+0.000135135,0.000059088
379,localhost,0.000136118,+0.000205223,0.001523003
481,compute-0-2,0.000022959,+0.000023475,0.000045809
379,compute-0-0,0.000000727,-0.000005422,0.000055081
481,compute-0-3,0.000010647,+0.000013985,0.000044991
379,compute-0-1,0.000048515,+0.000135135,0.000059088
379,compute-0-2,0.000022787,+0.000023475,0.000045809
379,compute-0-3,0.000010575,+0.000013985,0.000044991
482,localhost,0.000135967,+0.000205223,0.001523003
482,compute-0-0,0.000056181,+0.000058483,0.000055430
482,compute-0-1,0.000004195,+0.000135135,0.000059088
380,localhost,0.000135957,+0.000205223,0.001523003
482,compute-0-2,0.000020379,+0.000023475,0.000045809
380,compute-0-0,0.000055683,+0.000058483,0.000055430
482,compute-0-3,0.000009560,+0.000013985,0.000044991
380,compute-0-1,0.000001099,+0.000135135,0.000059088
380,compute-0-2,0.000020214,+0.000023475,0.000045809
380,compute-0-3,0.000009489,+0.000013985,0.000044991
483,localhost,0.000135806,+0.000205223,0.001523003
483,compute-0-0,0.000048610,+0.000058483,0.000055430
483,compute-0-1,0.000000001,+0.000135135,0.000059088
381,localhost,0.000135796,+0.000205223,0.001523003
483,compute-0-2,0.000017803,+0.000023475,0.000045809
381,compute-0-0,0.000048113,+0.000058483,0.000055430
483,compute-0-3,0.000008474,+0.000013985,0.000044991
381,compute-0-1,0.000000001,+0.000135135,0.000059088
381,compute-0-2,0.000017633,+0.000023475,0.000045809
381,compute-0-3,0.000008402,+0.000013985,0.000044991
484,localhost,0.000135645,+0.000205223,0.001523003
484,compute-0-0,0.000041045,+0.000058483,0.000055430
484,compute-0-1,0.000000002,+0.000135135,0.000059088
382,localhost,0.000135634,+0.000205223,0.001523003
484,compute-0-2,0.000015224,+0.000023475,0.000045809
382,compute-0-0,0.000040541,+0.000058483,0.000055430
484,compute-0-3,0.000007387,+0.000013985,0.000044991
382,compute-0-1,0.000000002,+0.000135135,0.000059088
382,compute-0-2,0.000015058,+0.000023475,0.000045809
382,compute-0-3,0.000007317,+0.000013985,0.000044991
485,localhost,0.000135484,+0.000205223,0.001523003
485,compute-0-0,0.000033464,+0.000058483,0.000055430
485,compute-0-1,0.000079374,+0.000081816,0.000061738
383,localhost,0.000135474,+0.000205223,0.001523003
485,compute-0-2,0.000012647,+0.000023475,0.000045809
383,compute-0-0,0.000032976,+0.000058483,0.000055430
485,compute-0-3,0.000006301,+0.000013985,0.000044991
383,compute-0-1,0.000078183,+0.000081816,0.000061738
383,compute-0-2,0.000012481,+0.000023475,0.000045809
383,compute-0-3,0.000006231,+0.000013985,0.000044991
486,localhost,0.000135323,+0.000205223,0.001523003
486,compute-0-0,0.000025889,+0.000058483,0.000055430
486,compute-0-1,0.000060783,+0.000081816,0.000061738
384,localhost,0.000135312,+0.000205223,0.001523003
486,compute-0-2,0.000010068,+0.000023475,0.000045809
384,compute-0-0,0.000025409,+0.000058483,0.000055430
486,compute-0-3,0.000121089,+0.000141627,0.000061868
384,compute-0-1,0.000059591,+0.000081816,0.000061738
384,compute-0-2,0.000009905,+0.000023475,0.000045809
384,compute-0-3,0.000117176,+0.000141627,0.000061868
487,localhost,0.000135162,+0.000205223,0.001523003
487,compute-0-0,0.000018330,+0.000058483,0.000055430
487,compute-0-1,0.000042188,+0.000081816,0.000061738
385,localhost,0.000135151,+0.000205223,0.001523003
487,compute-0-2,0.000067562,+0.000063261,0.000047841
385,compute-0-0,0.000017830,+0.000058483,0.000055430
487,compute-0-3,0.000061906,+0.000141627,0.000061868
385,compute-0-1,0.000040986,+0.000081816,0.000061738
385,compute-0-2,0.000066923,+0.000063261,0.000047841
385,compute-0-3,0.000058161,+0.000141627,0.000061868
488,localhost,0.000135000,+0.000205223,0.001523003
488,compute-0-0,0.000102120,+0.000125710,0.000065921
488,compute-0-1,0.000023553,+0.000081816,0.000061738
386,localhost,0.000134990,+0.000205223,0.001523003
488,compute-0-2,0.000057750,+0.000063261,0.000047841
386,compute-0-0,0.000098321,+0.000125710,0.000065921
488,compute-0-3,0.000002698,+0.000141627,0.000061868
386,compute-0-1,0.000022398,+0.000081816,0.000061738
386,compute-0-2,0.000057143,+0.000063261,0.000047841
386,compute-0-3,0.000000003,+0.000141627,0.000061868
489,localhost,0.000134839,+0.000205223,0.001523003
489,compute-0-0,0.000041318,+0.000125710,0.000065921
489,compute-0-1,0.000004931,+0.000081816,0.000061738
387,localhost,0.000134829,+0.000205223,0.001523003
489,compute-0-2,0.000047942,+0.000063261,0.000047841
387,compute-0-0,0.000037527,+0.000125710,0.000065921
489,compute-0-3,0.000000003,+0.000141627,0.000061868
387,compute-0-1,0.000003756,+0.000081816,0.000061738
387,compute-0-2,0.000047330,+0.000063261,0.000047841
387,compute-0-3,0.000000003,+0.000141627,0.000061868
490,localhost,0.000134678,+0.000205223,0.001523003
490,compute-0-0,0.000000038,+0.000125710,0.000065921
490,compute-0-1,0.000000004,+0.000081816,0.000061738
388,localhost,0.000134668,+0.000205223,0.001523003
490,compute-0-2,0.000038145,+0.000063261,0.000047841
388,compute-0-0,0.000000038,+0.000125710,0.000065921
490,compute-0-3,0.000000003,+0.000141627,0.000061868
388,compute-0-1,0.000000004,+0.000081816,0.000061738
388,compute-0-2,0.000037540,+0.000063261,0.000047841
388,compute-0-3,0.000000003,+0.000141627,0.000061868
491,localhost,0.000134517,+0.000205223,0.001523003
491,compute-0-0,0.000000038,+0.000125710,0.000065921
491,compute-0-1,0.000056556,+0.000060390,0.000061605
389,localhost,0.000134507,+0.000205223,0.001523003
491,compute-0-2,0.000028345,+0.000063261,0.000047841
389,compute-0-0,0.000000038,+0.000125710,0.000065921
491,compute-0-3,0.000000003,+0.000141627,0.000061868
389,compute-0-1,0.000056003,+0.000060390,0.000061605
389,compute-0-2,0.000027757,+0.000063261,0.000047841
389,compute-0-3,0.000000003,+0.000141627,0.000061868
492,localhost,0.000134355,+0.000205223,0.001523003
492,compute-0-0,0.000000038,+0.000125710,0.000065921
390,localhost,0.000134346,+0.000205223,0.001523003
492,compute-0-1,0.000047446,+0.000060390,0.000061605
390,compute-0-0,0.000000038,+0.000125710,0.000065921
492,compute-0-2,0.000018539,+0.000063261,0.000047841
492,compute-0-3,0.000063270,+0.000074541,0.000063250
390,compute-0-1,0.000046917,+0.000060390,0.000061605
390,compute-0-2,0.000017967,+0.000063261,0.000047841
390,compute-0-3,0.000062422,+0.000074541,0.000063250
493,localhost,0.000134194,+0.000205223,0.001523003
493,compute-0-0,0.000000038,+0.000125710,0.000065921
391,localhost,0.000134185,+0.000205223,0.001523003
493,compute-0-1,0.000038347,+0.000060390,0.000061605
391,compute-0-0,0.000000038,+0.000125710,0.000065921
493,compute-0-2,0.000123142,+0.000145307,0.000064586
391,compute-0-1,0.000037840,+0.000060390,0.000061605
493,compute-0-3,0.000048774,+0.000074541,0.000063250
391,compute-0-2,0.000120171,+0.000145307,0.000064586
391,compute-0-3,0.000047965,+0.000074541,0.000063250
494,localhost,0.000134033,+0.000205223,0.001523003
494,compute-0-0,0.000046151,+0.000053773,0.000064809
392,localhost,0.000134024,+0.000205223,0.001523003
494,compute-0-1,0.000029245,+0.000060390,0.000061605
392,compute-0-0,0.000045686,+0.000053773,0.000064809
494,compute-0-2,0.000069880,+0.000145307,0.000064586
392,compute-0-1,0.000028734,+0.000060390,0.000061605
494,compute-0-3,0.000034311,+0.000074541,0.000063250
392,compute-0-2,0.000066910,+0.000145307,0.000064586
392,compute-0-3,0.000033482,+0.000074541,0.000063250
495,localhost,0.000133872,+0.000205223,0.001523003
495,compute-0-0,0.000037871,+0.000053773,0.000064809
393,localhost,0.000133863,+0.000205223,0.001523003
495,compute-0-1,0.000020156,+0.000060390,0.000061605
393,compute-0-0,0.000037397,+0.000053773,0.000064809
495,compute-0-2,0.000016677,+0.000145307,0.000064586
495,compute-0-3,0.000019864,+0.000074541,0.000063250
393,compute-0-1,0.000019626,+0.000060390,0.000061605
393,compute-0-2,0.000013598,+0.000145307,0.000064586
393,compute-0-3,0.000019016,+0.000074541,0.000063250
496,localhost,0.000133711,+0.000205223,0.001523003
496,compute-0-0,0.000029596,+0.000053773,0.000064809
394,localhost,0.000133701,+0.000205223,0.001523003
496,compute-0-1,0.000011063,+0.000060390,0.000061605
394,compute-0-0,0.000029119,+0.000053773,0.000064809
496,compute-0-2,0.000000014,+0.000145307,0.000064586
496,compute-0-3,0.000005378,+0.000074541,0.000063250
394,compute-0-1,0.000010541,+0.000060390,0.000061605
394,compute-0-2,0.000000014,+0.000145307,0.000064586
394,compute-0-3,0.000004559,+0.000074541,0.000063250
497,localhost,0.000133550,+0.000205223,0.001523003
497,compute-0-0,0.000021313,+0.000053773,0.000064809
395,localhost,0.000133540,+0.000205223,0.001523003
497,compute-0-1,0.000000567,-0.000009403,0.000058519
395,compute-0-0,0.000020842,+0.000053773,0.000064809
497,compute-0-2,0.000000014,+0.000145307,0.000064586
497,compute-0-3,0.000012201,+0.000012259,0.000060129
395,compute-0-1,0.000000566,-0.000009403,0.000058519
395,compute-0-2,0.000000014,+0.000145307,0.000064586
395,compute-0-3,0.000012175,+0.000012259,0.000060129
498,localhost,0.000133389,+0.000205223,0.001523003
498,compute-0-0,0.000013038,+0.000053773,0.000064809
498,compute-0-1,0.000000566,-0.000009403,0.000058519
396,localhost,0.000133379,+0.000205223,0.001523003
396,compute-0-0,0.000012555,+0.000053773,0.000064809
498,compute-0-2,0.000000014,+0.000145307,0.000064586
498,compute-0-3,0.000011771,+0.000012259,0.000060129
396,compute-0-1,0.000000566,-0.000009403,0.000058519
396,compute-0-2,0.000026011,+0.000026046,0.000061823
396,compute-0-3,0.000011746,+0.000012259,0.000060129
499,localhost,0.000133228,+0.000205223,0.001523003
499,compute-0-0,0.000006570,-0.000000190,0.000061483
397,localhost,0.000133218,+0.000205223,0.001523003
499,compute-0-1,0.000000565,-0.000009403,0.000058519
397,compute-0-0,0.000006562,-0.000000190,0.000061483
499,compute-0-2,0.000024607,+0.000026046,0.000061823
397,compute-0-1,0.000000565,-0.000009403,0.000058519
499,compute-0-3,0.000011342,+0.000012259,0.000060129
397,compute-0-2,0.000024521,+0.000026046,0.000061823
397,compute-0-3,0.000011317,+0.000012259,0.000060129
500,localhost,0.000133066,+0.000205223,0.001523003
500,compute-0-0,0.000006435,-0.000000190,0.000061483
398,localhost,0.000133057,+0.000205223,0.001523003
500,compute-0-1,0.000000564,-0.000009403,0.000058519
398,compute-0-0,0.000006427,-0.000000190,0.000061483
500,compute-0-2,0.000023116,+0.000026046,0.000061823
500,compute-0-3,0.000010912,+0.000012259,0.000060129
398,compute-0-1,0.000000564,-0.000009403,0.000058519
398,compute-0-2,0.000023030,+0.000026046,0.000061823
398,compute-0-3,0.000010888,+0.000012259,0.000060129
501,localhost,0.000132905,+0.000205223,0.001523003
501,compute-0-0,0.000006301,-0.000000190,0.000061483
399,localhost,0.000132896,+0.000205223,0.001523003
501,compute-0-1,0.000000563,-0.000009403,0.000058519
399,compute-0-0,0.000006293,-0.000000190,0.000061483
501,compute-0-2,0.000021627,+0.000026046,0.000061823
501,compute-0-3,0.000010484,+0.000012259,0.000060129
399,compute-0-1,0.000000563,-0.000009403,0.000058519
399,compute-0-2,0.000021543,+0.000026046,0.000061823
399,compute-0-3,0.000010458,+0.000012259,0.000060129
502,localhost,0.000132744,+0.000205223,0.001523003
502,compute-0-0,0.000006167,-0.000000190,0.000061483
502,compute-0-1,0.000011712,+0.000012296,0.000055652
400,localhost,0.000132735,+0.000205223,0.001523003
502,compute-0-2,0.000020138,+0.000026046,0.000061823
400,compute-0-0,0.000006159,-0.000000190,0.000061483
502,compute-0-3,0.000010055,+0.000012259,0.000060129
400,compute-0-1,0.000011691,+0.000012296,0.000055652
400,compute-0-2,0.000020051,+0.000026046,0.000061823
400,compute-0-3,0.000010029,+0.000012259,0.000060129
503,localhost,0.000132584,+0.000205223,0.001523003
503,compute-0-0,0.000006032,-0.000000190,0.000061483
503,compute-0-1,0.000011356,+0.000012296,0.000055652
401,localhost,0.000132574,+0.000205223,0.001523003
503,compute-0-2,0.000018650,+0.000026046,0.000061823
401,compute-0-0,0.000006024,-0.000000190,0.000061483
503,compute-0-3,0.000007661,-0.000002086,0.000057047
401,compute-0-1,0.000011335,+0.000012296,0.000055652
401,compute-0-2,0.000018559,+0.000026046,0.000061823
401,compute-0-3,0.000007652,-0.000002086,0.000057047
504,localhost,0.000132423,+0.000205223,0.001523003
504,compute-0-0,0.000005898,-0.000000190,0.000061483
504,compute-0-1,0.000011000,+0.000012296,0.000055652
402,localhost,0.000132413,+0.000205223,0.001523003
504,compute-0-2,0.000002388,-0.000019879,0.000058986
402,compute-0-0,0.000005890,-0.000000190,0.000061483
504,compute-0-3,0.000007498,-0.000002086,0.000057047
402,compute-0-1,0.000010979,+0.000012296,0.000055652
402,compute-0-2,0.000002387,-0.000019879,0.000058986
402,compute-0-3,0.000007488,-0.000002086,0.000057047
505,localhost,0.000132262,+0.000205223,0.001523003
505,compute-0-0,0.000028388,+0.000023681,0.000058807
505,compute-0-1,0.000010645,+0.000012296,0.000055652
403,localhost,0.000132252,+0.000205223,0.001523003
505,compute-0-2,0.000002373,-0.000019879,0.000058986
403,compute-0-0,0.000028265,+0.000023681,0.000058807
505,compute-0-3,0.000007334,-0.000002086,0.000057047
403,compute-0-1,0.000010623,+0.000012296,0.000055652
403,compute-0-2,0.000002373,-0.000019879,0.000058986
403,compute-0-3,0.000007324,-0.000002086,0.000057047
506,localhost,0.000132101,+0.000205223,0.001523003
506,compute-0-0,0.000026386,+0.000023681,0.000058807
506,compute-0-1,0.000010288,+0.000012296,0.000055652
404,localhost,0.000132091,+0.000205223,0.001523003
404,compute-0-0,0.000026269,+0.000023681,0.000058807
506,compute-0-2,0.000002359,-0.000019879,0.000058986
506,compute-0-3,0.000007170,-0.000002086,0.000057047
404,compute-0-1,0.000010267,+0.000012296,0.000055652
404,compute-0-2,0.000002358,-0.000019879,0.000058986
404,compute-0-3,0.000007161,-0.000002086,0.000057047
507,localhost,0.000131940,+0.000205223,0.001523003
507,compute-0-0,0.000024387,+0.000023681,0.000058807
507,compute-0-1,0.000009932,+0.000012296,0.000055652
405,localhost,0.000131930,+0.000205223,0.001523003
507,compute-0-2,0.000002345,-0.000019879,0.000058986
405,compute-0-0,0.000024266,+0.000023681,0.000058807
507,compute-0-3,0.000007007,-0.000002086,0.000057047
405,compute-0-1,0.000009910,+0.000012296,0.000055652
405,compute-0-2,0.000002344,-0.000019879,0.000058986
405,compute-0-3,0.000006997,-0.000002086,0.000057047
508,localhost,0.000131778,+0.000205223,0.001523003
508,compute-0-0,0.000022388,+0.000023681,0.000058807
508,compute-0-1,0.000037253,-0.000061743,0.000056291
406,localhost,0.000131769,+0.000205223,0.001523003
508,compute-0-2,0.000002331,-0.000019879,0.000058986
406,compute-0-0,0.000022266,+0.000023681,0.000058807
508,compute-0-3,0.000006843,-0.000002086,0.000057047
406,compute-0-1,0.000034813,-0.000061743,0.000056291
406,compute-0-2,0.000002330,-0.000019879,0.000058986
406,compute-0-3,0.000006833,-0.000002086,0.000057047
509,localhost,0.000131617,+0.000205223,0.001523003
509,compute-0-0,0.000020389,+0.000023681,0.000058807
509,compute-0-1,0.000000035,-0.000061743,0.000056291
407,localhost,0.000131608,+0.000205223,0.001523003
509,compute-0-2,0.000002317,-0.000019879,0.000058986
407,compute-0-0,0.000020269,+0.000023681,0.000058807
509,compute-0-3,0.000000031,-0.000040345,0.000055603
407,compute-0-1,0.000000035,-0.000061743,0.000056291
407,compute-0-2,0.000002316,-0.000019879,0.000058986
407,compute-0-3,0.000000031,-0.000040345,0.000055603
510,localhost,0.000131456,+0.000205223,0.001523003
510,compute-0-0,0.000018391,+0.000023681,0.000058807
510,compute-0-1,0.000000035,-0.000061743,0.000056291
408,localhost,0.000131447,+0.000205223,0.001523003
510,compute-0-2,0.000011120,-0.000044094,0.000057670
408,compute-0-0,0.000018273,+0.000023681,0.000058807
510,compute-0-3,0.000000031,-0.000040345,0.000055603
408,compute-0-1,0.000000035,-0.000061743,0.000056291
408,compute-0-2,0.000006680,-0.000044094,0.000057670
408,compute-0-3,0.000000031,-0.000040345,0.000055603
511,localhost,0.000131296,+0.000205223,0.001523003
511,compute-0-0,0.000022946,-0.000054612,0.000058401
511,compute-0-1,0.000000035,-0.000061743,0.000056291
409,localhost,0.000131286,+0.000205223,0.001523003
511,compute-0-2,0.000000007,-0.000044094,0.000057670
409,compute-0-0,0.000021948,-0.000054612,0.000058401
511,compute-0-3,0.000000031,-0.000040345,0.000055603
409,compute-0-1,0.000000035,-0.000061743,0.000056291
409,compute-0-2,0.000000007,-0.000044094,0.000057670
409,compute-0-3,0.000000031,-0.000040345,0.000055603
512,localhost,0.000131134,+0.000205223,0.001523003
512,compute-0-0,0.000006762,-0.000054612,0.000058401
512,compute-0-1,0.000000034,-0.000061743,0.000056291
410,localhost,0.000131125,+0.000205223,0.001523003
512,compute-0-2,0.000000007,-0.000044094,0.000057670
410,compute-0-0,0.000005783,-0.000054612,0.000058401
512,compute-0-3,0.000000031,-0.000040345,0.000055603
410,compute-0-1,0.000000034,-0.000061743,0.000056291
410,compute-0-2,0.000000007,-0.000044094,0.000057670
410,compute-0-3,0.000000031,-0.000040345,0.000055603
513,localhost,0.000130973,+0.000205223,0.001523003
513,compute-0-0,0.000000006,-0.000054612,0.000058401
513,compute-0-1,0.000000034,-0.000061743,0.000056291
411,localhost,0.000130963,+0.000205223,0.001523003
513,compute-0-2,0.000000007,-0.000044094,0.000057670
411,compute-0-0,0.000000006,-0.000054612,0.000058401
513,compute-0-3,0.000000030,-0.000040345,0.000055603
411,compute-0-1,0.000000034,-0.000061743,0.000056291
411,compute-0-2,0.000000007,-0.000044094,0.000057670
411,compute-0-3,0.000000030,-0.000040345,0.000055603
514,localhost,0.000130813,+0.000205223,0.001523003
514,compute-0-0,0.000000006,-0.000054612,0.000058401
514,compute-0-1,0.000020254,-0.000033170,0.000054422
412,localhost,0.000130802,+0.000205223,0.001523003
514,compute-0-2,0.000000007,-0.000044094,0.000057670
412,compute-0-0,0.000000006,-0.000054612,0.000058401
514,compute-0-3,0.000012031,+0.000012244,0.000052892
412,compute-0-1,0.000019082,-0.000033170,0.000054422
412,compute-0-2,0.000000007,-0.000044094,0.000057670
412,compute-0-3,0.000011738,+0.000012244,0.000052892
515,localhost,0.000130651,+0.000205223,0.001523003
515,compute-0-0,0.000000006,-0.000054612,0.000058401
515,compute-0-1,0.000001696,-0.000033170,0.000054422
413,localhost,0.000130641,+0.000205223,0.001523003
515,compute-0-2,0.000000006,-0.000044094,0.000057670
413,compute-0-0,0.000000006,-0.000054612,0.000058401
515,compute-0-3,0.000007341,+0.000012244,0.000052892
413,compute-0-1,0.000000554,-0.000033170,0.000054422
413,compute-0-2,0.000000006,-0.000044094,0.000057670
413,compute-0-3,0.000007051,+0.000012244,0.000052892
516,localhost,0.000130490,+0.000205223,0.001523003
516,compute-0-0,0.000005641,+0.000005675,0.000055433
516,compute-0-1,0.000000001,-0.000033170,0.000054422
414,localhost,0.000130480,+0.000205223,0.001523003
516,compute-0-2,0.000000247,-0.000000255,0.000054711
414,compute-0-0,0.000005614,+0.000005675,0.000055433
516,compute-0-3,0.000002652,+0.000012244,0.000052892
414,compute-0-1,0.000000001,-0.000033170,0.000054422
414,compute-0-2,0.000000247,-0.000000255,0.000054711
414,compute-0-3,0.000002371,+0.000012244,0.000052892
517,localhost,0.000130329,+0.000205223,0.001523003
517,compute-0-0,0.000005203,+0.000005675,0.000055433
517,compute-0-1,0.000000001,-0.000033170,0.000054422
415,localhost,0.000130319,+0.000205223,0.001523003
517,compute-0-2,0.000000245,-0.000000255,0.000054711
415,compute-0-0,0.000005177,+0.000005675,0.000055433
517,compute-0-3,0.000000002,+0.000012244,0.000052892
415,compute-0-1,0.000000001,-0.000033170,0.000054422
415,compute-0-2,0.000000245,-0.000000255,0.000054711
415,compute-0-3,0.000000002,+0.000012244,0.000052892
518,localhost,0.000130168,+0.000205223,0.001523003
518,compute-0-0,0.000004766,+0.000005675,0.000055433
518,compute-0-1,0.000000000,-0.000033170,0.000054422
416,localhost,0.000130158,+0.000205223,0.001523003
518,compute-0-2,0.000000243,-0.000000255,0.000054711
416,compute-0-0,0.000004740,+0.000005675,0.000055433
518,compute-0-3,0.000000002,+0.000012244,0.000052892
416,compute-0-1,0.000000000,-0.000033170,0.000054422
416,compute-0-2,0.000000243,-0.000000255,0.000054711
416,compute-0-3,0.000000002,+0.000012244,0.000052892
519,localhost,0.000130007,+0.000205223,0.001523003
519,compute-0-0,0.000004328,+0.000005675,0.000055433
519,compute-0-1,0.000004089,-0.000004100,0.000051646
417,localhost,0.000129997,+0.000205223,0.001523003
519,compute-0-2,0.000000241,-0.000000255,0.000054711
417,compute-0-0,0.000004301,+0.000005675,0.000055433
519,compute-0-3,0.000000002,+0.000012244,0.000052892
417,compute-0-1,0.000004072,-0.000004100,0.000051646
417,compute-0-2,0.000000241,-0.000000255,0.000054711
417,compute-0-3,0.000000002,+0.000012244,0.000052892
520,localhost,0.000129846,+0.000205223,0.001523003
520,compute-0-0,0.000003890,+0.000005675,0.000055433
520,compute-0-1,0.000003809,-0.000004100,0.000051646
418,localhost,0.000129836,+0.000205223,0.001523003
520,compute-0-2,0.000000239,-0.000000255,0.000054711
418,compute-0-0,0.000003863,+0.000005675,0.000055433
520,compute-0-3,0.000002480,-0.000002533,0.000050184
418,compute-0-1,0.000003792,-0.000004100,0.000051646
418,compute-0-2,0.000000239,-0.000000255,0.000054711
418,compute-0-3,0.000002469,-0.000002533,0.000050184
521,localhost,0.000129685,+0.000205223,0.001523003
521,compute-0-0,0.000003452,+0.000005675,0.000055433
521,compute-0-1,0.000003529,-0.000004100,0.000051646
419,localhost,0.000129675,+0.000205223,0.001523003
521,compute-0-2,0.000000237,-0.000000255,0.000054711
419,compute-0-0,0.000003426,+0.000005675,0.000055433
521,compute-0-3,0.000002313,-0.000002533,0.000050184
419,compute-0-1,0.000003512,-0.000004100,0.000051646
419,compute-0-2,0.000003321,-0.000003113,0.000051913
419,compute-0-3,0.000002303,-0.000002533,0.000050184
522,localhost,0.000129523,+0.000205223,0.001523003
522,compute-0-0,0.000002194,-0.000000967,0.000052589
522,compute-0-1,0.000003249,-0.000004100,0.000051646
420,localhost,0.000129514,+0.000205223,0.001523003
522,compute-0-2,0.000002823,-0.000003113,0.000051913
420,compute-0-0,0.000002189,-0.000000967,0.000052589
522,compute-0-3,0.000002147,-0.000002533,0.000050184
420,compute-0-1,0.000003233,-0.000004100,0.000051646
420,compute-0-2,0.000002791,-0.000003113,0.000051913
420,compute-0-3,0.000002136,-0.000002533,0.000050184
523,localhost,0.000129362,+0.000205223,0.001523003
523,compute-0-0,0.000002118,-0.000000967,0.000052589
523,compute-0-1,0.000002970,-0.000004100,0.000051646
421,localhost,0.000129353,+0.000205223,0.001523003
523,compute-0-2,0.000002294,-0.000003113,0.000051913
421,compute-0-0,0.000002114,-0.000000967,0.000052589
523,compute-0-3,0.000001980,-0.000002533,0.000050184
421,compute-0-1,0.000002953,-0.000004100,0.000051646
421,compute-0-2,0.000002262,-0.000003113,0.000051913
421,compute-0-3,0.000001970,-0.000002533,0.000050184
524,localhost,0.000129201,+0.000205223,0.001523003
524,compute-0-0,0.000002042,-0.000000967,0.000052589
524,compute-0-1,0.000002690,-0.000004100,0.000051646
422,localhost,0.000129192,+0.000205223,0.001523003
524,compute-0-2,0.000001764,-0.000003113,0.000051913
422,compute-0-0,0.000002038,-0.000000967,0.000052589
524,compute-0-3,0.000001814,-0.000002533,0.000050184
422,compute-0-1,0.000002674,-0.000004100,0.000051646
422,compute-0-2,0.000001733,-0.000003113,0.000051913
422,compute-0-3,0.000001803,-0.000002533,0.000050184
525,localhost,0.000129040,+0.000205223,0.001523003
525,compute-0-0,0.000001967,-0.000000967,0.000052589
525,compute-0-1,0.000002012,+0.000004551,0.000049017
423,localhost,0.000129030,+0.000205223,0.001523003
525,compute-0-2,0.000001235,-0.000003113,0.000051913
423,compute-0-0,0.000001962,-0.000000967,0.000052589
525,compute-0-3,0.000001647,-0.000002533,0.000050184
423,compute-0-1,0.000002009,+0.000004551,0.000049017
423,compute-0-2,0.000001203,-0.000003113,0.000051913
423,compute-0-3,0.000001637,-0.000002533,0.000050184
526,localhost,0.000128879,+0.000205223,0.001523003
526,compute-0-0,0.000001891,-0.000000967,0.000052589
526,compute-0-1,0.000001951,+0.000004551,0.000049017
424,localhost,0.000128870,+0.000205223,0.001523003
526,compute-0-2,0.000000705,-0.000003113,0.000051913
424,compute-0-0,0.000001886,-0.000000967,0.000052589
526,compute-0-3,0.000006214,-0.000005108,0.000047636
424,compute-0-1,0.000001948,+0.000004551,0.000049017
424,compute-0-2,0.000000673,-0.000003113,0.000051913
424,compute-0-3,0.000006169,-0.000005108,0.000047636
527,localhost,0.000128718,+0.000205223,0.001523003
527,compute-0-0,0.000001815,-0.000000967,0.000052589
527,compute-0-1,0.000001891,+0.000004551,0.000049017
425,localhost,0.000128709,+0.000205223,0.001523003
527,compute-0-2,0.000001916,+0.000002300,0.000049254
425,compute-0-0,0.000001811,-0.000000967,0.000052589
527,compute-0-3,0.000005465,-0.000005108,0.000047636
425,compute-0-1,0.000001887,+0.000004551,0.000049017
425,compute-0-2,0.000001908,+0.000002300,0.000049254
425,compute-0-3,0.000005419,-0.000005108,0.000047636
528,localhost,0.000128557,+0.000205223,0.001523003
528,compute-0-0,0.000002893,+0.000001211,0.000049892
528,compute-0-1,0.000001830,+0.000004551,0.000049017
426,localhost,0.000128547,+0.000205223,0.001523003
528,compute-0-2,0.000001773,+0.000002300,0.000049254
426,compute-0-0,0.000002884,+0.000001211,0.000049892
528,compute-0-3,0.000004716,-0.000005108,0.000047636
426,compute-0-1,0.000001826,+0.000004551,0.000049017
426,compute-0-2,0.000001764,+0.000002300,0.000049254
426,compute-0-3,0.000004669,-0.000005108,0.000047636
529,localhost,0.000128396,+0.000205223,0.001523003
529,compute-0-0,0.000002740,+0.000001211,0.000049892
529,compute-0-1,0.000001769,+0.000004551,0.000049017
427,localhost,0.000128386,+0.000205223,0.001523003
529,compute-0-2,0.000001629,+0.000002300,0.000049254
427,compute-0-0,0.000002731,+0.000001211,0.000049892
529,compute-0-3,0.000003964,-0.000005108,0.000047636
427,compute-0-1,0.000001765,+0.000004551,0.000049017
427,compute-0-2,0.000001620,+0.000002300,0.000049254
427,compute-0-3,0.000003919,-0.000005108,0.000047636
530,localhost,0.000128235,+0.000205223,0.001523003
530,compute-0-0,0.000002587,+0.000001211,0.000049892
530,compute-0-1,0.000001708,+0.000004551,0.000049017
428,localhost,0.000128225,+0.000205223,0.001523003
530,compute-0-2,0.000001485,+0.000002300,0.000049254
428,compute-0-0,0.000002578,+0.000001211,0.000049892
530,compute-0-3,0.000003214,-0.000005108,0.000047636
428,compute-0-1,0.000001704,+0.000004551,0.000049017
428,compute-0-2,0.000001476,+0.000002300,0.000049254
428,compute-0-3,0.000003169,-0.000005108,0.000047636
531,localhost,0.000128074,+0.000205223,0.001523003
531,compute-0-0,0.000002435,+0.000001211,0.000049892
531,compute-0-1,0.000012553,+0.000012323,0.000046664
429,localhost,0.000128064,+0.000205223,0.001523003
531,compute-0-2,0.000001341,+0.000002300,0.000049254
429,compute-0-0,0.000002426,+0.000001211,0.000049892
531,compute-0-3,0.000002465,-0.000005108,0.000047636
429,compute-0-1,0.000012411,+0.000012323,0.000046664
429,compute-0-2,0.000001332,+0.000002300,0.000049254
429,compute-0-3,0.000002419,-0.000005108,0.000047636
532,localhost,0.000127913,+0.000205223,0.001523003
532,compute-0-0,0.000002282,+0.000001211,0.000049892
532,compute-0-1,0.000010250,+0.000012323,0.000046664
430,localhost,0.000127903,+0.000205223,0.001523003
532,compute-0-2,0.000001197,+0.000002300,0.000049254
430,compute-0-0,0.000002273,+0.000001211,0.000049892
532,compute-0-3,0.000011032,-0.000010395,0.000045311
430,compute-0-1,0.000010108,+0.000012323,0.000046664
430,compute-0-2,0.000001188,+0.000002300,0.000049254
430,compute-0-3,0.000010915,-0.000010395,0.000045311
533,localhost,0.000127752,+0.000205223,0.001523003
533,compute-0-0,0.000008845,-0.000010990,0.000047459
533,compute-0-1,0.000007948,+0.000012323,0.000046664
431,localhost,0.000127742,+0.000205223,0.001523003
533,compute-0-2,0.000003232,+0.000002335,0.000046732
431,compute-0-0,0.000008758,-0.000010990,0.000047459
533,compute-0-3,0.000009103,-0.000010395,0.000045311
431,compute-0-1,0.000007807,+0.000012323,0.000046664
431,compute-0-2,0.000003206,+0.000002335,0.000046732
431,compute-0-3,0.000008985,-0.000010395,0.000045311
534,localhost,0.000127591,+0.000205223,0.001523003
534,compute-0-0,0.000007424,-0.000010990,0.000047459
534,compute-0-1,0.000005651,+0.000012323,0.000046664
432,localhost,0.000127581,+0.000205223,0.001523003
534,compute-0-2,0.000002803,+0.000002335,0.000046732
432,compute-0-0,0.000007337,-0.000010990,0.000047459
534,compute-0-3,0.000007174,-0.000010395,0.000045311
432,compute-0-1,0.000005506,+0.000012323,0.000046664
432,compute-0-2,0.000002777,+0.000002335,0.000046732
432,compute-0-3,0.000007051,-0.000010395,0.000045311
535,localhost,0.000127430,+0.000205223,0.001523003
535,compute-0-0,0.000006002,-0.000010990,0.000047459
535,compute-0-1,0.000003346,+0.000012323,0.000046664
433,localhost,0.000127420,+0.000205223,0.001523003
535,compute-0-2,0.000002374,+0.000002335,0.000046732
433,compute-0-0,0.000005911,-0.000010990,0.000047459
535,compute-0-3,0.000005245,-0.000010395,0.000045311
433,compute-0-1,0.000003201,+0.000012323,0.000046664
433,compute-0-2,0.000002346,+0.000002335,0.000046732
433,compute-0-3,0.000005117,-0.000010395,0.000045311
536,localhost,0.000127269,+0.000205223,0.001523003
536,compute-0-0,0.000004582,-0.000010990,0.000047459
536,compute-0-1,0.000001048,+0.000012323,0.000046664
434,localhost,0.000127259,+0.000205223,0.001523003
536,compute-0-2,0.000001945,+0.000002335,0.000046732
434,compute-0-0,0.000004488,-0.000010990,0.000047459
536,compute-0-3,0.000003311,-0.000010395,0.000045311
434,compute-0-1,0.000010137,+0.000009232,0.000044366
434,compute-0-2,0.000001917,+0.000002335,0.000046732
434,compute-0-3,0.000003183,-0.000010395,0.000045311
537,localhost,0.000127108,+0.000205223,0.001523003
537,compute-0-0,0.000003158,-0.000010990,0.000047459
537,compute-0-1,0.000008474,+0.000009232,0.000044366
435,localhost,0.000127098,+0.000205223,0.001523003
537,compute-0-2,0.000001515,+0.000002335,0.000046732
435,compute-0-0,0.000003064,-0.000010990,0.000047459
537,compute-0-3,0.000005921,-0.000004303,0.000043007
435,compute-0-1,0.000008358,+0.000009232,0.000044366
435,compute-0-2,0.000001487,+0.000002335,0.000046732
435,compute-0-3,0.000005886,-0.000004303,0.000043007
538,localhost,0.000126947,+0.000205223,0.001523003
538,compute-0-0,0.000001734,-0.000010990,0.000047459
538,compute-0-1,0.000006697,+0.000009232,0.000044366
436,localhost,0.000126937,+0.000205223,0.001523003
538,compute-0-2,0.000001085,+0.000002335,0.000046732
436,compute-0-0,0.000001641,-0.000010990,0.000047459
538,compute-0-3,0.000005412,-0.000004303,0.000043007
436,compute-0-1,0.000006578,+0.000009232,0.000044366
436,compute-0-2,0.000001057,+0.000002335,0.000046732
436,compute-0-3,0.000005378,-0.000004303,0.000043007
539,localhost,0.000126786,+0.000205223,0.001523003
539,compute-0-0,0.000001210,-0.000000407,0.000045024
539,compute-0-1,0.000004920,+0.000009232,0.000044366
437,localhost,0.000126776,+0.000205223,0.001523003
539,compute-0-2,0.000001975,-0.000003147,0.000044345
437,compute-0-0,0.000001208,-0.000000407,0.000045024
539,compute-0-3,0.000004904,-0.000004303,0.000043007
437,compute-0-1,0.000004805,+0.000009232,0.000044366
437,compute-0-2,0.000001963,-0.000003147,0.000044345
437,compute-0-3,0.000004871,-0.000004303,0.000043007
540,localhost,0.000126625,+0.000205223,0.001523003
540,compute-0-0,0.000001183,-0.000000407,0.000045024
540,compute-0-1,0.000003141,+0.000009232,0.000044366
438,localhost,0.000126615,+0.000205223,0.001523003
540,compute-0-2,0.000001788,-0.000003147,0.000044345
438,compute-0-0,0.000001181,-0.000000407,0.000045024
540,compute-0-3,0.000004395,-0.000004303,0.000043007
438,compute-0-1,0.000003026,+0.000009232,0.000044366
438,compute-0-2,0.000001776,-0.000003147,0.000044345
438,compute-0-3,0.000004362,-0.000004303,0.000043007
541,localhost,0.000126464,+0.000205223,0.001523003
541,compute-0-0,0.000001155,-0.000000407,0.000045024
541,compute-0-1,0.000001363,+0.000009232,0.000044366
439,localhost,0.000126454,+0.000205223,0.001523003
541,compute-0-2,0.000001601,-0.000003147,0.000044345
439,compute-0-0,0.000001154,-0.000000407,0.000045024
541,compute-0-3,0.000003887,-0.000004303,0.000043007
439,compute-0-1,0.000001249,+0.000009232,0.000044366
439,compute-0-2,0.000001589,-0.000003147,0.000044345
439,compute-0-3,0.000003854,-0.000004303,0.000043007
542,localhost,0.000126303,+0.000205223,0.001523003
542,compute-0-0,0.000001128,-0.000000407,0.000045024
542,compute-0-1,0.000004797,+0.000004885,0.000042117
440,localhost,0.000126293,+0.000205223,0.001523003
542,compute-0-2,0.000001415,-0.000003147,0.000044345
440,compute-0-0,0.000001126,-0.000000407,0.000045024
542,compute-0-3,0.000003378,-0.000004303,0.000043007
440,compute-0-1,0.000004768,+0.000004885,0.000042117
440,compute-0-2,0.000001402,-0.000003147,0.000044345
440,compute-0-3,0.000003344,-0.000004303,0.000043007
543,localhost,0.000126142,+0.000205223,0.001523003
543,compute-0-0,0.000001101,-0.000000407,0.000045024
543,compute-0-1,0.000004340,+0.000004885,0.000042117
441,localhost,0.000126131,+0.000205223,0.001523003
543,compute-0-2,0.000001227,-0.000003147,0.000044345
441,compute-0-0,0.000001099,-0.000000407,0.000045024
543,compute-0-3,0.000012162,+0.000016539,0.000041134
441,compute-0-1,0.000004310,+0.000004885,0.000042117
441,compute-0-2,0.000001215,-0.000003147,0.000044345
441,compute-0-3,0.000011980,+0.000016539,0.000041134
544,localhost,0.000125981,+0.000205223,0.001523003
544,compute-0-0,0.000001074,-0.000000407,0.000045024
544,compute-0-1,0.000003884,+0.000004885,0.000042117
442,localhost,0.000125970,+0.000205223,0.001523003
544,compute-0-2,0.000000838,+0.000000226,0.000042070
442,compute-0-0,0.000001072,-0.000000407,0.000045024
544,compute-0-3,0.000009411,+0.000016539,0.000041134
442,compute-0-1,0.000003854,+0.000004885,0.000042117
442,compute-0-2,0.000000836,+0.000000226,0.000042070
442,compute-0-3,0.000009230,+0.000016539,0.000041134
545,localhost,0.000125820,+0.000205223,0.001523003
545,compute-0-0,0.000000869,+0.000000184,0.000042713
545,compute-0-1,0.000003428,+0.000004885,0.000042117
443,localhost,0.000125809,+0.000205223,0.001523003
545,compute-0-2,0.000000809,+0.000000226,0.000042070
443,compute-0-0,0.000000868,+0.000000184,0.000042713
545,compute-0-3,0.000006660,+0.000016539,0.000041134
443,compute-0-1,0.000003398,+0.000004885,0.000042117
443,compute-0-2,0.000000807,+0.000000226,0.000042070
443,compute-0-3,0.000006483,+0.000016539,0.000041134
546,localhost,0.000125659,+0.000205223,0.001523003
546,compute-0-0,0.000000853,+0.000000184,0.000042713
546,compute-0-1,0.000002972,+0.000004885,0.000042117
444,localhost,0.000125648,+0.000205223,0.001523003
546,compute-0-2,0.000000781,+0.000000226,0.000042070
444,compute-0-0,0.000000852,+0.000000184,0.000042713
546,compute-0-3,0.000003911,+0.000016539,0.000041134
444,compute-0-1,0.000002942,+0.000004885,0.000042117
444,compute-0-2,0.000000779,+0.000000226,0.000042070
444,compute-0-3,0.000003731,+0.000016539,0.000041134
547,localhost,0.000125498,+0.000205223,0.001523003
547,compute-0-0,0.000000837,+0.000000184,0.000042713
547,compute-0-1,0.000002515,+0.000004885,0.000042117
445,localhost,0.000125487,+0.000205223,0.001523003
547,compute-0-2,0.000000752,+0.000000226,0.000042070
445,compute-0-0,0.000000836,+0.000000184,0.000042713
547,compute-0-3,0.000001158,+0.000016539,0.000041134
445,compute-0-1,0.000002486,+0.000004885,0.000042117
445,compute-0-2,0.000000750,+0.000000226,0.000042070
445,compute-0-3,0.000000977,+0.000016539,0.000041134
548,localhost,0.000125337,+0.000205223,0.001523003
548,compute-0-0,0.000000821,+0.000000184,0.000042713
548,compute-0-1,0.000000522,-0.000002823,0.000039966
446,localhost,0.000125326,+0.000205223,0.001523003
548,compute-0-2,0.000000724,+0.000000226,0.000042070
446,compute-0-0,0.000000820,+0.000000184,0.000042713
548,compute-0-3,0.000000001,+0.000016539,0.000041134
446,compute-0-1,0.000000522,-0.000002823,0.000039966
446,compute-0-2,0.000000722,+0.000000226,0.000042070
446,compute-0-3,0.000000001,+0.000016539,0.000041134
549,localhost,0.000125175,+0.000205223,0.001523003
549,compute-0-0,0.000000805,+0.000000184,0.000042713
549,compute-0-1,0.000000517,-0.000002823,0.000039966
447,localhost,0.000125165,+0.000205223,0.001523003
549,compute-0-2,0.000000695,+0.000000226,0.000042070
447,compute-0-0,0.000000804,+0.000000184,0.000042713
549,compute-0-3,0.000003687,-0.000003827,0.000039042
447,compute-0-1,0.000000516,-0.000002823,0.000039966
447,compute-0-2,0.000000694,+0.000000226,0.000042070
447,compute-0-3,0.000003673,-0.000003827,0.000039042
550,localhost,0.000125014,+0.000205223,0.001523003
550,compute-0-0,0.000000790,+0.000000184,0.000042713
550,compute-0-1,0.000000511,-0.000002823,0.000039966
448,localhost,0.000125003,+0.000205223,0.001523003
550,compute-0-2,0.000000196,+0.000000484,0.000039911
448,compute-0-0,0.000000788,+0.000000184,0.000042713
550,compute-0-3,0.000003488,-0.000003827,0.000039042
448,compute-0-1,0.000000511,-0.000002823,0.000039966
448,compute-0-2,0.000000196,+0.000000484,0.000039911
448,compute-0-3,0.000003474,-0.000003827,0.000039042
551,localhost,0.000124853,+0.000205223,0.001523003
551,compute-0-0,0.000001029,+0.000001838,0.000040526
551,compute-0-1,0.000000506,-0.000002823,0.000039966
449,localhost,0.000124842,+0.000205223,0.001523003
551,compute-0-2,0.000000195,+0.000000484,0.000039911
449,compute-0-0,0.000001027,+0.000001838,0.000040526
551,compute-0-3,0.000003289,-0.000003827,0.000039042
449,compute-0-1,0.000000505,-0.000002823,0.000039966
449,compute-0-2,0.000000195,+0.000000484,0.000039911
449,compute-0-3,0.000003275,-0.000003827,0.000039042
552,localhost,0.000124692,+0.000205223,0.001523003
552,compute-0-0,0.000001005,+0.000001838,0.000040526
552,compute-0-1,0.000000500,-0.000002823,0.000039966
450,localhost,0.000124681,+0.000205223,0.001523003
552,compute-0-2,0.000000194,+0.000000484,0.000039911
450,compute-0-0,0.000001003,+0.000001838,0.000040526
552,compute-0-3,0.000003090,-0.000003827,0.000039042
450,compute-0-1,0.000000500,-0.000002823,0.000039966
450,compute-0-2,0.000000193,+0.000000484,0.000039911
450,compute-0-3,0.000003076,-0.000003827,0.000039042
553,localhost,0.000124531,+0.000205223,0.001523003
553,compute-0-0,0.000000981,+0.000001838,0.000040526
553,compute-0-1,0.000000494,-0.000002823,0.000039966
451,localhost,0.000124520,+0.000205223,0.001523003
553,compute-0-2,0.000000192,+0.000000484,0.000039911
451,compute-0-0,0.000000979,+0.000001838,0.000040526
553,compute-0-3,0.000002891,-0.000003827,0.000039042
451,compute-0-1,0.000000494,-0.000002823,0.000039966
451,compute-0-2,0.000000192,+0.000000484,0.000039911
451,compute-0-3,0.000002877,-0.000003827,0.000039042
554,localhost,0.000124370,+0.000205223,0.001523003
554,compute-0-0,0.000000957,+0.000001838,0.000040526
554,compute-0-1,0.000002383,+0.000002989,0.000037927
452,localhost,0.000124359,+0.000205223,0.001523003
554,compute-0-2,0.000000191,+0.000000484,0.000039911
452,compute-0-0,0.000000956,+0.000001838,0.000040526
554,compute-0-3,0.000002692,-0.000003827,0.000039042
452,compute-0-1,0.000002374,+0.000002989,0.000037927
452,compute-0-2,0.000000191,+0.000000484,0.000039911
452,compute-0-3,0.000001996,+0.000000685,0.000037039
555,localhost,0.000124209,+0.000205223,0.001523003
555,compute-0-0,0.000000933,+0.000001838,0.000040526
555,compute-0-1,0.000002255,+0.000002989,0.000037927
453,localhost,0.000124198,+0.000205223,0.001523003
555,compute-0-2,0.000000189,+0.000000484,0.000039911
453,compute-0-0,0.000000932,+0.000001838,0.000040526
555,compute-0-3,0.000001936,+0.000000685,0.000037039
453,compute-0-1,0.000002246,+0.000002989,0.000037927
453,compute-0-2,0.000000189,+0.000000484,0.000039911
453,compute-0-3,0.000001932,+0.000000685,0.000037039
556,localhost,0.000124048,+0.000205223,0.001523003
556,compute-0-0,0.000001224,-0.000002143,0.000038452
556,compute-0-1,0.000002127,+0.000002989,0.000037927
454,localhost,0.000124037,+0.000205223,0.001523003
556,compute-0-2,0.000003007,+0.000003508,0.000037879
454,compute-0-0,0.000001221,-0.000002143,0.000038452
556,compute-0-3,0.000001872,+0.000000685,0.000037039
454,compute-0-1,0.000002118,+0.000002989,0.000037927
454,compute-0-2,0.000002979,+0.000003508,0.000037879
454,compute-0-3,0.000001868,+0.000000685,0.000037039
557,localhost,0.000123887,+0.000205223,0.001523003
557,compute-0-0,0.000001183,-0.000002143,0.000038452
557,compute-0-1,0.000001998,+0.000002989,0.000037927
455,localhost,0.000123876,+0.000205223,0.001523003
557,compute-0-2,0.000002610,+0.000003508,0.000037879
455,compute-0-0,0.000001180,-0.000002143,0.000038452
557,compute-0-3,0.000001808,+0.000000685,0.000037039
455,compute-0-1,0.000001989,+0.000002989,0.000037927
455,compute-0-2,0.000002581,+0.000003508,0.000037879
455,compute-0-3,0.000001804,+0.000000685,0.000037039
558,localhost,0.000123726,+0.000205223,0.001523003
558,compute-0-0,0.000001142,-0.000002143,0.000038452
558,compute-0-1,0.000001870,+0.000002989,0.000037927
456,localhost,0.000123715,+0.000205223,0.001523003
558,compute-0-2,0.000002212,+0.000003508,0.000037879
456,compute-0-0,0.000001139,-0.000002143,0.000038452
558,compute-0-3,0.000001745,+0.000000685,0.000037039
456,compute-0-1,0.000001860,+0.000002989,0.000037927
456,compute-0-2,0.000002183,+0.000003508,0.000037879
456,compute-0-3,0.000001740,+0.000000685,0.000037039
559,localhost,0.000123565,+0.000205223,0.001523003
559,compute-0-0,0.000001100,-0.000002143,0.000038452
559,compute-0-1,0.000003179,-0.000005024,0.000036016
457,localhost,0.000123554,+0.000205223,0.001523003
559,compute-0-2,0.000001814,+0.000003508,0.000037879
457,compute-0-0,0.000001097,-0.000002143,0.000038452
559,compute-0-3,0.000001680,+0.000000685,0.000037039
457,compute-0-1,0.000003152,-0.000005024,0.000036016
457,compute-0-2,0.000001786,+0.000003508,0.000037879
457,compute-0-3,0.000001676,+0.000000685,0.000037039
560,localhost,0.000123404,+0.000205223,0.001523003
560,compute-0-0,0.000001059,-0.000002143,0.000038452
560,compute-0-1,0.000002800,-0.000005024,0.000036016
458,localhost,0.000123393,+0.000205223,0.001523003
560,compute-0-2,0.000001417,+0.000003508,0.000037879
458,compute-0-0,0.000001056,-0.000002143,0.000038452
560,compute-0-3,0.000003448,-0.000001870,0.000035143
458,compute-0-1,0.000002773,-0.000005024,0.000036016
458,compute-0-2,0.000001389,+0.000003508,0.000037879
458,compute-0-3,0.000003433,-0.000001870,0.000035143
561,localhost,0.000123243,+0.000205223,0.001523003
561,compute-0-0,0.000001018,-0.000002143,0.000038452
561,compute-0-1,0.000002421,-0.000005024,0.000036016
459,localhost,0.000123232,+0.000205223,0.001523003
561,compute-0-2,0.000003275,-0.000004346,0.000035962
459,compute-0-0,0.000001015,-0.000002143,0.000038452
561,compute-0-3,0.000003233,-0.000001870,0.000035143
459,compute-0-1,0.000002395,-0.000005024,0.000036016
459,compute-0-2,0.000003243,-0.000004346,0.000035962
459,compute-0-3,0.000003218,-0.000001870,0.000035143
562,localhost,0.000123082,+0.000205223,0.001523003
562,compute-0-0,0.000001116,+0.000002125,0.000036485
562,compute-0-1,0.000002042,-0.000005024,0.000036016
460,localhost,0.000123071,+0.000205223,0.001523003
562,compute-0-2,0.000002816,-0.000004346,0.000035962
460,compute-0-0,0.000001114,+0.000002125,0.000036485
562,compute-0-3,0.000003018,-0.000001870,0.000035143
460,compute-0-1,0.000002016,-0.000005024,0.000036016
460,compute-0-2,0.000002785,-0.000004346,0.000035962
460,compute-0-3,0.000003004,-0.000001870,0.000035143
563,localhost,0.000122921,+0.000205223,0.001523003
563,compute-0-0,0.000001083,+0.000002125,0.000036485
563,compute-0-1,0.000001663,-0.000005024,0.000036016
461,localhost,0.000122910,+0.000205223,0.001523003
563,compute-0-2,0.000002359,-0.000004346,0.000035962
461,compute-0-0,0.000001080,+0.000002125,0.000036485
563,compute-0-3,0.000002804,-0.000001870,0.000035143
461,compute-0-1,0.000001637,-0.000005024,0.000036016
461,compute-0-2,0.000002328,-0.000004346,0.000035962
461,compute-0-3,0.000002789,-0.000001870,0.000035143
564,localhost,0.000122760,+0.000205223,0.001523003
564,compute-0-0,0.000001049,+0.000002125,0.000036485
564,compute-0-1,0.000001284,-0.000005024,0.000036016
462,localhost,0.000122749,+0.000205223,0.001523003
564,compute-0-2,0.000001901,-0.000004346,0.000035962
462,compute-0-0,0.000001047,+0.000002125,0.000036485
564,compute-0-3,0.000002589,-0.000001870,0.000035143
462,compute-0-1,0.000001259,-0.000005024,0.000036016
462,compute-0-2,0.000001871,-0.000004346,0.000035962
462,compute-0-3,0.000002575,-0.000001870,0.000035143
565,localhost,0.000122599,+0.000205223,0.001523003
565,compute-0-0,0.000001016,+0.000002125,0.000036485
565,compute-0-1,0.000000849,+0.000000248,0.000034168
463,localhost,0.000122588,+0.000205223,0.001523003
565,compute-0-2,0.000001443,-0.000004346,0.000035962
463,compute-0-0,0.000001014,+0.000002125,0.000036485
565,compute-0-3,0.000002375,-0.000001870,0.000035143
463,compute-0-1,0.000000847,+0.000000248,0.000034168
463,compute-0-2,0.000001413,-0.000004346,0.000035962
463,compute-0-3,0.000002361,-0.000001870,0.000035143
566,localhost,0.000122437,+0.000205223,0.001523003
566,compute-0-0,0.000000983,+0.000002125,0.000036485
566,compute-0-1,0.000000824,+0.000000248,0.000034168
464,localhost,0.000122427,+0.000205223,0.001523003
566,compute-0-2,0.000000986,-0.000004346,0.000035962
464,compute-0-0,0.000000980,+0.000002125,0.000036485
566,compute-0-3,0.000002243,-0.000000024,0.000033340
464,compute-0-1,0.000000822,+0.000000248,0.000034168
464,compute-0-2,0.000000955,-0.000004346,0.000035962
464,compute-0-3,0.000002236,-0.000000024,0.000033340
567,localhost,0.000122277,+0.000205223,0.001523003
567,compute-0-0,0.000000949,+0.000002125,0.000036485
567,compute-0-1,0.000000798,+0.000000248,0.000034168
465,localhost,0.000122266,+0.000205223,0.001523003
567,compute-0-2,0.000000013,+0.000000680,0.000034117
465,compute-0-0,0.000000947,+0.000002125,0.000036485
567,compute-0-3,0.000002144,-0.000000024,0.000033340
465,compute-0-1,0.000000797,+0.000000248,0.000034168
465,compute-0-2,0.000000013,+0.000000680,0.000034117
465,compute-0-3,0.000002137,-0.000000024,0.000033340
568,localhost,0.000122115,+0.000205223,0.001523003
568,compute-0-0,0.000003243,+0.000002553,0.000034622
568,compute-0-1,0.000000773,+0.000000248,0.000034168
466,localhost,0.000122105,+0.000205223,0.001523003
568,compute-0-2,0.000000013,+0.000000680,0.000034117
466,compute-0-0,0.000003223,+0.000002553,0.000034622
568,compute-0-3,0.000002044,-0.000000024,0.000033340
466,compute-0-1,0.000000772,+0.000000248,0.000034168
466,compute-0-2,0.000000013,+0.000000680,0.000034117
466,compute-0-3,0.000002038,-0.000000024,0.000033340
569,localhost,0.000121954,+0.000205223,0.001523003
569,compute-0-0,0.000002920,+0.000002553,0.000034622
569,compute-0-1,0.000000748,+0.000000248,0.000034168
467,localhost,0.000121944,+0.000205223,0.001523003
569,compute-0-2,0.000000013,+0.000000680,0.000034117
467,compute-0-0,0.000002900,+0.000002553,0.000034622
569,compute-0-3,0.000001945,-0.000000024,0.000033340
467,compute-0-1,0.000000746,+0.000000248,0.000034168
467,compute-0-2,0.000000013,+0.000000680,0.000034117
467,compute-0-3,0.000001939,-0.000000024,0.000033340
570,localhost,0.000121793,+0.000205223,0.001523003
570,compute-0-0,0.000002598,+0.000002553,0.000034622
570,compute-0-1,0.000000722,+0.000000248,0.000034168
468,localhost,0.000121783,+0.000205223,0.001523003
570,compute-0-2,0.000000013,+0.000000680,0.000034117
468,compute-0-0,0.000002577,+0.000002553,0.000034622
570,compute-0-3,0.000001846,-0.000000024,0.000033340
468,compute-0-1,0.000000721,+0.000000248,0.000034168
468,compute-0-2,0.000000013,+0.000000680,0.000034117
468,compute-0-3,0.000001840,-0.000000024,0.000033340
571,localhost,0.000121632,+0.000205223,0.001523003
571,compute-0-0,0.000002275,+0.000002553,0.000034622
571,compute-0-1,0.000007101,-0.000007975,0.000032512
469,localhost,0.000121622,+0.000205223,0.001523003
571,compute-0-2,0.000000013,+0.000000680,0.000034117
469,compute-0-0,0.000002254,+0.000002553,0.000034622
571,compute-0-3,0.000001747,-0.000000024,0.000033340
469,compute-0-1,0.000006980,-0.000007975,0.000032512
469,compute-0-2,0.000000013,+0.000000680,0.000034117
469,compute-0-3,0.000001740,-0.000000024,0.000033340
572,localhost,0.000121471,+0.000205223,0.001523003
572,compute-0-0,0.000001952,+0.000002553,0.000034622
572,compute-0-1,0.000005257,-0.000007975,0.000032512
470,localhost,0.000121461,+0.000205223,0.001523003
572,compute-0-2,0.000000014,+0.000000680,0.000034117
470,compute-0-0,0.000001932,+0.000002553,0.000034622
572,compute-0-3,0.000003000,-0.000001432,0.000031632
470,compute-0-1,0.000005138,-0.000007975,0.000032512
470,compute-0-2,0.000000014,+0.000000680,0.000034117
470,compute-0-3,0.000002988,-0.000001432,0.000031632
573,localhost,0.000121310,+0.000205223,0.001523003
573,compute-0-0,0.000003922,+0.000002295,0.000032853
573,compute-0-1,0.000003415,-0.000007975,0.000032512
471,localhost,0.000121300,+0.000205223,0.001523003
573,compute-0-2,0.000000473,-0.000000467,0.000032366
471,compute-0-0,0.000003898,+0.000002295,0.000032853
573,compute-0-3,0.000002803,-0.000001432,0.000031632
471,compute-0-1,0.000003298,-0.000007975,0.000032512
471,compute-0-2,0.000000472,-0.000000467,0.000032366
471,compute-0-3,0.000002791,-0.000001432,0.000031632
574,localhost,0.000121149,+0.000205223,0.001523003
574,compute-0-0,0.000003541,+0.000002295,0.000032853
574,compute-0-1,0.000001570,-0.000007975,0.000032512
472,localhost,0.000121139,+0.000205223,0.001523003
574,compute-0-2,0.000000460,-0.000000467,0.000032366
472,compute-0-0,0.000003518,+0.000002295,0.000032853
574,compute-0-3,0.000002607,-0.000001432,0.000031632
472,compute-0-1,0.000001458,-0.000007975,0.000032512
472,compute-0-2,0.000000460,-0.000000467,0.000032366
472,compute-0-3,0.000002594,-0.000001432,0.000031632
575,localhost,0.000120988,+0.000205223,0.001523003
575,compute-0-0,0.000003161,+0.000002295,0.000032853
575,compute-0-1,0.000000001,-0.000007975,0.000032512
473,localhost,0.000120978,+0.000205223,0.001523003
575,compute-0-2,0.000000448,-0.000000467,0.000032366
473,compute-0-0,0.000003137,+0.000002295,0.000032853
575,compute-0-3,0.000002409,-0.000001432,0.000031632
473,compute-0-1,0.000000001,-0.000007975,0.000032512
473,compute-0-2,0.000000447,-0.000000467,0.000032366
473,compute-0-3,0.000002397,-0.000001432,0.000031632
576,localhost,0.000120827,+0.000205223,0.001523003
576,compute-0-0,0.000002780,+0.000002295,0.000032853
576,compute-0-1,0.000000268,+0.000000266,0.000030844
474,localhost,0.000120817,+0.000205223,0.001523003
576,compute-0-2,0.000000435,-0.000000467,0.000032366
474,compute-0-0,0.000002756,+0.000002295,0.000032853
576,compute-0-3,0.000002213,-0.000001432,0.000031632
474,compute-0-1,0.000000267,+0.000000266,0.000030844
474,compute-0-2,0.000000435,-0.000000467,0.000032366
474,compute-0-3,0.000002200,-0.000001432,0.000031632
577,localhost,0.000120666,+0.000205223,0.001523003
577,compute-0-0,0.000002399,+0.000002295,0.000032853
577,compute-0-1,0.000000266,+0.000000266,0.000030844
475,localhost,0.000120656,+0.000205223,0.001523003
577,compute-0-2,0.000000423,-0.000000467,0.000032366
475,compute-0-0,0.000002375,+0.000002295,0.000032853
577,compute-0-3,0.000002869,-0.000000850,0.000030010
475,compute-0-1,0.000000266,+0.000000266,0.000030844
475,compute-0-2,0.000000422,-0.000000467,0.000032366
475,compute-0-3,0.000002858,-0.000000850,0.000030010
578,localhost,0.000120505,+0.000205223,0.001523003
578,compute-0-0,0.000002018,+0.000002295,0.000032853
578,compute-0-1,0.000000264,+0.000000266,0.000030844
476,localhost,0.000120494,+0.000205223,0.001523003
578,compute-0-2,0.000000410,-0.000000467,0.000032366
476,compute-0-0,0.000001994,+0.000002295,0.000032853
578,compute-0-3,0.000002697,-0.000000850,0.000030010
476,compute-0-1,0.000000264,+0.000000266,0.000030844
476,compute-0-2,0.000000410,-0.000000467,0.000032366
476,compute-0-3,0.000002686,-0.000000850,0.000030010
579,localhost,0.000120344,+0.000205223,0.001523003
579,compute-0-0,0.000003030,+0.000001345,0.000031170
579,compute-0-1,0.000000262,+0.000000266,0.000030844
477,localhost,0.000120333,+0.000205223,0.001523003
579,compute-0-2,0.000001299,+0.000001813,0.000030711
477,compute-0-0,0.000003014,+0.000001345,0.000031170
579,compute-0-3,0.000002525,-0.000000850,0.000030010
477,compute-0-1,0.000000262,+0.000000266,0.000030844
477,compute-0-2,0.000001291,+0.000001813,0.000030711
477,compute-0-3,0.000002513,-0.000000850,0.000030010
580,localhost,0.000120183,+0.000205223,0.001523003
580,compute-0-0,0.000002787,+0.000001345,0.000031170
580,compute-0-1,0.000000260,+0.000000266,0.000030844
478,localhost,0.000120172,+0.000205223,0.001523003
580,compute-0-2,0.000001185,+0.000001813,0.000030711
478,compute-0-0,0.000002771,+0.000001345,0.000031170
580,compute-0-3,0.000002352,-0.000000850,0.000030010
478,compute-0-1,0.000000260,+0.000000266,0.000030844
478,compute-0-2,0.000001177,+0.000001813,0.000030711
478,compute-0-3,0.000002340,-0.000000850,0.000030010
581,localhost,0.000120022,+0.000205223,0.001523003
581,compute-0-0,0.000002543,+0.000001345,0.000031170
581,compute-0-1,0.000000258,+0.000000266,0.000030844
479,localhost,0.000120011,+0.000205223,0.001523003
581,compute-0-2,0.000001070,+0.000001813,0.000030711
479,compute-0-0,0.000002527,+0.000001345,0.000031170
581,compute-0-3,0.000002180,-0.000000850,0.000030010
479,compute-0-1,0.000000258,+0.000000266,0.000030844
479,compute-0-2,0.000001062,+0.000001813,0.000030711
479,compute-0-3,0.000002168,-0.000000850,0.000030010
582,localhost,0.000119861,+0.000205223,0.001523003
582,compute-0-0,0.000002300,+0.000001345,0.000031170
582,compute-0-1,0.000000493,-0.000000754,0.000029262
480,localhost,0.000119850,+0.000205223,0.001523003
582,compute-0-2,0.000000956,+0.000001813,0.000030711
480,compute-0-0,0.000002284,+0.000001345,0.000031170
582,compute-0-3,0.000002007,-0.000000850,0.000030010
480,compute-0-1,0.000000493,-0.000000754,0.000029262
480,compute-0-2,0.000000948,+0.000001813,0.000030711
480,compute-0-3,0.000001996,-0.000000850,0.000030010
583,localhost,0.000119699,+0.000205223,0.001523003
583,compute-0-0,0.000002056,+0.000001345,0.000031170
583,compute-0-1,0.000000487,-0.000000754,0.000029262
481,localhost,0.000119689,+0.000205223,0.001523003
583,compute-0-2,0.000000841,+0.000001813,0.000030711
481,compute-0-0,0.000002040,+0.000001345,0.000031170
583,compute-0-3,0.000000812,+0.000001091,0.000028472
481,compute-0-1,0.000000487,-0.000000754,0.000029262
481,compute-0-2,0.000000834,+0.000001813,0.000030711
481,compute-0-3,0.000000811,+0.000001091,0.000028472
584,localhost,0.000119538,+0.000205223,0.001523003
584,compute-0-0,0.000001813,+0.000001345,0.000031170
584,compute-0-1,0.000000481,-0.000000754,0.000029262
482,localhost,0.000119528,+0.000205223,0.001523003
584,compute-0-2,0.000005087,-0.000006031,0.000029197
482,compute-0-0,0.000001797,+0.000001345,0.000031170
584,compute-0-3,0.000000797,+0.000001091,0.000028472
482,compute-0-1,0.000000480,-0.000000754,0.000029262
482,compute-0-2,0.000005011,-0.000006031,0.000029197
482,compute-0-3,0.000000796,+0.000001091,0.000028472
585,localhost,0.000119377,+0.000205223,0.001523003
585,compute-0-0,0.000002049,+0.000000401,0.000029571
585,compute-0-1,0.000000474,-0.000000754,0.000029262
483,localhost,0.000119366,+0.000205223,0.001523003
585,compute-0-2,0.000003919,-0.000006031,0.000029197
483,compute-0-0,0.000002041,+0.000000401,0.000029571
585,compute-0-3,0.000000782,+0.000001091,0.000028472
483,compute-0-1,0.000000474,-0.000000754,0.000029262
483,compute-0-2,0.000003841,-0.000006031,0.000029197
483,compute-0-3,0.000000781,+0.000001091,0.000028472
586,localhost,0.000119216,+0.000205223,0.001523003
586,compute-0-0,0.000001931,+0.000000401,0.000029571
586,compute-0-1,0.000000468,-0.000000754,0.000029262
484,localhost,0.000119205,+0.000205223,0.001523003
586,compute-0-2,0.000002750,-0.000006031,0.000029197
484,compute-0-0,0.000001923,+0.000000401,0.000029571
586,compute-0-3,0.000000767,+0.000001091,0.000028472
484,compute-0-1,0.000000467,-0.000000754,0.000029262
484,compute-0-2,0.000002671,-0.000006031,0.000029197
484,compute-0-3,0.000000766,+0.000001091,0.000028472
587,localhost,0.000119055,+0.000205223,0.001523003
587,compute-0-0,0.000001813,+0.000000401,0.000029571
587,compute-0-1,0.000000462,-0.000000754,0.000029262
485,localhost,0.000119044,+0.000205223,0.001523003
587,compute-0-2,0.000001583,-0.000006031,0.000029197
485,compute-0-0,0.000001805,+0.000000401,0.000029571
587,compute-0-3,0.000000752,+0.000001091,0.000028472
485,compute-0-1,0.000000461,-0.000000754,0.000029262
485,compute-0-2,0.000001503,-0.000006031,0.000029197
485,compute-0-3,0.000000751,+0.000001091,0.000028472
588,localhost,0.000118894,+0.000205223,0.001523003
588,compute-0-0,0.000001696,+0.000000401,0.000029571
588,compute-0-1,0.000002231,+0.000002800,0.000027775
486,localhost,0.000118883,+0.000205223,0.001523003
588,compute-0-2,0.000000413,-0.000006031,0.000029197
486,compute-0-0,0.000001688,+0.000000401,0.000029571
588,compute-0-3,0.000000737,+0.000001091,0.000028472
486,compute-0-1,0.000002221,+0.000002800,0.000027775
486,compute-0-2,0.000000333,-0.000006031,0.000029197
486,compute-0-3,0.000000736,+0.000001091,0.000028472
589,localhost,0.000118733,+0.000205223,0.001523003
589,compute-0-0,0.000001578,+0.000000401,0.000029571
589,compute-0-1,0.000002081,+0.000002800,0.000027775
487,localhost,0.000118722,+0.000205223,0.001523003
589,compute-0-2,0.000000000,-0.000006031,0.000029197
487,compute-0-0,0.000001570,+0.000000401,0.000029571
589,compute-0-3,0.000000469,+0.000000260,0.000027011
487,compute-0-1,0.000002070,+0.000002800,0.000027775
487,compute-0-2,0.000000000,-0.000006031,0.000029197
487,compute-0-3,0.000000469,+0.000000260,0.000027011
590,localhost,0.000118572,+0.000205223,0.001523003
590,compute-0-0,0.000001460,+0.000000401,0.000029571
590,compute-0-1,0.000001929,+0.000002800,0.000027775
488,localhost,0.000118561,+0.000205223,0.001523003
590,compute-0-2,0.000002538,+0.000002633,0.000027711
488,compute-0-0,0.000001452,+0.000000401,0.000029571
590,compute-0-3,0.000000464,+0.000000260,0.000027011
488,compute-0-1,0.000001920,+0.000002800,0.000027775
488,compute-0-2,0.000002523,+0.000002633,0.000027711
488,compute-0-3,0.000000464,+0.000000260,0.000027011
591,localhost,0.000118411,+0.000205223,0.001523003
591,compute-0-0,0.000001342,+0.000000401,0.000029571
591,compute-0-1,0.000001779,+0.000002800,0.000027775
489,localhost,0.000118400,+0.000205223,0.001523003
591,compute-0-2,0.000002311,+0.000002633,0.000027711
489,compute-0-0,0.000001335,+0.000000401,0.000029571
591,compute-0-3,0.000000458,+0.000000260,0.000027011
489,compute-0-1,0.000001769,+0.000002800,0.000027775
489,compute-0-2,0.000002296,+0.000002633,0.000027711
489,compute-0-3,0.000000458,+0.000000260,0.000027011
592,localhost,0.000118250,+0.000205223,0.001523003
592,compute-0-0,0.000001225,+0.000000401,0.000029571
592,compute-0-1,0.000001628,+0.000002800,0.000027775
490,localhost,0.000118239,+0.000205223,0.001523003
592,compute-0-2,0.000002084,+0.000002633,0.000027711
490,compute-0-0,0.000001217,+0.000000401,0.000029571
592,compute-0-3,0.000000453,+0.000000260,0.000027011
490,compute-0-1,0.000001618,+0.000002800,0.000027775
490,compute-0-2,0.000002069,+0.000002633,0.000027711
490,compute-0-3,0.000000453,+0.000000260,0.000027011
593,localhost,0.000118089,+0.000205223,0.001523003
593,compute-0-0,0.000001107,+0.000000401,0.000029571
593,compute-0-1,0.000001121,-0.000002611,0.000026362
491,localhost,0.000118078,+0.000205223,0.001523003
593,compute-0-2,0.000001857,+0.000002633,0.000027711
491,compute-0-0,0.000001099,+0.000000401,0.000029571
593,compute-0-3,0.000000448,+0.000000260,0.000027011
491,compute-0-1,0.000001118,-0.000002611,0.000026362
491,compute-0-2,0.000001842,+0.000002633,0.000027711
491,compute-0-3,0.000000447,+0.000000260,0.000027011
594,localhost,0.000117928,+0.000205223,0.001523003
594,compute-0-0,0.000000989,+0.000000401,0.000029571
594,compute-0-1,0.000001086,-0.000002611,0.000026362
492,localhost,0.000117917,+0.000205223,0.001523003
594,compute-0-2,0.000001630,+0.000002633,0.000027711
492,compute-0-0,0.000000982,+0.000000401,0.000029571
594,compute-0-3,0.000001738,+0.000002187,0.000025634
492,compute-0-1,0.000001084,-0.000002611,0.000026362
492,compute-0-2,0.000001616,+0.000002633,0.000027711
492,compute-0-3,0.000001733,+0.000002187,0.000025634
595,localhost,0.000117766,+0.000205223,0.001523003
595,compute-0-0,0.000000871,+0.000000401,0.000029571
595,compute-0-1,0.000001052,-0.000002611,0.000026362
493,localhost,0.000117756,+0.000205223,0.001523003
595,compute-0-2,0.000001403,+0.000002633,0.000027711
493,compute-0-0,0.000000864,+0.000000401,0.000029571
595,compute-0-3,0.000001658,+0.000002187,0.000025634
493,compute-0-1,0.000001050,-0.000002611,0.000026362
493,compute-0-2,0.000001389,+0.000002633,0.000027711
493,compute-0-3,0.000001653,+0.000002187,0.000025634
596,localhost,0.000117605,+0.000205223,0.001523003
596,compute-0-0,0.000001910,+0.000001146,0.000028056
596,compute-0-1,0.000001018,-0.000002611,0.000026362
494,localhost,0.000117595,+0.000205223,0.001523003
596,compute-0-2,0.000001176,+0.000002633,0.000027711
494,compute-0-0,0.000001907,+0.000001146,0.000028056
596,compute-0-3,0.000001579,+0.000002187,0.000025634
494,compute-0-1,0.000001016,-0.000002611,0.000026362
494,compute-0-2,0.000001161,+0.000002633,0.000027711
494,compute-0-3,0.000001573,+0.000002187,0.000025634
597,localhost,0.000117444,+0.000205223,0.001523003
597,compute-0-0,0.000001863,+0.000001146,0.000028056
597,compute-0-1,0.000000984,-0.000002611,0.000026362
495,localhost,0.000117433,+0.000205223,0.001523003
597,compute-0-2,0.000000949,+0.000002633,0.000027711
495,compute-0-0,0.000001860,+0.000001146,0.000028056
597,compute-0-3,0.000001499,+0.000002187,0.000025634
495,compute-0-1,0.000000981,-0.000002611,0.000026362
495,compute-0-2,0.000000934,+0.000002633,0.000027711
495,compute-0-3,0.000001493,+0.000002187,0.000025634
598,localhost,0.000117283,+0.000205223,0.001523003
598,compute-0-0,0.000001817,+0.000001146,0.000028056
598,compute-0-1,0.000000949,-0.000002611,0.000026362
496,localhost,0.000117272,+0.000205223,0.001523003
598,compute-0-2,0.000000722,+0.000002633,0.000027711
496,compute-0-0,0.000001814,+0.000001146,0.000028056
598,compute-0-3,0.000001419,+0.000002187,0.000025634
496,compute-0-1,0.000000947,-0.000002611,0.000026362
496,compute-0-2,0.000000707,+0.000002633,0.000027711
496,compute-0-3,0.000001414,+0.000002187,0.000025634
599,localhost,0.000117122,+0.000205223,0.001523003
599,compute-0-0,0.000001770,+0.000001146,0.000028056
599,compute-0-1,0.000003146,-0.000002334,0.000025020
497,localhost,0.000117111,+0.000205223,0.001523003
599,compute-0-2,0.000000495,+0.000002633,0.000027711
497,compute-0-0,0.000001767,+0.000001146,0.000028056
599,compute-0-3,0.000001339,+0.000002187,0.000025634
497,compute-0-1,0.000003127,-0.000002334,0.000025020
497,compute-0-2,0.000000481,+0.000002633,0.000027711
497,compute-0-3,0.000001334,+0.000002187,0.000025634
600,localhost,0.000116960,+0.000205223,0.001523003
600,compute-0-0,0.000001724,+0.000001146,0.000028056
600,compute-0-1,0.000002864,-0.000002334,0.000025020
498,localhost,0.000116950,+0.000205223,0.001523003
600,compute-0-2,0.000000268,+0.000002633,0.000027711
498,compute-0-0,0.000001721,+0.000001146,0.000028056
600,compute-0-3,0.000000020,+0.000019050,0.000025054
498,compute-0-1,0.000002846,-0.000002334,0.000025020
498,compute-0-2,0.000000254,+0.000002633,0.000027711
498,compute-0-3,0.000000020,+0.000019050,0.000025054
601,localhost,0.000116799,+0.000205223,0.001523003
601,compute-0-0,0.000001677,+0.000001146,0.000028056
601,compute-0-1,0.000002582,-0.000002334,0.000025020
499,localhost,0.000116789,+0.000205223,0.001523003
601,compute-0-2,0.000002623,+0.000002567,0.000026302
499,compute-0-0,0.000001674,+0.000001146,0.000028056
601,compute-0-3,0.000000020,+0.000019050,0.000025054
499,compute-0-1,0.000002564,-0.000002334,0.000025020
499,compute-0-2,0.000002617,+0.000002567,0.000026302
499,compute-0-3,0.000000020,+0.000019050,0.000025054
602,localhost,0.000116638,+0.000205223,0.001523003
602,compute-0-0,0.000001631,+0.000001146,0.000028056
602,compute-0-1,0.000002301,-0.000002334,0.000025020
500,localhost,0.000116628,+0.000205223,0.001523003
602,compute-0-2,0.000002515,+0.000002567,0.000026302
500,compute-0-0,0.000001628,+0.000001146,0.000028056
602,compute-0-3,0.000000019,+0.000019050,0.000025054
500,compute-0-1,0.000002283,-0.000002334,0.000025020
500,compute-0-2,0.000002509,+0.000002567,0.000026302
500,compute-0-3,0.000000019,+0.000019050,0.000025054
603,localhost,0.000116477,+0.000205223,0.001523003
603,compute-0-0,0.000001584,+0.000001146,0.000028056
603,compute-0-1,0.000002019,-0.000002334,0.000025020
501,localhost,0.000116467,+0.000205223,0.001523003
603,compute-0-2,0.000002407,+0.000002567,0.000026302
501,compute-0-0,0.000001581,+0.000001146,0.000028056
603,compute-0-3,0.000000019,+0.000019050,0.000025054
501,compute-0-1,0.000002001,-0.000002334,0.000025020
501,compute-0-2,0.000002400,+0.000002567,0.000026302
501,compute-0-3,0.000000019,+0.000019050,0.000025054
604,localhost,0.000116316,+0.000205223,0.001523003
604,compute-0-0,0.000001538,+0.000001146,0.000028056
604,compute-0-1,0.000001737,-0.000002334,0.000025020
502,localhost,0.000116306,+0.000205223,0.001523003
604,compute-0-2,0.000002299,+0.000002567,0.000026302
502,compute-0-0,0.000001535,+0.000001146,0.000028056
604,compute-0-3,0.000000019,+0.000019050,0.000025054
502,compute-0-1,0.000001719,-0.000002334,0.000025020
502,compute-0-2,0.000002292,+0.000002567,0.000026302
502,compute-0-3,0.000000019,+0.000019050,0.000025054
605,localhost,0.000116155,+0.000205223,0.001523003
605,compute-0-0,0.000001491,+0.000001146,0.000028056
605,compute-0-1,0.000003703,-0.000002340,0.000023748
503,localhost,0.000116145,+0.000205223,0.001523003
605,compute-0-2,0.000002191,+0.000002567,0.000026302
503,compute-0-0,0.000001488,+0.000001146,0.000028056
605,compute-0-3,0.000000019,+0.000019050,0.000025054
503,compute-0-1,0.000003677,-0.000002340,0.000023748
503,compute-0-2,0.000002184,+0.000002567,0.000026302
503,compute-0-3,0.000000019,+0.000019050,0.000025054
606,localhost,0.000115994,+0.000205223,0.001523003
606,compute-0-0,0.000001445,+0.000001146,0.000028056
606,compute-0-1,0.000003292,-0.000002340,0.000023748
504,localhost,0.000115984,+0.000205223,0.001523003
606,compute-0-2,0.000002083,+0.000002567,0.000026302
504,compute-0-0,0.000001442,+0.000001146,0.000028056
606,compute-0-3,0.000000114,+0.000000134,0.000023768
504,compute-0-1,0.000003266,-0.000002340,0.000023748
504,compute-0-2,0.000002076,+0.000002567,0.000026302
504,compute-0-3,0.000000113,+0.000000134,0.000023768
607,localhost,0.000115833,+0.000205223,0.001523003
607,compute-0-0,0.000001398,+0.000001146,0.000028056
607,compute-0-1,0.000002880,-0.000002340,0.000023748
505,localhost,0.000115823,+0.000205223,0.001523003
607,compute-0-2,0.000001974,+0.000002567,0.000026302
505,compute-0-0,0.000001395,+0.000001146,0.000028056
607,compute-0-3,0.000000111,+0.000000134,0.000023768
505,compute-0-1,0.000002853,-0.000002340,0.000023748
505,compute-0-2,0.000001967,+0.000002567,0.000026302
505,compute-0-3,0.000000111,+0.000000134,0.000023768
608,localhost,0.000115672,+0.000205223,0.001523003
608,compute-0-0,0.000003643,+0.000002424,0.000026627
608,compute-0-1,0.000002469,-0.000002340,0.000023748
506,localhost,0.000115662,+0.000205223,0.001523003
608,compute-0-2,0.000001866,+0.000002567,0.000026302
506,compute-0-0,0.000003630,+0.000002424,0.000026627
608,compute-0-3,0.000000109,+0.000000134,0.000023768
506,compute-0-1,0.000002441,-0.000002340,0.000023748
506,compute-0-2,0.000001859,+0.000002567,0.000026302
506,compute-0-3,0.000000109,+0.000000134,0.000023768
609,localhost,0.000115511,+0.000205223,0.001523003
609,compute-0-0,0.000003441,+0.000002424,0.000026627
609,compute-0-1,0.000002057,-0.000002340,0.000023748
507,localhost,0.000115501,+0.000205223,0.001523003
609,compute-0-2,0.000001758,+0.000002567,0.000026302
507,compute-0-0,0.000003427,+0.000002424,0.000026627
609,compute-0-3,0.000000107,+0.000000134,0.000023768
507,compute-0-1,0.000002029,-0.000002340,0.000023748
507,compute-0-2,0.000001751,+0.000002567,0.000026302
507,compute-0-3,0.000000107,+0.000000134,0.000023768
610,localhost,0.000115350,+0.000205223,0.001523003
610,compute-0-0,0.000003239,+0.000002424,0.000026627
610,compute-0-1,0.000001645,-0.000002340,0.000023748
508,localhost,0.000115340,+0.000205223,0.001523003
610,compute-0-2,0.000001650,+0.000002567,0.000026302
508,compute-0-0,0.000003226,+0.000002424,0.000026627
610,compute-0-3,0.000000105,+0.000000134,0.000023768
508,compute-0-1,0.000015573,-0.000014201,0.000022972
508,compute-0-2,0.000001643,+0.000002567,0.000026302
508,compute-0-3,0.000000105,+0.000000134,0.000023768
611,localhost,0.000115189,+0.000205223,0.001523003
611,compute-0-0,0.000003036,+0.000002424,0.000026627
611,compute-0-1,0.000010564,-0.000014201,0.000022972
509,localhost,0.000115179,+0.000205223,0.001523003
611,compute-0-2,0.000001542,+0.000002567,0.000026302
509,compute-0-0,0.000003023,+0.000002424,0.000026627
611,compute-0-3,0.000000103,+0.000000134,0.000023768
509,compute-0-1,0.000010215,-0.000014201,0.000022972
509,compute-0-2,0.000001535,+0.000002567,0.000026302
509,compute-0-3,0.000000103,+0.000000134,0.000023768
612,localhost,0.000115028,+0.000205223,0.001523003
612,compute-0-0,0.000002833,+0.000002424,0.000026627
612,compute-0-1,0.000005188,-0.000014201,0.000022972
510,localhost,0.000115018,+0.000205223,0.001523003
612,compute-0-2,0.000001433,+0.000002567,0.000026302
510,compute-0-0,0.000002821,+0.000002424,0.000026627
612,compute-0-3,0.000000109,-0.000000213,0.000022549
510,compute-0-1,0.000004851,-0.000014201,0.000022972
510,compute-0-2,0.000001427,+0.000002567,0.000026302
510,compute-0-3,0.000000109,-0.000000213,0.000022549
613,localhost,0.000114867,+0.000205223,0.001523003
613,compute-0-0,0.000002631,+0.000002424,0.000026627
613,compute-0-1,0.000000005,-0.000014201,0.000022972
511,localhost,0.000114857,+0.000205223,0.001523003
613,compute-0-2,0.000002552,+0.000001220,0.000024955
511,compute-0-0,0.000002618,+0.000002424,0.000026627
613,compute-0-3,0.000000108,-0.000000213,0.000022549
511,compute-0-1,0.000000005,-0.000014201,0.000022972
511,compute-0-2,0.000002545,+0.000001220,0.000024955
511,compute-0-3,0.000000108,-0.000000213,0.000022549
614,localhost,0.000114706,+0.000205223,0.001523003
614,compute-0-0,0.000002429,+0.000002424,0.000026627
614,compute-0-1,0.000000005,-0.000014201,0.000022972
512,localhost,0.000114695,+0.000205223,0.001523003
614,compute-0-2,0.000002453,+0.000001220,0.000024955
512,compute-0-0,0.000002415,+0.000002424,0.000026627
614,compute-0-3,0.000000107,-0.000000213,0.000022549
512,compute-0-1,0.000000005,-0.000014201,0.000022972
512,compute-0-2,0.000002447,+0.000001220,0.000024955
512,compute-0-3,0.000000107,-0.000000213,0.000022549
615,localhost,0.000114545,+0.000205223,0.001523003
615,compute-0-0,0.000002226,+0.000002424,0.000026627
615,compute-0-1,0.000000005,-0.000014201,0.000022972
513,localhost,0.000114535,+0.000205223,0.001523003
615,compute-0-2,0.000002355,+0.000001220,0.000024955
513,compute-0-0,0.000002213,+0.000002424,0.000026627
615,compute-0-3,0.000000106,-0.000000213,0.000022549
513,compute-0-1,0.000000005,-0.000014201,0.000022972
513,compute-0-2,0.000002349,+0.000001220,0.000024955
513,compute-0-3,0.000000106,-0.000000213,0.000022549
616,localhost,0.000114384,+0.000205223,0.001523003
616,compute-0-0,0.000002024,+0.000002424,0.000026627
616,compute-0-1,0.000011387,-0.000012116,0.000022128
514,localhost,0.000114374,+0.000205223,0.001523003
616,compute-0-2,0.000002257,+0.000001220,0.000024955
514,compute-0-0,0.000002011,+0.000002424,0.000026627
616,compute-0-3,0.000000105,-0.000000213,0.000022549
514,compute-0-1,0.000011251,-0.000012116,0.000022128
514,compute-0-2,0.000002251,+0.000001220,0.000024955
514,compute-0-3,0.000000105,-0.000000213,0.000022549
617,localhost,0.000114223,+0.000205223,0.001523003
617,compute-0-0,0.000001821,+0.000002424,0.000026627
617,compute-0-1,0.000009130,-0.000012116,0.000022128
515,localhost,0.000114213,+0.000205223,0.001523003
617,compute-0-2,0.000002158,+0.000001220,0.000024955
515,compute-0-0,0.000001809,+0.000002424,0.000026627
617,compute-0-3,0.000000116,+0.000000220,0.000021392
515,compute-0-1,0.000008986,-0.000012116,0.000022128
515,compute-0-2,0.000002152,+0.000001220,0.000024955
515,compute-0-3,0.000000116,+0.000000220,0.000021392
618,localhost,0.000114062,+0.000205223,0.001523003
618,compute-0-0,0.000001619,+0.000002424,0.000026627
618,compute-0-1,0.000006869,-0.000012116,0.000022128
516,localhost,0.000114051,+0.000205223,0.001523003
618,compute-0-2,0.000002060,+0.000001220,0.000024955
516,compute-0-0,0.000001606,+0.000002424,0.000026627
618,compute-0-3,0.000000114,+0.000000220,0.000021392
516,compute-0-1,0.000006725,-0.000012116,0.000022128
516,compute-0-2,0.000002054,+0.000001220,0.000024955
516,compute-0-3,0.000000114,+0.000000220,0.000021392
619,localhost,0.000113901,+0.000205223,0.001523003
619,compute-0-0,0.000002736,+0.000001281,0.000025264
619,compute-0-1,0.000004610,-0.000012116,0.000022128
517,localhost,0.000113891,+0.000205223,0.001523003
619,compute-0-2,0.000001962,+0.000001220,0.000024955
517,compute-0-0,0.000002729,+0.000001281,0.000025264
619,compute-0-3,0.000000113,+0.000000220,0.000021392
517,compute-0-1,0.000004468,-0.000012116,0.000022128
517,compute-0-2,0.000001956,+0.000001220,0.000024955
517,compute-0-3,0.000000113,+0.000000220,0.000021392
620,localhost,0.000113740,+0.000205223,0.001523003
620,compute-0-0,0.000002628,+0.000001281,0.000025264
620,compute-0-1,0.000002350,-0.000012116,0.000022128
518,localhost,0.000113730,+0.000205223,0.001523003
620,compute-0-2,0.000001863,+0.000001220,0.000024955
518,compute-0-0,0.000002621,+0.000001281,0.000025264
620,compute-0-3,0.000000112,+0.000000220,0.000021392
518,compute-0-1,0.000002209,-0.000012116,0.000022128
518,compute-0-2,0.000001857,+0.000001220,0.000024955
518,compute-0-3,0.000000112,+0.000000220,0.000021392
621,localhost,0.000113579,+0.000205223,0.001523003
621,compute-0-0,0.000002519,+0.000001281,0.000025264
621,compute-0-1,0.000000091,-0.000012116,0.000022128
519,localhost,0.000113568,+0.000205223,0.001523003
621,compute-0-2,0.000001765,+0.000001220,0.000024955
519,compute-0-0,0.000002512,+0.000001281,0.000025264
621,compute-0-3,0.000000110,+0.000000220,0.000021392
519,compute-0-1,0.000000000,-0.000012116,0.000022128
519,compute-0-2,0.000001759,+0.000001220,0.000024955
519,compute-0-3,0.000000110,+0.000000220,0.000021392
622,localhost,0.000113418,+0.000205223,0.001523003
622,compute-0-0,0.000002410,+0.000001281,0.000025264
622,compute-0-1,0.000001199,-0.000001212,0.000020996
520,localhost,0.000113407,+0.000205223,0.001523003
622,compute-0-2,0.000001667,+0.000001220,0.000024955
520,compute-0-0,0.000002403,+0.000001281,0.000025264
622,compute-0-3,0.000000109,+0.000000220,0.000021392
520,compute-0-1,0.000001197,-0.000001212,0.000020996
520,compute-0-2,0.000001661,+0.000001220,0.000024955
520,compute-0-3,0.000000109,+0.000000220,0.000021392
623,localhost,0.000113257,+0.000205223,0.001523003
623,compute-0-0,0.000002302,+0.000001281,0.000025264
623,compute-0-1,0.000001177,-0.000001212,0.000020996
521,localhost,0.000113246,+0.000205223,0.001523003
623,compute-0-2,0.000001569,+0.000001220,0.000024955
521,compute-0-0,0.000002294,+0.000001281,0.000025264
623,compute-0-3,0.000000251,-0.000000361,0.000020294
521,compute-0-1,0.000001175,-0.000001212,0.000020996
521,compute-0-2,0.000001562,+0.000001220,0.000024955
521,compute-0-3,0.000000250,-0.000000361,0.000020294
624,localhost,0.000113096,+0.000205223,0.001523003
624,compute-0-0,0.000002193,+0.000001281,0.000025264
624,compute-0-1,0.000001155,-0.000001212,0.000020996
522,localhost,0.000113085,+0.000205223,0.001523003
624,compute-0-2,0.000005305,+0.000003904,0.000023707
522,compute-0-0,0.000002186,+0.000001281,0.000025264
624,compute-0-3,0.000000245,-0.000000361,0.000020294
522,compute-0-1,0.000001154,-0.000001212,0.000020996
522,compute-0-2,0.000005280,+0.000003904,0.000023707
522,compute-0-3,0.000000244,-0.000000361,0.000020294
625,localhost,0.000112934,+0.000205223,0.001523003
625,compute-0-0,0.000002084,+0.000001281,0.000025264
625,compute-0-1,0.000001133,-0.000001212,0.000020996
523,localhost,0.000112924,+0.000205223,0.001523003
625,compute-0-2,0.000004923,+0.000003904,0.000023707
523,compute-0-0,0.000002077,+0.000001281,0.000025264
625,compute-0-3,0.000000239,-0.000000361,0.000020294
523,compute-0-1,0.000001132,-0.000001212,0.000020996
523,compute-0-2,0.000004898,+0.000003904,0.000023707
523,compute-0-3,0.000000238,-0.000000361,0.000020294
626,localhost,0.000112773,+0.000205223,0.001523003
626,compute-0-0,0.000001976,+0.000001281,0.000025264
626,compute-0-1,0.000001111,-0.000001212,0.000020996
524,localhost,0.000112763,+0.000205223,0.001523003
626,compute-0-2,0.000004541,+0.000003904,0.000023707
524,compute-0-0,0.000001968,+0.000001281,0.000025264
626,compute-0-3,0.000000233,-0.000000361,0.000020294
524,compute-0-1,0.000001110,-0.000001212,0.000020996
524,compute-0-2,0.000004516,+0.000003904,0.000023707
524,compute-0-3,0.000000232,-0.000000361,0.000020294
627,localhost,0.000112612,+0.000205223,0.001523003
627,compute-0-0,0.000001867,+0.000001281,0.000025264
627,compute-0-1,0.000001090,-0.000001212,0.000020996
525,localhost,0.000112601,+0.000205223,0.001523003
627,compute-0-2,0.000004160,+0.000003904,0.000023707
525,compute-0-0,0.000001860,+0.000001281,0.000025264
627,compute-0-3,0.000000227,-0.000000361,0.000020294
525,compute-0-1,0.000001088,-0.000001212,0.000020996
525,compute-0-2,0.000004135,+0.000003904,0.000023707
525,compute-0-3,0.000000227,-0.000000361,0.000020294
628,localhost,0.000112451,+0.000205223,0.001523003
628,compute-0-0,0.000001758,+0.000001281,0.000025264
628,compute-0-1,0.000001068,-0.000001212,0.000020996
526,localhost,0.000112440,+0.000205223,0.001523003
628,compute-0-2,0.000003779,+0.000003904,0.000023707
526,compute-0-0,0.000001751,+0.000001281,0.000025264
628,compute-0-3,0.000000221,-0.000000361,0.000020294
526,compute-0-1,0.000001066,-0.000001212,0.000020996
526,compute-0-2,0.000003753,+0.000003904,0.000023707
526,compute-0-3,0.000000221,-0.000000361,0.000020294
629,localhost,0.000112290,+0.000205223,0.001523003
629,compute-0-0,0.000001650,+0.000001281,0.000025264
629,compute-0-1,0.000001046,-0.000001212,0.000020996
527,localhost,0.000112279,+0.000205223,0.001523003
629,compute-0-2,0.000003398,+0.000003904,0.000023707
527,compute-0-0,0.000001642,+0.000001281,0.000025264
629,compute-0-3,0.000000215,-0.000000361,0.000020294
527,compute-0-1,0.000001045,-0.000001212,0.000020996
527,compute-0-2,0.000003373,+0.000003904,0.000023707
527,compute-0-3,0.000000215,-0.000000361,0.000020294
630,localhost,0.000112129,+0.000205223,0.001523003
630,compute-0-0,0.000001541,+0.000001281,0.000025264
630,compute-0-1,0.000001024,-0.000001212,0.000020996
528,localhost,0.000112118,+0.000205223,0.001523003
630,compute-0-2,0.000003017,+0.000003904,0.000023707
528,compute-0-0,0.000006700,+0.000005176,0.000024023
630,compute-0-3,0.000000209,-0.000000361,0.000020294
528,compute-0-1,0.000001023,-0.000001212,0.000020996
528,compute-0-2,0.000002992,+0.000003904,0.000023707
528,compute-0-3,0.000000209,-0.000000361,0.000020294
631,localhost,0.000111968,+0.000205223,0.001523003
631,compute-0-0,0.000006122,+0.000005176,0.000024023
631,compute-0-1,0.000001002,-0.000001212,0.000020996
529,localhost,0.000111957,+0.000205223,0.001523003
631,compute-0-2,0.000002636,+0.000003904,0.000023707
529,compute-0-0,0.000006080,+0.000005176,0.000024023
631,compute-0-3,0.000000203,-0.000000361,0.000020294
529,compute-0-1,0.000001001,-0.000001212,0.000020996
529,compute-0-2,0.000002610,+0.000003904,0.000023707
529,compute-0-3,0.000000203,-0.000000361,0.000020294
632,localhost,0.000111807,+0.000205223,0.001523003
632,compute-0-0,0.000005502,+0.000005176,0.000024023
632,compute-0-1,0.000000981,-0.000001212,0.000020996
530,localhost,0.000111796,+0.000205223,0.001523003
632,compute-0-2,0.000002254,+0.000003904,0.000023707
530,compute-0-0,0.000005461,+0.000005176,0.000024023
632,compute-0-3,0.000000198,-0.000000361,0.000020294
530,compute-0-1,0.000000979,-0.000001212,0.000020996
530,compute-0-2,0.000002229,+0.000003904,0.000023707
530,compute-0-3,0.000000197,-0.000000361,0.000020294
633,localhost,0.000111646,+0.000205223,0.001523003
633,compute-0-0,0.000004884,+0.000005176,0.000024023
633,compute-0-1,0.000001680,+0.000002646,0.000019936
531,localhost,0.000111635,+0.000205223,0.001523003
633,compute-0-2,0.000001874,+0.000003904,0.000023707
531,compute-0-0,0.000004841,+0.000005176,0.000024023
633,compute-0-3,0.000000192,-0.000000361,0.000020294
531,compute-0-1,0.000001679,+0.000002646,0.000019936
531,compute-0-2,0.000001847,+0.000003904,0.000023707
531,compute-0-3,0.000000191,-0.000000361,0.000020294
634,localhost,0.000111485,+0.000205223,0.001523003
634,compute-0-0,0.000004265,+0.000005176,0.000024023
634,compute-0-1,0.000001663,+0.000002646,0.000019936
532,localhost,0.000111474,+0.000205223,0.001523003
634,compute-0-2,0.000001492,+0.000003904,0.000023707
532,compute-0-0,0.000004223,+0.000005176,0.000024023
634,compute-0-3,0.000000186,-0.000000361,0.000020294
532,compute-0-1,0.000001662,+0.000002646,0.000019936
532,compute-0-2,0.000001467,+0.000003904,0.000023707
532,compute-0-3,0.000000482,-0.000000297,0.000019253
635,localhost,0.000111323,+0.000205223,0.001523003
635,compute-0-0,0.000003645,+0.000005176,0.000024023
635,compute-0-1,0.000001646,+0.000002646,0.000019936
533,localhost,0.000111313,+0.000205223,0.001523003
635,compute-0-2,0.000001110,+0.000003904,0.000023707
533,compute-0-0,0.000003605,+0.000005176,0.000024023
635,compute-0-3,0.000000472,-0.000000297,0.000019253
533,compute-0-1,0.000001645,+0.000002646,0.000019936
533,compute-0-2,0.000001086,+0.000003904,0.000023707
533,compute-0-3,0.000000471,-0.000000297,0.000019253
636,localhost,0.000111162,+0.000205223,0.001523003
636,compute-0-0,0.000003027,+0.000005176,0.000024023
636,compute-0-1,0.000001629,+0.000002646,0.000019936
534,localhost,0.000111152,+0.000205223,0.001523003
636,compute-0-2,0.000001971,+0.000000953,0.000022492
534,compute-0-0,0.000002986,+0.000005176,0.000024023
636,compute-0-3,0.000000461,-0.000000297,0.000019253
534,compute-0-1,0.000001628,+0.000002646,0.000019936
534,compute-0-2,0.000001968,+0.000000953,0.000022492
534,compute-0-3,0.000000460,-0.000000297,0.000019253
637,localhost,0.000111001,+0.000205223,0.001523003
637,compute-0-0,0.000002407,+0.000005176,0.000024023
637,compute-0-1,0.000001612,+0.000002646,0.000019936
535,localhost,0.000110991,+0.000205223,0.001523003
637,compute-0-2,0.000001917,+0.000000953,0.000022492
535,compute-0-0,0.000002368,+0.000005176,0.000024023
637,compute-0-3,0.000000450,-0.000000297,0.000019253
535,compute-0-1,0.000001611,+0.000002646,0.000019936
535,compute-0-2,0.000001913,+0.000000953,0.000022492
535,compute-0-3,0.000000449,-0.000000297,0.000019253
638,localhost,0.000110840,+0.000205223,0.001523003
638,compute-0-0,0.000001789,+0.000005176,0.000024023
638,compute-0-1,0.000001595,+0.000002646,0.000019936
536,localhost,0.000110830,+0.000205223,0.001523003
638,compute-0-2,0.000001862,+0.000000953,0.000022492
536,compute-0-0,0.000001749,+0.000005176,0.000024023
638,compute-0-3,0.000000439,-0.000000297,0.000019253
536,compute-0-1,0.000001594,+0.000002646,0.000019936
536,compute-0-2,0.000001859,+0.000000953,0.000022492
536,compute-0-3,0.000000438,-0.000000297,0.000019253
639,localhost,0.000110679,+0.000205223,0.001523003
639,compute-0-0,0.000001171,+0.000005176,0.000024023
639,compute-0-1,0.000001579,+0.000002646,0.000019936
537,localhost,0.000110668,+0.000205223,0.001523003
639,compute-0-2,0.000001807,+0.000000953,0.000022492
537,compute-0-0,0.000001129,+0.000005176,0.000024023
639,compute-0-3,0.000000428,-0.000000297,0.000019253
537,compute-0-1,0.000001578,+0.000002646,0.000019936
537,compute-0-2,0.000001804,+0.000000953,0.000022492
537,compute-0-3,0.000000428,-0.000000297,0.000019253
640,localhost,0.000110518,+0.000205223,0.001523003
640,compute-0-0,0.000000552,+0.000005176,0.000024023
640,compute-0-1,0.000001562,+0.000002646,0.000019936
538,localhost,0.000110507,+0.000205223,0.001523003
640,compute-0-2,0.000001753,+0.000000953,0.000022492
538,compute-0-0,0.000000510,+0.000005176,0.000024023
640,compute-0-3,0.000000417,-0.000000297,0.000019253
538,compute-0-1,0.000001561,+0.000002646,0.000019936
538,compute-0-2,0.000001749,+0.000000953,0.000022492
538,compute-0-3,0.000000417,-0.000000297,0.000019253
641,localhost,0.000110357,+0.000205223,0.001523003
641,compute-0-0,0.000000001,+0.000005176,0.000024023
641,compute-0-1,0.000001545,+0.000002646,0.000019936
539,localhost,0.000110346,+0.000205223,0.001523003
641,compute-0-2,0.000001698,+0.000000953,0.000022492
539,compute-0-0,0.000000001,+0.000005176,0.000024023
641,compute-0-3,0.000000406,-0.000000297,0.000019253
539,compute-0-1,0.000001544,+0.000002646,0.000019936
539,compute-0-2,0.000001694,+0.000000953,0.000022492
539,compute-0-3,0.000000406,-0.000000297,0.000019253
642,localhost,0.000110196,+0.000205223,0.001523003
642,compute-0-0,0.000001640,-0.000001656,0.000022797
642,compute-0-1,0.000001528,+0.000002646,0.000019936
540,localhost,0.000110185,+0.000205223,0.001523003
642,compute-0-2,0.000001644,+0.000000953,0.000022492
540,compute-0-0,0.000001638,-0.000001656,0.000022797
642,compute-0-3,0.000000396,-0.000000297,0.000019253
540,compute-0-1,0.000001527,+0.000002646,0.000019936
540,compute-0-2,0.000001640,+0.000000953,0.000022492
540,compute-0-3,0.000000395,-0.000000297,0.000019253
643,localhost,0.000110035,+0.000205223,0.001523003
643,compute-0-0,0.000001603,-0.000001656,0.000022797
643,compute-0-1,0.000001511,+0.000002646,0.000019936
541,localhost,0.000110024,+0.000205223,0.001523003
643,compute-0-2,0.000001589,+0.000000953,0.000022492
541,compute-0-0,0.000001601,-0.000001656,0.000022797
643,compute-0-3,0.000000385,-0.000000297,0.000019253
541,compute-0-1,0.000001510,+0.000002646,0.000019936
541,compute-0-2,0.000001585,+0.000000953,0.000022492
541,compute-0-3,0.000000384,-0.000000297,0.000019253
644,localhost,0.000109874,+0.000205223,0.001523003
644,compute-0-0,0.000001566,-0.000001656,0.000022797
644,compute-0-1,0.000001495,+0.000002646,0.000019936
542,localhost,0.000109863,+0.000205223,0.001523003
644,compute-0-2,0.000001534,+0.000000953,0.000022492
542,compute-0-0,0.000001564,-0.000001656,0.000022797
644,compute-0-3,0.000000374,-0.000000297,0.000019253
542,compute-0-1,0.000001493,+0.000002646,0.000019936
542,compute-0-2,0.000001531,+0.000000953,0.000022492
542,compute-0-3,0.000000373,-0.000000297,0.000019253
645,localhost,0.000109713,+0.000205223,0.001523003
645,compute-0-0,0.000001529,-0.000001656,0.000022797
645,compute-0-1,0.000006338,+0.000005027,0.000018980
543,localhost,0.000109702,+0.000205223,0.001523003
645,compute-0-2,0.000001480,+0.000000953,0.000022492
543,compute-0-0,0.000001527,-0.000001656,0.000022797
645,compute-0-3,0.000000363,-0.000000297,0.000019253
543,compute-0-1,0.000006321,+0.000005027,0.000018980
543,compute-0-2,0.000001476,+0.000000953,0.000022492
543,compute-0-3,0.000000362,-0.000000297,0.000019253
646,localhost,0.000109552,+0.000205223,0.001523003
646,compute-0-0,0.000001492,-0.000001656,0.000022797
646,compute-0-1,0.000006094,+0.000005027,0.000018980
544,localhost,0.000109541,+0.000205223,0.001523003
646,compute-0-2,0.000001425,+0.000000953,0.000022492
544,compute-0-0,0.000001490,-0.000001656,0.000022797
646,compute-0-3,0.000000406,-0.000000052,0.000018265
544,compute-0-1,0.000006078,+0.000005027,0.000018980
544,compute-0-2,0.000001421,+0.000000953,0.000022492
544,compute-0-3,0.000000405,-0.000000052,0.000018265
647,localhost,0.000109391,+0.000205223,0.001523003
647,compute-0-0,0.000001455,-0.000001656,0.000022797
647,compute-0-1,0.000005849,+0.000005027,0.000018980
545,localhost,0.000109380,+0.000205223,0.001523003
647,compute-0-2,0.000002472,+0.000001118,0.000021341
545,compute-0-0,0.000001453,-0.000001656,0.000022797
647,compute-0-3,0.000000398,-0.000000052,0.000018265
545,compute-0-1,0.000005833,+0.000005027,0.000018980
545,compute-0-2,0.000002466,+0.000001118,0.000021341
545,compute-0-3,0.000000397,-0.000000052,0.000018265
648,localhost,0.000109230,+0.000205223,0.001523003
648,compute-0-0,0.000001418,-0.000001656,0.000022797
648,compute-0-1,0.000005604,+0.000005027,0.000018980
546,localhost,0.000109219,+0.000205223,0.001523003
648,compute-0-2,0.000002381,+0.000001118,0.000021341
546,compute-0-0,0.000001416,-0.000001656,0.000022797
648,compute-0-3,0.000000390,-0.000000052,0.000018265
546,compute-0-1,0.000005588,+0.000005027,0.000018980
546,compute-0-2,0.000002375,+0.000001118,0.000021341
546,compute-0-3,0.000000389,-0.000000052,0.000018265
649,localhost,0.000109068,+0.000205223,0.001523003
649,compute-0-0,0.000001381,-0.000001656,0.000022797
649,compute-0-1,0.000005360,+0.000005027,0.000018980
547,localhost,0.000109058,+0.000205223,0.001523003
649,compute-0-2,0.000002290,+0.000001118,0.000021341
547,compute-0-0,0.000001379,-0.000001656,0.000022797
649,compute-0-3,0.000000381,-0.000000052,0.000018265
547,compute-0-1,0.000005344,+0.000005027,0.000018980
547,compute-0-2,0.000002284,+0.000001118,0.000021341
547,compute-0-3,0.000000381,-0.000000052,0.000018265
650,localhost,0.000108908,+0.000205223,0.001523003
650,compute-0-0,0.000001344,-0.000001656,0.000022797
650,compute-0-1,0.000005116,+0.000005027,0.000018980
548,localhost,0.000108897,+0.000205223,0.001523003
650,compute-0-2,0.000002198,+0.000001118,0.000021341
548,compute-0-0,0.000001342,-0.000001656,0.000022797
650,compute-0-3,0.000000373,-0.000000052,0.000018265
548,compute-0-1,0.000005100,+0.000005027,0.000018980
548,compute-0-2,0.000002192,+0.000001118,0.000021341
548,compute-0-3,0.000000373,-0.000000052,0.000018265
651,localhost,0.000108747,+0.000205223,0.001523003
651,compute-0-0,0.000001307,-0.000001656,0.000022797
651,compute-0-1,0.000004871,+0.000005027,0.000018980
549,localhost,0.000108736,+0.000205223,0.001523003
651,compute-0-2,0.000002107,+0.000001118,0.000021341
549,compute-0-0,0.000001305,-0.000001656,0.000022797
651,compute-0-3,0.000000365,-0.000000052,0.000018265
549,compute-0-1,0.000004855,+0.000005027,0.000018980
549,compute-0-2,0.000002101,+0.000001118,0.000021341
549,compute-0-3,0.000000365,-0.000000052,0.000018265
652,localhost,0.000108585,+0.000205223,0.001523003
652,compute-0-0,0.000001270,-0.000001656,0.000022797
652,compute-0-1,0.000004627,+0.000005027,0.000018980
550,localhost,0.000108575,+0.000205223,0.001523003
652,compute-0-2,0.000002015,+0.000001118,0.000021341
550,compute-0-0,0.000001268,-0.000001656,0.000022797
652,compute-0-3,0.000000357,-0.000000052,0.000018265
550,compute-0-1,0.000004611,+0.000005027,0.000018980
550,compute-0-2,0.000002009,+0.000001118,0.000021341
550,compute-0-3,0.000000357,-0.000000052,0.000018265
653,localhost,0.000108424,+0.000205223,0.001523003
653,compute-0-0,0.000001233,-0.000001656,0.000022797
653,compute-0-1,0.000004383,+0.000005027,0.000018980
551,localhost,0.000108414,+0.000205223,0.001523003
653,compute-0-2,0.000001924,+0.000001118,0.000021341
551,compute-0-0,0.000001231,-0.000001656,0.000022797
653,compute-0-3,0.000000349,-0.000000052,0.000018265
551,compute-0-1,0.000004367,+0.000005027,0.000018980
551,compute-0-2,0.000001918,+0.000001118,0.000021341
551,compute-0-3,0.000000348,-0.000000052,0.000018265
654,localhost,0.000108263,+0.000205223,0.001523003
654,compute-0-0,0.000001196,-0.000001656,0.000022797
654,compute-0-1,0.000004138,+0.000005027,0.000018980
552,localhost,0.000108253,+0.000205223,0.001523003
654,compute-0-2,0.000001832,+0.000001118,0.000021341
552,compute-0-0,0.000001193,-0.000001656,0.000022797
654,compute-0-3,0.000000341,-0.000000052,0.000018265
552,compute-0-1,0.000004122,+0.000005027,0.000018980
552,compute-0-2,0.000001826,+0.000001118,0.000021341
552,compute-0-3,0.000000340,-0.000000052,0.000018265
655,localhost,0.000108102,+0.000205223,0.001523003
655,compute-0-0,0.000001159,-0.000001656,0.000022797
655,compute-0-1,0.000003894,+0.000005027,0.000018980
553,localhost,0.000108092,+0.000205223,0.001523003
655,compute-0-2,0.000001741,+0.000001118,0.000021341
553,compute-0-0,0.000001156,-0.000001656,0.000022797
655,compute-0-3,0.000000333,-0.000000052,0.000018265
553,compute-0-1,0.000003878,+0.000005027,0.000018980
553,compute-0-2,0.000001735,+0.000001118,0.000021341
553,compute-0-3,0.000000332,-0.000000052,0.000018265
656,localhost,0.000107941,+0.000205223,0.001523003
656,compute-0-0,0.000001122,-0.000001656,0.000022797
656,compute-0-1,0.000021720,+0.000019090,0.000018991
554,localhost,0.000107930,+0.000205223,0.001523003
656,compute-0-2,0.000001650,+0.000001118,0.000021341
554,compute-0-0,0.000001119,-0.000001656,0.000022797
656,compute-0-3,0.000000325,-0.000000052,0.000018265
554,compute-0-1,0.000021519,+0.000019090,0.000018991
554,compute-0-2,0.000001643,+0.000001118,0.000021341
554,compute-0-3,0.000000324,-0.000000052,0.000018265
657,localhost,0.000107780,+0.000205223,0.001523003
657,compute-0-0,0.000001085,-0.000001656,0.000022797
657,compute-0-1,0.000018701,+0.000019090,0.000018991
555,localhost,0.000107769,+0.000205223,0.001523003
657,compute-0-2,0.000001558,+0.000001118,0.000021341
555,compute-0-0,0.000001082,-0.000001656,0.000022797
657,compute-0-3,0.000000051,+0.000000369,0.000017328
555,compute-0-1,0.000018495,+0.000019090,0.000018991
555,compute-0-2,0.000001552,+0.000001118,0.000021341
555,compute-0-3,0.000000051,+0.000000369,0.000017328
658,localhost,0.000107619,+0.000205223,0.001523003
658,compute-0-0,0.000001048,-0.000001656,0.000022797
658,compute-0-1,0.000015680,+0.000019090,0.000018991
556,localhost,0.000107608,+0.000205223,0.001523003
658,compute-0-2,0.000001467,+0.000001118,0.000021341
556,compute-0-0,0.000001045,-0.000001656,0.000022797
658,compute-0-3,0.000000051,+0.000000369,0.000017328
556,compute-0-1,0.000015476,+0.000019090,0.000018991
556,compute-0-2,0.000001461,+0.000001118,0.000021341
556,compute-0-3,0.000000051,+0.000000369,0.000017328
659,localhost,0.000107458,+0.000205223,0.001523003
659,compute-0-0,0.000001011,-0.000001656,0.000022797
659,compute-0-1,0.000012663,+0.000019090,0.000018991
557,localhost,0.000107447,+0.000205223,0.001523003
659,compute-0-2,0.000001375,+0.000001118,0.000021341
557,compute-0-0,0.000001008,-0.000001656,0.000022797
659,compute-0-3,0.000000051,+0.000000369,0.000017328
557,compute-0-1,0.000012461,+0.000019090,0.000018991
557,compute-0-2,0.000001369,+0.000001118,0.000021341
557,compute-0-3,0.000000051,+0.000000369,0.000017328
660,localhost,0.000107297,+0.000205223,0.001523003
660,compute-0-0,0.000000974,-0.000001656,0.000022797
660,compute-0-1,0.000009645,+0.000019090,0.000018991
558,localhost,0.000107286,+0.000205223,0.001523003
660,compute-0-2,0.000001284,+0.000001118,0.000021341
558,compute-0-0,0.000000971,-0.000001656,0.000022797
660,compute-0-3,0.000000051,+0.000000369,0.000017328
558,compute-0-1,0.000009441,+0.000019090,0.000018991
558,compute-0-2,0.000001278,+0.000001118,0.000021341
558,compute-0-3,0.000000051,+0.000000369,0.000017328
661,localhost,0.000107136,+0.000205223,0.001523003
661,compute-0-0,0.000000937,-0.000001656,0.000022797
661,compute-0-1,0.000006626,+0.000019090,0.000018991
559,localhost,0.000107125,+0.000205223,0.001523003
661,compute-0-2,0.000001192,+0.000001118,0.000021341
559,compute-0-0,0.000000934,-0.000001656,0.000022797
661,compute-0-3,0.000000050,+0.000000369,0.000017328
559,compute-0-1,0.000006421,+0.000019090,0.000018991
559,compute-0-2,0.000001186,+0.000001118,0.000021341
559,compute-0-3,0.000000050,+0.000000369,0.000017328
662,localhost,0.000106975,+0.000205223,0.001523003
662,compute-0-0,0.000000900,-0.000001656,0.000022797
662,compute-0-1,0.000003608,+0.000019090,0.000018991
560,localhost,0.000106964,+0.000205223,0.001523003
662,compute-0-2,0.000001101,+0.000001118,0.000021341
560,compute-0-0,0.000000897,-0.000001656,0.000022797
662,compute-0-3,0.000000050,+0.000000369,0.000017328
560,compute-0-1,0.000003403,+0.000019090,0.000018991
560,compute-0-2,0.000001095,+0.000001118,0.000021341
560,compute-0-3,0.000000050,+0.000000369,0.000017328
663,localhost,0.000106814,+0.000205223,0.001523003
663,compute-0-0,0.000000862,-0.000001656,0.000022797
663,compute-0-1,0.000000586,+0.000019090,0.000018991
561,localhost,0.000106803,+0.000205223,0.001523003
663,compute-0-2,0.000001009,+0.000001118,0.000021341
561,compute-0-0,0.000000860,-0.000001656,0.000022797
663,compute-0-3,0.000000050,+0.000000369,0.000017328
561,compute-0-1,0.000000386,+0.000019090,0.000018991
561,compute-0-2,0.000001003,+0.000001118,0.000021341
561,compute-0-3,0.000000050,+0.000000369,0.000017328
664,localhost,0.000106652,+0.000205223,0.001523003
664,compute-0-0,0.000000825,-0.000001656,0.000022797
664,compute-0-1,0.000000000,+0.000019090,0.000018991
562,localhost,0.000106642,+0.000205223,0.001523003
664,compute-0-2,0.000000918,+0.000001118,0.000021341
562,compute-0-0,0.000000823,-0.000001656,0.000022797
664,compute-0-3,0.000000050,+0.000000369,0.000017328
562,compute-0-1,0.000000000,+0.000019090,0.000018991
562,compute-0-2,0.000000912,+0.000001118,0.000021341
562,compute-0-3,0.000000050,+0.000000369,0.000017328
665,localhost,0.000106491,+0.000205223,0.001523003
665,compute-0-0,0.000000241,+0.000000564,0.000021627
665,compute-0-1,0.000000000,+0.000019090,0.000018991
563,localhost,0.000106481,+0.000205223,0.001523003
665,compute-0-2,0.000000827,+0.000001118,0.000021341
563,compute-0-0,0.000000241,+0.000000564,0.000021627
665,compute-0-3,0.000000050,+0.000000369,0.000017328
563,compute-0-1,0.000000000,+0.000019090,0.000018991
563,compute-0-2,0.000000821,+0.000001118,0.000021341
563,compute-0-3,0.000000050,+0.000000369,0.000017328
666,localhost,0.000106331,+0.000205223,0.001523003
666,compute-0-0,0.000000241,+0.000000564,0.000021627
666,compute-0-1,0.000000001,+0.000019090,0.000018991
564,localhost,0.000106320,+0.000205223,0.001523003
666,compute-0-2,0.000000735,+0.000001118,0.000021341
564,compute-0-0,0.000000241,+0.000000564,0.000021627
666,compute-0-3,0.000000050,+0.000000369,0.000017328
564,compute-0-1,0.000000001,+0.000019090,0.000018991
564,compute-0-2,0.000000729,+0.000001118,0.000021341
564,compute-0-3,0.000000050,+0.000000369,0.000017328
667,localhost,0.000106169,+0.000205223,0.001523003
667,compute-0-0,0.000000240,+0.000000564,0.000021627
667,compute-0-1,0.000000001,+0.000019090,0.000018991
565,localhost,0.000106159,+0.000205223,0.001523003
667,compute-0-2,0.000000644,+0.000001118,0.000021341
565,compute-0-0,0.000000240,+0.000000564,0.000021627
667,compute-0-3,0.000000050,+0.000000369,0.000017328
565,compute-0-1,0.000000001,+0.000019090,0.000018991
565,compute-0-2,0.000000638,+0.000001118,0.000021341
565,compute-0-3,0.000000050,+0.000000369,0.000017328
668,localhost,0.000106009,+0.000205223,0.001523003
668,compute-0-0,0.000000240,+0.000000564,0.000021627
668,compute-0-1,0.000018508,+0.000029556,0.000020296
566,localhost,0.000105998,+0.000205223,0.001523003
668,compute-0-2,0.000000552,+0.000001118,0.000021341
566,compute-0-0,0.000000240,+0.000000564,0.000021627
668,compute-0-3,0.000000050,+0.000000369,0.000017328
566,compute-0-1,0.000017702,+0.000029556,0.000020296
566,compute-0-2,0.000000546,+0.000001118,0.000021341
566,compute-0-3,0.000000050,+0.000000369,0.000017328
669,localhost,0.000105847,+0.000205223,0.001523003
669,compute-0-0,0.000000240,+0.000000564,0.000021627
669,compute-0-1,0.000006304,+0.000029556,0.000020296
567,localhost,0.000105837,+0.000205223,0.001523003
669,compute-0-2,0.000000461,+0.000001118,0.000021341
567,compute-0-0,0.000000240,+0.000000564,0.000021627
669,compute-0-3,0.000000776,+0.000000750,0.000016441
567,compute-0-1,0.000005503,+0.000029556,0.000020296
567,compute-0-2,0.000000455,+0.000001118,0.000021341
567,compute-0-3,0.000000774,+0.000000750,0.000016441
670,localhost,0.000105686,+0.000205223,0.001523003
670,compute-0-0,0.000000239,+0.000000564,0.000021627
670,compute-0-1,0.000000006,+0.000029556,0.000020296
568,localhost,0.000105675,+0.000205223,0.001523003
670,compute-0-2,0.000002433,+0.000002045,0.000020256
568,compute-0-0,0.000000239,+0.000000564,0.000021627
670,compute-0-3,0.000000746,+0.000000750,0.000016441
568,compute-0-1,0.000000006,+0.000029556,0.000020296
568,compute-0-2,0.000002431,+0.000002045,0.000020256
568,compute-0-3,0.000000743,+0.000000750,0.000016441
671,localhost,0.000105525,+0.000205223,0.001523003
671,compute-0-0,0.000000239,+0.000000564,0.000021627
671,compute-0-1,0.000000006,+0.000029556,0.000020296
569,localhost,0.000105514,+0.000205223,0.001523003
671,compute-0-2,0.000002391,+0.000002045,0.000020256
569,compute-0-0,0.000000239,+0.000000564,0.000021627
671,compute-0-3,0.000000715,+0.000000750,0.000016441
569,compute-0-1,0.000000006,+0.000029556,0.000020296
569,compute-0-2,0.000002388,+0.000002045,0.000020256
569,compute-0-3,0.000000713,+0.000000750,0.000016441
672,localhost,0.000105364,+0.000205223,0.001523003
672,compute-0-0,0.000000239,+0.000000564,0.000021627
672,compute-0-1,0.000000006,+0.000029556,0.000020296
570,localhost,0.000105353,+0.000205223,0.001523003
672,compute-0-2,0.000002349,+0.000002045,0.000020256
570,compute-0-0,0.000000239,+0.000000564,0.000021627
672,compute-0-3,0.000000684,+0.000000750,0.000016441
570,compute-0-1,0.000000006,+0.000029556,0.000020296
570,compute-0-2,0.000002346,+0.000002045,0.000020256
570,compute-0-3,0.000000682,+0.000000750,0.000016441
673,localhost,0.000105203,+0.000205223,0.001523003
673,compute-0-0,0.000000238,+0.000000564,0.000021627
673,compute-0-1,0.000000006,+0.000029556,0.000020296
571,localhost,0.000105192,+0.000205223,0.001523003
673,compute-0-2,0.000002307,+0.000002045,0.000020256
571,compute-0-0,0.000000238,+0.000000564,0.000021627
673,compute-0-3,0.000000653,+0.000000750,0.000016441
571,compute-0-1,0.000000006,+0.000029556,0.000020296
571,compute-0-2,0.000002304,+0.000002045,0.000020256
571,compute-0-3,0.000000651,+0.000000750,0.000016441
674,localhost,0.000105042,+0.000205223,0.001523003
674,compute-0-0,0.000000238,+0.000000564,0.000021627
674,compute-0-1,0.000000006,+0.000029556,0.000020296
572,localhost,0.000105031,+0.000205223,0.001523003
674,compute-0-2,0.000002264,+0.000002045,0.000020256
572,compute-0-0,0.000000238,+0.000000564,0.000021627
674,compute-0-3,0.000000622,+0.000000750,0.000016441
572,compute-0-1,0.000000006,+0.000029556,0.000020296
572,compute-0-2,0.000002262,+0.000002045,0.000020256
572,compute-0-3,0.000000620,+0.000000750,0.000016441
675,localhost,0.000104881,+0.000205223,0.001523003
675,compute-0-0,0.000000238,+0.000000564,0.000021627
675,compute-0-1,0.000000006,+0.000029556,0.000020296
573,localhost,0.000104870,+0.000205223,0.001523003
675,compute-0-2,0.000002222,+0.000002045,0.000020256
573,compute-0-0,0.000000238,+0.000000564,0.000021627
675,compute-0-3,0.000000591,+0.000000750,0.000016441
573,compute-0-1,0.000000006,+0.000029556,0.000020296
573,compute-0-2,0.000002219,+0.000002045,0.000020256
573,compute-0-3,0.000000589,+0.000000750,0.000016441
676,localhost,0.000104719,+0.000205223,0.001523003
676,compute-0-0,0.000000237,+0.000000564,0.000021627
676,compute-0-1,0.000000006,+0.000029556,0.000020296
574,localhost,0.000104709,+0.000205223,0.001523003
676,compute-0-2,0.000002180,+0.000002045,0.000020256
574,compute-0-0,0.000000237,+0.000000564,0.000021627
676,compute-0-3,0.000000560,+0.000000750,0.000016441
574,compute-0-1,0.000000006,+0.000029556,0.000020296
574,compute-0-2,0.000002177,+0.000002045,0.000020256
574,compute-0-3,0.000000558,+0.000000750,0.000016441
677,localhost,0.000104558,+0.000205223,0.001523003
677,compute-0-0,0.000000237,+0.000000564,0.000021627
677,compute-0-1,0.000000006,+0.000029556,0.000020296
575,localhost,0.000104548,+0.000205223,0.001523003
677,compute-0-2,0.000002137,+0.000002045,0.000020256
575,compute-0-0,0.000000237,+0.000000564,0.000021627
677,compute-0-3,0.000000529,+0.000000750,0.000016441
575,compute-0-1,0.000000006,+0.000029556,0.000020296
575,compute-0-2,0.000002135,+0.000002045,0.000020256
575,compute-0-3,0.000000527,+0.000000750,0.000016441
678,localhost,0.000104397,+0.000205223,0.001523003
678,compute-0-0,0.000000236,+0.000000564,0.000021627
678,compute-0-1,0.000000006,+0.000029556,0.000020296
576,localhost,0.000104387,+0.000205223,0.001523003
678,compute-0-2,0.000002095,+0.000002045,0.000020256
576,compute-0-0,0.000000236,+0.000000564,0.000021627
678,compute-0-3,0.000000498,+0.000000750,0.000016441
576,compute-0-1,0.000000006,+0.000029556,0.000020296
576,compute-0-2,0.000002092,+0.000002045,0.000020256
576,compute-0-3,0.000000496,+0.000000750,0.000016441
679,localhost,0.000104236,+0.000205223,0.001523003
679,compute-0-0,0.000000236,+0.000000564,0.000021627
679,compute-0-1,0.000000815,+0.000000824,0.000019256
577,localhost,0.000104226,+0.000205223,0.001523003
679,compute-0-2,0.000002053,+0.000002045,0.000020256
577,compute-0-0,0.000000236,+0.000000564,0.000021627
679,compute-0-3,0.000000468,+0.000000750,0.000016441
577,compute-0-1,0.000000814,+0.000000824,0.000019256
577,compute-0-2,0.000002050,+0.000002045,0.000020256
577,compute-0-3,0.000000466,+0.000000750,0.000016441
680,localhost,0.000104075,+0.000205223,0.001523003
680,compute-0-0,0.000000236,+0.000000564,0.000021627
680,compute-0-1,0.000000807,+0.000000824,0.000019256
578,localhost,0.000104065,+0.000205223,0.001523003
680,compute-0-2,0.000002011,+0.000002045,0.000020256
578,compute-0-0,0.000000236,+0.000000564,0.000021627
680,compute-0-3,0.000000123,-0.000000324,0.000015597
578,compute-0-1,0.000000806,+0.000000824,0.000019256
578,compute-0-2,0.000002008,+0.000002045,0.000020256
578,compute-0-3,0.000000123,-0.000000324,0.000015597
681,localhost,0.000103914,+0.000205223,0.001523003
681,compute-0-0,0.000000235,+0.000000564,0.000021627
681,compute-0-1,0.000000799,+0.000000824,0.000019256
579,localhost,0.000103904,+0.000205223,0.001523003
681,compute-0-2,0.000001968,+0.000002045,0.000020256
579,compute-0-0,0.000000235,+0.000000564,0.000021627
681,compute-0-3,0.000000122,-0.000000324,0.000015597
579,compute-0-1,0.000000798,+0.000000824,0.000019256
579,compute-0-2,0.000001965,+0.000002045,0.000020256
579,compute-0-3,0.000000122,-0.000000324,0.000015597
682,localhost,0.000103753,+0.000205223,0.001523003
682,compute-0-0,0.000000235,+0.000000564,0.000021627
682,compute-0-1,0.000000790,+0.000000824,0.000019256
580,localhost,0.000103743,+0.000205223,0.001523003
682,compute-0-2,0.000001926,+0.000002045,0.000020256
580,compute-0-0,0.000000235,+0.000000564,0.000021627
682,compute-0-3,0.000000121,-0.000000324,0.000015597
580,compute-0-1,0.000000790,+0.000000824,0.000019256
580,compute-0-2,0.000001923,+0.000002045,0.000020256
580,compute-0-3,0.000000121,-0.000000324,0.000015597
683,localhost,0.000103592,+0.000205223,0.001523003
683,compute-0-0,0.000000235,+0.000000564,0.000021627
683,compute-0-1,0.000000782,+0.000000824,0.000019256
581,localhost,0.000103582,+0.000205223,0.001523003
683,compute-0-2,0.000001884,+0.000002045,0.000020256
581,compute-0-0,0.000000235,+0.000000564,0.000021627
683,compute-0-3,0.000000120,-0.000000324,0.000015597
581,compute-0-1,0.000000782,+0.000000824,0.000019256
581,compute-0-2,0.000001881,+0.000002045,0.000020256
581,compute-0-3,0.000000120,-0.000000324,0.000015597
684,localhost,0.000103431,+0.000205223,0.001523003
684,compute-0-0,0.000000234,+0.000000564,0.000021627
684,compute-0-1,0.000000774,+0.000000824,0.000019256
582,localhost,0.000103421,+0.000205223,0.001523003
684,compute-0-2,0.000001841,+0.000002045,0.000020256
582,compute-0-0,0.000000234,+0.000000564,0.000021627
684,compute-0-3,0.000000119,-0.000000324,0.000015597
582,compute-0-1,0.000000773,+0.000000824,0.000019256
582,compute-0-2,0.000001839,+0.000002045,0.000020256
582,compute-0-3,0.000000119,-0.000000324,0.000015597
685,localhost,0.000103270,+0.000205223,0.001523003
685,compute-0-0,0.000000234,+0.000000564,0.000021627
685,compute-0-1,0.000000766,+0.000000824,0.000019256
583,localhost,0.000103259,+0.000205223,0.001523003
685,compute-0-2,0.000001799,+0.000002045,0.000020256
583,compute-0-0,0.000000234,+0.000000564,0.000021627
685,compute-0-3,0.000000118,-0.000000324,0.000015597
583,compute-0-1,0.000000765,+0.000000824,0.000019256
583,compute-0-2,0.000001796,+0.000002045,0.000020256
583,compute-0-3,0.000000118,-0.000000324,0.000015597
686,localhost,0.000103109,+0.000205223,0.001523003
686,compute-0-0,0.000000234,+0.000000564,0.000021627
686,compute-0-1,0.000000758,+0.000000824,0.000019256
584,localhost,0.000103098,+0.000205223,0.001523003
686,compute-0-2,0.000001757,+0.000002045,0.000020256
584,compute-0-0,0.000000234,+0.000000564,0.000021627
686,compute-0-3,0.000000117,-0.000000324,0.000015597
584,compute-0-1,0.000000757,+0.000000824,0.000019256
584,compute-0-2,0.000001754,+0.000002045,0.000020256
584,compute-0-3,0.000000117,-0.000000324,0.000015597
687,localhost,0.000102948,+0.000205223,0.001523003
687,compute-0-0,0.000000233,+0.000000564,0.000021627
687,compute-0-1,0.000000749,+0.000000824,0.000019256
585,localhost,0.000102937,+0.000205223,0.001523003
687,compute-0-2,0.000001714,+0.000002045,0.000020256
585,compute-0-0,0.000000233,+0.000000564,0.000021627
687,compute-0-3,0.000000116,-0.000000324,0.000015597
585,compute-0-1,0.000000749,+0.000000824,0.000019256
585,compute-0-2,0.000001712,+0.000002045,0.000020256
585,compute-0-3,0.000000116,-0.000000324,0.000015597
688,localhost,0.000102787,+0.000205223,0.001523003
688,compute-0-0,0.000001852,-0.000001639,0.000020524
688,compute-0-1,0.000000741,+0.000000824,0.000019256
586,localhost,0.000102776,+0.000205223,0.001523003
688,compute-0-2,0.000001672,+0.000002045,0.000020256
586,compute-0-0,0.000001850,-0.000001639,0.000020524
688,compute-0-3,0.000000115,-0.000000324,0.000015597
586,compute-0-1,0.000000741,+0.000000824,0.000019256
586,compute-0-2,0.000001669,+0.000002045,0.000020256
586,compute-0-3,0.000000115,-0.000000324,0.000015597
689,localhost,0.000102626,+0.000205223,0.001523003
689,compute-0-0,0.000001828,-0.000001639,0.000020524
689,compute-0-1,0.000000733,+0.000000824,0.000019256
587,localhost,0.000102615,+0.000205223,0.001523003
689,compute-0-2,0.000001630,+0.000002045,0.000020256
587,compute-0-0,0.000001827,-0.000001639,0.000020524
689,compute-0-3,0.000000114,-0.000000324,0.000015597
587,compute-0-1,0.000000732,+0.000000824,0.000019256
587,compute-0-2,0.000001627,+0.000002045,0.000020256
587,compute-0-3,0.000000114,-0.000000324,0.000015597
690,localhost,0.000102465,+0.000205223,0.001523003
690,compute-0-0,0.000001804,-0.000001639,0.000020524
690,compute-0-1,0.000003611,+0.000002899,0.000018291
588,localhost,0.000102454,+0.000205223,0.001523003
690,compute-0-2,0.000001588,+0.000002045,0.000020256
588,compute-0-0,0.000001803,-0.000001639,0.000020524
690,compute-0-3,0.000000114,-0.000000324,0.000015597
588,compute-0-1,0.000003602,+0.000002899,0.000018291
588,compute-0-2,0.000001585,+0.000002045,0.000020256
588,compute-0-3,0.000000114,-0.000000324,0.000015597
691,localhost,0.000102304,+0.000205223,0.001523003
691,compute-0-0,0.000001781,-0.000001639,0.000020524
691,compute-0-1,0.000003473,+0.000002899,0.000018291
589,localhost,0.000102293,+0.000205223,0.001523003
691,compute-0-2,0.000001545,+0.000002045,0.000020256
589,compute-0-0,0.000001779,-0.000001639,0.000020524
691,compute-0-3,0.000000113,-0.000000324,0.000015597
589,compute-0-1,0.000003464,+0.000002899,0.000018291
589,compute-0-2,0.000001542,+0.000002045,0.000020256
589,compute-0-3,0.000000113,-0.000000324,0.000015597
692,localhost,0.000102142,+0.000205223,0.001523003
692,compute-0-0,0.000001757,-0.000001639,0.000020524
692,compute-0-1,0.000003335,+0.000002899,0.000018291
590,localhost,0.000102132,+0.000205223,0.001523003
692,compute-0-2,0.000001503,+0.000002045,0.000020256
590,compute-0-0,0.000001755,-0.000001639,0.000020524
692,compute-0-3,0.000000112,-0.000000324,0.000015597
590,compute-0-1,0.000003326,+0.000002899,0.000018291
590,compute-0-2,0.000001500,+0.000002045,0.000020256
590,compute-0-3,0.000000112,-0.000000324,0.000015597
693,localhost,0.000101981,+0.000205223,0.001523003
693,compute-0-0,0.000001733,-0.000001639,0.000020524
693,compute-0-1,0.000003197,+0.000002899,0.000018291
591,localhost,0.000101971,+0.000205223,0.001523003
693,compute-0-2,0.000000664,-0.000000822,0.000019218
591,compute-0-0,0.000001732,-0.000001639,0.000020524
693,compute-0-3,0.000000111,-0.000000324,0.000015597
591,compute-0-1,0.000003188,+0.000002899,0.000018291
591,compute-0-2,0.000000664,-0.000000822,0.000019218
591,compute-0-3,0.000000111,-0.000000324,0.000015597
694,localhost,0.000101820,+0.000205223,0.001523003
694,compute-0-0,0.000001709,-0.000001639,0.000020524
694,compute-0-1,0.000003059,+0.000002899,0.000018291
592,localhost,0.000101810,+0.000205223,0.001523003
694,compute-0-2,0.000000661,-0.000000822,0.000019218
592,compute-0-0,0.000001708,-0.000001639,0.000020524
694,compute-0-3,0.000000110,-0.000000324,0.000015597
592,compute-0-1,0.000003051,+0.000002899,0.000018291
592,compute-0-2,0.000000661,-0.000000822,0.000019218
592,compute-0-3,0.000000110,-0.000000324,0.000015597
695,localhost,0.000101659,+0.000205223,0.001523003
695,compute-0-0,0.000001686,-0.000001639,0.000020524
695,compute-0-1,0.000002922,+0.000002899,0.000018291
593,localhost,0.000101648,+0.000205223,0.001523003
695,compute-0-2,0.000000658,-0.000000822,0.000019218
593,compute-0-0,0.000001684,-0.000001639,0.000020524
695,compute-0-3,0.000000109,-0.000000324,0.000015597
593,compute-0-1,0.000002912,+0.000002899,0.000018291
593,compute-0-2,0.000000658,-0.000000822,0.000019218
593,compute-0-3,0.000000109,-0.000000324,0.000015597
696,localhost,0.000101498,+0.000205223,0.001523003
696,compute-0-0,0.000001662,-0.000001639,0.000020524
696,compute-0-1,0.000002784,+0.000002899,0.000018291
594,localhost,0.000101487,+0.000205223,0.001523003
696,compute-0-2,0.000000655,-0.000000822,0.000019218
594,compute-0-0,0.000001660,-0.000001639,0.000020524
696,compute-0-3,0.000000108,-0.000000324,0.000015597
594,compute-0-1,0.000002775,+0.000002899,0.000018291
594,compute-0-2,0.000000655,-0.000000822,0.000019218
594,compute-0-3,0.000000108,-0.000000324,0.000015597
697,localhost,0.000101337,+0.000205223,0.001523003
697,compute-0-0,0.000001638,-0.000001639,0.000020524
697,compute-0-1,0.000002646,+0.000002899,0.000018291
595,localhost,0.000101326,+0.000205223,0.001523003
697,compute-0-2,0.000000652,-0.000000822,0.000019218
595,compute-0-0,0.000001636,-0.000001639,0.000020524
697,compute-0-3,0.000000107,-0.000000324,0.000015597
595,compute-0-1,0.000002637,+0.000002899,0.000018291
595,compute-0-2,0.000000652,-0.000000822,0.000019218
595,compute-0-3,0.000000107,-0.000000324,0.000015597
698,localhost,0.000101176,+0.000205223,0.001523003
698,compute-0-0,0.000001614,-0.000001639,0.000020524
698,compute-0-1,0.000002508,+0.000002899,0.000018291
596,localhost,0.000101165,+0.000205223,0.001523003
698,compute-0-2,0.000000649,-0.000000822,0.000019218
596,compute-0-0,0.000001613,-0.000001639,0.000020524
698,compute-0-3,0.000000106,-0.000000324,0.000015597
596,compute-0-1,0.000002499,+0.000002899,0.000018291
596,compute-0-2,0.000000649,-0.000000822,0.000019218
596,compute-0-3,0.000000106,-0.000000324,0.000015597
699,localhost,0.000101015,+0.000205223,0.001523003
699,compute-0-0,0.000001590,-0.000001639,0.000020524
699,compute-0-1,0.000002371,+0.000002899,0.000018291
597,localhost,0.000101004,+0.000205223,0.001523003
699,compute-0-2,0.000000646,-0.000000822,0.000019218
597,compute-0-0,0.000001589,-0.000001639,0.000020524
699,compute-0-3,0.000000105,-0.000000324,0.000015597
597,compute-0-1,0.000002362,+0.000002899,0.000018291
597,compute-0-2,0.000000646,-0.000000822,0.000019218
597,compute-0-3,0.000000105,-0.000000324,0.000015597
700,localhost,0.000100854,+0.000205223,0.001523003
700,compute-0-0,0.000001567,-0.000001639,0.000020524
700,compute-0-1,0.000002233,+0.000002899,0.000018291
598,localhost,0.000100844,+0.000205223,0.001523003
700,compute-0-2,0.000000644,-0.000000822,0.000019218
598,compute-0-0,0.000001565,-0.000001639,0.000020524
700,compute-0-3,0.000000105,-0.000000324,0.000015597
598,compute-0-1,0.000002224,+0.000002899,0.000018291
598,compute-0-2,0.000000643,-0.000000822,0.000019218
598,compute-0-3,0.000000104,-0.000000324,0.000015597
701,localhost,0.000100693,+0.000205223,0.001523003
701,compute-0-0,0.000001543,-0.000001639,0.000020524
701,compute-0-1,0.000002095,+0.000002899,0.000018291
599,localhost,0.000100683,+0.000205223,0.001523003
701,compute-0-2,0.000000641,-0.000000822,0.000019218
599,compute-0-0,0.000001541,-0.000001639,0.000020524
701,compute-0-3,0.000000104,-0.000000324,0.000015597
599,compute-0-1,0.000002086,+0.000002899,0.000018291
599,compute-0-2,0.000000640,-0.000000822,0.000019218
599,compute-0-3,0.000000104,-0.000000324,0.000015597
702,localhost,0.000100532,+0.000205223,0.001523003
702,compute-0-0,0.000001519,-0.000001639,0.000020524
702,compute-0-1,0.000009936,+0.000008989,0.000017584
600,localhost,0.000100521,+0.000205223,0.001523003
702,compute-0-2,0.000000638,-0.000000822,0.000019218
600,compute-0-0,0.000001518,-0.000001639,0.000020524
702,compute-0-3,0.000000103,-0.000000324,0.000015597
600,compute-0-1,0.000009829,+0.000008989,0.000017584
600,compute-0-2,0.000000637,-0.000000822,0.000019218
600,compute-0-3,0.000000103,-0.000000324,0.000015597
703,localhost,0.000100371,+0.000205223,0.001523003
703,compute-0-0,0.000001495,-0.000001639,0.000020524
703,compute-0-1,0.000008284,+0.000008989,0.000017584
601,localhost,0.000100360,+0.000205223,0.001523003
703,compute-0-2,0.000000635,-0.000000822,0.000019218
601,compute-0-0,0.000001494,-0.000001639,0.000020524
703,compute-0-3,0.000000380,-0.000000484,0.000014798
601,compute-0-1,0.000008174,+0.000008989,0.000017584
601,compute-0-2,0.000000635,-0.000000822,0.000019218
601,compute-0-3,0.000000379,-0.000000484,0.000014798
704,localhost,0.000100210,+0.000205223,0.001523003
704,compute-0-0,0.000001472,-0.000001639,0.000020524
704,compute-0-1,0.000006631,+0.000008989,0.000017584
602,localhost,0.000100199,+0.000205223,0.001523003
704,compute-0-2,0.000000632,-0.000000822,0.000019218
602,compute-0-0,0.000001470,-0.000001639,0.000020524
704,compute-0-3,0.000000376,-0.000000484,0.000014798
602,compute-0-1,0.000006520,+0.000008989,0.000017584
602,compute-0-2,0.000000632,-0.000000822,0.000019218
602,compute-0-3,0.000000376,-0.000000484,0.000014798
705,localhost,0.000100049,+0.000205223,0.001523003
705,compute-0-0,0.000001448,-0.000001639,0.000020524
705,compute-0-1,0.000004978,+0.000008989,0.000017584
603,localhost,0.000100038,+0.000205223,0.001523003
705,compute-0-2,0.000000629,-0.000000822,0.000019218
603,compute-0-0,0.000001446,-0.000001639,0.000020524
705,compute-0-3,0.000000373,-0.000000484,0.000014798
603,compute-0-1,0.000004866,+0.000008989,0.000017584
603,compute-0-2,0.000000629,-0.000000822,0.000019218
603,compute-0-3,0.000000372,-0.000000484,0.000014798
706,localhost,0.000099888,+0.000205223,0.001523003
706,compute-0-0,0.000001424,-0.000001639,0.000020524
706,compute-0-1,0.000003324,+0.000008989,0.000017584
604,localhost,0.000099876,+0.000205223,0.001523003
706,compute-0-2,0.000000626,-0.000000822,0.000019218
604,compute-0-0,0.000001422,-0.000001639,0.000020524
706,compute-0-3,0.000000369,-0.000000484,0.000014798
604,compute-0-1,0.000003213,+0.000008989,0.000017584
604,compute-0-2,0.000000626,-0.000000822,0.000019218
604,compute-0-3,0.000000369,-0.000000484,0.000014798
707,localhost,0.000099726,+0.000205223,0.001523003
707,compute-0-0,0.000001400,-0.000001639,0.000020524
707,compute-0-1,0.000001670,+0.000008989,0.000017584
605,localhost,0.000099716,+0.000205223,0.001523003
707,compute-0-2,0.000000623,-0.000000822,0.000019218
605,compute-0-0,0.000001399,-0.000001639,0.000020524
707,compute-0-3,0.000000366,-0.000000484,0.000014798
605,compute-0-1,0.000001561,+0.000008989,0.000017584
605,compute-0-2,0.000000623,-0.000000822,0.000019218
605,compute-0-3,0.000000366,-0.000000484,0.000014798
708,localhost,0.000099565,+0.000205223,0.001523003
708,compute-0-0,0.000001377,-0.000001639,0.000020524
708,compute-0-1,0.000000017,+0.000008989,0.000017584
606,localhost,0.000099555,+0.000205223,0.001523003
708,compute-0-2,0.000000620,-0.000000822,0.000019218
606,compute-0-0,0.000001375,-0.000001639,0.000020524
708,compute-0-3,0.000000362,-0.000000484,0.000014798
606,compute-0-1,0.000000000,+0.000008989,0.000017584
606,compute-0-2,0.000000620,-0.000000822,0.000019218
606,compute-0-3,0.000000362,-0.000000484,0.000014798
709,localhost,0.000099404,+0.000205223,0.001523003
709,compute-0-0,0.000001353,-0.000001639,0.000020524
709,compute-0-1,0.000000000,+0.000008989,0.000017584
607,localhost,0.000099393,+0.000205223,0.001523003
709,compute-0-2,0.000000617,-0.000000822,0.000019218
607,compute-0-0,0.000001351,-0.000001639,0.000020524
709,compute-0-3,0.000000359,-0.000000484,0.000014798
607,compute-0-1,0.000000000,+0.000008989,0.000017584
607,compute-0-2,0.000000617,-0.000000822,0.000019218
607,compute-0-3,0.000000359,-0.000000484,0.000014798
710,localhost,0.000099243,+0.000205223,0.001523003
710,compute-0-0,0.000001329,-0.000001639,0.000020524
710,compute-0-1,0.000000000,+0.000008989,0.000017584
608,localhost,0.000099232,+0.000205223,0.001523003
710,compute-0-2,0.000000614,-0.000000822,0.000019218
608,compute-0-0,0.000001327,-0.000001639,0.000020524
710,compute-0-3,0.000000355,-0.000000484,0.000014798
608,compute-0-1,0.000000000,+0.000008989,0.000017584
608,compute-0-2,0.000000614,-0.000000822,0.000019218
608,compute-0-3,0.000000355,-0.000000484,0.000014798
711,localhost,0.000099082,+0.000205223,0.001523003
711,compute-0-0,0.000001570,-0.000000258,0.000019471
711,compute-0-1,0.000000000,+0.000008989,0.000017584
609,localhost,0.000099072,+0.000205223,0.001523003
711,compute-0-2,0.000000611,-0.000000822,0.000019218
609,compute-0-0,0.000001569,-0.000000258,0.000019471
711,compute-0-3,0.000000352,-0.000000484,0.000014798
609,compute-0-1,0.000000000,+0.000008989,0.000017584
609,compute-0-2,0.000000611,-0.000000822,0.000019218
609,compute-0-3,0.000000352,-0.000000484,0.000014798
712,localhost,0.000098921,+0.000205223,0.001523003
712,compute-0-0,0.000001555,-0.000000258,0.000019471
712,compute-0-1,0.000000000,+0.000008989,0.000017584
610,localhost,0.000098911,+0.000205223,0.001523003
712,compute-0-2,0.000000608,-0.000000822,0.000019218
610,compute-0-0,0.000001554,-0.000000258,0.000019471
712,compute-0-3,0.000000348,-0.000000484,0.000014798
610,compute-0-1,0.000000000,+0.000008989,0.000017584
610,compute-0-2,0.000000608,-0.000000822,0.000019218
610,compute-0-3,0.000000348,-0.000000484,0.000014798
713,localhost,0.000098760,+0.000205223,0.001523003
713,compute-0-0,0.000001539,-0.000000258,0.000019471
713,compute-0-1,0.000003716,-0.000003747,0.000016724
611,localhost,0.000098750,+0.000205223,0.001523003
713,compute-0-2,0.000000605,-0.000000822,0.000019218
611,compute-0-0,0.000001538,-0.000000258,0.000019471
713,compute-0-3,0.000000345,-0.000000484,0.000014798
611,compute-0-1,0.000003709,-0.000003747,0.000016724
611,compute-0-2,0.000000605,-0.000000822,0.000019218
611,compute-0-3,0.000000345,-0.000000484,0.000014798
714,localhost,0.000098598,+0.000205223,0.001523003
714,compute-0-0,0.000001523,-0.000000258,0.000019471
714,compute-0-1,0.000003590,-0.000003747,0.000016724
612,localhost,0.000098588,+0.000205223,0.001523003
714,compute-0-2,0.000000602,-0.000000822,0.000019218
612,compute-0-0,0.000001522,-0.000000258,0.000019471
714,compute-0-3,0.000000341,-0.000000484,0.000014798
612,compute-0-1,0.000003582,-0.000003747,0.000016724
612,compute-0-2,0.000000602,-0.000000822,0.000019218
612,compute-0-3,0.000000341,-0.000000484,0.000014798
715,localhost,0.000098437,+0.000205223,0.001523003
715,compute-0-0,0.000001507,-0.000000258,0.000019471
715,compute-0-1,0.000003464,-0.000003747,0.000016724
613,localhost,0.000098427,+0.000205223,0.001523003
715,compute-0-2,0.000000599,-0.000000822,0.000019218
613,compute-0-0,0.000001506,-0.000000258,0.000019471
715,compute-0-3,0.000000338,-0.000000484,0.000014798
613,compute-0-1,0.000003456,-0.000003747,0.000016724
613,compute-0-2,0.000005092,+0.000004494,0.000018287
613,compute-0-3,0.000000338,-0.000000484,0.000014798
716,localhost,0.000098276,+0.000205223,0.001523003
716,compute-0-0,0.000001491,-0.000000258,0.000019471
716,compute-0-1,0.000003338,-0.000003747,0.000016724
614,localhost,0.000098266,+0.000205223,0.001523003
716,compute-0-2,0.000004930,+0.000004494,0.000018287
614,compute-0-0,0.000001490,-0.000000258,0.000019471
716,compute-0-3,0.000000335,-0.000000484,0.000014798
614,compute-0-1,0.000003330,-0.000003747,0.000016724
614,compute-0-2,0.000004919,+0.000004494,0.000018287
614,compute-0-3,0.000000334,-0.000000484,0.000014798
717,localhost,0.000098115,+0.000205223,0.001523003
717,compute-0-0,0.000001475,-0.000000258,0.000019471
717,compute-0-1,0.000003212,-0.000003747,0.000016724
615,localhost,0.000098105,+0.000205223,0.001523003
717,compute-0-2,0.000004757,+0.000004494,0.000018287
615,compute-0-0,0.000001474,-0.000000258,0.000019471
717,compute-0-3,0.000000331,-0.000000484,0.000014798
615,compute-0-1,0.000003204,-0.000003747,0.000016724
615,compute-0-2,0.000004747,+0.000004494,0.000018287
615,compute-0-3,0.000000331,-0.000000484,0.000014798
718,localhost,0.000097954,+0.000205223,0.001523003
718,compute-0-0,0.000001459,-0.000000258,0.000019471
718,compute-0-1,0.000003086,-0.000003747,0.000016724
616,localhost,0.000097944,+0.000205223,0.001523003
718,compute-0-2,0.000004585,+0.000004494,0.000018287
616,compute-0-0,0.000001458,-0.000000258,0.000019471
718,compute-0-3,0.000000328,-0.000000484,0.000014798
616,compute-0-1,0.000003078,-0.000003747,0.000016724
616,compute-0-2,0.000004574,+0.000004494,0.000018287
616,compute-0-3,0.000000327,-0.000000484,0.000014798
719,localhost,0.000097793,+0.000205223,0.001523003
719,compute-0-0,0.000001443,-0.000000258,0.000019471
719,compute-0-1,0.000002960,-0.000003747,0.000016724
617,localhost,0.000097783,+0.000205223,0.001523003
719,compute-0-2,0.000004412,+0.000004494,0.000018287
617,compute-0-0,0.000001442,-0.000000258,0.000019471
719,compute-0-3,0.000000324,-0.000000484,0.000014798
617,compute-0-1,0.000002952,-0.000003747,0.000016724
617,compute-0-2,0.000004402,+0.000004494,0.000018287
617,compute-0-3,0.000000324,-0.000000484,0.000014798
720,localhost,0.000097632,+0.000205223,0.001523003
720,compute-0-0,0.000001428,-0.000000258,0.000019471
720,compute-0-1,0.000002834,-0.000003747,0.000016724
618,localhost,0.000097621,+0.000205223,0.001523003
720,compute-0-2,0.000004240,+0.000004494,0.000018287
618,compute-0-0,0.000001426,-0.000000258,0.000019471
720,compute-0-3,0.000000321,-0.000000484,0.000014798
618,compute-0-1,0.000002826,-0.000003747,0.000016724
618,compute-0-2,0.000004229,+0.000004494,0.000018287
618,compute-0-3,0.000000320,-0.000000484,0.000014798
619,localhost,0.000097460,+0.000205223,0.001523003
619,compute-0-0,0.000001411,-0.000000258,0.000019471
619,compute-0-1,0.000002699,-0.000003747,0.000016724
619,compute-0-2,0.000004056,+0.000004494,0.000018287
619,compute-0-3,0.000000317,-0.000000484,0.000014798
620,localhost,0.000097299,+0.000205223,0.001523003
620,compute-0-0,0.000001395,-0.000000258,0.000019471
620,compute-0-1,0.000002573,-0.000003747,0.000016724
620,compute-0-2,0.000003883,+0.000004494,0.000018287
620,compute-0-3,0.000000314,-0.000000484,0.000014798
621,localhost,0.000097138,+0.000205223,0.001523003
621,compute-0-0,0.000001379,-0.000000258,0.000019471
621,compute-0-1,0.000002447,-0.000003747,0.000016724
621,compute-0-2,0.000003711,+0.000004494,0.000018287
621,compute-0-3,0.000000310,-0.000000484,0.000014798
622,localhost,0.000096976,+0.000205223,0.001523003
622,compute-0-0,0.000001363,-0.000000258,0.000019471
622,compute-0-1,0.000002321,-0.000003747,0.000016724
622,compute-0-2,0.000003538,+0.000004494,0.000018287
622,compute-0-3,0.000000307,-0.000000484,0.000014798
623,localhost,0.000096816,+0.000205223,0.001523003
623,compute-0-0,0.000001347,-0.000000258,0.000019471
623,compute-0-1,0.000006006,-0.000003979,0.000015915
623,compute-0-2,0.000003366,+0.000004494,0.000018287
623,compute-0-3,0.000000303,-0.000000484,0.000014798
624,localhost,0.000096655,+0.000205223,0.001523003
624,compute-0-0,0.000001331,-0.000000258,0.000019471
624,compute-0-1,0.000005674,-0.000003979,0.000015915
624,compute-0-2,0.000003194,+0.000004494,0.000018287
624,compute-0-3,0.000000120,+0.000000182,0.000014038
625,localhost,0.000096494,+0.000205223,0.001523003
625,compute-0-0,0.000001315,-0.000000258,0.000019471
625,compute-0-1,0.000005342,-0.000003979,0.000015915
625,compute-0-2,0.000003021,+0.000004494,0.000018287
625,compute-0-3,0.000000120,+0.000000182,0.000014038
626,localhost,0.000096333,+0.000205223,0.001523003
626,compute-0-0,0.000001300,-0.000000258,0.000019471
626,compute-0-1,0.000005010,-0.000003979,0.000015915
626,compute-0-2,0.000002849,+0.000004494,0.000018287
626,compute-0-3,0.000000119,+0.000000182,0.000014038
627,localhost,0.000096172,+0.000205223,0.001523003
627,compute-0-0,0.000001284,-0.000000258,0.000019471
627,compute-0-1,0.000004678,-0.000003979,0.000015915
627,compute-0-2,0.000002677,+0.000004494,0.000018287
627,compute-0-3,0.000000119,+0.000000182,0.000014038
628,localhost,0.000096011,+0.000205223,0.001523003
628,compute-0-0,0.000001268,-0.000000258,0.000019471
628,compute-0-1,0.000004346,-0.000003979,0.000015915
628,compute-0-2,0.000002504,+0.000004494,0.000018287
628,compute-0-3,0.000000119,+0.000000182,0.000014038
629,localhost,0.000095850,+0.000205223,0.001523003
629,compute-0-0,0.000001252,-0.000000258,0.000019471
629,compute-0-1,0.000004015,-0.000003979,0.000015915
629,compute-0-2,0.000002332,+0.000004494,0.000018287
629,compute-0-3,0.000000119,+0.000000182,0.000014038
630,localhost,0.000095689,+0.000205223,0.001523003
630,compute-0-0,0.000001236,-0.000000258,0.000019471
630,compute-0-1,0.000003683,-0.000003979,0.000015915
630,compute-0-2,0.000002160,+0.000004494,0.000018287
630,compute-0-3,0.000000119,+0.000000182,0.000014038
631,localhost,0.000095528,+0.000205223,0.001523003
631,compute-0-0,0.000004357,-0.000003145,0.000018499
631,compute-0-1,0.000003351,-0.000003979,0.000015915
631,compute-0-2,0.000001987,+0.000004494,0.000018287
631,compute-0-3,0.000000118,+0.000000182,0.000014038
632,localhost,0.000095366,+0.000205223,0.001523003
632,compute-0-0,0.000004246,-0.000003145,0.000018499
632,compute-0-1,0.000003018,-0.000003979,0.000015915
632,compute-0-2,0.000001815,+0.000004494,0.000018287
632,compute-0-3,0.000000118,+0.000000182,0.000014038
633,localhost,0.000095206,+0.000205223,0.001523003
633,compute-0-0,0.000004135,-0.000003145,0.000018499
633,compute-0-1,0.000002687,-0.000003979,0.000015915
633,compute-0-2,0.000001642,+0.000004494,0.000018287
633,compute-0-3,0.000000118,+0.000000182,0.000014038
634,localhost,0.000095045,+0.000205223,0.001523003
634,compute-0-0,0.000004024,-0.000003145,0.000018499
634,compute-0-1,0.000005685,-0.000003306,0.000015135
634,compute-0-2,0.000001470,+0.000004494,0.000018287
634,compute-0-3,0.000000118,+0.000000182,0.000014038
635,localhost,0.000094884,+0.000205223,0.001523003
635,compute-0-0,0.000003913,-0.000003145,0.000018499
635,compute-0-1,0.000005401,-0.000003306,0.000015135
635,compute-0-2,0.000001298,+0.000004494,0.000018287
635,compute-0-3,0.000000118,+0.000000182,0.000014038
636,localhost,0.000094723,+0.000205223,0.001523003
636,compute-0-0,0.000003802,-0.000003145,0.000018499
636,compute-0-1,0.000005117,-0.000003306,0.000015135
636,compute-0-2,0.000005129,+0.000004010,0.000017395
636,compute-0-3,0.000000117,+0.000000182,0.000014038
637,localhost,0.000094562,+0.000205223,0.001523003
637,compute-0-0,0.000003692,-0.000003145,0.000018499
637,compute-0-1,0.000004834,-0.000003306,0.000015135
637,compute-0-2,0.000004941,+0.000004010,0.000017395
637,compute-0-3,0.000000117,+0.000000182,0.000014038
638,localhost,0.000094401,+0.000205223,0.001523003
638,compute-0-0,0.000003581,-0.000003145,0.000018499
638,compute-0-1,0.000004550,-0.000003306,0.000015135
638,compute-0-2,0.000004752,+0.000004010,0.000017395
638,compute-0-3,0.000000117,+0.000000182,0.000014038
639,localhost,0.000094240,+0.000205223,0.001523003
639,compute-0-0,0.000003470,-0.000003145,0.000018499
639,compute-0-1,0.000004266,-0.000003306,0.000015135
639,compute-0-2,0.000004564,+0.000004010,0.000017395
639,compute-0-3,0.000000117,+0.000000182,0.000014038
640,localhost,0.000094078,+0.000205223,0.001523003
640,compute-0-0,0.000003358,-0.000003145,0.000018499
640,compute-0-1,0.000003982,-0.000003306,0.000015135
640,compute-0-2,0.000004375,+0.000004010,0.000017395
640,compute-0-3,0.000000117,+0.000000182,0.000014038
641,localhost,0.000093918,+0.000205223,0.001523003
641,compute-0-0,0.000003248,-0.000003145,0.000018499
641,compute-0-1,0.000003698,-0.000003306,0.000015135
641,compute-0-2,0.000004187,+0.000004010,0.000017395
641,compute-0-3,0.000000116,+0.000000182,0.000014038
642,localhost,0.000093756,+0.000205223,0.001523003
642,compute-0-0,0.000003137,-0.000003145,0.000018499
642,compute-0-1,0.000003414,-0.000003306,0.000015135
642,compute-0-2,0.000003999,+0.000004010,0.000017395
642,compute-0-3,0.000000116,+0.000000182,0.000014038
643,localhost,0.000093595,+0.000205223,0.001523003
643,compute-0-0,0.000003025,-0.000003145,0.000018499
643,compute-0-1,0.000003130,-0.000003306,0.000015135
643,compute-0-2,0.000003810,+0.000004010,0.000017395
643,compute-0-3,0.000000116,+0.000000182,0.000014038
644,localhost,0.000093434,+0.000205223,0.001523003
644,compute-0-0,0.000002915,-0.000003145,0.000018499
644,compute-0-1,0.000002847,-0.000003306,0.000015135
644,compute-0-2,0.000003622,+0.000004010,0.000017395
644,compute-0-3,0.000000116,+0.000000182,0.000014038
645,localhost,0.000093273,+0.000205223,0.001523003
645,compute-0-0,0.000002803,-0.000003145,0.000018499
645,compute-0-1,0.000014900,-0.000012514,0.000014893
645,compute-0-2,0.000003433,+0.000004010,0.000017395
645,compute-0-3,0.000000116,+0.000000182,0.000014038
646,localhost,0.000093112,+0.000205223,0.001523003
646,compute-0-0,0.000002693,-0.000003145,0.000018499
646,compute-0-1,0.000012705,-0.000012514,0.000014893
646,compute-0-2,0.000003245,+0.000004010,0.000017395
646,compute-0-3,0.000007609,-0.000007608,0.000013534
647,localhost,0.000092950,+0.000205223,0.001523003
647,compute-0-0,0.000002581,-0.000003145,0.000018499
647,compute-0-1,0.000010504,-0.000012514,0.000014893
647,compute-0-2,0.000003056,+0.000004010,0.000017395
647,compute-0-3,0.000005637,-0.000007608,0.000013534
648,localhost,0.000092790,+0.000205223,0.001523003
648,compute-0-0,0.000002470,-0.000003145,0.000018499
648,compute-0-1,0.000008310,-0.000012514,0.000014893
648,compute-0-2,0.000002868,+0.000004010,0.000017395
648,compute-0-3,0.000003663,-0.000007608,0.000013534
649,localhost,0.000092628,+0.000205223,0.001523003
649,compute-0-0,0.000002359,-0.000003145,0.000018499
649,compute-0-1,0.000006114,-0.000012514,0.000014893
649,compute-0-2,0.000002679,+0.000004010,0.000017395
649,compute-0-3,0.000001692,-0.000007608,0.000013534
650,localhost,0.000092467,+0.000205223,0.001523003
650,compute-0-0,0.000002248,-0.000003145,0.000018499
650,compute-0-1,0.000003919,-0.000012514,0.000014893
650,compute-0-2,0.000002491,+0.000004010,0.000017395
650,compute-0-3,0.000000002,-0.000007608,0.000013534
651,localhost,0.000022189,-0.000114627,0.001445302
651,compute-0-0,0.000002137,-0.000003145,0.000018499
651,compute-0-1,0.000001725,-0.000012514,0.000014893
651,compute-0-2,0.000002303,+0.000004010,0.000017395
651,compute-0-3,0.000000002,-0.000007608,0.000013534
652,localhost,0.000022188,-0.000114627,0.001445302
652,compute-0-0,0.000002027,-0.000003145,0.000018499
652,compute-0-1,0.000000002,-0.000012514,0.000014893
652,compute-0-2,0.000002115,+0.000004010,0.000017395
652,compute-0-3,0.000000001,-0.000007608,0.000013534
653,localhost,0.000022187,-0.000114627,0.001445302
653,compute-0-0,0.000001916,-0.000003145,0.000018499
653,compute-0-1,0.000000002,-0.000012514,0.000014893
653,compute-0-2,0.000001926,+0.000004010,0.000017395
653,compute-0-3,0.000000001,-0.000007608,0.000013534
654,localhost,0.000022186,-0.000114627,0.001445302
654,compute-0-0,0.000001805,-0.000003145,0.000018499
654,compute-0-1,0.000000001,-0.000012514,0.000014893
654,compute-0-2,0.000001738,+0.000004010,0.000017395
654,compute-0-3,0.000000001,-0.000007608,0.000013534
655,localhost,0.000022185,-0.000114627,0.001445302
655,compute-0-0,0.000001694,-0.000003145,0.000018499
655,compute-0-1,0.000000001,-0.000012514,0.000014893
655,compute-0-2,0.000001550,+0.000004010,0.000017395
655,compute-0-3,0.000000001,-0.000007608,0.000013534
656,localhost,0.000022184,-0.000114627,0.001445302
656,compute-0-0,0.000001583,-0.000003145,0.000018499
656,compute-0-1,0.000000001,-0.000012514,0.000014893
656,compute-0-2,0.000001361,+0.000004010,0.000017395
656,compute-0-3,0.000000001,-0.000007608,0.000013534
657,localhost,0.000022183,-0.000114627,0.001445302
657,compute-0-0,0.000001472,-0.000003145,0.000018499
657,compute-0-1,0.000056152,-0.000060753,0.000023848
657,compute-0-2,0.000001173,+0.000004010,0.000017395
657,compute-0-3,0.000000001,-0.000007608,0.000013534
658,localhost,0.000022183,-0.000114627,0.001445302
658,compute-0-0,0.000001361,-0.000003145,0.000018499
658,compute-0-1,0.000048742,-0.000060753,0.000023848
658,compute-0-2,0.000000984,+0.000004010,0.000017395
658,compute-0-3,0.000000001,-0.000007608,0.000013534
659,localhost,0.000022182,-0.000114627,0.001445302
659,compute-0-0,0.000001250,-0.000003145,0.000018499
659,compute-0-1,0.000041314,-0.000060753,0.000023848
659,compute-0-2,0.000000796,+0.000004010,0.000017395
659,compute-0-3,0.000000001,-0.000007608,0.000013534
660,localhost,0.000022181,-0.000114627,0.001445302
660,compute-0-0,0.000001139,-0.000003145,0.000018499
660,compute-0-1,0.000033902,-0.000060753,0.000023848
660,compute-0-2,0.000000607,+0.000004010,0.000017395
660,compute-0-3,0.000000001,-0.000007608,0.000013534
661,localhost,0.000022180,-0.000114627,0.001445302
661,compute-0-0,0.000001028,-0.000003145,0.000018499
661,compute-0-1,0.000026483,-0.000060753,0.000023848
661,compute-0-2,0.000000419,+0.000004010,0.000017395
661,compute-0-3,0.000000001,-0.000007608,0.000013534
662,localhost,0.000022179,-0.000114627,0.001445302
662,compute-0-0,0.000000917,-0.000003145,0.000018499
662,compute-0-1,0.000019070,-0.000060753,0.000023848
662,compute-0-2,0.000000230,+0.000004010,0.000017395
662,compute-0-3,0.000000001,-0.000007608,0.000013534
663,localhost,0.000022178,-0.000114627,0.001445302
663,compute-0-0,0.000000806,-0.000003145,0.000018499
663,compute-0-1,0.000054493,-0.000063537,0.000030258
663,compute-0-2,0.000000042,+0.000004010,0.000017395
663,compute-0-3,0.000000001,-0.000007608,0.000013534
664,localhost,0.000022177,-0.000114627,0.001445302
664,compute-0-0,0.000000695,-0.000003145,0.000018499
664,compute-0-1,0.000024449,-0.000063537,0.000030258
664,compute-0-2,0.000000000,+0.000004010,0.000017395
664,compute-0-3,0.000000000,-0.000007608,0.000013534
665,localhost,0.000022176,-0.000114627,0.001445302
665,compute-0-0,0.000000584,-0.000003145,0.000018499
665,compute-0-1,0.000000025,-0.000063537,0.000030258
665,compute-0-2,0.000000000,+0.000004010,0.000017395
665,compute-0-3,0.000000000,-0.000007608,0.000013534
666,localhost,0.000022175,-0.000114627,0.001445302
666,compute-0-0,0.000000473,-0.000003145,0.000018499
666,compute-0-1,0.000000025,-0.000063537,0.000030258
666,compute-0-2,0.000000001,+0.000004010,0.000017395
666,compute-0-3,0.000000000,-0.000007608,0.000013534
667,localhost,0.000022174,-0.000114627,0.001445302
667,compute-0-0,0.000000362,-0.000003145,0.000018499
667,compute-0-1,0.000000024,-0.000063537,0.000030258
667,compute-0-2,0.000000001,+0.000004010,0.000017395
667,compute-0-3,0.000000000,-0.000007608,0.000013534
668,localhost,0.000022173,-0.000114627,0.001445302
668,compute-0-0,0.000000251,-0.000003145,0.000018499
668,compute-0-1,0.000022678,-0.000023125,0.000029622
668,compute-0-2,0.000000001,+0.000004010,0.000017395
668,compute-0-3,0.000000000,-0.000007608,0.000013534
669,localhost,0.000022172,-0.000114627,0.001445302
669,compute-0-0,0.000000140,-0.000003145,0.000018499
669,compute-0-1,0.000020381,-0.000023125,0.000029622
669,compute-0-2,0.000000001,+0.000004010,0.000017395
669,compute-0-3,0.000111144,-0.000113156,0.000038017
670,localhost,0.000022172,-0.000114627,0.001445302
670,compute-0-0,0.000000029,-0.000003145,0.000018499
670,compute-0-1,0.000018084,-0.000023125,0.000029622
670,compute-0-2,0.000000001,+0.000004010,0.000017395
670,compute-0-3,0.000095126,-0.000113156,0.000038017
671,localhost,0.000022171,-0.000114627,0.001445302
671,compute-0-0,0.000000000,-0.000003145,0.000018499
671,compute-0-1,0.000015782,-0.000023125,0.000029622
671,compute-0-2,0.000000001,+0.000004010,0.000017395
671,compute-0-3,0.000079132,-0.000113156,0.000038017
672,localhost,0.000022170,-0.000114627,0.001445302
672,compute-0-0,0.000000000,-0.000003145,0.000018499
672,compute-0-1,0.000013483,-0.000023125,0.000029622
672,compute-0-2,0.000000002,+0.000004010,0.000017395
672,compute-0-3,0.000063153,-0.000113156,0.000038017
673,localhost,0.000022169,-0.000114627,0.001445302
673,compute-0-0,0.000000000,-0.000003145,0.000018499
673,compute-0-1,0.000011184,-0.000023125,0.000029622
673,compute-0-2,0.000000002,+0.000004010,0.000017395
673,compute-0-3,0.000047177,-0.000113156,0.000038017
674,localhost,0.000022168,-0.000114627,0.001445302
674,compute-0-0,0.000000001,-0.000003145,0.000018499
674,compute-0-1,0.000008645,+0.000018661,0.000028715
674,compute-0-2,0.000000002,+0.000004010,0.000017395
674,compute-0-3,0.000031173,-0.000113156,0.000038017
675,localhost,0.000022167,-0.000114627,0.001445302
675,compute-0-0,0.000000001,-0.000003145,0.000018499
675,compute-0-1,0.000008331,+0.000018661,0.000028715
675,compute-0-2,0.000000002,+0.000004010,0.000017395
675,compute-0-3,0.000032810,-0.000013486,0.000036317
676,localhost,0.000022166,-0.000114627,0.001445302
676,compute-0-0,0.000000001,-0.000003145,0.000018499
676,compute-0-1,0.000008017,+0.000018661,0.000028715
676,compute-0-2,0.000000002,+0.000004010,0.000017395
676,compute-0-3,0.000026016,-0.000013486,0.000036317
677,localhost,0.000022165,-0.000114627,0.001445302
677,compute-0-0,0.000097100,-0.000099870,0.000036130
677,compute-0-1,0.000007704,+0.000018661,0.000028715
677,compute-0-2,0.000000002,+0.000004010,0.000017395
677,compute-0-3,0.000019229,-0.000013486,0.000036317
678,localhost,0.000022164,-0.000114627,0.001445302
678,compute-0-0,0.000092914,-0.000099870,0.000036130
678,compute-0-1,0.000007391,+0.000018661,0.000028715
678,compute-0-2,0.000000003,+0.000004010,0.000017395
678,compute-0-3,0.000012438,-0.000013486,0.000036317
679,localhost,0.000022163,-0.000114627,0.001445302
679,compute-0-0,0.000088726,-0.000099870,0.000036130
679,compute-0-1,0.000007077,+0.000018661,0.000028715
679,compute-0-2,0.000000003,+0.000004010,0.000017395
679,compute-0-3,0.000005647,-0.000013486,0.000036317
680,localhost,0.000022162,-0.000114627,0.001445302
680,compute-0-0,0.000084534,-0.000099870,0.000036130
680,compute-0-1,0.000023341,+0.000018543,0.000027865
680,compute-0-2,0.000000003,+0.000004010,0.000017395
680,compute-0-3,0.000000006,-0.000013486,0.000036317
681,localhost,0.000022162,-0.000114627,0.001445302
681,compute-0-0,0.000080346,-0.000099870,0.000036130
681,compute-0-1,0.000020386,+0.000018543,0.000027865
681,compute-0-2,0.000000003,+0.000004010,0.000017395
681,compute-0-3,0.000013794,-0.000015573,0.000034804
682,localhost,0.000022161,-0.000114627,0.001445302
682,compute-0-0,0.000076155,-0.000099870,0.000036130
682,compute-0-1,0.000017428,+0.000018543,0.000027865
682,compute-0-2,0.000015486,-0.000015675,0.000017231
682,compute-0-3,0.000011501,-0.000015573,0.000034804
683,localhost,0.000022160,-0.000114627,0.001445302
683,compute-0-0,0.000071960,-0.000099870,0.000036130
683,compute-0-1,0.000014470,+0.000018543,0.000027865
683,compute-0-2,0.000015081,-0.000015675,0.000017231
683,compute-0-3,0.000009213,-0.000015573,0.000034804
684,localhost,0.000022159,-0.000114627,0.001445302
684,compute-0-0,0.000067773,-0.000099870,0.000036130
684,compute-0-1,0.000011516,+0.000018543,0.000027865
684,compute-0-2,0.000014676,-0.000015675,0.000017231
684,compute-0-3,0.000006922,-0.000015573,0.000034804
685,localhost,0.000022158,-0.000114627,0.001445302
685,compute-0-0,0.000063584,-0.000099870,0.000036130
685,compute-0-1,0.000031639,+0.000023153,0.000027430
685,compute-0-2,0.000014270,-0.000015675,0.000017231
685,compute-0-3,0.000004633,-0.000015573,0.000034804
686,localhost,0.000022157,-0.000114627,0.001445302
686,compute-0-0,0.000059396,-0.000099870,0.000036130
686,compute-0-1,0.000016061,+0.000023153,0.000027430
686,compute-0-2,0.000013865,-0.000015675,0.000017231
686,compute-0-3,0.000016240,-0.000013910,0.000033309
687,localhost,0.000022156,-0.000114627,0.001445302
687,compute-0-0,0.000055208,-0.000099870,0.000036130
687,compute-0-1,0.000000486,+0.000023153,0.000027430
687,compute-0-2,0.000013460,-0.000015675,0.000017231
687,compute-0-3,0.000013807,-0.000013910,0.000033309
688,localhost,0.000022155,-0.000114627,0.001445302
688,compute-0-0,0.000051019,-0.000099870,0.000036130
688,compute-0-1,0.000000001,+0.000023153,0.000027430
688,compute-0-2,0.000013055,-0.000015675,0.000017231
688,compute-0-3,0.000011376,-0.000013910,0.000033309
689,localhost,0.000022154,-0.000114627,0.001445302
689,compute-0-0,0.000046824,-0.000099870,0.000036130
689,compute-0-1,0.000000001,+0.000023153,0.000027430
689,compute-0-2,0.000012649,-0.000015675,0.000017231
689,compute-0-3,0.000008940,-0.000013910,0.000033309
690,localhost,0.000022153,-0.000114627,0.001445302
690,compute-0-0,0.000042629,-0.000099870,0.000036130
690,compute-0-1,0.000000001,+0.000023153,0.000027430
690,compute-0-2,0.000012244,-0.000015675,0.000017231
690,compute-0-3,0.000006510,-0.000013910,0.000033309
691,localhost,0.000022152,-0.000114627,0.001445302
691,compute-0-0,0.000038438,-0.000099870,0.000036130
691,compute-0-1,0.000002473,+0.000002501,0.000026035
691,compute-0-2,0.000011838,-0.000015675,0.000017231
691,compute-0-3,0.000004078,-0.000013910,0.000033309
692,localhost,0.000022152,-0.000114627,0.001445302
692,compute-0-0,0.000034245,-0.000099870,0.000036130
692,compute-0-1,0.000002386,+0.000002501,0.000026035
692,compute-0-2,0.000011433,-0.000015675,0.000017231
692,compute-0-3,0.000017196,-0.000015484,0.000031977
693,localhost,0.000022151,-0.000114627,0.001445302
693,compute-0-0,0.000030061,-0.000099870,0.000036130
693,compute-0-1,0.000002299,+0.000002501,0.000026035
693,compute-0-2,0.000011027,-0.000015675,0.000017231
693,compute-0-3,0.000014910,-0.000015484,0.000031977
694,localhost,0.000022150,-0.000114627,0.001445302
694,compute-0-0,0.000025869,-0.000099870,0.000036130
694,compute-0-1,0.000002212,+0.000002501,0.000026035
694,compute-0-2,0.000010622,-0.000015675,0.000017231
694,compute-0-3,0.000012624,-0.000015484,0.000031977
695,localhost,0.000022149,-0.000114627,0.001445302
695,compute-0-0,0.000021676,-0.000099870,0.000036130
695,compute-0-1,0.000002125,+0.000002501,0.000026035
695,compute-0-2,0.000010217,-0.000015675,0.000017231
695,compute-0-3,0.000010341,-0.000015484,0.000031977
696,localhost,0.000022148,-0.000114627,0.001445302
696,compute-0-0,0.000017491,-0.000099870,0.000036130
696,compute-0-1,0.000002039,+0.000002501,0.000026035
696,compute-0-2,0.000009812,-0.000015675,0.000017231
696,compute-0-3,0.000008057,-0.000015484,0.000031977
697,localhost,0.000022147,-0.000114627,0.001445302
697,compute-0-0,0.000013297,-0.000099870,0.000036130
697,compute-0-1,0.000007275,-0.000009719,0.000024889
697,compute-0-2,0.000009406,-0.000015675,0.000017231
697,compute-0-3,0.000005770,-0.000015484,0.000031977
698,localhost,0.000022146,-0.000114627,0.001445302
698,compute-0-0,0.000009108,-0.000099870,0.000036130
698,compute-0-1,0.000006521,-0.000009719,0.000024889
698,compute-0-2,0.000009001,-0.000015675,0.000017231
698,compute-0-3,0.000005969,+0.000027549,0.000031562
699,localhost,0.000022145,-0.000114627,0.001445302
699,compute-0-0,0.000004921,-0.000099870,0.000036130
699,compute-0-1,0.000005768,-0.000009719,0.000024889
699,compute-0-2,0.000008596,-0.000015675,0.000017231
699,compute-0-3,0.000000006,+0.000027549,0.000031562
700,localhost,0.000022144,-0.000114627,0.001445302
700,compute-0-0,0.000048554,-0.000047336,0.000037402
700,compute-0-1,0.000005014,-0.000009719,0.000024889
700,compute-0-2,0.000008190,-0.000015675,0.000017231
700,compute-0-3,0.000000006,+0.000027549,0.000031562
701,localhost,0.000022143,-0.000114627,0.001445302
701,compute-0-0,0.000045090,-0.000047336,0.000037402
701,compute-0-1,0.000004260,-0.000009719,0.000024889
701,compute-0-2,0.000007785,-0.000015675,0.000017231
701,compute-0-3,0.000000006,+0.000027549,0.000031562
702,localhost,0.000022142,-0.000114627,0.001445302
702,compute-0-0,0.000041630,-0.000047336,0.000037402
702,compute-0-1,0.000003507,-0.000009719,0.000024889
702,compute-0-2,0.000007380,-0.000015675,0.000017231
702,compute-0-3,0.000000006,+0.000027549,0.000031562
703,localhost,0.000022141,-0.000114627,0.001445302
703,compute-0-0,0.000038164,-0.000047336,0.000037402
703,compute-0-1,0.000001885,+0.000001462,0.000023617
703,compute-0-2,0.000006975,-0.000015675,0.000017231
703,compute-0-3,0.000004756,+0.000004894,0.000029983
704,localhost,0.000022141,-0.000114627,0.001445302
704,compute-0-0,0.000034699,-0.000047336,0.000037402
704,compute-0-1,0.000001840,+0.000001462,0.000023617
704,compute-0-2,0.000006570,-0.000015675,0.000017231
704,compute-0-3,0.000002587,+0.000004894,0.000029983
705,localhost,0.000022140,-0.000114627,0.001445302
705,compute-0-0,0.000031241,-0.000047336,0.000037402
705,compute-0-1,0.000001795,+0.000001462,0.000023617
705,compute-0-2,0.000080441,-0.000078297,0.000029669
705,compute-0-3,0.000000415,+0.000004894,0.000029983
706,localhost,0.000022139,-0.000114627,0.001445302
706,compute-0-0,0.000027773,-0.000047336,0.000037402
706,compute-0-1,0.000001751,+0.000001462,0.000023617
706,compute-0-2,0.000072926,-0.000078297,0.000029669
706,compute-0-3,0.000000000,+0.000004894,0.000029983
707,localhost,0.000022138,-0.000114627,0.001445302
707,compute-0-0,0.000024307,-0.000047336,0.000037402
707,compute-0-1,0.000001706,+0.000001462,0.000023617
707,compute-0-2,0.000065419,-0.000078297,0.000029669
707,compute-0-3,0.000000000,+0.000004894,0.000029983
708,localhost,0.000022137,-0.000114627,0.001445302
708,compute-0-0,0.000020847,-0.000047336,0.000037402
708,compute-0-1,0.000001640,+0.000003311,0.000022429
708,compute-0-2,0.000057921,-0.000078297,0.000029669
708,compute-0-3,0.000000000,+0.000004894,0.000029983
709,localhost,0.000022136,-0.000114627,0.001445302
709,compute-0-0,0.000017388,-0.000047336,0.000037402
709,compute-0-1,0.000001609,+0.000003311,0.000022429
709,compute-0-2,0.000050423,-0.000078297,0.000029669
709,compute-0-3,0.000000104,+0.000000105,0.000028444
710,localhost,0.000022135,-0.000114627,0.001445302
710,compute-0-0,0.000013922,-0.000047336,0.000037402
710,compute-0-1,0.000001577,+0.000003311,0.000022429
710,compute-0-2,0.000042923,-0.000078297,0.000029669
710,compute-0-3,0.000000102,+0.000000105,0.000028444
711,localhost,0.000022134,-0.000114627,0.001445302
711,compute-0-0,0.000010459,-0.000047336,0.000037402
711,compute-0-1,0.000001545,+0.000003311,0.000022429
711,compute-0-2,0.000035424,-0.000078297,0.000029669
711,compute-0-3,0.000000100,+0.000000105,0.000028444
712,localhost,0.000022133,-0.000114627,0.001445302
712,compute-0-0,0.000006995,-0.000047336,0.000037402
712,compute-0-1,0.000001513,+0.000003311,0.000022429
712,compute-0-2,0.000027908,-0.000078297,0.000029669
712,compute-0-3,0.000000099,+0.000000105,0.000028444
713,localhost,0.000022132,-0.000114627,0.001445302
713,compute-0-0,0.000003525,-0.000047336,0.000037402
713,compute-0-1,0.000001481,+0.000003311,0.000022429
713,compute-0-2,0.000020400,-0.000078297,0.000029669
713,compute-0-3,0.000000097,+0.000000105,0.000028444
714,localhost,0.000022131,-0.000114627,0.001445302
714,compute-0-0,0.000000066,-0.000047336,0.000037402
714,compute-0-1,0.000003724,+0.000002343,0.000021291
714,compute-0-2,0.000012902,-0.000078297,0.000029669
714,compute-0-3,0.000000095,+0.000000105,0.000028444
715,localhost,0.000022131,-0.000114627,0.001445302
715,compute-0-0,0.000000000,-0.000047336,0.000037402
715,compute-0-1,0.000003517,+0.000002343,0.000021291
715,compute-0-2,0.000005406,-0.000078297,0.000029669
715,compute-0-3,0.000000080,-0.000000175,0.000026984
716,localhost,0.000022130,-0.000114627,0.001445302
716,compute-0-0,0.000000000,-0.000047336,0.000037402
716,compute-0-1,0.000003311,+0.000002343,0.000021291
716,compute-0-2,0.000000005,-0.000078297,0.000029669
716,compute-0-3,0.000000079,-0.000000175,0.000026984
717,localhost,0.000022129,-0.000114627,0.001445302
717,compute-0-0,0.000000000,-0.000047336,0.000037402
717,compute-0-1,0.000003104,+0.000002343,0.000021291
717,compute-0-2,0.000000005,-0.000078297,0.000029669
717,compute-0-3,0.000000078,-0.000000175,0.000026984
718,localhost,0.000022128,-0.000114627,0.001445302
718,compute-0-0,0.000000000,-0.000047336,0.000037402
718,compute-0-1,0.000002897,+0.000002343,0.000021291
718,compute-0-2,0.000000005,-0.000078297,0.000029669
718,compute-0-3,0.000000078,-0.000000175,0.000026984
719,localhost,0.000022127,-0.000114627,0.001445302
719,compute-0-0,0.000000000,-0.000047336,0.000037402
719,compute-0-1,0.000002691,+0.000002343,0.000021291
719,compute-0-2,0.000000005,-0.000078297,0.000029669
719,compute-0-3,0.000000077,-0.000000175,0.000026984
720,localhost,0.000022126,-0.000114627,0.001445302
720,compute-0-0,0.000000000,-0.000047336,0.000037402
720,compute-0-1,0.000009199,+0.000007443,0.000020335
720,compute-0-2,0.000000005,-0.000078297,0.000029669
720,compute-0-3,0.000000076,-0.000000175,0.000026984
