sample_id,time,hostname,offset_ns,jitter_ns
1,2026-09-04 18:24:10,compute-0-1,81.0,NaN
1,2026-09-04 18:24:10,compute-0-2,70.0,NaN
1,2026-09-04 18:24:10,compute-0-3,28.0,NaN
2,2026-09-04 18:24:21,compute-0-1,73.0,8.000
2,2026-09-04 18:24:21,compute-0-2,49.0,21.000
2,2026-09-04 18:24:21,compute-0-3,76.0,48.000
3,2026-09-04 18:24:32,compute-0-1,-97.0,170.000
3,2026-09-04 18:24:32,compute-0-2,87.0,38.000
3,2026-09-04 18:24:33,compute-0-3,58.0,18.000
4,2026-09-04 18:24:43,compute-0-1,-28.0,69.000
4,2026-09-04 18:24:43,compute-0-2,-48.0,135.000
4,2026-09-04 18:24:44,compute-0-3,-100.0,158.000
5,2026-09-04 18:24:54,compute-0-1,-12.0,16.000
5,2026-09-04 18:24:54,compute-0-2,-42.0,6.000
5,2026-09-04 18:24:55,compute-0-3,-37.0,63.000
6,2026-09-04 18:25:05,compute-0-1,46.0,58.000
6,2026-09-04 18:25:05,compute-0-2,-2.0,40.000
6,2026-09-04 18:25:06,compute-0-3,13.0,50.000
7,2026-09-04 18:25:16,compute-0-1,-39.0,85.000
7,2026-09-04 18:25:17,compute-0-2,-78.0,76.000
7,2026-09-04 18:25:17,compute-0-3,-82.0,95.000
8,2026-09-04 18:25:28,compute-0-1,-18.0,21.000
8,2026-09-04 18:25:28,compute-0-2,-27.0,51.000
8,2026-09-04 18:25:28,compute-0-3,-69.0,13.000
9,2026-09-04 18:25:39,compute-0-1,6.0,24.000
9,2026-09-04 18:25:39,compute-0-2,-30.0,3.000
9,2026-09-04 18:25:39,compute-0-3,-2.0,67.000
10,2026-09-04 18:25:50,compute-0-1,36.0,30.000
10,2026-09-04 18:25:50,compute-0-2,7.0,37.000
10,2026-09-04 18:25:51,compute-0-3,-5.0,3.000
11,2026-09-04 18:26:01,compute-0-1,49.0,13.000
11,2026-09-04 18:26:02,compute-0-2,52.0,45.000
11,2026-09-04 18:26:02,compute-0-3,22.0,27.000
12,2026-09-04 18:26:12,compute-0-1,84.0,35.000
12,2026-09-04 18:26:13,compute-0-2,57.0,5.000
12,2026-09-04 18:26:13,compute-0-3,67.0,45.000
13,2026-09-04 18:26:23,compute-0-1,-48.0,132.000
13,2026-09-04 18:26:24,compute-0-2,-47.0,104.000
13,2026-09-04 18:26:24,compute-0-3,80.0,13.000
14,2026-09-04 18:26:34,compute-0-1,-5.0,43.000
14,2026-09-04 18:26:35,compute-0-2,-38.0,9.000
14,2026-09-04 18:26:35,compute-0-3,-33.0,113.000
15,2026-09-04 18:26:45,compute-0-1,46.0,51.000
15,2026-09-04 18:26:46,compute-0-2,25.0,63.000
15,2026-09-04 18:26:46,compute-0-3,6.0,39.000
16,2026-09-04 18:26:57,compute-0-1,-90.0,136.000
16,2026-09-04 18:26:57,compute-0-2,45.0,20.000
16,2026-09-04 18:26:57,compute-0-3,38.0,32.000
17,2026-09-04 18:27:08,compute-0-1,-31.0,59.000
17,2026-09-04 18:27:08,compute-0-2,-57.0,102.000
17,2026-09-04 18:27:08,compute-0-3,-64.0,102.000
18,2026-09-04 18:27:19,compute-0-1,71.0,102.000
18,2026-09-04 18:27:19,compute-0-2,28.0,85.000
18,2026-09-04 18:27:19,compute-0-3,-6.0,58.000
19,2026-09-04 18:27:30,compute-0-1,-70.0,141.000
19,2026-09-04 18:27:30,compute-0-2,-97.0,125.000
19,2026-09-04 18:27:31,compute-0-3,68.0,74.000
20,2026-09-04 18:27:41,compute-0-1,-14.0,56.000
20,2026-09-04 18:27:41,compute-0-2,-54.0,43.000
20,2026-09-04 18:27:42,compute-0-3,-28.0,96.000
21,2026-09-04 18:27:52,compute-0-1,78.0,92.000
21,2026-09-04 18:27:52,compute-0-2,66.0,120.000
21,2026-09-04 18:27:53,compute-0-3,43.0,71.000
22,2026-09-04 18:28:03,compute-0-1,-39.0,117.000
22,2026-09-04 18:28:03,compute-0-2,-58.0,124.000
22,2026-09-04 18:28:04,compute-0-3,-70.0,113.000
23,2026-09-04 18:28:14,compute-0-1,51.0,90.000
23,2026-09-04 18:28:15,compute-0-2,5.0,63.000
23,2026-09-04 18:28:15,compute-0-3,12.0,82.000
24,2026-09-04 18:28:25,compute-0-1,-67.0,118.000
24,2026-09-04 18:28:26,compute-0-2,-90.0,95.000
24,2026-09-04 18:28:26,compute-0-3,-114.0,126.000
25,2026-09-04 18:28:36,compute-0-1,35.0,102.000
25,2026-09-04 18:28:37,compute-0-2,22.0,112.000
25,2026-09-04 18:28:37,compute-0-3,-6.0,108.000
26,2026-09-04 18:28:47,compute-0-1,-33.0,68.000
26,2026-09-04 18:28:48,compute-0-2,-50.0,72.000
26,2026-09-04 18:28:48,compute-0-3,94.0,100.000
27,2026-09-04 18:28:59,compute-0-1,30.0,63.000
27,2026-09-04 18:28:59,compute-0-2,34.0,84.000
27,2026-09-04 18:28:59,compute-0-3,26.0,68.000
28,2026-09-04 18:29:10,compute-0-1,-28.0,58.000
28,2026-09-04 18:29:10,compute-0-2,-41.0,75.000
28,2026-09-04 18:29:10,compute-0-3,-50.0,76.000
29,2026-09-04 18:29:21,compute-0-1,54.0,82.000
29,2026-09-04 18:29:21,compute-0-2,38.0,79.000
29,2026-09-04 18:29:21,compute-0-3,45.0,95.000
30,2026-09-04 18:29:32,compute-0-1,-6.0,60.000
30,2026-09-04 18:29:32,compute-0-2,-9.0,47.000
30,2026-09-04 18:29:33,compute-0-3,-17.0,62.000
31,2026-09-04 18:29:43,compute-0-1,14.0,20.000
31,2026-09-04 18:29:43,compute-0-2,5.0,14.000
31,2026-09-04 18:29:44,compute-0-3,9.0,26.000
32,2026-09-04 18:29:54,compute-0-1,17.0,3.000
32,2026-09-04 18:29:54,compute-0-2,-42.0,47.000
32,2026-09-04 18:29:55,compute-0-3,61.0,52.000
33,2026-09-04 18:30:05,compute-0-1,67.0,50.000
33,2026-09-04 18:30:06,compute-0-2,37.0,79.000
33,2026-09-04 18:30:06,compute-0-3,42.0,19.000
34,2026-09-04 18:30:16,compute-0-1,52.0,15.000
34,2026-09-04 18:30:17,compute-0-2,-27.0,64.000
34,2026-09-04 18:30:17,compute-0-3,-7.0,49.000
35,2026-09-04 18:30:27,compute-0-1,-34.0,86.000
35,2026-09-04 18:30:28,compute-0-2,-106.0,79.000
35,2026-09-04 18:30:28,compute-0-3,62.0,69.000
36,2026-09-04 18:30:38,compute-0-1,58.0,92.000
36,2026-09-04 18:30:39,compute-0-2,33.0,139.000
36,2026-09-04 18:30:39,compute-0-3,26.0,36.000
37,2026-09-04 18:30:50,compute-0-1,-86.0,144.000
37,2026-09-04 18:30:50,compute-0-2,94.0,61.000
37,2026-09-04 18:30:50,compute-0-3,66.0,40.000
38,2026-09-04 18:31:01,compute-0-1,14.0,100.000
38,2026-09-04 18:31:01,compute-0-2,29.0,65.000
38,2026-09-04 18:31:02,compute-0-3,-23.0,89.000
39,2026-09-04 18:31:12,compute-0-1,-16.0,30.000
39,2026-09-04 18:31:12,compute-0-2,-70.0,99.000
39,2026-09-04 18:31:13,compute-0-3,68.0,91.000
40,2026-09-04 18:31:23,compute-0-1,45.0,61.000
40,2026-09-04 18:31:23,compute-0-2,27.0,97.000
40,2026-09-04 18:31:24,compute-0-3,10.0,58.000
41,2026-09-04 18:31:34,compute-0-1,16.0,29.000
41,2026-09-04 18:31:34,compute-0-2,-22.0,49.000
41,2026-09-04 18:31:35,compute-0-3,-48.0,58.000
42,2026-09-04 18:31:45,compute-0-1,68.0,52.000
42,2026-09-04 18:31:46,compute-0-2,50.0,72.000
42,2026-09-04 18:31:46,compute-0-3,38.0,86.000
43,2026-09-04 18:31:56,compute-0-1,11.0,57.000
43,2026-09-04 18:31:57,compute-0-2,-10.0,60.000
43,2026-09-04 18:31:57,compute-0-3,10.0,28.000
44,2026-09-04 18:32:08,compute-0-1,23.0,12.000
44,2026-09-04 18:32:08,compute-0-2,5.0,15.000
44,2026-09-04 18:32:08,compute-0-3,18.0,8.000
45,2026-09-04 18:32:19,compute-0-1,-8.0,31.000
45,2026-09-04 18:32:19,compute-0-2,-103.0,108.000
45,2026-09-04 18:32:19,compute-0-3,-82.0,100.000
46,2026-09-04 18:32:30,compute-0-1,60.0,68.000
46,2026-09-04 18:32:30,compute-0-2,64.0,167.000
46,2026-09-04 18:32:30,compute-0-3,27.0,109.000
47,2026-09-04 18:32:41,compute-0-1,3.0,57.000
47,2026-09-04 18:32:41,compute-0-2,-40.0,104.000
47,2026-09-04 18:32:42,compute-0-3,-49.0,76.000
48,2026-09-04 18:32:53,compute-0-1,24.0,21.000
48,2026-09-04 18:32:53,compute-0-2,10.0,50.000
48,2026-09-04 18:32:54,compute-0-3,-32.0,17.000
49,2026-09-04 18:33:04,compute-0-1,-61.0,85.000
49,2026-09-04 18:33:04,compute-0-2,-49.0,59.000
49,2026-09-04 18:33:05,compute-0-3,69.0,101.000
50,2026-09-04 18:33:15,compute-0-1,-32.0,29.000
50,2026-09-04 18:33:16,compute-0-2,-27.0,22.000
50,2026-09-04 18:33:16,compute-0-3,-77.0,146.000
51,2026-09-04 18:33:26,compute-0-1,66.0,98.000
51,2026-09-04 18:33:27,compute-0-2,61.0,88.000
51,2026-09-04 18:33:27,compute-0-3,28.0,105.000
52,2026-09-04 18:33:38,compute-0-1,-25.0,91.000
52,2026-09-04 18:33:38,compute-0-2,9.0,52.000
52,2026-09-04 18:33:38,compute-0-3,-57.0,85.000
53,2026-09-04 18:33:49,compute-0-1,0.0,25.000
53,2026-09-04 18:33:49,compute-0-2,-40.0,49.000
53,2026-09-04 18:33:49,compute-0-3,79.0,136.000
54,2026-09-04 18:34:00,compute-0-1,-71.0,71.000
54,2026-09-04 18:34:00,compute-0-2,39.0,79.000
54,2026-09-04 18:34:01,compute-0-3,79.0,0.000
55,2026-09-04 18:34:11,compute-0-1,44.0,115.000
55,2026-09-04 18:34:11,compute-0-2,14.0,25.000
55,2026-09-04 18:34:12,compute-0-3,-14.0,93.000
56,2026-09-04 18:34:22,compute-0-1,-59.0,103.000
56,2026-09-04 18:34:22,compute-0-2,-78.0,92.000
56,2026-09-04 18:34:23,compute-0-3,-111.0,97.000
57,2026-09-04 18:34:33,compute-0-1,32.0,91.000
57,2026-09-04 18:34:33,compute-0-2,33.0,111.000
57,2026-09-04 18:34:34,compute-0-3,19.0,130.000
58,2026-09-04 18:34:44,compute-0-1,8.0,24.000
58,2026-09-04 18:34:45,compute-0-2,-11.0,44.000
58,2026-09-04 18:34:45,compute-0-3,-23.0,42.000
59,2026-09-04 18:34:55,compute-0-1,-59.0,67.000
59,2026-09-04 18:34:56,compute-0-2,99.0,110.000
59,2026-09-04 18:34:56,compute-0-3,52.0,75.000
60,2026-09-04 18:35:06,compute-0-1,44.0,103.000
60,2026-09-04 18:35:07,compute-0-2,44.0,55.000
60,2026-09-04 18:35:07,compute-0-3,0.0,52.000
61,2026-09-04 18:35:18,compute-0-1,63.0,19.000
61,2026-09-04 18:35:18,compute-0-2,50.0,6.000
61,2026-09-04 18:35:18,compute-0-3,66.0,66.000
62,2026-09-04 18:35:29,compute-0-1,1.0,62.000
62,2026-09-04 18:35:29,compute-0-2,10.0,40.000
62,2026-09-04 18:35:29,compute-0-3,-9.0,75.000
63,2026-09-04 18:35:40,compute-0-1,-54.0,55.000
63,2026-09-04 18:35:40,compute-0-2,70.0,60.000
63,2026-09-04 18:35:41,compute-0-3,75.0,84.000
64,2026-09-04 18:35:51,compute-0-1,50.0,104.000
64,2026-09-04 18:35:51,compute-0-2,39.0,31.000
64,2026-09-04 18:35:52,compute-0-3,5.0,70.000
65,2026-09-04 18:36:02,compute-0-1,5.0,45.000
65,2026-09-04 18:36:02,compute-0-2,-52.0,91.000
65,2026-09-04 18:36:03,compute-0-3,-79.0,84.000
66,2026-09-04 18:36:13,compute-0-1,31.0,26.000
66,2026-09-04 18:36:14,compute-0-2,-8.0,44.000
66,2026-09-04 18:36:14,compute-0-3,-55.0,24.000
67,2026-09-04 18:36:24,compute-0-1,-58.0,89.000
67,2026-09-04 18:36:25,compute-0-2,-73.0,65.000
67,2026-09-04 18:36:25,compute-0-3,-66.0,11.000
68,2026-09-04 18:36:36,compute-0-1,65.0,123.000
68,2026-09-04 18:36:36,compute-0-2,49.0,122.000
68,2026-09-04 18:36:36,compute-0-3,51.0,117.000
69,2026-09-04 18:36:47,compute-0-1,25.0,40.000
69,2026-09-04 18:36:47,compute-0-2,36.0,13.000
69,2026-09-04 18:36:47,compute-0-3,-41.0,92.000
70,2026-09-04 18:36:58,compute-0-1,44.0,19.000
70,2026-09-04 18:36:58,compute-0-2,3.0,33.000
70,2026-09-04 18:36:59,compute-0-3,-32.0,9.000
71,2026-09-04 18:37:09,compute-0-1,-40.0,84.000
71,2026-09-04 18:37:09,compute-0-2,-68.0,71.000
71,2026-09-04 18:37:10,compute-0-3,-77.0,45.000
72,2026-09-04 18:37:20,compute-0-1,-86.0,46.000
72,2026-09-04 18:37:20,compute-0-2,79.0,147.000
72,2026-09-04 18:37:21,compute-0-3,58.0,135.000
73,2026-09-04 18:37:31,compute-0-1,45.0,131.000
73,2026-09-04 18:37:31,compute-0-2,39.0,40.000
73,2026-09-04 18:37:32,compute-0-3,13.0,45.000
74,2026-09-04 18:37:42,compute-0-1,6.0,39.000
74,2026-09-04 18:37:43,compute-0-2,-60.0,99.000
74,2026-09-04 18:37:43,compute-0-3,-82.0,95.000
75,2026-09-04 18:37:53,compute-0-1,-86.0,92.000
75,2026-09-04 18:37:54,compute-0-2,-75.0,15.000
75,2026-09-04 18:37:54,compute-0-3,58.0,140.000
76,2026-09-04 18:38:04,compute-0-1,92.0,178.000
76,2026-09-04 18:38:05,compute-0-2,41.0,116.000
76,2026-09-04 18:38:05,compute-0-3,-27.0,85.000
77,2026-09-04 18:38:15,compute-0-1,21.0,71.000
77,2026-09-04 18:38:16,compute-0-2,9.0,32.000
77,2026-09-04 18:38:16,compute-0-3,-27.0,0.000
78,2026-09-04 18:38:27,compute-0-1,-48.0,69.000
78,2026-09-04 18:38:27,compute-0-2,-55.0,64.000
78,2026-09-04 18:38:27,compute-0-3,-43.0,16.000
79,2026-09-04 18:38:38,compute-0-1,-38.0,10.000
79,2026-09-04 18:38:38,compute-0-2,55.0,110.000
79,2026-09-04 18:38:38,compute-0-3,62.0,105.000
80,2026-09-04 18:38:49,compute-0-1,52.0,90.000
80,2026-09-04 18:38:49,compute-0-2,65.0,10.000
80,2026-09-04 18:38:49,compute-0-3,21.0,41.000
81,2026-09-04 18:39:00,compute-0-1,24.0,28.000
81,2026-09-04 18:39:00,compute-0-2,-13.0,78.000
81,2026-09-04 18:39:00,compute-0-3,-15.0,36.000
82,2026-09-04 18:39:11,compute-0-1,-24.0,48.000
82,2026-09-04 18:39:11,compute-0-2,-60.0,47.000
82,2026-09-04 18:39:12,compute-0-3,-94.0,79.000
83,2026-09-04 18:39:22,compute-0-1,55.0,79.000
83,2026-09-04 18:39:22,compute-0-2,64.0,124.000
83,2026-09-04 18:39:23,compute-0-3,39.0,133.000
84,2026-09-04 18:39:33,compute-0-1,13.0,42.000
84,2026-09-04 18:39:33,compute-0-2,-10.0,74.000
84,2026-09-04 18:39:34,compute-0-3,1.0,38.000
85,2026-09-04 18:39:44,compute-0-1,-15.0,28.000
85,2026-09-04 18:39:44,compute-0-2,-20.0,10.000
85,2026-09-04 18:39:45,compute-0-3,-47.0,48.000
86,2026-09-04 18:39:55,compute-0-1,-77.0,62.000
86,2026-09-04 18:39:56,compute-0-2,-85.0,65.000
86,2026-09-04 18:39:56,compute-0-3,81.0,128.000
87,2026-09-04 18:40:06,compute-0-1,53.0,130.000
87,2026-09-04 18:40:07,compute-0-2,29.0,114.000
87,2026-09-04 18:40:07,compute-0-3,22.0,59.000
88,2026-09-04 18:40:17,compute-0-1,-25.0,78.000
88,2026-09-04 18:40:18,compute-0-2,-55.0,84.000
88,2026-09-04 18:40:18,compute-0-3,-95.0,117.000
89,2026-09-04 18:40:28,compute-0-1,51.0,76.000
89,2026-09-04 18:40:29,compute-0-2,71.0,126.000
89,2026-09-04 18:40:29,compute-0-3,40.0,135.000
90,2026-09-04 18:40:40,compute-0-1,51.0,0.000
90,2026-09-04 18:40:40,compute-0-2,29.0,42.000
90,2026-09-04 18:40:40,compute-0-3,-29.0,69.000
91,2026-09-04 18:40:51,compute-0-1,-57.0,108.000
91,2026-09-04 18:40:51,compute-0-2,-49.0,78.000
91,2026-09-04 18:40:51,compute-0-3,-75.0,46.000
92,2026-09-04 18:41:02,compute-0-1,68.0,125.000
92,2026-09-04 18:41:02,compute-0-2,44.0,93.000
92,2026-09-04 18:41:02,compute-0-3,44.0,119.000
93,2026-09-04 18:41:13,compute-0-1,19.0,49.000
93,2026-09-04 18:41:13,compute-0-2,16.0,28.000
93,2026-09-04 18:41:14,compute-0-3,-55.0,99.000
94,2026-09-04 18:41:24,compute-0-1,-62.0,81.000
94,2026-09-04 18:41:24,compute-0-2,-77.0,93.000
94,2026-09-04 18:41:25,compute-0-3,64.0,119.000
95,2026-09-04 18:41:35,compute-0-1,63.0,125.000
95,2026-09-04 18:41:35,compute-0-2,49.0,126.000
95,2026-09-04 18:41:36,compute-0-3,34.0,30.000
96,2026-09-04 18:41:46,compute-0-1,31.0,32.000
96,2026-09-04 18:41:46,compute-0-2,-4.0,53.000
96,2026-09-04 18:41:47,compute-0-3,19.0,15.000
97,2026-09-04 18:41:57,compute-0-1,-17.0,48.000
97,2026-09-04 18:41:58,compute-0-2,-40.0,36.000
97,2026-09-04 18:41:58,compute-0-3,-67.0,86.000
98,2026-09-04 18:42:08,compute-0-1,-71.0,54.000
98,2026-09-04 18:42:09,compute-0-2,60.0,100.000
98,2026-09-04 18:42:09,compute-0-3,57.0,124.000
99,2026-09-04 18:42:19,compute-0-1,48.0,119.000
99,2026-09-04 18:42:20,compute-0-2,38.0,22.000
99,2026-09-04 18:42:20,compute-0-3,18.0,39.000
100,2026-09-04 18:42:30,compute-0-1,11.0,37.000
100,2026-09-04 18:42:31,compute-0-2,-2.0,40.000
100,2026-09-04 18:42:31,compute-0-3,-62.0,80.000
101,2026-09-04 18:42:42,compute-0-1,-39.0,50.000
101,2026-09-04 18:42:42,compute-0-2,-70.0,68.000
101,2026-09-04 18:42:42,compute-0-3,-82.0,20.000
102,2026-09-04 18:42:53,compute-0-1,-3.0,36.000
102,2026-09-04 18:42:53,compute-0-2,-16.0,54.000
102,2026-09-04 18:42:54,compute-0-3,-73.0,9.000
103,2026-09-04 18:43:04,compute-0-1,-76.0,73.000
103,2026-09-04 18:43:04,compute-0-2,-106.0,90.000
103,2026-09-04 18:43:05,compute-0-3,88.0,161.000
104,2026-09-04 18:43:15,compute-0-1,20.0,96.000
104,2026-09-04 18:43:15,compute-0-2,27.0,133.000
104,2026-09-04 18:43:16,compute-0-3,9.0,79.000
105,2026-09-04 18:43:26,compute-0-1,10.0,10.000
105,2026-09-04 18:43:26,compute-0-2,6.0,21.000
105,2026-09-04 18:43:27,compute-0-3,-48.0,57.000
106,2026-09-04 18:43:37,compute-0-1,-102.0,112.000
106,2026-09-04 18:43:38,compute-0-2,-103.0,109.000
106,2026-09-04 18:43:38,compute-0-3,76.0,124.000
107,2026-09-04 18:43:48,compute-0-1,28.0,130.000
107,2026-09-04 18:43:49,compute-0-2,29.0,132.000
107,2026-09-04 18:43:49,compute-0-3,29.0,47.000
108,2026-09-04 18:43:59,compute-0-1,16.0,12.000
108,2026-09-04 18:44:00,compute-0-2,26.0,3.000
108,2026-09-04 18:44:00,compute-0-3,-23.0,52.000
109,2026-09-04 18:44:11,compute-0-1,-91.0,107.000
109,2026-09-04 18:44:11,compute-0-2,54.0,28.000
109,2026-09-04 18:44:11,compute-0-3,47.0,70.000
110,2026-09-04 18:44:22,compute-0-1,35.0,126.000
110,2026-09-04 18:44:22,compute-0-2,57.0,3.000
110,2026-09-04 18:44:22,compute-0-3,1.0,46.000
111,2026-09-04 18:44:33,compute-0-1,48.0,13.000
111,2026-09-04 18:44:33,compute-0-2,34.0,23.000
111,2026-09-04 18:44:34,compute-0-3,22.0,21.000
112,2026-09-04 18:44:44,compute-0-1,23.0,25.000
112,2026-09-04 18:44:44,compute-0-2,4.0,30.000
112,2026-09-04 18:44:45,compute-0-3,6.0,16.000
113,2026-09-04 18:44:55,compute-0-1,36.0,13.000
113,2026-09-04 18:44:55,compute-0-2,41.0,37.000
113,2026-09-04 18:44:56,compute-0-3,39.0,33.000
114,2026-09-04 18:45:06,compute-0-1,39.0,3.000
114,2026-09-04 18:45:06,compute-0-2,41.0,0.000
114,2026-09-04 18:45:07,compute-0-3,55.0,16.000
115,2026-09-04 18:45:17,compute-0-1,-101.0,140.000
115,2026-09-04 18:45:17,compute-0-2,89.0,48.000
115,2026-09-04 18:45:18,compute-0-3,50.0,5.000
116,2026-09-04 18:45:28,compute-0-1,15.0,116.000
116,2026-09-04 18:45:29,compute-0-2,-12.0,101.000
116,2026-09-04 18:45:29,compute-0-3,-30.0,80.000
117,2026-09-04 18:45:39,compute-0-1,27.0,12.000
117,2026-09-04 18:45:40,compute-0-2,36.0,48.000
117,2026-09-04 18:45:40,compute-0-3,-17.0,13.000
118,2026-09-04 18:45:51,compute-0-1,32.0,5.000
118,2026-09-04 18:45:51,compute-0-2,77.0,41.000
118,2026-09-04 18:45:51,compute-0-3,50.0,67.000
119,2026-09-04 18:46:02,compute-0-1,-27.0,59.000
119,2026-09-04 18:46:02,compute-0-2,-79.0,156.000
119,2026-09-04 18:46:02,compute-0-3,-109.0,159.000
120,2026-09-04 18:46:13,compute-0-1,46.0,73.000
120,2026-09-04 18:46:13,compute-0-2,17.0,96.000
120,2026-09-04 18:46:13,compute-0-3,-45.0,64.000
121,2026-09-04 18:46:24,compute-0-1,66.0,20.000
121,2026-09-04 18:46:24,compute-0-2,76.0,59.000
121,2026-09-04 18:46:25,compute-0-3,29.0,74.000
122,2026-09-04 18:46:35,compute-0-1,-23.0,89.000
122,2026-09-04 18:46:35,compute-0-2,-56.0,132.000
122,2026-09-04 18:46:36,compute-0-3,-92.0,121.000
123,2026-09-04 18:46:46,compute-0-1,45.0,68.000
123,2026-09-04 18:46:46,compute-0-2,32.0,88.000
123,2026-09-04 18:46:47,compute-0-3,23.0,115.000
124,2026-09-04 18:46:57,compute-0-1,-47.0,92.000
124,2026-09-04 18:46:57,compute-0-2,-71.0,103.000
124,2026-09-04 18:46:58,compute-0-3,-75.0,98.000
125,2026-09-04 18:47:08,compute-0-1,44.0,91.000
125,2026-09-04 18:47:08,compute-0-2,74.0,145.000
125,2026-09-04 18:47:09,compute-0-3,6.0,81.000
126,2026-09-04 18:47:19,compute-0-1,45.0,1.000
126,2026-09-04 18:47:20,compute-0-2,35.0,39.000
126,2026-09-04 18:47:20,compute-0-3,38.0,32.000
127,2026-09-04 18:47:31,compute-0-1,29.0,16.000
127,2026-09-04 18:47:31,compute-0-2,1.0,34.000
127,2026-09-04 18:47:31,compute-0-3,-44.0,82.000
128,2026-09-04 18:47:42,compute-0-1,-83.0,112.000
128,2026-09-04 18:47:42,compute-0-2,-97.0,98.000
128,2026-09-04 18:47:42,compute-0-3,-106.0,62.000
129,2026-09-04 18:47:53,compute-0-1,65.0,148.000
129,2026-09-04 18:47:53,compute-0-2,18.0,115.000
129,2026-09-04 18:47:53,compute-0-3,-4.0,102.000
130,2026-09-04 18:48:04,compute-0-1,-1.0,66.000
130,2026-09-04 18:48:04,compute-0-2,-18.0,36.000
130,2026-09-04 18:48:04,compute-0-3,-32.0,28.000
131,2026-09-04 18:48:15,compute-0-1,-73.0,72.000
131,2026-09-04 18:48:15,compute-0-2,-104.0,86.000
131,2026-09-04 18:48:16,compute-0-3,-73.0,41.000
132,2026-09-04 18:48:26,compute-0-1,46.0,119.000
132,2026-09-04 18:48:26,compute-0-2,38.0,142.000
132,2026-09-04 18:48:27,compute-0-3,51.0,124.000
133,2026-09-04 18:48:37,compute-0-1,-74.0,120.000
133,2026-09-04 18:48:38,compute-0-2,-99.0,137.000
133,2026-09-04 18:48:38,compute-0-3,-102.0,153.000
134,2026-09-04 18:48:48,compute-0-1,84.0,158.000
134,2026-09-04 18:48:49,compute-0-2,64.0,163.000
134,2026-09-04 18:48:49,compute-0-3,35.0,137.000
135,2026-09-04 18:48:59,compute-0-1,51.0,33.000
135,2026-09-04 18:49:00,compute-0-2,37.0,27.000
135,2026-09-04 18:49:00,compute-0-3,-34.0,69.000
136,2026-09-04 18:49:10,compute-0-1,-34.0,85.000
136,2026-09-04 18:49:11,compute-0-2,-35.0,72.000
136,2026-09-04 18:49:11,compute-0-3,-55.0,21.000
137,2026-09-04 18:49:22,compute-0-1,18.0,52.000
137,2026-09-04 18:49:22,compute-0-2,37.0,72.000
137,2026-09-04 18:49:22,compute-0-3,16.0,71.000
138,2026-09-04 18:49:33,compute-0-1,-19.0,37.000
138,2026-09-04 18:49:33,compute-0-2,-52.0,89.000
138,2026-09-04 18:49:34,compute-0-3,-58.0,74.000
139,2026-09-04 18:49:44,compute-0-1,-57.0,38.000
139,2026-09-04 18:49:44,compute-0-2,-86.0,34.000
139,2026-09-04 18:49:45,compute-0-3,61.0,119.000
140,2026-09-04 18:49:55,compute-0-1,34.0,91.000
140,2026-09-04 18:49:55,compute-0-2,53.0,139.000
140,2026-09-04 18:49:56,compute-0-3,34.0,27.000
141,2026-09-04 18:50:06,compute-0-1,19.0,15.000
141,2026-09-04 18:50:06,compute-0-2,-5.0,58.000
141,2026-09-04 18:50:07,compute-0-3,-31.0,65.000
142,2026-09-04 18:50:17,compute-0-1,-48.0,67.000
142,2026-09-04 18:50:18,compute-0-2,-64.0,59.000
142,2026-09-04 18:50:18,compute-0-3,-76.0,45.000
143,2026-09-04 18:50:28,compute-0-1,40.0,88.000
143,2026-09-04 18:50:29,compute-0-2,17.0,81.000
143,2026-09-04 18:50:29,compute-0-3,41.0,117.000
144,2026-09-04 18:50:39,compute-0-1,12.0,28.000
144,2026-09-04 18:50:40,compute-0-2,24.0,7.000
144,2026-09-04 18:50:40,compute-0-3,-59.0,100.000
145,2026-09-04 18:50:50,compute-0-1,-84.0,96.000
145,2026-09-04 18:50:51,compute-0-2,-77.0,101.000
145,2026-09-04 18:50:51,compute-0-3,-83.0,24.000
146,2026-09-04 18:51:02,compute-0-1,49.0,133.000
146,2026-09-04 18:51:02,compute-0-2,55.0,132.000
146,2026-09-04 18:51:02,compute-0-3,16.0,99.000
147,2026-09-04 18:51:13,compute-0-1,-7.0,56.000
147,2026-09-04 18:51:13,compute-0-2,-18.0,73.000
147,2026-09-04 18:51:13,compute-0-3,-6.0,22.000
148,2026-09-04 18:51:24,compute-0-1,-39.0,32.000
148,2026-09-04 18:51:24,compute-0-2,-47.0,29.000
148,2026-09-04 18:51:24,compute-0-3,-71.0,65.000
149,2026-09-04 18:51:35,compute-0-1,62.0,101.000
149,2026-09-04 18:51:35,compute-0-2,75.0,122.000
149,2026-09-04 18:51:36,compute-0-3,58.0,129.000
150,2026-09-04 18:51:46,compute-0-1,26.0,36.000
150,2026-09-04 18:51:46,compute-0-2,9.0,66.000
150,2026-09-04 18:51:47,compute-0-3,3.0,55.000
151,2026-09-04 18:51:57,compute-0-1,-7.0,33.000
151,2026-09-04 18:51:57,compute-0-2,3.0,6.000
151,2026-09-04 18:51:58,compute-0-3,-73.0,76.000
152,2026-09-04 18:52:08,compute-0-1,72.0,79.000
152,2026-09-04 18:52:08,compute-0-2,-112.0,115.000
152,2026-09-04 18:52:09,compute-0-3,84.0,157.000
153,2026-09-04 18:52:19,compute-0-1,44.0,28.000
153,2026-09-04 18:52:20,compute-0-2,20.0,132.000
153,2026-09-04 18:52:20,compute-0-3,6.0,78.000
154,2026-09-04 18:52:30,compute-0-1,-16.0,60.000
154,2026-09-04 18:52:31,compute-0-2,-10.0,30.000
154,2026-09-04 18:52:31,compute-0-3,-54.0,60.000
155,2026-09-04 18:52:41,compute-0-1,-106.0,90.000
155,2026-09-04 18:52:42,compute-0-2,-85.0,75.000
155,2026-09-04 18:52:42,compute-0-3,-87.0,33.000
156,2026-09-04 18:52:52,compute-0-1,62.0,168.000
156,2026-09-04 18:52:53,compute-0-2,38.0,123.000
156,2026-09-04 18:52:53,compute-0-3,45.0,132.000
157,2026-09-04 18:53:04,compute-0-1,31.0,31.000
157,2026-09-04 18:53:04,compute-0-2,13.0,25.000
157,2026-09-04 18:53:04,compute-0-3,-12.0,57.000
158,2026-09-04 18:53:15,compute-0-1,11.0,20.000
158,2026-09-04 18:53:15,compute-0-2,-16.0,29.000
158,2026-09-04 18:53:15,compute-0-3,-8.0,4.000
159,2026-09-04 18:53:26,compute-0-1,-60.0,71.000
159,2026-09-04 18:53:26,compute-0-2,-61.0,45.000
159,2026-09-04 18:53:26,compute-0-3,-90.0,82.000
160,2026-09-04 18:53:37,compute-0-1,-91.0,31.000
160,2026-09-04 18:53:37,compute-0-2,-74.0,13.000
160,2026-09-04 18:53:37,compute-0-3,-116.0,26.000
161,2026-09-04 18:53:48,compute-0-1,49.0,140.000
161,2026-09-04 18:53:48,compute-0-2,54.0,128.000
161,2026-09-04 18:53:49,compute-0-3,55.0,171.000
162,2026-09-04 18:53:59,compute-0-1,256.0,207.000
162,2026-09-04 18:53:59,compute-0-2,57.0,3.000
162,2026-09-04 18:54:00,compute-0-3,31.0,24.000
163,2026-09-04 18:54:10,compute-0-1,9.0,247.000
163,2026-09-04 18:54:10,compute-0-2,32.0,25.000
163,2026-09-04 18:54:11,compute-0-3,14.0,17.000
164,2026-09-04 18:54:21,compute-0-1,5.0,4.000
164,2026-09-04 18:54:21,compute-0-2,-19.0,51.000
164,2026-09-04 18:54:22,compute-0-3,-10.0,24.000
165,2026-09-04 18:54:32,compute-0-1,-7.0,12.000
165,2026-09-04 18:54:33,compute-0-2,-10.0,9.000
165,2026-09-04 18:54:33,compute-0-3,-4.0,6.000
166,2026-09-04 18:54:43,compute-0-1,-24.0,17.000
166,2026-09-04 18:54:44,compute-0-2,-37.0,27.000
166,2026-09-04 18:54:44,compute-0-3,-58.0,54.000
167,2026-09-04 18:54:54,compute-0-1,-12.0,12.000
167,2026-09-04 18:54:55,compute-0-2,-41.0,4.000
167,2026-09-04 18:54:55,compute-0-3,-64.0,6.000
168,2026-09-04 18:55:05,compute-0-1,-42.0,30.000
168,2026-09-04 18:55:06,compute-0-2,-48.0,7.000
168,2026-09-04 18:55:06,compute-0-3,-43.0,21.000
169,2026-09-04 18:55:17,compute-0-1,-23.0,19.000
169,2026-09-04 18:55:17,compute-0-2,-12.0,36.000
169,2026-09-04 18:55:17,compute-0-3,-90.0,47.000
170,2026-09-04 18:55:28,compute-0-1,-52.0,29.000
170,2026-09-04 18:55:28,compute-0-2,-35.0,23.000
170,2026-09-04 18:55:28,compute-0-3,-49.0,41.000
171,2026-09-04 18:55:39,compute-0-1,-21.0,31.000
171,2026-09-04 18:55:39,compute-0-2,-39.0,4.000
171,2026-09-04 18:55:39,compute-0-3,-77.0,28.000
172,2026-09-04 18:55:50,compute-0-1,-29.0,8.000
172,2026-09-04 18:55:50,compute-0-2,-31.0,8.000
172,2026-09-04 18:55:51,compute-0-3,-68.0,9.000
173,2026-09-04 18:56:01,compute-0-1,-50.0,21.000
173,2026-09-04 18:56:01,compute-0-2,-50.0,19.000
173,2026-09-04 18:56:02,compute-0-3,-30.0,38.000
174,2026-09-04 18:56:12,compute-0-1,33.0,83.000
174,2026-09-04 18:56:13,compute-0-2,28.0,78.000
174,2026-09-04 18:56:13,compute-0-3,-2.0,28.000
175,2026-09-04 18:56:23,compute-0-1,39.0,6.000
175,2026-09-04 18:56:24,compute-0-2,34.0,6.000
175,2026-09-04 18:56:24,compute-0-3,24.0,26.000
176,2026-09-04 18:56:34,compute-0-1,46.0,7.000
176,2026-09-04 18:56:35,compute-0-2,-10.0,44.000
176,2026-09-04 18:56:35,compute-0-3,24.0,0.000
177,2026-09-04 18:56:46,compute-0-1,-104.0,150.000
177,2026-09-04 18:56:46,compute-0-2,-93.0,83.000
177,2026-09-04 18:56:46,compute-0-3,69.0,45.000
178,2026-09-04 18:56:57,compute-0-1,84.0,188.000
178,2026-09-04 18:56:57,compute-0-2,60.0,153.000
178,2026-09-04 18:56:57,compute-0-3,50.0,19.000
179,2026-09-04 18:57:08,compute-0-1,47.0,37.000
179,2026-09-04 18:57:08,compute-0-2,55.0,5.000
179,2026-09-04 18:57:09,compute-0-3,45.0,5.000
180,2026-09-04 18:57:19,compute-0-1,23.0,24.000
180,2026-09-04 18:57:19,compute-0-2,74.0,19.000
180,2026-09-04 18:57:20,compute-0-3,66.0,21.000
181,2026-09-04 18:57:30,compute-0-1,56.0,33.000
181,2026-09-04 18:57:30,compute-0-2,52.0,22.000
181,2026-09-04 18:57:31,compute-0-3,38.0,28.000
182,2026-09-04 18:57:41,compute-0-1,57.0,1.000
182,2026-09-04 18:57:41,compute-0-2,87.0,35.000
182,2026-09-04 18:57:42,compute-0-3,30.0,8.000
183,2026-09-04 18:57:52,compute-0-1,29.0,28.000
183,2026-09-04 18:57:53,compute-0-2,45.0,42.000
183,2026-09-04 18:57:53,compute-0-3,52.0,22.000
184,2026-09-04 18:58:03,compute-0-1,-10.0,39.000
184,2026-09-04 18:58:04,compute-0-2,-30.0,75.000
184,2026-09-04 18:58:04,compute-0-3,-110.0,162.000
185,2026-09-04 18:58:15,compute-0-1,-56.0,46.000
185,2026-09-04 18:58:15,compute-0-2,-55.0,25.000
185,2026-09-04 18:58:15,compute-0-3,-52.0,58.000
186,2026-09-04 18:58:26,compute-0-1,-51.0,5.000
186,2026-09-04 18:58:26,compute-0-2,-81.0,26.000
186,2026-09-04 18:58:26,compute-0-3,-116.0,64.000
187,2026-09-04 18:58:37,compute-0-1,-40.0,11.000
187,2026-09-04 18:58:37,compute-0-2,-42.0,39.000
187,2026-09-04 18:58:37,compute-0-3,-31.0,85.000
188,2026-09-04 18:58:48,compute-0-1,-47.0,7.000
188,2026-09-04 18:58:48,compute-0-2,-30.0,12.000
188,2026-09-04 18:58:49,compute-0-3,-48.0,17.000
189,2026-09-04 18:58:59,compute-0-1,69.0,116.000
189,2026-09-04 18:58:59,compute-0-2,8.0,38.000
189,2026-09-04 18:59:00,compute-0-3,13.0,61.000
190,2026-09-04 18:59:10,compute-0-1,39.0,30.000
190,2026-09-04 18:59:11,compute-0-2,67.0,59.000
190,2026-09-04 18:59:11,compute-0-3,16.0,3.000
191,2026-09-04 18:59:21,compute-0-1,36.0,3.000
191,2026-09-04 18:59:22,compute-0-2,39.0,28.000
191,2026-09-04 18:59:22,compute-0-3,31.0,15.000
192,2026-09-04 18:59:33,compute-0-1,-46.0,82.000
192,2026-09-04 18:59:33,compute-0-2,-62.0,101.000
192,2026-09-04 18:59:33,compute-0-3,-74.0,105.000
193,2026-09-04 18:59:44,compute-0-1,-81.0,35.000
193,2026-09-04 18:59:44,compute-0-2,-88.0,26.000
193,2026-09-04 18:59:44,compute-0-3,-63.0,11.000
194,2026-09-04 18:59:55,compute-0-1,-42.0,39.000
194,2026-09-04 18:59:55,compute-0-2,46.0,134.000
194,2026-09-04 18:59:55,compute-0-3,78.0,141.000
195,2026-09-04 19:00:06,compute-0-1,-97.0,55.000
195,2026-09-04 19:00:06,compute-0-2,-92.0,138.000
195,2026-09-04 19:00:06,compute-0-3,78.0,0.000
196,2026-09-04 19:00:17,compute-0-1,57.0,154.000
196,2026-09-04 19:00:17,compute-0-2,55.0,147.000
196,2026-09-04 19:00:18,compute-0-3,51.0,27.000
197,2026-09-04 19:00:28,compute-0-1,70.0,13.000
197,2026-09-04 19:00:28,compute-0-2,58.0,3.000
197,2026-09-04 19:00:29,compute-0-3,27.0,24.000
198,2026-09-04 19:00:39,compute-0-1,43.0,27.000
198,2026-09-04 19:00:39,compute-0-2,76.0,18.000
198,2026-09-04 19:00:40,compute-0-3,83.0,56.000
199,2026-09-04 19:00:50,compute-0-1,33.0,10.000
199,2026-09-04 19:00:50,compute-0-2,47.0,29.000
199,2026-09-04 19:00:51,compute-0-3,53.0,30.000
200,2026-09-04 19:01:01,compute-0-1,57.0,24.000
200,2026-09-04 19:01:02,compute-0-2,67.0,20.000
200,2026-09-04 19:01:02,compute-0-3,23.0,30.000
201,2026-09-04 19:01:12,compute-0-1,42.0,15.000
201,2026-09-04 19:01:13,compute-0-2,26.0,41.000
201,2026-09-04 19:01:13,compute-0-3,45.0,22.000
202,2026-09-04 19:01:23,compute-0-1,59.0,17.000
202,2026-09-04 19:01:24,compute-0-2,53.0,27.000
202,2026-09-04 19:01:24,compute-0-3,-20.0,65.000
203,2026-09-04 19:01:34,compute-0-1,75.0,16.000
203,2026-09-04 19:01:35,compute-0-2,72.0,19.000
203,2026-09-04 19:01:35,compute-0-3,-20.0,0.000
204,2026-09-04 19:01:46,compute-0-1,67.0,8.000
204,2026-09-04 19:01:46,compute-0-2,66.0,6.000
204,2026-09-04 19:01:46,compute-0-3,58.0,78.000
205,2026-09-04 19:01:57,compute-0-1,-38.0,105.000
205,2026-09-04 19:01:57,compute-0-2,-76.0,142.000
205,2026-09-04 19:01:57,compute-0-3,-78.0,136.000
206,2026-09-04 19:02:08,compute-0-1,-47.0,9.000
206,2026-09-04 19:02:08,compute-0-2,-50.0,26.000
206,2026-09-04 19:02:08,compute-0-3,-48.0,30.000
207,2026-09-04 19:02:19,compute-0-1,32.0,79.000
207,2026-09-04 19:02:19,compute-0-2,-28.0,22.000
207,2026-09-04 19:02:20,compute-0-3,-21.0,27.000
208,2026-09-04 19:02:30,compute-0-1,43.0,11.000
208,2026-09-04 19:02:30,compute-0-2,30.0,58.000
208,2026-09-04 19:02:31,compute-0-3,10.0,31.000
209,2026-09-04 19:02:41,compute-0-1,21.0,22.000
209,2026-09-04 19:02:41,compute-0-2,-81.0,111.000
209,2026-09-04 19:02:42,compute-0-3,69.0,59.000
210,2026-09-04 19:02:52,compute-0-1,21.0,0.000
210,2026-09-04 19:02:52,compute-0-2,-50.0,31.000
210,2026-09-04 19:02:53,compute-0-3,-31.0,100.000
211,2026-09-04 19:03:03,compute-0-1,8.0,13.000
211,2026-09-04 19:03:04,compute-0-2,22.0,72.000
211,2026-09-04 19:03:04,compute-0-3,-70.0,39.000
212,2026-09-04 19:03:14,compute-0-1,59.0,51.000
212,2026-09-04 19:03:15,compute-0-2,51.0,29.000
212,2026-09-04 19:03:15,compute-0-3,-70.0,0.000
213,2026-09-04 19:03:25,compute-0-1,-7.0,66.000
213,2026-09-04 19:03:26,compute-0-2,-5.0,56.000
213,2026-09-04 19:03:26,compute-0-3,-24.0,46.000
214,2026-09-04 19:03:36,compute-0-1,76.0,83.000
214,2026-09-04 19:03:37,compute-0-2,72.0,77.000
214,2026-09-04 19:03:37,compute-0-3,66.0,90.000
215,2026-09-04 19:03:47,compute-0-1,0.0,76.000
215,2026-09-04 19:03:48,compute-0-2,-50.0,122.000
215,2026-09-04 19:03:48,compute-0-3,-50.0,116.000
216,2026-09-04 19:03:59,compute-0-1,38.0,38.000
216,2026-09-04 19:03:59,compute-0-2,78.0,128.000
216,2026-09-04 19:03:59,compute-0-3,44.0,94.000
217,2026-09-04 19:04:10,compute-0-1,-49.0,87.000
217,2026-09-04 19:04:10,compute-0-2,-17.0,95.000
217,2026-09-04 19:04:10,compute-0-3,3.0,41.000
218,2026-09-04 19:04:21,compute-0-1,71.0,120.000
218,2026-09-04 19:04:21,compute-0-2,51.0,68.000
218,2026-09-04 19:04:21,compute-0-3,23.0,20.000
219,2026-09-04 19:04:32,compute-0-1,14.0,57.000
219,2026-09-04 19:04:32,compute-0-2,13.0,38.000
219,2026-09-04 19:04:33,compute-0-3,20.0,3.000
220,2026-09-04 19:04:43,compute-0-1,-42.0,56.000
220,2026-09-04 19:04:43,compute-0-2,-64.0,77.000
220,2026-09-04 19:04:44,compute-0-3,-96.0,116.000
221,2026-09-04 19:04:54,compute-0-1,64.0,106.000
221,2026-09-04 19:04:54,compute-0-2,59.0,123.000
221,2026-09-04 19:04:55,compute-0-3,59.0,155.000
222,2026-09-04 19:05:05,compute-0-1,29.0,35.000
222,2026-09-04 19:05:05,compute-0-2,37.0,22.000
222,2026-09-04 19:05:06,compute-0-3,6.0,53.000
223,2026-09-04 19:05:16,compute-0-1,-14.0,43.000
223,2026-09-04 19:05:17,compute-0-2,-7.0,44.000
223,2026-09-04 19:05:17,compute-0-3,-44.0,50.000
224,2026-09-04 19:05:27,compute-0-1,-70.0,56.000
224,2026-09-04 19:05:28,compute-0-2,-60.0,53.000
224,2026-09-04 19:05:28,compute-0-3,-70.0,26.000
225,2026-09-04 19:05:38,compute-0-1,-80.0,10.000
225,2026-09-04 19:05:39,compute-0-2,-80.0,20.000
225,2026-09-04 19:05:39,compute-0-3,54.0,124.000
226,2026-09-04 19:05:49,compute-0-1,32.0,112.000
226,2026-09-04 19:05:50,compute-0-2,17.0,97.000
226,2026-09-04 19:05:50,compute-0-3,64.0,10.000
227,2026-09-04 19:06:01,compute-0-1,40.0,8.000
227,2026-09-04 19:06:01,compute-0-2,13.0,4.000
227,2026-09-04 19:06:01,compute-0-3,20.0,44.000
228,2026-09-04 19:06:12,compute-0-1,21.0,19.000
228,2026-09-04 19:06:12,compute-0-2,23.0,10.000
228,2026-09-04 19:06:12,compute-0-3,-31.0,51.000
229,2026-09-04 19:06:23,compute-0-1,-64.0,85.000
229,2026-09-04 19:06:23,compute-0-2,-75.0,98.000
229,2026-09-04 19:06:24,compute-0-3,-31.0,0.000
230,2026-09-04 19:06:34,compute-0-1,63.0,127.000
230,2026-09-04 19:06:34,compute-0-2,63.0,138.000
230,2026-09-04 19:06:35,compute-0-3,55.0,86.000
231,2026-09-04 19:06:45,compute-0-1,51.0,12.000
231,2026-09-04 19:06:45,compute-0-2,45.0,18.000
231,2026-09-04 19:06:46,compute-0-3,41.0,14.000
232,2026-09-04 19:06:56,compute-0-1,52.0,1.000
232,2026-09-04 19:06:57,compute-0-2,45.0,0.000
232,2026-09-04 19:06:57,compute-0-3,29.0,12.000
233,2026-09-04 19:07:07,compute-0-1,-5.0,57.000
233,2026-09-04 19:07:08,compute-0-2,-26.0,71.000
233,2026-09-04 19:07:08,compute-0-3,-3.0,32.000
234,2026-09-04 19:07:18,compute-0-1,-10.0,5.000
234,2026-09-04 19:07:19,compute-0-2,-49.0,23.000
234,2026-09-04 19:07:19,compute-0-3,-43.0,40.000
235,2026-09-04 19:07:29,compute-0-1,-49.0,39.000
235,2026-09-04 19:07:30,compute-0-2,-54.0,5.000
235,2026-09-04 19:07:30,compute-0-3,-45.0,2.000
236,2026-09-04 19:07:41,compute-0-1,-65.0,16.000
236,2026-09-04 19:07:41,compute-0-2,-75.0,21.000
236,2026-09-04 19:07:41,compute-0-3,-71.0,26.000
237,2026-09-04 19:07:52,compute-0-1,-90.0,25.000
237,2026-09-04 19:07:52,compute-0-2,-80.0,5.000
237,2026-09-04 19:07:52,compute-0-3,66.0,137.000
238,2026-09-04 19:08:03,compute-0-1,65.0,155.000
238,2026-09-04 19:08:03,compute-0-2,72.0,152.000
238,2026-09-04 19:08:03,compute-0-3,58.0,8.000
239,2026-09-04 19:08:14,compute-0-1,-2.0,67.000
239,2026-09-04 19:08:14,compute-0-2,-12.0,84.000
239,2026-09-04 19:08:15,compute-0-3,-22.0,80.000
240,2026-09-04 19:08:25,compute-0-1,-6.0,4.000
240,2026-09-04 19:08:25,compute-0-2,4.0,16.000
240,2026-09-04 19:08:26,compute-0-3,-5.0,17.000
241,2026-09-04 19:08:36,compute-0-1,-20.0,14.000
241,2026-09-04 19:08:37,compute-0-2,-44.0,48.000
241,2026-09-04 19:08:37,compute-0-3,-41.0,36.000
242,2026-09-04 19:08:47,compute-0-1,-31.0,11.000
242,2026-09-04 19:08:48,compute-0-2,-40.0,4.000
242,2026-09-04 19:08:48,compute-0-3,-41.0,0.000
243,2026-09-04 19:08:59,compute-0-1,39.0,70.000
243,2026-09-04 19:08:59,compute-0-2,38.0,78.000
243,2026-09-04 19:08:59,compute-0-3,66.0,107.000
244,2026-09-04 19:09:10,compute-0-1,48.0,9.000
244,2026-09-04 19:09:10,compute-0-2,50.0,12.000
244,2026-09-04 19:09:10,compute-0-3,53.0,13.000
245,2026-09-04 19:09:21,compute-0-1,60.0,12.000
245,2026-09-04 19:09:21,compute-0-2,44.0,6.000
245,2026-09-04 19:09:21,compute-0-3,33.0,20.000
246,2026-09-04 19:09:32,compute-0-1,32.0,28.000
246,2026-09-04 19:09:32,compute-0-2,59.0,15.000
246,2026-09-04 19:09:33,compute-0-3,41.0,8.000
247,2026-09-04 19:09:43,compute-0-1,24.0,8.000
247,2026-09-04 19:09:43,compute-0-2,56.0,3.000
247,2026-09-04 19:09:44,compute-0-3,16.0,25.000
248,2026-09-04 19:09:54,compute-0-1,68.0,44.000
248,2026-09-04 19:09:54,compute-0-2,64.0,8.000
248,2026-09-04 19:09:55,compute-0-3,41.0,25.000
249,2026-09-04 19:10:05,compute-0-1,42.0,26.000
249,2026-09-04 19:10:05,compute-0-2,23.0,41.000
249,2026-09-04 19:10:06,compute-0-3,56.0,15.000
250,2026-09-04 19:10:16,compute-0-1,42.0,0.000
250,2026-09-04 19:10:17,compute-0-2,46.0,23.000
250,2026-09-04 19:10:17,compute-0-3,51.0,5.000
251,2026-09-04 19:10:27,compute-0-1,38.0,4.000
251,2026-09-04 19:10:28,compute-0-2,34.0,12.000
251,2026-09-04 19:10:28,compute-0-3,38.0,13.000
252,2026-09-04 19:10:38,compute-0-1,-38.0,76.000
252,2026-09-04 19:10:39,compute-0-2,-46.0,80.000
252,2026-09-04 19:10:39,compute-0-3,-42.0,80.000
253,2026-09-04 19:10:50,compute-0-1,23.0,61.000
253,2026-09-04 19:10:50,compute-0-2,5.0,51.000
253,2026-09-04 19:10:50,compute-0-3,-20.0,22.000
254,2026-09-04 19:11:01,compute-0-1,48.0,25.000
254,2026-09-04 19:11:01,compute-0-2,9.0,4.000
254,2026-09-04 19:11:01,compute-0-3,1.0,21.000
255,2026-09-04 19:11:12,compute-0-1,73.0,25.000
255,2026-09-04 19:11:12,compute-0-2,64.0,55.000
255,2026-09-04 19:11:12,compute-0-3,35.0,34.000
256,2026-09-04 19:11:23,compute-0-1,39.0,34.000
256,2026-09-04 19:11:23,compute-0-2,26.0,38.000
256,2026-09-04 19:11:24,compute-0-3,23.0,12.000
257,2026-09-04 19:11:34,compute-0-1,73.0,34.000
257,2026-09-04 19:11:34,compute-0-2,44.0,18.000
257,2026-09-04 19:11:35,compute-0-3,73.0,50.000
258,2026-09-04 19:11:45,compute-0-1,-39.0,112.000
258,2026-09-04 19:11:46,compute-0-2,-32.0,76.000
258,2026-09-04 19:11:46,compute-0-3,-58.0,131.000
259,2026-09-04 19:11:56,compute-0-1,14.0,53.000
259,2026-09-04 19:11:57,compute-0-2,10.0,42.000
259,2026-09-04 19:11:57,compute-0-3,27.0,85.000
260,2026-09-04 19:12:08,compute-0-1,2.0,12.000
260,2026-09-04 19:12:08,compute-0-2,1.0,9.000
260,2026-09-04 19:12:08,compute-0-3,-39.0,66.000
261,2026-09-04 19:12:19,compute-0-1,45.0,43.000
261,2026-09-04 19:12:19,compute-0-2,68.0,67.000
261,2026-09-04 19:12:19,compute-0-3,53.0,92.000
262,2026-09-04 19:12:30,compute-0-1,-20.0,65.000
262,2026-09-04 19:12:30,compute-0-2,-3.0,71.000
262,2026-09-04 19:12:30,compute-0-3,-48.0,101.000
263,2026-09-04 19:12:41,compute-0-1,64.0,84.000
263,2026-09-04 19:12:41,compute-0-2,65.0,68.000
263,2026-09-04 19:12:42,compute-0-3,-15.0,33.000
264,2026-09-04 19:12:52,compute-0-1,24.0,40.000
264,2026-09-04 19:12:52,compute-0-2,5.0,60.000
264,2026-09-04 19:12:53,compute-0-3,-15.0,0.000
265,2026-09-04 19:13:03,compute-0-1,-85.0,109.000
265,2026-09-04 19:13:03,compute-0-2,-57.0,62.000
265,2026-09-04 19:13:04,compute-0-3,-63.0,48.000
266,2026-09-04 19:13:14,compute-0-1,46.0,131.000
266,2026-09-04 19:13:14,compute-0-2,58.0,115.000
266,2026-09-04 19:13:15,compute-0-3,24.0,87.000
267,2026-09-04 19:13:25,compute-0-1,1.0,45.000
267,2026-09-04 19:13:26,compute-0-2,4.0,54.000
267,2026-09-04 19:13:26,compute-0-3,6.0,18.000
268,2026-09-04 19:13:36,compute-0-1,-82.0,83.000
268,2026-09-04 19:13:37,compute-0-2,-47.0,51.000
268,2026-09-04 19:13:37,compute-0-3,-32.0,38.000
269,2026-09-04 19:13:47,compute-0-1,76.0,158.000
269,2026-09-04 19:13:48,compute-0-2,42.0,89.000
269,2026-09-04 19:13:48,compute-0-3,54.0,86.000
270,2026-09-04 19:13:58,compute-0-1,35.0,41.000
270,2026-09-04 19:13:59,compute-0-2,34.0,8.000
270,2026-09-04 19:13:59,compute-0-3,66.0,12.000
271,2026-09-04 19:14:10,compute-0-1,-15.0,50.000
271,2026-09-04 19:14:10,compute-0-2,3.0,31.000
271,2026-09-04 19:14:10,compute-0-3,-2.0,68.000
272,2026-09-04 19:14:21,compute-0-1,-37.0,22.000
272,2026-09-04 19:14:21,compute-0-2,-45.0,48.000
272,2026-09-04 19:14:21,compute-0-3,-70.0,68.000
273,2026-09-04 19:14:32,compute-0-1,65.0,102.000
273,2026-09-04 19:14:32,compute-0-2,83.0,128.000
273,2026-09-04 19:14:32,compute-0-3,-82.0,12.000
274,2026-09-04 19:14:43,compute-0-1,43.0,22.000
274,2026-09-04 19:14:43,compute-0-2,54.0,29.000
274,2026-09-04 19:14:44,compute-0-3,65.0,147.000
275,2026-09-04 19:14:54,compute-0-1,41.0,2.000
275,2026-09-04 19:14:54,compute-0-2,52.0,2.000
275,2026-09-04 19:14:55,compute-0-3,-2.0,67.000
276,2026-09-04 19:15:05,compute-0-1,-6.0,47.000
276,2026-09-04 19:15:06,compute-0-2,-23.0,75.000
276,2026-09-04 19:15:06,compute-0-3,27.0,29.000
277,2026-09-04 19:15:16,compute-0-1,-43.0,37.000
277,2026-09-04 19:15:17,compute-0-2,-23.0,0.000
277,2026-09-04 19:15:17,compute-0-3,-37.0,64.000
278,2026-09-04 19:15:28,compute-0-1,-84.0,41.000
278,2026-09-04 19:15:28,compute-0-2,-53.0,30.000
278,2026-09-04 19:15:28,compute-0-3,-56.0,19.000
279,2026-09-04 19:15:39,compute-0-1,21.0,105.000
279,2026-09-04 19:15:39,compute-0-2,7.0,60.000
279,2026-09-04 19:15:40,compute-0-3,4.0,60.000
280,2026-09-04 19:15:50,compute-0-1,-20.0,41.000
280,2026-09-04 19:15:50,compute-0-2,-7.0,14.000
280,2026-09-04 19:15:51,compute-0-3,-61.0,65.000
281,2026-09-04 19:16:01,compute-0-1,17.0,37.000
281,2026-09-04 19:16:02,compute-0-2,-10.0,3.000
281,2026-09-04 19:16:02,compute-0-3,-31.0,30.000
282,2026-09-04 19:16:12,compute-0-1,-41.0,58.000
282,2026-09-04 19:16:13,compute-0-2,-22.0,12.000
282,2026-09-04 19:16:13,compute-0-3,-41.0,10.000
283,2026-09-04 19:16:24,compute-0-1,-54.0,13.000
283,2026-09-04 19:16:24,compute-0-2,-74.0,52.000
283,2026-09-04 19:16:24,compute-0-3,-77.0,36.000
284,2026-09-04 19:16:35,compute-0-1,9.0,63.000
284,2026-09-04 19:16:35,compute-0-2,18.0,92.000
284,2026-09-04 19:16:36,compute-0-3,29.0,106.000
285,2026-09-04 19:16:46,compute-0-1,-8.0,17.000
285,2026-09-04 19:16:46,compute-0-2,25.0,7.000
285,2026-09-04 19:16:47,compute-0-3,-37.0,66.000
286,2026-09-04 19:16:57,compute-0-1,-69.0,61.000
286,2026-09-04 19:16:57,compute-0-2,-79.0,104.000
286,2026-09-04 19:16:58,compute-0-3,-71.0,34.000
287,2026-09-04 19:17:08,compute-0-1,80.0,149.000
287,2026-09-04 19:17:08,compute-0-2,61.0,140.000
287,2026-09-04 19:17:09,compute-0-3,36.0,107.000
288,2026-09-04 19:17:19,compute-0-1,21.0,59.000
288,2026-09-04 19:17:20,compute-0-2,36.0,25.000
288,2026-09-04 19:17:20,compute-0-3,-5.0,41.000
289,2026-09-04 19:17:30,compute-0-1,-89.0,110.000
289,2026-09-04 19:17:31,compute-0-2,-44.0,80.000
289,2026-09-04 19:17:31,compute-0-3,-63.0,58.000
290,2026-09-04 19:17:41,compute-0-1,31.0,120.000
290,2026-09-04 19:17:42,compute-0-2,19.0,63.000
290,2026-09-04 19:17:42,compute-0-3,14.0,77.000
291,2026-09-04 19:17:52,compute-0-1,-38.0,69.000
291,2026-09-04 19:17:53,compute-0-2,-60.0,79.000
291,2026-09-04 19:17:53,compute-0-3,5.0,9.000
292,2026-09-04 19:18:04,compute-0-1,49.0,87.000
292,2026-09-04 19:18:04,compute-0-2,32.0,92.000
292,2026-09-04 19:18:04,compute-0-3,55.0,50.000
293,2026-09-04 19:18:15,compute-0-1,-43.0,92.000
293,2026-09-04 19:18:15,compute-0-2,-22.0,54.000
293,2026-09-04 19:18:15,compute-0-3,-46.0,101.000
294,2026-09-04 19:18:26,compute-0-1,52.0,95.000
294,2026-09-04 19:18:26,compute-0-2,43.0,65.000
294,2026-09-04 19:18:26,compute-0-3,51.0,97.000
295,2026-09-04 19:18:37,compute-0-1,-46.0,98.000
295,2026-09-04 19:18:37,compute-0-2,-74.0,117.000
295,2026-09-04 19:18:38,compute-0-3,-62.0,113.000
296,2026-09-04 19:18:48,compute-0-1,36.0,82.000
296,2026-09-04 19:18:48,compute-0-2,47.0,121.000
296,2026-09-04 19:18:49,compute-0-3,29.0,91.000
297,2026-09-04 19:18:59,compute-0-1,81.0,45.000
297,2026-09-04 19:19:00,compute-0-2,26.0,21.000
297,2026-09-04 19:19:00,compute-0-3,36.0,7.000
298,2026-09-04 19:19:10,compute-0-1,-84.0,165.000
298,2026-09-04 19:19:11,compute-0-2,-84.0,110.000
298,2026-09-04 19:19:11,compute-0-3,-105.0,141.000
299,2026-09-04 19:19:21,compute-0-1,-13.0,71.000
299,2026-09-04 19:19:22,compute-0-2,-9.0,75.000
299,2026-09-04 19:19:22,compute-0-3,7.0,112.000
300,2026-09-04 19:19:32,compute-0-1,56.0,69.000
300,2026-09-04 19:19:33,compute-0-2,64.0,73.000
300,2026-09-04 19:19:33,compute-0-3,62.0,55.000
301,2026-09-04 19:19:44,compute-0-1,-29.0,85.000
301,2026-09-04 19:19:44,compute-0-2,-29.0,93.000
301,2026-09-04 19:19:44,compute-0-3,-58.0,120.000
302,2026-09-04 19:19:55,compute-0-1,32.0,61.000
302,2026-09-04 19:19:55,compute-0-2,12.0,41.000
302,2026-09-04 19:19:55,compute-0-3,13.0,71.000
303,2026-09-04 19:20:06,compute-0-1,-84.0,116.000
303,2026-09-04 19:20:06,compute-0-2,-59.0,71.000
303,2026-09-04 19:20:06,compute-0-3,64.0,51.000
304,2026-09-04 19:20:17,compute-0-1,-21.0,63.000
304,2026-09-04 19:20:17,compute-0-2,-34.0,25.000
304,2026-09-04 19:20:18,compute-0-3,-18.0,82.000
305,2026-09-04 19:20:28,compute-0-1,45.0,66.000
305,2026-09-04 19:20:28,compute-0-2,37.0,71.000
305,2026-09-04 19:20:29,compute-0-3,5.0,23.000
306,2026-09-04 19:20:39,compute-0-1,83.0,38.000
306,2026-09-04 19:20:39,compute-0-2,100.0,63.000
306,2026-09-04 19:20:40,compute-0-3,67.0,62.000
307,2026-09-04 19:20:50,compute-0-1,-18.0,101.000
307,2026-09-04 19:20:50,compute-0-2,-60.0,160.000
307,2026-09-04 19:20:51,compute-0-3,-55.0,122.000
308,2026-09-04 19:21:01,compute-0-1,19.0,37.000
308,2026-09-04 19:21:02,compute-0-2,34.0,94.000
308,2026-09-04 19:21:02,compute-0-3,0.0,55.000
309,2026-09-04 19:21:12,compute-0-1,19.0,0.000
309,2026-09-04 19:21:13,compute-0-2,38.0,4.000
309,2026-09-04 19:21:13,compute-0-3,42.0,42.000
310,2026-09-04 19:21:23,compute-0-1,64.0,45.000
310,2026-09-04 19:21:24,compute-0-2,-85.0,123.000
310,2026-09-04 19:21:24,compute-0-3,62.0,20.000
311,2026-09-04 19:21:34,compute-0-1,-60.0,124.000
311,2026-09-04 19:21:35,compute-0-2,-65.0,20.000
311,2026-09-04 19:21:35,compute-0-3,-82.0,144.000
312,2026-09-04 19:21:45,compute-0-1,2.0,62.000
312,2026-09-04 19:21:46,compute-0-2,-41.0,24.000
312,2026-09-04 19:21:46,compute-0-3,-38.0,44.000
313,2026-09-04 19:21:57,compute-0-1,47.0,45.000
313,2026-09-04 19:21:57,compute-0-2,17.0,58.000
313,2026-09-04 19:21:57,compute-0-3,-13.0,25.000
314,2026-09-04 19:22:08,compute-0-1,53.0,6.000
314,2026-09-04 19:22:08,compute-0-2,39.0,22.000
314,2026-09-04 19:22:08,compute-0-3,38.0,51.000
315,2026-09-04 19:22:19,compute-0-1,81.0,28.000
315,2026-09-04 19:22:19,compute-0-2,59.0,20.000
315,2026-09-04 19:22:19,compute-0-3,52.0,14.000
316,2026-09-04 19:22:30,compute-0-1,62.0,19.000
316,2026-09-04 19:22:30,compute-0-2,55.0,4.000
316,2026-09-04 19:22:31,compute-0-3,-117.0,169.000
317,2026-09-04 19:22:41,compute-0-1,46.0,16.000
317,2026-09-04 19:22:41,compute-0-2,86.0,31.000
317,2026-09-04 19:22:42,compute-0-3,57.0,174.000
318,2026-09-04 19:22:52,compute-0-1,-65.0,111.000
318,2026-09-04 19:22:52,compute-0-2,-86.0,172.000
318,2026-09-04 19:22:53,compute-0-3,-91.0,148.000
319,2026-09-04 19:23:03,compute-0-1,-80.0,15.000
319,2026-09-04 19:23:03,compute-0-2,-108.0,22.000
319,2026-09-04 19:23:04,compute-0-3,-69.0,22.000
320,2026-09-04 19:23:14,compute-0-1,-47.0,33.000
320,2026-09-04 19:23:15,compute-0-2,-89.0,19.000
320,2026-09-04 19:23:15,compute-0-3,-64.0,5.000
321,2026-09-04 19:23:25,compute-0-1,-46.0,1.000
321,2026-09-04 19:23:26,compute-0-2,-29.0,60.000
321,2026-09-04 19:23:26,compute-0-3,-56.0,8.000
322,2026-09-04 19:23:36,compute-0-1,-1.0,45.000
322,2026-09-04 19:23:37,compute-0-2,-9.0,20.000
322,2026-09-04 19:23:37,compute-0-3,-10.0,46.000
323,2026-09-04 19:23:47,compute-0-1,41.0,42.000
323,2026-09-04 19:23:48,compute-0-2,-8.0,1.000
323,2026-09-04 19:23:48,compute-0-3,-16.0,6.000
324,2026-09-04 19:23:59,compute-0-1,67.0,26.000
324,2026-09-04 19:23:59,compute-0-2,58.0,66.000
324,2026-09-04 19:23:59,compute-0-3,28.0,44.000
325,2026-09-04 19:24:10,compute-0-1,51.0,16.000
325,2026-09-04 19:24:10,compute-0-2,41.0,17.000
325,2026-09-04 19:24:10,compute-0-3,64.0,36.000
326,2026-09-04 19:24:21,compute-0-1,-66.0,117.000
326,2026-09-04 19:24:21,compute-0-2,-73.0,114.000
326,2026-09-04 19:24:21,compute-0-3,72.0,8.000
327,2026-09-04 19:24:32,compute-0-1,-87.0,21.000
327,2026-09-04 19:24:32,compute-0-2,-73.0,0.000
327,2026-09-04 19:24:32,compute-0-3,-56.0,128.000
328,2026-09-04 19:24:43,compute-0-1,-6.0,81.000
328,2026-09-04 19:24:43,compute-0-2,-30.0,43.000
328,2026-09-04 19:24:44,compute-0-3,-34.0,22.000
329,2026-09-04 19:24:54,compute-0-1,5.0,11.000
329,2026-09-04 19:24:54,compute-0-2,-25.0,5.000
329,2026-09-04 19:24:55,compute-0-3,-12.0,22.000
330,2026-09-04 19:25:05,compute-0-1,22.0,17.000
330,2026-09-04 19:25:05,compute-0-2,21.0,46.000
330,2026-09-04 19:25:06,compute-0-3,27.0,39.000
331,2026-09-04 19:25:16,compute-0-1,59.0,37.000
331,2026-09-04 19:25:17,compute-0-2,72.0,51.000
331,2026-09-04 19:25:17,compute-0-3,54.0,27.000
332,2026-09-04 19:25:27,compute-0-1,-89.0,148.000
332,2026-09-04 19:25:28,compute-0-2,-65.0,137.000
332,2026-09-04 19:25:28,compute-0-3,-81.0,135.000
333,2026-09-04 19:25:38,compute-0-1,-4.0,85.000
333,2026-09-04 19:25:39,compute-0-2,-56.0,9.000
333,2026-09-04 19:25:39,compute-0-3,-16.0,65.000
334,2026-09-04 19:25:49,compute-0-1,23.0,27.000
334,2026-09-04 19:25:50,compute-0-2,22.0,78.000
334,2026-09-04 19:25:50,compute-0-3,10.0,26.000
335,2026-09-04 19:26:00,compute-0-1,44.0,21.000
335,2026-09-04 19:26:01,compute-0-2,62.0,40.000
335,2026-09-04 19:26:01,compute-0-3,102.0,92.000
336,2026-09-04 19:26:12,compute-0-1,-20.0,64.000
336,2026-09-04 19:26:12,compute-0-2,-60.0,122.000
336,2026-09-04 19:26:12,compute-0-3,-100.0,202.000
337,2026-09-04 19:26:23,compute-0-1,2.0,22.000
337,2026-09-04 19:26:23,compute-0-2,-15.0,45.000
337,2026-09-04 19:26:23,compute-0-3,15.0,115.000
338,2026-09-04 19:26:34,compute-0-1,-13.0,15.000
338,2026-09-04 19:26:34,compute-0-2,-20.0,5.000
338,2026-09-04 19:26:35,compute-0-3,-69.0,84.000
339,2026-09-04 19:26:45,compute-0-1,34.0,47.000
339,2026-09-04 19:26:45,compute-0-2,52.0,72.000
339,2026-09-04 19:26:46,compute-0-3,70.0,139.000
340,2026-09-04 19:26:56,compute-0-1,-72.0,106.000
340,2026-09-04 19:26:56,compute-0-2,62.0,10.000
340,2026-09-04 19:26:57,compute-0-3,-88.0,158.000
341,2026-09-04 19:27:07,compute-0-1,25.0,97.000
341,2026-09-04 19:27:08,compute-0-2,5.0,57.000
341,2026-09-04 19:27:08,compute-0-3,32.0,120.000
342,2026-09-04 19:27:18,compute-0-1,54.0,29.000
342,2026-09-04 19:27:19,compute-0-2,56.0,51.000
342,2026-09-04 19:27:19,compute-0-3,42.0,10.000
343,2026-09-04 19:27:29,compute-0-1,5.0,49.000
343,2026-09-04 19:27:30,compute-0-2,3.0,53.000
343,2026-09-04 19:27:30,compute-0-3,-49.0,91.000
344,2026-09-04 19:27:40,compute-0-1,41.0,36.000
344,2026-09-04 19:27:41,compute-0-2,63.0,60.000
344,2026-09-04 19:27:41,compute-0-3,57.0,106.000
345,2026-09-04 19:27:52,compute-0-1,-50.0,91.000
345,2026-09-04 19:27:52,compute-0-2,-26.0,89.000
345,2026-09-04 19:27:52,compute-0-3,-85.0,142.000
346,2026-09-04 19:28:03,compute-0-1,45.0,95.000
346,2026-09-04 19:28:03,compute-0-2,14.0,40.000
346,2026-09-04 19:28:03,compute-0-3,-7.0,78.000
347,2026-09-04 19:28:14,compute-0-1,-65.0,110.000
347,2026-09-04 19:28:14,compute-0-2,-88.0,102.000
347,2026-09-04 19:28:14,compute-0-3,-91.0,84.000
348,2026-09-04 19:28:25,compute-0-1,27.0,92.000
348,2026-09-04 19:28:25,compute-0-2,15.0,103.000
348,2026-09-04 19:28:26,compute-0-3,68.0,159.000
349,2026-09-04 19:28:36,compute-0-1,57.0,30.000
349,2026-09-04 19:28:36,compute-0-2,77.0,62.000
349,2026-09-04 19:28:37,compute-0-3,-86.0,154.000
350,2026-09-04 19:28:47,compute-0-1,22.0,35.000
350,2026-09-04 19:28:47,compute-0-2,48.0,29.000
350,2026-09-04 19:28:48,compute-0-3,-14.0,72.000
351,2026-09-04 19:28:58,compute-0-1,69.0,47.000
351,2026-09-04 19:28:58,compute-0-2,60.0,12.000
351,2026-09-04 19:28:59,compute-0-3,71.0,85.000
352,2026-09-04 19:29:09,compute-0-1,7.0,62.000
352,2026-09-04 19:29:10,compute-0-2,39.0,21.000
352,2026-09-04 19:29:10,compute-0-3,9.0,62.000
353,2026-09-04 19:29:20,compute-0-1,78.0,71.000
353,2026-09-04 19:29:21,compute-0-2,84.0,45.000
353,2026-09-04 19:29:21,compute-0-3,53.0,44.000
354,2026-09-04 19:29:31,compute-0-1,-4.0,82.000
354,2026-09-04 19:29:32,compute-0-2,-12.0,96.000
354,2026-09-04 19:29:32,compute-0-3,-28.0,81.000
355,2026-09-04 19:29:42,compute-0-1,52.0,56.000
355,2026-09-04 19:29:43,compute-0-2,58.0,70.000
355,2026-09-04 19:29:43,compute-0-3,76.0,104.000
356,2026-09-04 19:29:54,compute-0-1,-35.0,87.000
356,2026-09-04 19:29:54,compute-0-2,-36.0,94.000
356,2026-09-04 19:29:54,compute-0-3,-26.0,102.000
357,2026-09-04 19:30:05,compute-0-1,58.0,93.000
357,2026-09-04 19:30:05,compute-0-2,41.0,77.000
357,2026-09-04 19:30:05,compute-0-3,10.0,36.000
358,2026-09-04 19:30:16,compute-0-1,-70.0,128.000
358,2026-09-04 19:30:16,compute-0-2,-58.0,99.000
358,2026-09-04 19:30:16,compute-0-3,-27.0,37.000
359,2026-09-04 19:30:27,compute-0-1,15.0,85.000
359,2026-09-04 19:30:27,compute-0-2,25.0,83.000
359,2026-09-04 19:30:28,compute-0-3,24.0,51.000
360,2026-09-04 19:30:38,compute-0-1,-92.0,107.000
360,2026-09-04 19:30:38,compute-0-2,-46.0,71.000
360,2026-09-04 19:30:39,compute-0-3,-79.0,103.000
361,2026-09-04 19:30:49,compute-0-1,53.0,145.000
361,2026-09-04 19:30:49,compute-0-2,27.0,73.000
361,2026-09-04 19:30:50,compute-0-3,18.0,97.000
362,2026-09-04 19:31:00,compute-0-1,-44.0,97.000
362,2026-09-04 19:31:00,compute-0-2,-41.0,68.000
362,2026-09-04 19:31:01,compute-0-3,-79.0,97.000
363,2026-09-04 19:31:11,compute-0-1,26.0,70.000
363,2026-09-04 19:31:12,compute-0-2,52.0,93.000
363,2026-09-04 19:31:12,compute-0-3,45.0,124.000
364,2026-09-04 19:31:22,compute-0-1,-33.0,59.000
364,2026-09-04 19:31:23,compute-0-2,-81.0,133.000
364,2026-09-04 19:31:23,compute-0-3,-15.0,60.000
365,2026-09-04 19:31:33,compute-0-1,74.0,107.000
365,2026-09-04 19:31:34,compute-0-2,34.0,115.000
365,2026-09-04 19:31:34,compute-0-3,87.0,102.000
366,2026-09-04 19:31:45,compute-0-1,-82.0,156.000
366,2026-09-04 19:31:45,compute-0-2,-63.0,97.000
366,2026-09-04 19:31:45,compute-0-3,50.0,37.000
367,2026-09-04 19:31:56,compute-0-1,29.0,111.000
367,2026-09-04 19:31:56,compute-0-2,20.0,83.000
367,2026-09-04 19:31:56,compute-0-3,70.0,20.000
368,2026-09-04 19:32:07,compute-0-1,-23.0,52.000
368,2026-09-04 19:32:07,compute-0-2,-48.0,68.000
368,2026-09-04 19:32:08,compute-0-3,-27.0,97.000
369,2026-09-04 19:32:18,compute-0-1,15.0,38.000
369,2026-09-04 19:32:18,compute-0-2,42.0,90.000
369,2026-09-04 19:32:19,compute-0-3,63.0,90.000
370,2026-09-04 19:32:29,compute-0-1,-40.0,55.000
370,2026-09-04 19:32:30,compute-0-2,-40.0,82.000
370,2026-09-04 19:32:30,compute-0-3,-36.0,99.000
371,2026-09-04 19:32:40,compute-0-1,30.0,70.000
371,2026-09-04 19:32:41,compute-0-2,80.0,120.000
371,2026-09-04 19:32:41,compute-0-3,72.0,108.000
372,2026-09-04 19:32:51,compute-0-1,23.0,7.000
372,2026-09-04 19:32:52,compute-0-2,4.0,76.000
372,2026-09-04 19:32:52,compute-0-3,10.0,62.000
373,2026-09-04 19:33:02,compute-0-1,-40.0,63.000
373,2026-09-04 19:33:03,compute-0-2,-52.0,56.000
373,2026-09-04 19:33:03,compute-0-3,-81.0,91.000
374,2026-09-04 19:33:14,compute-0-1,93.0,133.000
374,2026-09-04 19:33:14,compute-0-2,42.0,94.000
374,2026-09-04 19:33:14,compute-0-3,-102.0,21.000
375,2026-09-04 19:33:25,compute-0-1,56.0,37.000
375,2026-09-04 19:33:25,compute-0-2,68.0,26.000
375,2026-09-04 19:33:25,compute-0-3,11.0,113.000
376,2026-09-04 19:33:36,compute-0-1,-3.0,59.000
376,2026-09-04 19:33:36,compute-0-2,0.0,68.000
376,2026-09-04 19:33:36,compute-0-3,-10.0,21.000
377,2026-09-04 19:33:47,compute-0-1,-55.0,52.000
377,2026-09-04 19:33:47,compute-0-2,-51.0,51.000
377,2026-09-04 19:33:48,compute-0-3,-87.0,77.000
378,2026-09-04 19:33:58,compute-0-1,-3.0,52.000
378,2026-09-04 19:33:58,compute-0-2,-8.0,43.000
378,2026-09-04 19:33:59,compute-0-3,-11.0,76.000
379,2026-09-04 19:34:09,compute-0-1,-56.0,53.000
379,2026-09-04 19:34:10,compute-0-2,-43.0,35.000
379,2026-09-04 19:34:10,compute-0-3,-59.0,48.000
380,2026-09-04 19:34:20,compute-0-1,-1.0,55.000
380,2026-09-04 19:34:21,compute-0-2,-1.0,42.000
380,2026-09-04 19:34:21,compute-0-3,32.0,91.000
381,2026-09-04 19:34:32,compute-0-1,-41.0,40.000
381,2026-09-04 19:34:32,compute-0-2,13.0,14.000
381,2026-09-04 19:34:32,compute-0-3,-62.0,94.000
382,2026-09-04 19:34:43,compute-0-1,-60.0,19.000
382,2026-09-04 19:34:43,compute-0-2,-68.0,81.000
382,2026-09-04 19:34:43,compute-0-3,-74.0,12.000
383,2026-09-04 19:34:54,compute-0-1,-103.0,43.000
383,2026-09-04 19:34:54,compute-0-2,54.0,122.000
383,2026-09-04 19:34:54,compute-0-3,65.0,139.000
384,2026-09-04 19:35:05,compute-0-1,44.0,147.000
384,2026-09-04 19:35:05,compute-0-2,34.0,20.000
384,2026-09-04 19:35:06,compute-0-3,87.0,22.000
385,2026-09-04 19:35:16,compute-0-1,43.0,1.000
385,2026-09-04 19:35:16,compute-0-2,51.0,17.000
385,2026-09-04 19:35:17,compute-0-3,28.0,59.000
386,2026-09-04 19:35:27,compute-0-1,33.0,10.000
386,2026-09-04 19:35:27,compute-0-2,46.0,5.000
386,2026-09-04 19:35:28,compute-0-3,11.0,17.000
387,2026-09-04 19:35:38,compute-0-1,-19.0,52.000
387,2026-09-04 19:35:38,compute-0-2,6.0,40.000
387,2026-09-04 19:35:39,compute-0-3,13.0,2.000
388,2026-09-04 19:35:49,compute-0-1,-7.0,12.000
388,2026-09-04 19:35:50,compute-0-2,-37.0,43.000
388,2026-09-04 19:35:50,compute-0-3,-19.0,32.000
389,2026-09-04 19:36:01,compute-0-1,-57.0,50.000
389,2026-09-04 19:36:01,compute-0-2,-59.0,22.000
389,2026-09-04 19:36:01,compute-0-3,-29.0,10.000
390,2026-09-04 19:36:12,compute-0-1,-55.0,2.000
390,2026-09-04 19:36:12,compute-0-2,-22.0,37.000
390,2026-09-04 19:36:12,compute-0-3,-80.0,51.000
391,2026-09-04 19:36:23,compute-0-1,-67.0,12.000
391,2026-09-04 19:36:23,compute-0-2,-72.0,50.000
391,2026-09-04 19:36:24,compute-0-3,-62.0,18.000
392,2026-09-04 19:36:34,compute-0-1,-83.0,16.000
392,2026-09-04 19:36:34,compute-0-2,66.0,138.000
392,2026-09-04 19:36:35,compute-0-3,-99.0,37.000
393,2026-09-04 19:36:45,compute-0-1,-73.0,10.000
393,2026-09-04 19:36:45,compute-0-2,-78.0,144.000
393,2026-09-04 19:36:46,compute-0-3,-84.0,15.000
394,2026-09-04 19:36:56,compute-0-1,-73.0,0.000
394,2026-09-04 19:36:56,compute-0-2,-92.0,14.000
394,2026-09-04 19:36:57,compute-0-3,-73.0,11.000
395,2026-09-04 19:37:07,compute-0-1,30.0,103.000
395,2026-09-04 19:37:08,compute-0-2,21.0,113.000
395,2026-09-04 19:37:08,compute-0-3,33.0,106.000
396,2026-09-04 19:37:18,compute-0-1,58.0,28.000
396,2026-09-04 19:37:19,compute-0-2,49.0,28.000
396,2026-09-04 19:37:19,compute-0-3,32.0,1.000
397,2026-09-04 19:37:30,compute-0-1,61.0,3.000
397,2026-09-04 19:37:30,compute-0-2,79.0,30.000
397,2026-09-04 19:37:30,compute-0-3,29.0,3.000
398,2026-09-04 19:37:41,compute-0-1,62.0,1.000
398,2026-09-04 19:37:41,compute-0-2,54.0,25.000
398,2026-09-04 19:37:41,compute-0-3,66.0,37.000
399,2026-09-04 19:37:52,compute-0-1,53.0,9.000
399,2026-09-04 19:37:52,compute-0-2,23.0,31.000
399,2026-09-04 19:37:52,compute-0-3,61.0,5.000
400,2026-09-04 19:38:03,compute-0-1,20.0,33.000
400,2026-09-04 19:38:03,compute-0-2,2.0,21.000
400,2026-09-04 19:38:04,compute-0-3,50.0,11.000
401,2026-09-04 19:38:14,compute-0-1,30.0,10.000
401,2026-09-04 19:38:14,compute-0-2,45.0,43.000
401,2026-09-04 19:38:15,compute-0-3,58.0,8.000
402,2026-09-04 19:38:25,compute-0-1,62.0,32.000
402,2026-09-04 19:38:25,compute-0-2,63.0,18.000
402,2026-09-04 19:38:26,compute-0-3,68.0,10.000
403,2026-09-04 19:38:36,compute-0-1,-69.0,131.000
403,2026-09-04 19:38:37,compute-0-2,-77.0,140.000
403,2026-09-04 19:38:37,compute-0-3,68.0,0.000
404,2026-09-04 19:38:47,compute-0-1,-90.0,21.000
404,2026-09-04 19:38:48,compute-0-2,-50.0,27.000
404,2026-09-04 19:38:48,compute-0-3,-70.0,138.000
405,2026-09-04 19:38:58,compute-0-1,6.0,96.000
405,2026-09-04 19:38:59,compute-0-2,-29.0,21.000
405,2026-09-04 19:38:59,compute-0-3,-34.0,36.000
406,2026-09-04 19:39:09,compute-0-1,40.0,34.000
406,2026-09-04 19:39:10,compute-0-2,18.0,47.000
406,2026-09-04 19:39:10,compute-0-3,33.0,67.000
407,2026-09-04 19:39:21,compute-0-1,-99.0,139.000
407,2026-09-04 19:39:21,compute-0-2,61.0,43.000
407,2026-09-04 19:39:21,compute-0-3,67.0,34.000
408,2026-09-04 19:39:32,compute-0-1,-28.0,71.000
408,2026-09-04 19:39:32,compute-0-2,-62.0,123.000
408,2026-09-04 19:39:32,compute-0-3,-73.0,140.000
409,2026-09-04 19:39:43,compute-0-1,2.0,30.000
409,2026-09-04 19:39:43,compute-0-2,4.0,66.000
409,2026-09-04 19:39:43,compute-0-3,29.0,102.000
410,2026-09-04 19:39:54,compute-0-1,56.0,54.000
410,2026-09-04 19:39:54,compute-0-2,73.0,69.000
410,2026-09-04 19:39:55,compute-0-3,76.0,47.000
411,2026-09-04 19:40:05,compute-0-1,-75.0,131.000
411,2026-09-04 19:40:05,compute-0-2,-67.0,140.000
411,2026-09-04 19:40:06,compute-0-3,-52.0,128.000
412,2026-09-04 19:40:16,compute-0-1,-28.0,47.000
412,2026-09-04 19:40:16,compute-0-2,-37.0,30.000
412,2026-09-04 19:40:17,compute-0-3,-13.0,39.000
413,2026-09-04 19:40:27,compute-0-1,-78.0,50.000
413,2026-09-04 19:40:28,compute-0-2,-60.0,23.000
413,2026-09-04 19:40:28,compute-0-3,-34.0,21.000
414,2026-09-04 19:40:38,compute-0-1,20.0,98.000
414,2026-09-04 19:40:39,compute-0-2,20.0,80.000
414,2026-09-04 19:40:39,compute-0-3,-3.0,31.000
415,2026-09-04 19:40:49,compute-0-1,60.0,40.000
415,2026-09-04 19:40:50,compute-0-2,54.0,34.000
415,2026-09-04 19:40:50,compute-0-3,22.0,25.000
416,2026-09-04 19:41:01,compute-0-1,65.0,5.000
416,2026-09-04 19:41:01,compute-0-2,-103.0,157.000
416,2026-09-04 19:41:01,compute-0-3,-82.0,104.000
417,2026-09-04 19:41:12,compute-0-1,15.0,50.000
417,2026-09-04 19:41:12,compute-0-2,11.0,114.000
417,2026-09-04 19:41:12,compute-0-3,-29.0,53.000
418,2026-09-04 19:41:23,compute-0-1,49.0,34.000
418,2026-09-04 19:41:23,compute-0-2,42.0,31.000
418,2026-09-04 19:41:23,compute-0-3,59.0,88.000
419,2026-09-04 19:41:34,compute-0-1,-39.0,88.000
419,2026-09-04 19:41:34,compute-0-2,-92.0,134.000
419,2026-09-04 19:41:35,compute-0-3,-66.0,125.000
420,2026-09-04 19:41:45,compute-0-1,6.0,45.000
420,2026-09-04 19:41:45,compute-0-2,52.0,144.000
420,2026-09-04 19:41:46,compute-0-3,14.0,80.000
421,2026-09-04 19:41:56,compute-0-1,63.0,57.000
421,2026-09-04 19:41:56,compute-0-2,43.0,9.000
421,2026-09-04 19:41:57,compute-0-3,40.0,26.000
422,2026-09-04 19:42:07,compute-0-1,-79.0,142.000
422,2026-09-04 19:42:07,compute-0-2,-72.0,115.000
422,2026-09-04 19:42:08,compute-0-3,-83.0,123.000
423,2026-09-04 19:42:18,compute-0-1,-38.0,41.000
423,2026-09-04 19:42:19,compute-0-2,-78.0,6.000
423,2026-09-04 19:42:19,compute-0-3,-4.0,79.000
424,2026-09-04 19:42:29,compute-0-1,33.0,71.000
424,2026-09-04 19:42:30,compute-0-2,-1.0,77.000
424,2026-09-04 19:42:30,compute-0-3,7.0,11.000
425,2026-09-04 19:42:40,compute-0-1,51.0,18.000
425,2026-09-04 19:42:41,compute-0-2,32.0,33.000
425,2026-09-04 19:42:41,compute-0-3,23.0,16.000
426,2026-09-04 19:42:51,compute-0-1,71.0,20.000
426,2026-09-04 19:42:52,compute-0-2,81.0,49.000
426,2026-09-04 19:42:52,compute-0-3,61.0,38.000
427,2026-09-04 19:43:02,compute-0-1,-28.0,99.000
427,2026-09-04 19:43:03,compute-0-2,-65.0,146.000
427,2026-09-04 19:43:03,compute-0-3,-46.0,107.000
428,2026-09-04 19:43:14,compute-0-1,-2.0,26.000
428,2026-09-04 19:43:14,compute-0-2,-14.0,51.000
428,2026-09-04 19:43:14,compute-0-3,-22.0,24.000
429,2026-09-04 19:43:25,compute-0-1,-8.0,6.000
429,2026-09-04 19:43:25,compute-0-2,10.0,24.000
429,2026-09-04 19:43:25,compute-0-3,34.0,56.000
430,2026-09-04 19:43:36,compute-0-1,63.0,71.000
430,2026-09-04 19:43:36,compute-0-2,45.0,35.000
430,2026-09-04 19:43:36,compute-0-3,31.0,3.000
431,2026-09-04 19:43:47,compute-0-1,95.0,32.000
431,2026-09-04 19:43:47,compute-0-2,-102.0,147.000
431,2026-09-04 19:43:48,compute-0-3,-69.0,100.000
432,2026-09-04 19:43:58,compute-0-1,-19.0,114.000
432,2026-09-04 19:43:58,compute-0-2,-12.0,90.000
432,2026-09-04 19:43:59,compute-0-3,-35.0,34.000
433,2026-09-04 19:44:09,compute-0-1,-5.0,14.000
433,2026-09-04 19:44:09,compute-0-2,36.0,48.000
433,2026-09-04 19:44:10,compute-0-3,47.0,82.000
434,2026-09-04 19:44:20,compute-0-1,30.0,35.000
434,2026-09-04 19:44:20,compute-0-2,45.0,9.000
434,2026-09-04 19:44:21,compute-0-3,39.0,8.000
435,2026-09-04 19:44:31,compute-0-1,-72.0,102.000
435,2026-09-04 19:44:32,compute-0-2,-80.0,125.000
435,2026-09-04 19:44:32,compute-0-3,-102.0,141.000
436,2026-09-04 19:44:42,compute-0-1,-17.0,55.000
436,2026-09-04 19:44:43,compute-0-2,-15.0,65.000
436,2026-09-04 19:44:43,compute-0-3,26.0,128.000
437,2026-09-04 19:44:53,compute-0-1,54.0,71.000
437,2026-09-04 19:44:54,compute-0-2,50.0,65.000
437,2026-09-04 19:44:54,compute-0-3,50.0,24.000
438,2026-09-04 19:45:04,compute-0-1,-78.0,132.000
438,2026-09-04 19:45:05,compute-0-2,-32.0,82.000
438,2026-09-04 19:45:05,compute-0-3,-61.0,111.000
439,2026-09-04 19:45:16,compute-0-1,-3.0,75.000
439,2026-09-04 19:45:16,compute-0-2,35.0,67.000
439,2026-09-04 19:45:16,compute-0-3,60.0,121.000
440,2026-09-04 19:45:27,compute-0-1,-70.0,67.000
440,2026-09-04 19:45:27,compute-0-2,-71.0,106.000
440,2026-09-04 19:45:27,compute-0-3,-64.0,124.000
441,2026-09-04 19:45:38,compute-0-1,-16.0,54.000
441,2026-09-04 19:45:38,compute-0-2,12.0,83.000
441,2026-09-04 19:45:38,compute-0-3,30.0,94.000
442,2026-09-04 19:45:49,compute-0-1,51.0,67.000
442,2026-09-04 19:45:49,compute-0-2,91.0,79.000
442,2026-09-04 19:45:50,compute-0-3,60.0,30.000
443,2026-09-04 19:46:00,compute-0-1,-15.0,66.000
443,2026-09-04 19:46:00,compute-0-2,10.0,81.000
443,2026-09-04 19:46:01,compute-0-3,-19.0,79.000
444,2026-09-04 19:46:11,compute-0-1,33.0,48.000
444,2026-09-04 19:46:11,compute-0-2,27.0,17.000
444,2026-09-04 19:46:12,compute-0-3,65.0,84.000
445,2026-09-04 19:46:22,compute-0-1,-59.0,92.000
445,2026-09-04 19:46:22,compute-0-2,-79.0,106.000
445,2026-09-04 19:46:23,compute-0-3,-86.0,151.000
446,2026-09-04 19:46:33,compute-0-1,-5.0,54.000
446,2026-09-04 19:46:34,compute-0-2,11.0,90.000
446,2026-09-04 19:46:34,compute-0-3,-5.0,81.000
447,2026-09-04 19:46:44,compute-0-1,51.0,56.000
447,2026-09-04 19:46:45,compute-0-2,60.0,49.000
447,2026-09-04 19:46:45,compute-0-3,64.0,69.000
448,2026-09-04 19:46:55,compute-0-1,-39.0,90.000
448,2026-09-04 19:46:56,compute-0-2,-10.0,70.000
448,2026-09-04 19:46:56,compute-0-3,-46.0,110.000
449,2026-09-04 19:47:06,compute-0-1,40.0,79.000
449,2026-09-04 19:47:07,compute-0-2,31.0,41.000
449,2026-09-04 19:47:07,compute-0-3,41.0,87.000
450,2026-09-04 19:47:18,compute-0-1,33.0,7.000
450,2026-09-04 19:47:18,compute-0-2,45.0,14.000
450,2026-09-04 19:47:18,compute-0-3,27.0,14.000
451,2026-09-04 19:47:29,compute-0-1,101.0,68.000
451,2026-09-04 19:47:29,compute-0-2,-89.0,134.000
451,2026-09-04 19:47:30,compute-0-3,-78.0,105.000
452,2026-09-04 19:47:40,compute-0-1,5.0,96.000
452,2026-09-04 19:47:40,compute-0-2,-15.0,74.000
452,2026-09-04 19:47:41,compute-0-3,9.0,87.000
453,2026-09-04 19:47:51,compute-0-1,51.0,46.000
453,2026-09-04 19:47:51,compute-0-2,46.0,61.000
453,2026-09-04 19:47:52,compute-0-3,41.0,32.000
454,2026-09-04 19:48:02,compute-0-1,-89.0,140.000
454,2026-09-04 19:48:02,compute-0-2,-56.0,102.000
454,2026-09-04 19:48:03,compute-0-3,-33.0,74.000
455,2026-09-04 19:48:13,compute-0-1,-9.0,80.000
455,2026-09-04 19:48:13,compute-0-2,0.0,56.000
455,2026-09-04 19:48:14,compute-0-3,-8.0,25.000
456,2026-09-04 19:48:24,compute-0-1,75.0,84.000
456,2026-09-04 19:48:25,compute-0-2,33.0,33.000
456,2026-09-04 19:48:25,compute-0-3,40.0,48.000
457,2026-09-04 19:48:35,compute-0-1,71.0,4.000
457,2026-09-04 19:48:36,compute-0-2,80.0,47.000
457,2026-09-04 19:48:36,compute-0-3,-81.0,121.000
458,2026-09-04 19:48:46,compute-0-1,-32.0,103.000
458,2026-09-04 19:48:47,compute-0-2,-67.0,147.000
458,2026-09-04 19:48:47,compute-0-3,-35.0,46.000
459,2026-09-04 19:48:57,compute-0-1,-20.0,12.000
459,2026-09-04 19:48:58,compute-0-2,-18.0,49.000
459,2026-09-04 19:48:58,compute-0-3,-1.0,34.000
460,2026-09-04 19:49:09,compute-0-1,56.0,76.000
460,2026-09-04 19:49:09,compute-0-2,56.0,74.000
460,2026-09-04 19:49:10,compute-0-3,83.0,84.000
461,2026-09-04 19:49:20,compute-0-1,-102.0,158.000
461,2026-09-04 19:49:20,compute-0-2,73.0,17.000
461,2026-09-04 19:49:21,compute-0-3,82.0,1.000
462,2026-09-04 19:49:31,compute-0-1,-62.0,40.000
462,2026-09-04 19:49:32,compute-0-2,-61.0,134.000
462,2026-09-04 19:49:32,compute-0-3,-90.0,172.000
463,2026-09-04 19:49:42,compute-0-1,-26.0,36.000
463,2026-09-04 19:49:43,compute-0-2,-5.0,56.000
463,2026-09-04 19:49:43,compute-0-3,-22.0,68.000
464,2026-09-04 19:49:53,compute-0-1,46.0,72.000
464,2026-09-04 19:49:54,compute-0-2,32.0,37.000
464,2026-09-04 19:49:54,compute-0-3,16.0,38.000
465,2026-09-04 19:50:04,compute-0-1,47.0,1.000
465,2026-09-04 19:50:05,compute-0-2,38.0,6.000
465,2026-09-04 19:50:05,compute-0-3,59.0,43.000
466,2026-09-04 19:50:15,compute-0-1,73.0,26.000
466,2026-09-04 19:50:16,compute-0-2,54.0,16.000
466,2026-09-04 19:50:16,compute-0-3,59.0,0.000
467,2026-09-04 19:50:27,compute-0-1,56.0,17.000
467,2026-09-04 19:50:27,compute-0-2,80.0,26.000
467,2026-09-04 19:50:27,compute-0-3,28.0,31.000
468,2026-09-04 19:50:38,compute-0-1,54.0,2.000
468,2026-09-04 19:50:38,compute-0-2,84.0,4.000
468,2026-09-04 19:50:38,compute-0-3,74.0,46.000
469,2026-09-04 19:50:49,compute-0-1,81.0,27.000
469,2026-09-04 19:50:49,compute-0-2,46.0,38.000
469,2026-09-04 19:50:49,compute-0-3,61.0,13.000
470,2026-09-04 19:51:00,compute-0-1,37.0,44.000
470,2026-09-04 19:51:00,compute-0-2,55.0,9.000
470,2026-09-04 19:51:01,compute-0-3,48.0,13.000
471,2026-09-04 19:51:11,compute-0-1,51.0,14.000
471,2026-09-04 19:51:11,compute-0-2,58.0,3.000
471,2026-09-04 19:51:12,compute-0-3,56.0,8.000
472,2026-09-04 19:51:22,compute-0-1,48.0,3.000
472,2026-09-04 19:51:22,compute-0-2,62.0,4.000
472,2026-09-04 19:51:23,compute-0-3,58.0,2.000
473,2026-09-04 19:51:33,compute-0-1,28.0,20.000
473,2026-09-04 19:51:33,compute-0-2,58.0,4.000
473,2026-09-04 19:51:34,compute-0-3,44.0,14.000
474,2026-09-04 19:51:44,compute-0-1,-39.0,67.000
474,2026-09-04 19:51:45,compute-0-2,-27.0,85.000
474,2026-09-04 19:51:45,compute-0-3,-25.0,69.000
475,2026-09-04 19:51:55,compute-0-1,-47.0,8.000
475,2026-09-04 19:51:56,compute-0-2,-67.0,40.000
475,2026-09-04 19:51:56,compute-0-3,-62.0,37.000
476,2026-09-04 19:52:07,compute-0-1,-38.0,9.000
476,2026-09-04 19:52:07,compute-0-2,-45.0,22.000
476,2026-09-04 19:52:07,compute-0-3,-104.0,42.000
477,2026-09-04 19:52:18,compute-0-1,-49.0,11.000
477,2026-09-04 19:52:18,compute-0-2,-36.0,9.000
477,2026-09-04 19:52:18,compute-0-3,-56.0,48.000
478,2026-09-04 19:52:29,compute-0-1,5.0,54.000
478,2026-09-04 19:52:29,compute-0-2,-56.0,20.000
478,2026-09-04 19:52:29,compute-0-3,-28.0,28.000
479,2026-09-04 19:52:40,compute-0-1,-62.0,67.000
479,2026-09-04 19:52:40,compute-0-2,-10.0,46.000
479,2026-09-04 19:52:40,compute-0-3,-48.0,20.000
480,2026-09-04 19:52:51,compute-0-1,-29.0,33.000
480,2026-09-04 19:52:51,compute-0-2,-42.0,32.000
480,2026-09-04 19:52:52,compute-0-3,-23.0,25.000
481,2026-09-04 19:53:02,compute-0-1,-1.0,28.000
481,2026-09-04 19:53:02,compute-0-2,12.0,54.000
481,2026-09-04 19:53:03,compute-0-3,-43.0,20.000
482,2026-09-04 19:53:13,compute-0-1,12.0,13.000
482,2026-09-04 19:53:13,compute-0-2,25.0,13.000
482,2026-09-04 19:53:14,compute-0-3,31.0,74.000
483,2026-09-04 19:53:24,compute-0-1,42.0,30.000
483,2026-09-04 19:53:24,compute-0-2,34.0,9.000
483,2026-09-04 19:53:25,compute-0-3,56.0,25.000
484,2026-09-04 19:53:35,compute-0-1,79.0,37.000
484,2026-09-04 19:53:36,compute-0-2,-88.0,122.000
484,2026-09-04 19:53:36,compute-0-3,68.0,12.000
485,2026-09-04 19:53:46,compute-0-1,-67.0,146.000
485,2026-09-04 19:53:47,compute-0-2,-67.0,21.000
485,2026-09-04 19:53:47,compute-0-3,-61.0,129.000
486,2026-09-04 19:53:57,compute-0-1,-24.0,43.000
486,2026-09-04 19:53:58,compute-0-2,-7.0,60.000
486,2026-09-04 19:53:58,compute-0-3,14.0,75.000
487,2026-09-04 19:54:08,compute-0-1,27.0,51.000
487,2026-09-04 19:54:09,compute-0-2,35.0,42.000
487,2026-09-04 19:54:09,compute-0-3,24.0,10.000
488,2026-09-04 19:54:20,compute-0-1,68.0,41.000
488,2026-09-04 19:54:20,compute-0-2,61.0,26.000
488,2026-09-04 19:54:20,compute-0-3,46.0,22.000
489,2026-09-04 19:54:31,compute-0-1,91.0,23.000
489,2026-09-04 19:54:31,compute-0-2,72.0,11.000
489,2026-09-04 19:54:31,compute-0-3,74.0,28.000
490,2026-09-04 19:54:42,compute-0-1,94.0,3.000
490,2026-09-04 19:54:42,compute-0-2,-101.0,173.000
490,2026-09-04 19:54:42,compute-0-3,-82.0,156.000
491,2026-09-04 19:54:53,compute-0-1,-52.0,146.000
491,2026-09-04 19:54:53,compute-0-2,-22.0,79.000
491,2026-09-04 19:54:54,compute-0-3,-76.0,6.000
492,2026-09-04 19:55:04,compute-0-1,-44.0,8.000
492,2026-09-04 19:55:04,compute-0-2,-28.0,6.000
492,2026-09-04 19:55:05,compute-0-3,-35.0,41.000
493,2026-09-04 19:55:15,compute-0-1,-13.0,31.000
493,2026-09-04 19:55:15,compute-0-2,-37.0,9.000
493,2026-09-04 19:55:16,compute-0-3,-33.0,2.000
494,2026-09-04 19:55:26,compute-0-1,-14.0,1.000
494,2026-09-04 19:55:26,compute-0-2,13.0,50.000
494,2026-09-04 19:55:27,compute-0-3,-8.0,25.000
495,2026-09-04 19:55:37,compute-0-1,-16.0,2.000
495,2026-09-04 19:55:38,compute-0-2,24.0,11.000
495,2026-09-04 19:55:38,compute-0-3,45.0,53.000
496,2026-09-04 19:55:48,compute-0-1,38.0,54.000
496,2026-09-04 19:55:49,compute-0-2,17.0,7.000
496,2026-09-04 19:55:49,compute-0-3,38.0,7.000
497,2026-09-04 19:55:59,compute-0-1,76.0,38.000
497,2026-09-04 19:56:00,compute-0-2,67.0,50.000
497,2026-09-04 19:56:00,compute-0-3,49.0,11.000
498,2026-09-04 19:56:10,compute-0-1,84.0,8.000
498,2026-09-04 19:56:11,compute-0-2,60.0,7.000
498,2026-09-04 19:56:11,compute-0-3,90.0,41.000
499,2026-09-04 19:56:22,compute-0-1,-71.0,155.000
499,2026-09-04 19:56:22,compute-0-2,-120.0,180.000
499,2026-09-04 19:56:22,compute-0-3,-84.0,174.000
500,2026-09-04 19:56:33,compute-0-1,-35.0,36.000
500,2026-09-04 19:56:33,compute-0-2,-8.0,112.000
500,2026-09-04 19:56:33,compute-0-3,-48.0,36.000
501,2026-09-04 19:56:44,compute-0-1,-29.0,6.000
501,2026-09-04 19:56:44,compute-0-2,-8.0,0.000
501,2026-09-04 19:56:44,compute-0-3,-5.0,43.000
502,2026-09-04 19:56:55,compute-0-1,19.0,48.000
502,2026-09-04 19:56:55,compute-0-2,20.0,28.000
502,2026-09-04 19:56:55,compute-0-3,31.0,36.000
503,2026-09-04 19:57:06,compute-0-1,49.0,30.000
503,2026-09-04 19:57:06,compute-0-2,35.0,15.000
503,2026-09-04 19:57:07,compute-0-3,61.0,30.000
504,2026-09-04 19:57:17,compute-0-1,-57.0,106.000
504,2026-09-04 19:57:17,compute-0-2,-73.0,108.000
504,2026-09-04 19:57:18,compute-0-3,-66.0,127.000
505,2026-09-04 19:57:28,compute-0-1,2.0,59.000
505,2026-09-04 19:57:28,compute-0-2,16.0,89.000
505,2026-09-04 19:57:29,compute-0-3,1.0,67.000
506,2026-09-04 19:57:39,compute-0-1,30.0,28.000
506,2026-09-04 19:57:39,compute-0-2,23.0,7.000
506,2026-09-04 19:57:40,compute-0-3,34.0,33.000
507,2026-09-04 19:57:50,compute-0-1,-78.0,108.000
507,2026-09-04 19:57:51,compute-0-2,-82.0,105.000
507,2026-09-04 19:57:51,compute-0-3,-91.0,125.000
508,2026-09-04 19:58:01,compute-0-1,-8.0,70.000
508,2026-09-04 19:58:02,compute-0-2,9.0,91.000
508,2026-09-04 19:58:02,compute-0-3,-15.0,76.000
509,2026-09-04 19:58:12,compute-0-1,56.0,64.000
509,2026-09-04 19:58:13,compute-0-2,64.0,55.000
509,2026-09-04 19:58:13,compute-0-3,62.0,77.000
510,2026-09-04 19:58:23,compute-0-1,-42.0,98.000
510,2026-09-04 19:58:24,compute-0-2,-38.0,102.000
510,2026-09-04 19:58:24,compute-0-3,-34.0,96.000
511,2026-09-04 19:58:35,compute-0-1,2.0,44.000
511,2026-09-04 19:58:35,compute-0-2,30.0,68.000
511,2026-09-04 19:58:35,compute-0-3,11.0,45.000
512,2026-09-04 19:58:46,compute-0-1,82.0,80.000
512,2026-09-04 19:58:46,compute-0-2,82.0,52.000
512,2026-09-04 19:58:46,compute-0-3,51.0,40.000
513,2026-09-04 19:58:57,compute-0-1,-37.0,119.000
513,2026-09-04 19:58:57,compute-0-2,-19.0,101.000
513,2026-09-04 19:58:57,compute-0-3,-15.0,66.000
514,2026-09-04 19:59:08,compute-0-1,40.0,77.000
514,2026-09-04 19:59:08,compute-0-2,50.0,69.000
514,2026-09-04 19:59:09,compute-0-3,21.0,36.000
515,2026-09-04 19:59:19,compute-0-1,-84.0,124.000
515,2026-09-04 19:59:19,compute-0-2,-69.0,119.000
515,2026-09-04 19:59:20,compute-0-3,-79.0,100.000
516,2026-09-04 19:59:30,compute-0-1,6.0,90.000
516,2026-09-04 19:59:30,compute-0-2,-12.0,57.000
516,2026-09-04 19:59:31,compute-0-3,1.0,80.000
517,2026-09-04 19:59:41,compute-0-1,95.0,89.000
517,2026-09-04 19:59:41,compute-0-2,87.0,99.000
517,2026-09-04 19:59:42,compute-0-3,49.0,48.000
518,2026-09-04 19:59:52,compute-0-1,-19.0,114.000
518,2026-09-04 19:59:53,compute-0-2,13.0,74.000
518,2026-09-04 19:59:53,compute-0-3,8.0,41.000
519,2026-09-04 20:00:03,compute-0-1,69.0,88.000
519,2026-09-04 20:00:04,compute-0-2,59.0,46.000
519,2026-09-04 20:00:04,compute-0-3,66.0,58.000
520,2026-09-04 20:00:15,compute-0-1,51.0,18.000
520,2026-09-04 20:00:15,compute-0-2,49.0,10.000
520,2026-09-04 20:00:15,compute-0-3,-77.0,143.000
521,2026-09-04 20:00:26,compute-0-1,15.0,36.000
521,2026-09-04 20:00:26,compute-0-2,29.0,20.000
521,2026-09-04 20:00:26,compute-0-3,3.0,80.000
522,2026-09-04 20:00:37,compute-0-1,-64.0,79.000
522,2026-09-04 20:00:37,compute-0-2,-95.0,124.000
522,2026-09-04 20:00:37,compute-0-3,-39.0,42.000
523,2026-09-04 20:00:48,compute-0-1,32.0,96.000
523,2026-09-04 20:00:48,compute-0-2,52.0,147.000
523,2026-09-04 20:00:49,compute-0-3,39.0,78.000
524,2026-09-04 20:00:59,compute-0-1,-55.0,87.000
524,2026-09-04 20:00:59,compute-0-2,-38.0,90.000
524,2026-09-04 20:01:00,compute-0-3,-48.0,87.000
525,2026-09-04 20:01:10,compute-0-1,43.0,98.000
525,2026-09-04 20:01:10,compute-0-2,47.0,85.000
525,2026-09-04 20:01:11,compute-0-3,87.0,135.000
526,2026-09-04 20:01:21,compute-0-1,-10.0,53.000
526,2026-09-04 20:01:21,compute-0-2,-45.0,92.000
526,2026-09-04 20:01:22,compute-0-3,10.0,77.000
527,2026-09-04 20:01:32,compute-0-1,55.0,65.000
527,2026-09-04 20:01:33,compute-0-2,-79.0,34.000
527,2026-09-04 20:01:33,compute-0-3,68.0,58.000
528,2026-09-04 20:01:43,compute-0-1,5.0,50.000
528,2026-09-04 20:01:44,compute-0-2,37.0,116.000
528,2026-09-04 20:01:44,compute-0-3,17.0,51.000
529,2026-09-04 20:01:54,compute-0-1,-43.0,48.000
529,2026-09-04 20:01:55,compute-0-2,-19.0,56.000
529,2026-09-04 20:01:55,compute-0-3,-35.0,52.000
530,2026-09-04 20:02:05,compute-0-1,60.0,103.000
530,2026-09-04 20:02:06,compute-0-2,69.0,88.000
530,2026-09-04 20:02:06,compute-0-3,89.0,124.000
531,2026-09-04 20:02:16,compute-0-1,-36.0,96.000
531,2026-09-04 20:02:17,compute-0-2,-4.0,73.000
531,2026-09-04 20:02:17,compute-0-3,16.0,73.000
532,2026-09-04 20:02:28,compute-0-1,-73.0,37.000
532,2026-09-04 20:02:28,compute-0-2,-39.0,35.000
532,2026-09-04 20:02:28,compute-0-3,-62.0,78.000
533,2026-09-04 20:02:39,compute-0-1,11.0,84.000
533,2026-09-04 20:02:39,compute-0-2,45.0,84.000
533,2026-09-04 20:02:39,compute-0-3,38.0,100.000
534,2026-09-04 20:02:50,compute-0-1,11.0,0.000
534,2026-09-04 20:02:50,compute-0-2,-44.0,89.000
534,2026-09-04 20:02:50,compute-0-3,2.0,36.000
535,2026-09-04 20:03:01,compute-0-1,-81.0,92.000
535,2026-09-04 20:03:01,compute-0-2,-62.0,18.000
535,2026-09-04 20:03:02,compute-0-3,74.0,72.000
536,2026-09-04 20:03:12,compute-0-1,0.0,81.000
536,2026-09-04 20:03:12,compute-0-2,15.0,77.000
536,2026-09-04 20:03:13,compute-0-3,28.0,46.000
537,2026-09-04 20:03:23,compute-0-1,-26.0,26.000
537,2026-09-04 20:03:23,compute-0-2,-71.0,86.000
537,2026-09-04 20:03:24,compute-0-3,-58.0,86.000
538,2026-09-04 20:03:34,compute-0-1,38.0,64.000
538,2026-09-04 20:03:34,compute-0-2,73.0,144.000
538,2026-09-04 20:03:35,compute-0-3,23.0,81.000
539,2026-09-04 20:03:45,compute-0-1,-46.0,84.000
539,2026-09-04 20:03:46,compute-0-2,-23.0,96.000
539,2026-09-04 20:03:46,compute-0-3,8.0,15.000
540,2026-09-04 20:03:56,compute-0-1,86.0,132.000
540,2026-09-04 20:03:57,compute-0-2,82.0,105.000
540,2026-09-04 20:03:57,compute-0-3,49.0,41.000
541,2026-09-04 20:04:07,compute-0-1,-15.0,101.000
541,2026-09-04 20:04:08,compute-0-2,-3.0,85.000
541,2026-09-04 20:04:08,compute-0-3,13.0,36.000
542,2026-09-04 20:04:18,compute-0-1,-80.0,65.000
542,2026-09-04 20:04:19,compute-0-2,-69.0,66.000
542,2026-09-04 20:04:19,compute-0-3,-70.0,83.000
543,2026-09-04 20:04:30,compute-0-1,30.0,110.000
543,2026-09-04 20:04:30,compute-0-2,50.0,119.000
543,2026-09-04 20:04:30,compute-0-3,28.0,98.000
544,2026-09-04 20:04:41,compute-0-1,-36.0,66.000
544,2026-09-04 20:04:41,compute-0-2,-25.0,75.000
544,2026-09-04 20:04:41,compute-0-3,-37.0,65.000
545,2026-09-04 20:04:52,compute-0-1,36.0,72.000
545,2026-09-04 20:04:52,compute-0-2,72.0,97.000
545,2026-09-04 20:04:52,compute-0-3,50.0,87.000
546,2026-09-04 20:05:03,compute-0-1,-12.0,48.000
546,2026-09-04 20:05:03,compute-0-2,14.0,58.000
546,2026-09-04 20:05:03,compute-0-3,27.0,23.000
547,2026-09-04 20:05:14,compute-0-1,-51.0,39.000
547,2026-09-04 20:05:14,compute-0-2,-109.0,123.000
547,2026-09-04 20:05:15,compute-0-3,-61.0,88.000
548,2026-09-04 20:05:25,compute-0-1,45.0,96.000
548,2026-09-04 20:05:25,compute-0-2,14.0,123.000
548,2026-09-04 20:05:26,compute-0-3,2.0,63.000
549,2026-09-04 20:05:36,compute-0-1,-66.0,111.000
549,2026-09-04 20:05:36,compute-0-2,-44.0,58.000
549,2026-09-04 20:05:37,compute-0-3,-49.0,51.000
550,2026-09-04 20:05:47,compute-0-1,47.0,113.000
550,2026-09-04 20:05:47,compute-0-2,52.0,96.000
550,2026-09-04 20:05:48,compute-0-3,60.0,109.000
551,2026-09-04 20:05:58,compute-0-1,-23.0,70.000
551,2026-09-04 20:05:59,compute-0-2,-37.0,89.000
551,2026-09-04 20:05:59,compute-0-3,-39.0,99.000
552,2026-09-04 20:06:09,compute-0-1,58.0,81.000
552,2026-09-04 20:06:10,compute-0-2,53.0,90.000
552,2026-09-04 20:06:10,compute-0-3,76.0,115.000
553,2026-09-04 20:06:20,compute-0-1,24.0,34.000
553,2026-09-04 20:06:21,compute-0-2,24.0,29.000
553,2026-09-04 20:06:21,compute-0-3,14.0,62.000
554,2026-09-04 20:06:31,compute-0-1,-69.0,93.000
554,2026-09-04 20:06:32,compute-0-2,-65.0,89.000
554,2026-09-04 20:06:32,compute-0-3,-58.0,72.000
555,2026-09-04 20:06:43,compute-0-1,44.0,113.000
555,2026-09-04 20:06:43,compute-0-2,33.0,98.000
555,2026-09-04 20:06:43,compute-0-3,29.0,87.000
556,2026-09-04 20:06:54,compute-0-1,-55.0,99.000
556,2026-09-04 20:06:54,compute-0-2,-5.0,38.000
556,2026-09-04 20:06:54,compute-0-3,-44.0,73.000
557,2026-09-04 20:07:05,compute-0-1,47.0,102.000
557,2026-09-04 20:07:05,compute-0-2,78.0,83.000
557,2026-09-04 20:07:05,compute-0-3,-88.0,44.000
558,2026-09-04 20:07:16,compute-0-1,30.0,17.000
558,2026-09-04 20:07:16,compute-0-2,-25.0,103.000
558,2026-09-04 20:07:17,compute-0-3,14.0,102.000
559,2026-09-04 20:07:27,compute-0-1,-90.0,120.000
559,2026-09-04 20:07:27,compute-0-2,-48.0,23.000
559,2026-09-04 20:07:28,compute-0-3,-36.0,50.000
560,2026-09-04 20:07:38,compute-0-1,61.0,151.000
560,2026-09-04 20:07:38,compute-0-2,48.0,96.000
560,2026-09-04 20:07:39,compute-0-3,69.0,105.000
561,2026-09-04 20:07:49,compute-0-1,-2.0,63.000
561,2026-09-04 20:07:49,compute-0-2,-20.0,68.000
561,2026-09-04 20:07:50,compute-0-3,-14.0,83.000
562,2026-09-04 20:08:00,compute-0-1,75.0,77.000
562,2026-09-04 20:08:01,compute-0-2,-96.0,76.000
562,2026-09-04 20:08:01,compute-0-3,-81.0,67.000
563,2026-09-04 20:08:11,compute-0-1,22.0,53.000
563,2026-09-04 20:08:12,compute-0-2,79.0,175.000
563,2026-09-04 20:08:12,compute-0-3,36.0,117.000
564,2026-09-04 20:08:22,compute-0-1,-49.0,71.000
564,2026-09-04 20:08:23,compute-0-2,-51.0,130.000
564,2026-09-04 20:08:23,compute-0-3,-27.0,63.000
565,2026-09-04 20:08:33,compute-0-1,-83.0,34.000
565,2026-09-04 20:08:34,compute-0-2,67.0,118.000
565,2026-09-04 20:08:34,compute-0-3,-71.0,44.000
566,2026-09-04 20:08:45,compute-0-1,27.0,110.000
566,2026-09-04 20:08:45,compute-0-2,52.0,15.000
566,2026-09-04 20:08:45,compute-0-3,43.0,114.000
567,2026-09-04 20:08:56,compute-0-1,-44.0,71.000
567,2026-09-04 20:08:56,compute-0-2,-34.0,86.000
567,2026-09-04 20:08:56,compute-0-3,-13.0,56.000
568,2026-09-04 20:09:07,compute-0-1,64.0,108.000
568,2026-09-04 20:09:07,compute-0-2,-93.0,59.000
568,2026-09-04 20:09:07,compute-0-3,59.0,72.000
569,2026-09-04 20:09:18,compute-0-1,-7.0,71.000
569,2026-09-04 20:09:18,compute-0-2,5.0,98.000
569,2026-09-04 20:09:19,compute-0-3,19.0,40.000
570,2026-09-04 20:09:29,compute-0-1,-40.0,33.000
570,2026-09-04 20:09:29,compute-0-2,-65.0,70.000
570,2026-09-04 20:09:30,compute-0-3,-53.0,72.000
571,2026-09-04 20:09:40,compute-0-1,47.0,87.000
571,2026-09-04 20:09:40,compute-0-2,85.0,150.000
571,2026-09-04 20:09:41,compute-0-3,79.0,132.000
572,2026-09-04 20:09:51,compute-0-1,17.0,30.000
572,2026-09-04 20:09:51,compute-0-2,16.0,69.000
572,2026-09-04 20:09:52,compute-0-3,10.0,69.000
573,2026-09-04 20:10:02,compute-0-1,-29.0,46.000
573,2026-09-04 20:10:03,compute-0-2,-7.0,23.000
573,2026-09-04 20:10:03,compute-0-3,-6.0,16.000
574,2026-09-04 20:10:13,compute-0-1,88.0,117.000
574,2026-09-04 20:10:14,compute-0-2,-110.0,103.000
574,2026-09-04 20:10:14,compute-0-3,-64.0,58.000
575,2026-09-04 20:10:24,compute-0-1,72.0,16.000
575,2026-09-04 20:10:25,compute-0-2,29.0,139.000
575,2026-09-04 20:10:25,compute-0-3,63.0,127.000
576,2026-09-04 20:10:35,compute-0-1,16.0,56.000
576,2026-09-04 20:10:36,compute-0-2,1.0,28.000
576,2026-09-04 20:10:36,compute-0-3,42.0,21.000
577,2026-09-04 20:10:46,compute-0-1,-76.0,92.000
577,2026-09-04 20:10:47,compute-0-2,-67.0,68.000
577,2026-09-04 20:10:47,compute-0-3,-51.0,93.000
578,2026-09-04 20:10:58,compute-0-1,67.0,143.000
578,2026-09-04 20:10:58,compute-0-2,-107.0,40.000
578,2026-09-04 20:10:58,compute-0-3,88.0,139.000
579,2026-09-04 20:11:09,compute-0-1,20.0,47.000
579,2026-09-04 20:11:09,compute-0-2,31.0,138.000
579,2026-09-04 20:11:09,compute-0-3,48.0,40.000
580,2026-09-04 20:11:20,compute-0-1,7.0,13.000
580,2026-09-04 20:11:20,compute-0-2,23.0,8.000
580,2026-09-04 20:11:20,compute-0-3,8.0,40.000
581,2026-09-04 20:11:31,compute-0-1,-64.0,71.000
581,2026-09-04 20:11:31,compute-0-2,-41.0,64.000
581,2026-09-04 20:11:32,compute-0-3,4.0,4.000
582,2026-09-04 20:11:42,compute-0-1,-72.0,8.000
582,2026-09-04 20:11:42,compute-0-2,-89.0,48.000
582,2026-09-04 20:11:43,compute-0-3,-84.0,88.000
583,2026-09-04 20:11:53,compute-0-1,53.0,125.000
583,2026-09-04 20:11:53,compute-0-2,-92.0,3.000
583,2026-09-04 20:11:54,compute-0-3,-71.0,13.000
584,2026-09-04 20:12:04,compute-0-1,52.0,1.000
584,2026-09-04 20:12:04,compute-0-2,31.0,123.000
584,2026-09-04 20:12:05,compute-0-3,51.0,122.000
585,2026-09-04 20:12:15,compute-0-1,25.0,27.000
585,2026-09-04 20:12:16,compute-0-2,17.0,14.000
585,2026-09-04 20:12:16,compute-0-3,7.0,44.000
586,2026-09-04 20:12:26,compute-0-1,-11.0,36.000
586,2026-09-04 20:12:27,compute-0-2,6.0,11.000
586,2026-09-04 20:12:27,compute-0-3,16.0,9.000
587,2026-09-04 20:12:37,compute-0-1,-28.0,17.000
587,2026-09-04 20:12:38,compute-0-2,5.0,1.000
587,2026-09-04 20:12:38,compute-0-3,-28.0,44.000
588,2026-09-04 20:12:48,compute-0-1,-77.0,49.000
588,2026-09-04 20:12:49,compute-0-2,-67.0,72.000
588,2026-09-04 20:12:49,compute-0-3,-32.0,4.000
589,2026-09-04 20:13:00,compute-0-1,64.0,141.000
589,2026-09-04 20:13:00,compute-0-2,67.0,134.000
589,2026-09-04 20:13:00,compute-0-3,67.0,99.000
590,2026-09-04 20:13:11,compute-0-1,31.0,33.000
590,2026-09-04 20:13:11,compute-0-2,54.0,13.000
590,2026-09-04 20:13:11,compute-0-3,42.0,25.000
591,2026-09-04 20:13:22,compute-0-1,-16.0,47.000
591,2026-09-04 20:13:22,compute-0-2,-12.0,66.000
591,2026-09-04 20:13:22,compute-0-3,-7.0,49.000
592,2026-09-04 20:13:33,compute-0-1,-70.0,54.000
592,2026-09-04 20:13:33,compute-0-2,-24.0,12.000
592,2026-09-04 20:13:34,compute-0-3,-37.0,30.000
593,2026-09-04 20:13:44,compute-0-1,73.0,143.000
593,2026-09-04 20:13:44,compute-0-2,-76.0,52.000
593,2026-09-04 20:13:45,compute-0-3,-87.0,50.000
594,2026-09-04 20:13:55,compute-0-1,55.0,18.000
594,2026-09-04 20:13:55,compute-0-2,41.0,117.000
594,2026-09-04 20:13:56,compute-0-3,69.0,156.000
595,2026-09-04 20:14:06,compute-0-1,-3.0,58.000
595,2026-09-04 20:14:06,compute-0-2,38.0,3.000
595,2026-09-04 20:14:07,compute-0-3,51.0,18.000
596,2026-09-04 20:14:17,compute-0-1,-3.0,0.000
596,2026-09-04 20:14:18,compute-0-2,-31.0,69.000
596,2026-09-04 20:14:18,compute-0-3,11.0,40.000
597,2026-09-04 20:14:28,compute-0-1,-64.0,61.000
597,2026-09-04 20:14:29,compute-0-2,-46.0,15.000
597,2026-09-04 20:14:29,compute-0-3,-73.0,84.000
598,2026-09-04 20:14:39,compute-0-1,51.0,115.000
598,2026-09-04 20:14:40,compute-0-2,54.0,100.000
598,2026-09-04 20:14:40,compute-0-3,80.0,153.000
599,2026-09-04 20:14:50,compute-0-1,10.0,41.000
599,2026-09-04 20:14:51,compute-0-2,52.0,2.000
599,2026-09-04 20:14:51,compute-0-3,24.0,56.000
600,2026-09-04 20:15:02,compute-0-1,-20.0,30.000
600,2026-09-04 20:15:02,compute-0-2,-5.0,57.000
600,2026-09-04 20:15:02,compute-0-3,-13.0,37.000
601,2026-09-04 20:15:13,compute-0-1,-29.0,9.000
601,2026-09-04 20:15:13,compute-0-2,-77.0,72.000
601,2026-09-04 20:15:13,compute-0-3,-48.0,35.000
602,2026-09-04 20:15:24,compute-0-1,82.0,111.000
602,2026-09-04 20:15:24,compute-0-2,-96.0,19.000
602,2026-09-04 20:15:24,compute-0-3,49.0,97.000
603,2026-09-04 20:15:35,compute-0-1,15.0,67.000
603,2026-09-04 20:15:35,compute-0-2,36.0,132.000
603,2026-09-04 20:15:36,compute-0-3,54.0,5.000
604,2026-09-04 20:15:46,compute-0-1,28.0,13.000
604,2026-09-04 20:15:46,compute-0-2,38.0,2.000
604,2026-09-04 20:15:47,compute-0-3,36.0,18.000
605,2026-09-04 20:15:57,compute-0-1,-41.0,69.000
605,2026-09-04 20:15:57,compute-0-2,-20.0,58.000
605,2026-09-04 20:15:58,compute-0-3,4.0,32.000
606,2026-09-04 20:16:08,compute-0-1,-10.0,31.000
606,2026-09-04 20:16:08,compute-0-2,-30.0,10.000
606,2026-09-04 20:16:09,compute-0-3,-12.0,16.000
607,2026-09-04 20:16:19,compute-0-1,-64.0,54.000
607,2026-09-04 20:16:20,compute-0-2,-25.0,5.000
607,2026-09-04 20:16:20,compute-0-3,-91.0,79.000
608,2026-09-04 20:16:30,compute-0-1,-78.0,14.000
608,2026-09-04 20:16:31,compute-0-2,-65.0,40.000
608,2026-09-04 20:16:31,compute-0-3,-91.0,0.000
609,2026-09-04 20:16:41,compute-0-1,-61.0,17.000
609,2026-09-04 20:16:42,compute-0-2,-49.0,16.000
609,2026-09-04 20:16:42,compute-0-3,-59.0,32.000
610,2026-09-04 20:16:52,compute-0-1,-80.0,19.000
610,2026-09-04 20:16:53,compute-0-2,-71.0,22.000
610,2026-09-04 20:16:53,compute-0-3,-42.0,17.000
611,2026-09-04 20:17:04,compute-0-1,-67.0,13.000
611,2026-09-04 20:17:04,compute-0-2,-76.0,5.000
611,2026-09-04 20:17:04,compute-0-3,-55.0,13.000
612,2026-09-04 20:17:15,compute-0-1,-93.0,26.000
612,2026-09-04 20:17:15,compute-0-2,-80.0,4.000
612,2026-09-04 20:17:15,compute-0-3,-51.0,4.000
613,2026-09-04 20:17:26,compute-0-1,67.0,160.000
613,2026-09-04 20:17:26,compute-0-2,-100.0,20.000
613,2026-09-04 20:17:26,compute-0-3,-93.0,42.000
614,2026-09-04 20:17:37,compute-0-1,-87.0,154.000
614,2026-09-04 20:17:37,compute-0-2,-61.0,39.000
614,2026-09-04 20:17:37,compute-0-3,-84.0,9.000
615,2026-09-04 20:17:48,compute-0-1,68.0,155.000
615,2026-09-04 20:17:48,compute-0-2,-91.0,30.000
615,2026-09-04 20:17:49,compute-0-3,-58.0,26.000
616,2026-09-04 20:17:59,compute-0-1,-96.0,164.000
616,2026-09-04 20:17:59,compute-0-2,-81.0,10.000
616,2026-09-04 20:18:00,compute-0-3,-96.0,38.000
617,2026-09-04 20:18:10,compute-0-1,59.0,155.000
617,2026-09-04 20:18:10,compute-0-2,-104.0,23.000
617,2026-09-04 20:18:11,compute-0-3,-46.0,50.000
618,2026-09-04 20:18:21,compute-0-1,-126.0,185.000
618,2026-09-04 20:18:21,compute-0-2,64.0,168.000
618,2026-09-04 20:18:22,compute-0-3,-68.0,22.000
619,2026-09-04 20:18:32,compute-0-1,55.0,181.000
619,2026-09-04 20:18:33,compute-0-2,77.0,13.000
619,2026-09-04 20:18:33,compute-0-3,42.0,110.000
620,2026-09-04 20:18:43,compute-0-1,41.0,14.000
620,2026-09-04 20:18:44,compute-0-2,-22.0,99.000
620,2026-09-04 20:18:44,compute-0-3,45.0,3.000
621,2026-09-04 20:18:54,compute-0-1,0.0,41.000
621,2026-09-04 20:18:55,compute-0-2,9.0,31.000
621,2026-09-04 20:18:55,compute-0-3,5.0,40.000
622,2026-09-04 20:19:05,compute-0-1,-39.0,39.000
622,2026-09-04 20:19:06,compute-0-2,-40.0,49.000
622,2026-09-04 20:19:06,compute-0-3,-23.0,28.000
623,2026-09-04 20:19:17,compute-0-1,-91.0,52.000
623,2026-09-04 20:19:17,compute-0-2,71.0,111.000
623,2026-09-04 20:19:17,compute-0-3,74.0,97.000
624,2026-09-04 20:19:28,compute-0-1,25.0,116.000
624,2026-09-04 20:19:28,compute-0-2,34.0,37.000
624,2026-09-04 20:19:28,compute-0-3,42.0,32.000
625,2026-09-04 20:19:39,compute-0-1,-38.0,63.000
625,2026-09-04 20:19:39,compute-0-2,-38.0,72.000
625,2026-09-04 20:19:39,compute-0-3,-29.0,71.000
626,2026-09-04 20:19:50,compute-0-1,63.0,101.000
626,2026-09-04 20:19:50,compute-0-2,-67.0,29.000
626,2026-09-04 20:19:51,compute-0-3,71.0,100.000
627,2026-09-04 20:20:01,compute-0-1,22.0,41.000
627,2026-09-04 20:20:01,compute-0-2,37.0,104.000
627,2026-09-04 20:20:02,compute-0-3,26.0,45.000
628,2026-09-04 20:20:12,compute-0-1,-53.0,75.000
628,2026-09-04 20:20:12,compute-0-2,-60.0,97.000
628,2026-09-04 20:20:13,compute-0-3,-28.0,54.000
629,2026-09-04 20:20:23,compute-0-1,59.0,112.000
629,2026-09-04 20:20:23,compute-0-2,72.0,132.000
629,2026-09-04 20:20:24,compute-0-3,-104.0,76.000
630,2026-09-04 20:20:34,compute-0-1,-7.0,66.000
630,2026-09-04 20:20:35,compute-0-2,16.0,56.000
630,2026-09-04 20:20:35,compute-0-3,32.0,136.000
631,2026-09-04 20:20:45,compute-0-1,-55.0,48.000
631,2026-09-04 20:20:46,compute-0-2,-6.0,22.000
631,2026-09-04 20:20:46,compute-0-3,-72.0,104.000
632,2026-09-04 20:20:56,compute-0-1,51.0,106.000
632,2026-09-04 20:20:57,compute-0-2,85.0,91.000
632,2026-09-04 20:20:57,compute-0-3,-10.0,62.000
633,2026-09-04 20:21:07,compute-0-1,12.0,39.000
633,2026-09-04 20:21:08,compute-0-2,12.0,73.000
633,2026-09-04 20:21:08,compute-0-3,-10.0,0.000
634,2026-09-04 20:21:19,compute-0-1,-72.0,84.000
634,2026-09-04 20:21:19,compute-0-2,-49.0,61.000
634,2026-09-04 20:21:19,compute-0-3,-32.0,22.000
635,2026-09-04 20:21:30,compute-0-1,62.0,134.000
635,2026-09-04 20:21:30,compute-0-2,59.0,108.000
635,2026-09-04 20:21:30,compute-0-3,43.0,75.000
636,2026-09-04 20:21:41,compute-0-1,-13.0,75.000
636,2026-09-04 20:21:41,compute-0-2,23.0,36.000
636,2026-09-04 20:21:41,compute-0-3,1.0,42.000
637,2026-09-04 20:21:52,compute-0-1,71.0,84.000
637,2026-09-04 20:21:52,compute-0-2,54.0,31.000
637,2026-09-04 20:21:53,compute-0-3,-101.0,102.000
638,2026-09-04 20:22:03,compute-0-1,35.0,36.000
638,2026-09-04 20:22:03,compute-0-2,-13.0,67.000
638,2026-09-04 20:22:04,compute-0-3,9.0,110.000
639,2026-09-04 20:22:14,compute-0-1,-16.0,51.000
639,2026-09-04 20:22:14,compute-0-2,-9.0,4.000
639,2026-09-04 20:22:15,compute-0-3,-21.0,30.000
640,2026-09-04 20:22:25,compute-0-1,59.0,75.000
640,2026-09-04 20:22:25,compute-0-2,64.0,73.000
640,2026-09-04 20:22:26,compute-0-3,69.0,90.000
641,2026-09-04 20:22:36,compute-0-1,29.0,30.000
641,2026-09-04 20:22:36,compute-0-2,-19.0,83.000
641,2026-09-04 20:22:37,compute-0-3,30.0,39.000
642,2026-09-04 20:22:47,compute-0-1,-35.0,64.000
642,2026-09-04 20:22:48,compute-0-2,-41.0,22.000
642,2026-09-04 20:22:48,compute-0-3,-19.0,49.000
643,2026-09-04 20:22:58,compute-0-1,53.0,88.000
643,2026-09-04 20:22:59,compute-0-2,54.0,95.000
643,2026-09-04 20:22:59,compute-0-3,58.0,77.000
644,2026-09-04 20:23:09,compute-0-1,28.0,25.000
644,2026-09-04 20:23:10,compute-0-2,10.0,44.000
644,2026-09-04 20:23:10,compute-0-3,13.0,45.000
645,2026-09-04 20:23:20,compute-0-1,-53.0,81.000
645,2026-09-04 20:23:21,compute-0-2,-26.0,36.000
645,2026-09-04 20:23:21,compute-0-3,-6.0,19.000
646,2026-09-04 20:23:32,compute-0-1,-125.0,72.000
646,2026-09-04 20:23:32,compute-0-2,75.0,101.000
646,2026-09-04 20:23:32,compute-0-3,-73.0,67.000
647,2026-09-04 20:23:43,compute-0-1,17.0,142.000
647,2026-09-04 20:23:43,compute-0-2,56.0,19.000
647,2026-09-04 20:23:43,compute-0-3,44.0,117.000
648,2026-09-04 20:23:54,compute-0-1,-70.0,87.000
648,2026-09-04 20:23:54,compute-0-2,6.0,50.000
648,2026-09-04 20:23:54,compute-0-3,-8.0,52.000
649,2026-09-04 20:24:05,compute-0-1,-65.0,5.000
649,2026-09-04 20:24:05,compute-0-2,-94.0,100.000
649,2026-09-04 20:24:06,compute-0-3,-67.0,59.000
650,2026-09-04 20:24:16,compute-0-1,76.0,141.000
650,2026-09-04 20:24:16,compute-0-2,-79.0,15.000
650,2026-09-04 20:24:17,compute-0-3,-51.0,16.000
651,2026-09-04 20:24:27,compute-0-1,53.0,23.000
651,2026-09-04 20:24:27,compute-0-2,29.0,108.000
651,2026-09-04 20:24:28,compute-0-3,51.0,102.000
652,2026-09-04 20:24:38,compute-0-1,35.0,18.000
652,2026-09-04 20:24:38,compute-0-2,41.0,12.000
652,2026-09-04 20:24:39,compute-0-3,27.0,24.000
653,2026-09-04 20:24:49,compute-0-1,-40.0,75.000
653,2026-09-04 20:24:50,compute-0-2,-17.0,58.000
653,2026-09-04 20:24:50,compute-0-3,4.0,23.000
654,2026-09-04 20:25:00,compute-0-1,-80.0,40.000
654,2026-09-04 20:25:01,compute-0-2,-51.0,34.000
654,2026-09-04 20:25:01,compute-0-3,-91.0,95.000
655,2026-09-04 20:25:11,compute-0-1,56.0,136.000
655,2026-09-04 20:25:12,compute-0-2,46.0,97.000
655,2026-09-04 20:25:12,compute-0-3,-98.0,7.000
656,2026-09-04 20:25:22,compute-0-1,47.0,9.000
656,2026-09-04 20:25:23,compute-0-2,28.0,18.000
656,2026-09-04 20:25:23,compute-0-3,50.0,148.000
657,2026-09-04 20:25:34,compute-0-1,12.0,35.000
657,2026-09-04 20:25:34,compute-0-2,48.0,20.000
657,2026-09-04 20:25:34,compute-0-3,24.0,26.000
658,2026-09-04 20:25:45,compute-0-1,-17.0,29.000
658,2026-09-04 20:25:45,compute-0-2,-49.0,97.000
658,2026-09-04 20:25:45,compute-0-3,-12.0,36.000
659,2026-09-04 20:25:56,compute-0-1,-64.0,47.000
659,2026-09-04 20:25:56,compute-0-2,-47.0,2.000
659,2026-09-04 20:25:56,compute-0-3,-87.0,75.000
660,2026-09-04 20:26:07,compute-0-1,63.0,127.000
660,2026-09-04 20:26:07,compute-0-2,-85.0,38.000
660,2026-09-04 20:26:08,compute-0-3,-87.0,0.000
661,2026-09-04 20:26:18,compute-0-1,52.0,11.000
661,2026-09-04 20:26:18,compute-0-2,54.0,139.000
661,2026-09-04 20:26:19,compute-0-3,60.0,147.000
662,2026-09-04 20:26:29,compute-0-1,34.0,18.000
662,2026-09-04 20:26:29,compute-0-2,60.0,6.000
662,2026-09-04 20:26:30,compute-0-3,56.0,4.000
663,2026-09-04 20:26:40,compute-0-1,-8.0,42.000
663,2026-09-04 20:26:40,compute-0-2,14.0,46.000
663,2026-09-04 20:26:41,compute-0-3,-38.0,94.000
664,2026-09-04 20:26:51,compute-0-1,-20.0,12.000
664,2026-09-04 20:26:52,compute-0-2,9.0,5.000
664,2026-09-04 20:26:52,compute-0-3,-38.0,0.000
665,2026-09-04 20:27:02,compute-0-1,-56.0,36.000
665,2026-09-04 20:27:03,compute-0-2,-34.0,43.000
665,2026-09-04 20:27:03,compute-0-3,-30.0,8.000
666,2026-09-04 20:27:13,compute-0-1,-77.0,21.000
666,2026-09-04 20:27:14,compute-0-2,-79.0,45.000
666,2026-09-04 20:27:14,compute-0-3,-67.0,37.000
667,2026-09-04 20:27:24,compute-0-1,74.0,151.000
667,2026-09-04 20:27:25,compute-0-2,76.0,155.000
667,2026-09-04 20:27:25,compute-0-3,-71.0,4.000
668,2026-09-04 20:27:35,compute-0-1,37.0,37.000
668,2026-09-04 20:27:36,compute-0-2,79.0,3.000
668,2026-09-04 20:27:36,compute-0-3,82.0,153.000
669,2026-09-04 20:27:47,compute-0-1,68.0,31.000
669,2026-09-04 20:27:47,compute-0-2,71.0,8.000
669,2026-09-04 20:27:47,compute-0-3,56.0,26.000
670,2026-09-04 20:27:58,compute-0-1,42.0,26.000
670,2026-09-04 20:27:58,compute-0-2,32.0,39.000
670,2026-09-04 20:27:58,compute-0-3,42.0,14.000
671,2026-09-04 20:28:09,compute-0-1,37.0,5.000
671,2026-09-04 20:28:09,compute-0-2,31.0,1.000
671,2026-09-04 20:28:09,compute-0-3,8.0,34.000
672,2026-09-04 20:28:20,compute-0-1,13.0,24.000
672,2026-09-04 20:28:20,compute-0-2,7.0,24.000
672,2026-09-04 20:28:21,compute-0-3,5.0,3.000
673,2026-09-04 20:28:31,compute-0-1,-37.0,50.000
673,2026-09-04 20:28:31,compute-0-2,-49.0,56.000
673,2026-09-04 20:28:32,compute-0-3,-35.0,40.000
674,2026-09-04 20:28:42,compute-0-1,-64.0,27.000
674,2026-09-04 20:28:42,compute-0-2,-33.0,16.000
674,2026-09-04 20:28:43,compute-0-3,-90.0,55.000
675,2026-09-04 20:28:53,compute-0-1,-93.0,29.000
675,2026-09-04 20:28:53,compute-0-2,-71.0,38.000
675,2026-09-04 20:28:54,compute-0-3,-49.0,41.000
676,2026-09-04 20:29:04,compute-0-1,-77.0,16.000
676,2026-09-04 20:29:05,compute-0-2,-71.0,0.000
676,2026-09-04 20:29:05,compute-0-3,-48.0,1.000
677,2026-09-04 20:29:15,compute-0-1,-89.0,12.000
677,2026-09-04 20:29:16,compute-0-2,-75.0,4.000
677,2026-09-04 20:29:16,compute-0-3,-42.0,6.000
678,2026-09-04 20:29:26,compute-0-1,-64.0,25.000
678,2026-09-04 20:29:27,compute-0-2,-88.0,13.000
678,2026-09-04 20:29:27,compute-0-3,-78.0,36.000
679,2026-09-04 20:29:37,compute-0-1,-104.0,40.000
679,2026-09-04 20:29:38,compute-0-2,-32.0,56.000
679,2026-09-04 20:29:38,compute-0-3,-35.0,43.000
680,2026-09-04 20:29:49,compute-0-1,-16.0,88.000
680,2026-09-04 20:29:49,compute-0-2,-95.0,63.000
680,2026-09-04 20:29:49,compute-0-3,-37.0,2.000
681,2026-09-04 20:30:00,compute-0-1,-37.0,21.000
681,2026-09-04 20:30:00,compute-0-2,-27.0,68.000
681,2026-09-04 20:30:00,compute-0-3,-26.0,11.000
682,2026-09-04 20:30:11,compute-0-1,-43.0,6.000
682,2026-09-04 20:30:11,compute-0-2,-23.0,4.000
682,2026-09-04 20:30:11,compute-0-3,-27.0,1.000
683,2026-09-04 20:30:22,compute-0-1,9.0,52.000
683,2026-09-04 20:30:22,compute-0-2,-15.0,8.000
683,2026-09-04 20:30:23,compute-0-3,-22.0,5.000
684,2026-09-04 20:30:33,compute-0-1,-12.0,21.000
684,2026-09-04 20:30:33,compute-0-2,20.0,35.000
684,2026-09-04 20:30:34,compute-0-3,19.0,41.000
685,2026-09-04 20:30:44,compute-0-1,25.0,37.000
685,2026-09-04 20:30:44,compute-0-2,52.0,32.000
685,2026-09-04 20:30:45,compute-0-3,38.0,19.000
686,2026-09-04 20:30:55,compute-0-1,42.0,17.000
686,2026-09-04 20:30:55,compute-0-2,53.0,1.000
686,2026-09-04 20:30:56,compute-0-3,67.0,29.000
687,2026-09-04 20:31:06,compute-0-1,64.0,22.000
687,2026-09-04 20:31:07,compute-0-2,57.0,4.000
687,2026-09-04 20:31:07,compute-0-3,72.0,5.000
688,2026-09-04 20:31:17,compute-0-1,69.0,5.000
688,2026-09-04 20:31:18,compute-0-2,-72.0,129.000
688,2026-09-04 20:31:18,compute-0-3,-28.0,100.000
689,2026-09-04 20:31:28,compute-0-1,-61.0,130.000
689,2026-09-04 20:31:29,compute-0-2,-32.0,40.000
689,2026-09-04 20:31:29,compute-0-3,-51.0,23.000
690,2026-09-04 20:31:39,compute-0-1,-28.0,33.000
690,2026-09-04 20:31:40,compute-0-2,2.0,34.000
690,2026-09-04 20:31:40,compute-0-3,33.0,84.000
691,2026-09-04 20:31:51,compute-0-1,31.0,59.000
691,2026-09-04 20:31:51,compute-0-2,38.0,36.000
691,2026-09-04 20:31:51,compute-0-3,60.0,27.000
692,2026-09-04 20:32:02,compute-0-1,-71.0,102.000
692,2026-09-04 20:32:02,compute-0-2,-86.0,124.000
692,2026-09-04 20:32:02,compute-0-3,-61.0,121.000
693,2026-09-04 20:32:13,compute-0-1,-7.0,64.000
693,2026-09-04 20:32:13,compute-0-2,4.0,90.000
693,2026-09-04 20:32:13,compute-0-3,0.0,61.000
694,2026-09-04 20:32:24,compute-0-1,63.0,70.000
694,2026-09-04 20:32:24,compute-0-2,54.0,50.000
694,2026-09-04 20:32:25,compute-0-3,25.0,25.000
695,2026-09-04 20:32:35,compute-0-1,72.0,9.000
695,2026-09-04 20:32:35,compute-0-2,-74.0,128.000
695,2026-09-04 20:32:36,compute-0-3,-87.0,112.000
696,2026-09-04 20:32:46,compute-0-1,-55.0,127.000
696,2026-09-04 20:32:46,compute-0-2,-32.0,42.000
696,2026-09-04 20:32:47,compute-0-3,-8.0,79.000
697,2026-09-04 20:32:57,compute-0-1,27.0,82.000
697,2026-09-04 20:32:57,compute-0-2,24.0,56.000
697,2026-09-04 20:32:58,compute-0-3,10.0,18.000
698,2026-09-04 20:33:08,compute-0-1,57.0,30.000
698,2026-09-04 20:33:09,compute-0-2,56.0,32.000
698,2026-09-04 20:33:09,compute-0-3,88.0,78.000
699,2026-09-04 20:33:19,compute-0-1,-26.0,83.000
699,2026-09-04 20:33:20,compute-0-2,-65.0,121.000
699,2026-09-04 20:33:20,compute-0-3,-44.0,132.000
700,2026-09-04 20:33:30,compute-0-1,36.0,62.000
700,2026-09-04 20:33:31,compute-0-2,37.0,102.000
700,2026-09-04 20:33:31,compute-0-3,65.0,109.000
701,2026-09-04 20:33:42,compute-0-1,26.0,10.000
701,2026-09-04 20:33:42,compute-0-2,59.0,22.000
701,2026-09-04 20:33:42,compute-0-3,34.0,31.000
702,2026-09-04 20:33:53,compute-0-1,69.0,43.000
702,2026-09-04 20:33:53,compute-0-2,-103.0,162.000
702,2026-09-04 20:33:53,compute-0-3,-103.0,137.000
703,2026-09-04 20:34:04,compute-0-1,8.0,61.000
703,2026-09-04 20:34:04,compute-0-2,-11.0,92.000
703,2026-09-04 20:34:05,compute-0-3,10.0,113.000
704,2026-09-04 20:34:15,compute-0-1,77.0,69.000
704,2026-09-04 20:34:15,compute-0-2,78.0,89.000
704,2026-09-04 20:34:16,compute-0-3,59.0,49.000
705,2026-09-04 20:34:26,compute-0-1,-60.0,137.000
705,2026-09-04 20:34:26,compute-0-2,-47.0,125.000
705,2026-09-04 20:34:27,compute-0-3,-19.0,78.000
706,2026-09-04 20:34:37,compute-0-1,39.0,99.000
706,2026-09-04 20:34:37,compute-0-2,63.0,110.000
706,2026-09-04 20:34:38,compute-0-3,44.0,63.000
707,2026-09-04 20:34:48,compute-0-1,-90.0,129.000
707,2026-09-04 20:34:49,compute-0-2,-59.0,122.000
707,2026-09-04 20:34:49,compute-0-3,-33.0,77.000
708,2026-09-04 20:34:59,compute-0-1,19.0,109.000
708,2026-09-04 20:35:00,compute-0-2,8.0,67.000
708,2026-09-04 20:35:00,compute-0-3,16.0,49.000
709,2026-09-04 20:35:10,compute-0-1,64.0,45.000
709,2026-09-04 20:35:11,compute-0-2,79.0,71.000
709,2026-09-04 20:35:11,compute-0-3,60.0,44.000
710,2026-09-04 20:35:21,compute-0-1,-76.0,140.000
710,2026-09-04 20:35:22,compute-0-2,-67.0,146.000
710,2026-09-04 20:35:22,compute-0-3,-30.0,90.000
711,2026-09-04 20:35:33,compute-0-1,16.0,92.000
711,2026-09-04 20:35:33,compute-0-2,18.0,85.000
711,2026-09-04 20:35:33,compute-0-3,-57.0,27.000
712,2026-09-04 20:35:44,compute-0-1,84.0,68.000
712,2026-09-04 20:35:44,compute-0-2,-82.0,100.000
712,2026-09-04 20:35:44,compute-0-3,-57.0,0.000
713,2026-09-04 20:35:55,compute-0-1,-31.0,115.000
713,2026-09-04 20:35:55,compute-0-2,2.0,84.000
713,2026-09-04 20:35:55,compute-0-3,100.0,157.000
714,2026-09-04 20:36:06,compute-0-1,-59.0,28.000
714,2026-09-04 20:36:06,compute-0-2,-39.0,41.000
714,2026-09-04 20:36:07,compute-0-3,100.0,0.000
715,2026-09-04 20:36:17,compute-0-1,-1.0,58.000
715,2026-09-04 20:36:17,compute-0-2,-7.0,32.000
715,2026-09-04 20:36:18,compute-0-3,8.0,92.000
716,2026-09-04 20:36:28,compute-0-1,76.0,77.000
716,2026-09-04 20:36:28,compute-0-2,47.0,54.000
716,2026-09-04 20:36:29,compute-0-3,72.0,64.000
717,2026-09-04 20:36:39,compute-0-1,-46.0,122.000
717,2026-09-04 20:36:40,compute-0-2,-33.0,80.000
717,2026-09-04 20:36:40,compute-0-3,-43.0,115.000
718,2026-09-04 20:36:50,compute-0-1,15.0,61.000
718,2026-09-04 20:36:51,compute-0-2,17.0,50.000
718,2026-09-04 20:36:51,compute-0-3,20.0,63.000
719,2026-09-04 20:37:01,compute-0-1,59.0,44.000
719,2026-09-04 20:37:02,compute-0-2,43.0,26.000
719,2026-09-04 20:37:02,compute-0-3,49.0,29.000
720,2026-09-04 20:37:12,compute-0-1,-45.0,104.000
720,2026-09-04 20:37:13,compute-0-2,-26.0,69.000
720,2026-09-04 20:37:13,compute-0-3,-8.0,57.000
