sample_id,time,hostname,offset_ns,jitter_ns
1,2026-09-10 13:27:18,compute-0-1,-2387.0,NaN
1,2026-09-10 13:27:18,compute-0-2,-2219.0,NaN
1,2026-09-10 13:27:19,compute-0-3,817.0,NaN
2,2026-09-10 13:27:29,compute-0-1,870.0,3257.000
2,2026-09-10 13:27:30,compute-0-2,3953.0,6172.000
2,2026-09-10 13:27:30,compute-0-3,-5565.0,6382.000
3,2026-09-10 13:27:40,compute-0-1,-3514.0,4384.000
3,2026-09-10 13:27:41,compute-0-2,-2392.0,6345.000
3,2026-09-10 13:27:41,compute-0-3,-3385.0,2180.000
4,2026-09-10 13:27:51,compute-0-1,-3360.0,154.000
4,2026-09-10 13:27:52,compute-0-2,-634.0,1758.000
4,2026-09-10 13:27:52,compute-0-3,-3361.0,24.000
5,2026-09-10 13:28:02,compute-0-1,-1113.0,2247.000
5,2026-09-10 13:28:03,compute-0-2,1628.0,2262.000
5,2026-09-10 13:28:03,compute-0-3,-2415.0,946.000
6,2026-09-10 13:28:13,compute-0-1,-1760.0,647.000
6,2026-09-10 13:28:14,compute-0-2,-2220.0,3848.000
6,2026-09-10 13:28:14,compute-0-3,5386.0,7801.000
7,2026-09-10 13:28:25,compute-0-1,-872.0,888.000
7,2026-09-10 13:28:25,compute-0-2,728.0,2948.000
7,2026-09-10 13:28:25,compute-0-3,-2640.0,8026.000
8,2026-09-10 13:28:36,compute-0-1,641.0,1513.000
8,2026-09-10 13:28:36,compute-0-2,773.0,45.000
8,2026-09-10 13:28:36,compute-0-3,-3522.0,882.000
9,2026-09-10 13:28:47,compute-0-1,-4960.0,5601.000
9,2026-09-10 13:28:47,compute-0-2,-2865.0,3638.000
9,2026-09-10 13:28:48,compute-0-3,19777.0,23299.000
10,2026-09-10 13:28:58,compute-0-1,-2434.0,2526.000
10,2026-09-10 13:28:58,compute-0-2,191.0,3056.000
10,2026-09-10 13:28:59,compute-0-3,5789.0,13988.000
11,2026-09-10 13:29:09,compute-0-1,-1376.0,1058.000
11,2026-09-10 13:29:09,compute-0-2,15915.0,15724.000
11,2026-09-10 13:29:10,compute-0-3,1966.0,3823.000
12,2026-09-10 13:29:20,compute-0-1,-2037.0,661.000
12,2026-09-10 13:29:21,compute-0-2,6255.0,9660.000
12,2026-09-10 13:29:21,compute-0-3,380.0,1586.000
13,2026-09-10 13:29:31,compute-0-1,15644.0,17681.000
13,2026-09-10 13:29:32,compute-0-2,3034.0,3221.000
13,2026-09-10 13:29:32,compute-0-3,-221.0,601.000
14,2026-09-10 13:29:42,compute-0-1,23728.0,8084.000
14,2026-09-10 13:29:43,compute-0-2,-721.0,3755.000
14,2026-09-10 13:29:43,compute-0-3,2463.0,2684.000
15,2026-09-10 13:29:53,compute-0-1,5835.0,17893.000
15,2026-09-10 13:29:54,compute-0-2,6712.0,7433.000
15,2026-09-10 13:29:54,compute-0-3,367.0,2096.000
16,2026-09-10 13:30:04,compute-0-1,-869.0,6704.000
16,2026-09-10 13:30:05,compute-0-2,1807.0,4905.000
16,2026-09-10 13:30:05,compute-0-3,39.0,328.000
17,2026-09-10 13:30:16,compute-0-1,2371.0,3240.000
17,2026-09-10 13:30:16,compute-0-2,2050.0,243.000
17,2026-09-10 13:30:16,compute-0-3,9796.0,9757.000
18,2026-09-10 13:30:27,compute-0-1,5648.0,3277.000
18,2026-09-10 13:30:27,compute-0-2,4595.0,2545.000
18,2026-09-10 13:30:27,compute-0-3,1838.0,7958.000
19,2026-09-10 13:30:38,compute-0-1,3859.0,1789.000
19,2026-09-10 13:30:38,compute-0-2,-151.0,4746.000
19,2026-09-10 13:30:38,compute-0-3,3576.0,1738.000
20,2026-09-10 13:30:49,compute-0-1,3515.0,344.000
20,2026-09-10 13:30:49,compute-0-2,1905.0,2056.000
20,2026-09-10 13:30:50,compute-0-3,2029.0,1547.000
21,2026-09-10 13:31:00,compute-0-1,-493.0,4008.000
21,2026-09-10 13:31:00,compute-0-2,207.0,1698.000
21,2026-09-10 13:31:01,compute-0-3,-2825.0,4854.000
22,2026-09-10 13:31:11,compute-0-1,-1189.0,696.000
22,2026-09-10 13:31:12,compute-0-2,430.0,223.000
22,2026-09-10 13:31:12,compute-0-3,3139.0,5964.000
23,2026-09-10 13:31:22,compute-0-1,-2290.0,1101.000
23,2026-09-10 13:31:23,compute-0-2,8488.0,8058.000
23,2026-09-10 13:31:23,compute-0-3,-5177.0,8316.000
24,2026-09-10 13:31:33,compute-0-1,3278.0,5568.000
24,2026-09-10 13:31:34,compute-0-2,1055.0,7433.000
24,2026-09-10 13:31:34,compute-0-3,-5727.0,550.000
25,2026-09-10 13:31:44,compute-0-1,503.0,2775.000
25,2026-09-10 13:31:45,compute-0-2,338.0,717.000
25,2026-09-10 13:31:45,compute-0-3,9294.0,15021.000
26,2026-09-10 13:31:56,compute-0-1,276.0,227.000
26,2026-09-10 13:31:56,compute-0-2,-2177.0,2515.000
26,2026-09-10 13:31:56,compute-0-3,3711.0,5583.000
27,2026-09-10 13:32:07,compute-0-1,5785.0,5509.000
27,2026-09-10 13:32:07,compute-0-2,-54.0,2123.000
27,2026-09-10 13:32:07,compute-0-3,2414.0,1297.000
28,2026-09-10 13:32:18,compute-0-1,3895.0,1890.000
28,2026-09-10 13:32:18,compute-0-2,2166.0,2220.000
28,2026-09-10 13:32:18,compute-0-3,-325.0,2739.000
29,2026-09-10 13:32:29,compute-0-1,1873.0,2022.000
29,2026-09-10 13:32:29,compute-0-2,-3633.0,5799.000
29,2026-09-10 13:32:30,compute-0-3,-734.0,409.000
30,2026-09-10 13:32:40,compute-0-1,7016.0,5143.000
30,2026-09-10 13:32:40,compute-0-2,660.0,4293.000
30,2026-09-10 13:32:41,compute-0-3,3057.0,3791.000
31,2026-09-10 13:32:51,compute-0-1,657.0,6359.000
31,2026-09-10 13:32:51,compute-0-2,-2109.0,2769.000
31,2026-09-10 13:32:52,compute-0-3,479.0,2578.000
32,2026-09-10 13:33:02,compute-0-1,3801.0,3144.000
32,2026-09-10 13:33:02,compute-0-2,4672.0,6781.000
32,2026-09-10 13:33:03,compute-0-3,2339.0,1860.000
33,2026-09-10 13:33:13,compute-0-1,4778.0,977.000
33,2026-09-10 13:33:14,compute-0-2,2828.0,1844.000
33,2026-09-10 13:33:14,compute-0-3,-694.0,3033.000
34,2026-09-10 13:33:24,compute-0-1,2129.0,2649.000
34,2026-09-10 13:33:25,compute-0-2,3828.0,1000.000
34,2026-09-10 13:33:25,compute-0-3,-1027.0,333.000
35,2026-09-10 13:33:35,compute-0-1,31.0,2098.000
35,2026-09-10 13:33:36,compute-0-2,-2208.0,6036.000
35,2026-09-10 13:33:36,compute-0-3,-2886.0,1859.000
36,2026-09-10 13:33:46,compute-0-1,-102.0,133.000
36,2026-09-10 13:33:47,compute-0-2,-1740.0,468.000
36,2026-09-10 13:33:47,compute-0-3,-1169.0,1717.000
37,2026-09-10 13:33:58,compute-0-1,-2687.0,2585.000
37,2026-09-10 13:33:58,compute-0-2,2057.0,3797.000
37,2026-09-10 13:33:58,compute-0-3,942.0,2111.000
38,2026-09-10 13:34:09,compute-0-1,-1479.0,1208.000
38,2026-09-10 13:34:09,compute-0-2,-2112.0,4169.000
38,2026-09-10 13:34:09,compute-0-3,1169.0,227.000
39,2026-09-10 13:34:20,compute-0-1,3946.0,5425.000
39,2026-09-10 13:34:20,compute-0-2,1555.0,3667.000
39,2026-09-10 13:34:20,compute-0-3,-240.0,1409.000
40,2026-09-10 13:34:31,compute-0-1,2406.0,1540.000
40,2026-09-10 13:34:31,compute-0-2,-7079.0,8634.000
40,2026-09-10 13:34:31,compute-0-3,419.0,659.000
41,2026-09-10 13:34:42,compute-0-1,4072.0,1666.000
41,2026-09-10 13:34:42,compute-0-2,-3855.0,3224.000
41,2026-09-10 13:34:43,compute-0-3,832.0,413.000
42,2026-09-10 13:34:53,compute-0-1,1751.0,2321.000
42,2026-09-10 13:34:53,compute-0-2,-413.0,3442.000
42,2026-09-10 13:34:54,compute-0-3,-8427.0,9259.000
43,2026-09-10 13:35:04,compute-0-1,6714.0,4963.000
43,2026-09-10 13:35:04,compute-0-2,1754.0,2167.000
43,2026-09-10 13:35:05,compute-0-3,-5509.0,2918.000
44,2026-09-10 13:35:15,compute-0-1,2555.0,4159.000
44,2026-09-10 13:35:15,compute-0-2,-1277.0,3031.000
44,2026-09-10 13:35:16,compute-0-3,-3406.0,2103.000
45,2026-09-10 13:35:26,compute-0-1,-2657.0,5212.000
45,2026-09-10 13:35:27,compute-0-2,-2093.0,816.000
45,2026-09-10 13:35:27,compute-0-3,-7465.0,4059.000
46,2026-09-10 13:35:37,compute-0-1,-1727.0,930.000
46,2026-09-10 13:35:38,compute-0-2,-6366.0,4273.000
46,2026-09-10 13:35:38,compute-0-3,713.0,8178.000
47,2026-09-10 13:35:49,compute-0-1,-2633.0,906.000
47,2026-09-10 13:35:49,compute-0-2,-6130.0,236.000
47,2026-09-10 13:35:49,compute-0-3,-7302.0,8015.000
48,2026-09-10 13:36:00,compute-0-1,1912.0,4545.000
48,2026-09-10 13:36:00,compute-0-2,-3711.0,2419.000
48,2026-09-10 13:36:00,compute-0-3,-1054.0,6248.000
49,2026-09-10 13:36:11,compute-0-1,28.0,1884.000
49,2026-09-10 13:36:11,compute-0-2,-7388.0,3677.000
49,2026-09-10 13:36:11,compute-0-3,-4361.0,3307.000
50,2026-09-10 13:36:22,compute-0-1,-1651.0,1679.000
50,2026-09-10 13:36:22,compute-0-2,-8482.0,1094.000
50,2026-09-10 13:36:23,compute-0-3,-3744.0,617.000
51,2026-09-10 13:36:33,compute-0-1,-3306.0,1655.000
51,2026-09-10 13:36:33,compute-0-2,-10801.0,2319.000
51,2026-09-10 13:36:34,compute-0-3,-5543.0,1799.000
52,2026-09-10 13:36:44,compute-0-1,-7257.0,3951.000
52,2026-09-10 13:36:44,compute-0-2,-6566.0,4235.000
52,2026-09-10 13:36:45,compute-0-3,-12064.0,6521.000
53,2026-09-10 13:36:55,compute-0-1,-6418.0,839.000
53,2026-09-10 13:36:55,compute-0-2,-9055.0,2489.000
53,2026-09-10 13:36:56,compute-0-3,-13981.0,1917.000
54,2026-09-10 13:37:06,compute-0-1,-6266.0,152.000
54,2026-09-10 13:37:07,compute-0-2,-8907.0,148.000
54,2026-09-10 13:37:07,compute-0-3,78835.0,92816.000
55,2026-09-10 13:37:17,compute-0-1,-8773.0,2507.000
55,2026-09-10 13:37:18,compute-0-2,53067.0,61974.000
55,2026-09-10 13:37:18,compute-0-3,39287.0,39548.000
56,2026-09-10 13:37:28,compute-0-1,-10175.0,1402.000
56,2026-09-10 13:37:29,compute-0-2,18828.0,34239.000
56,2026-09-10 13:37:29,compute-0-3,5487.0,33800.000
57,2026-09-10 13:37:39,compute-0-1,-12560.0,2385.000
57,2026-09-10 13:37:40,compute-0-2,4864.0,13964.000
57,2026-09-10 13:37:40,compute-0-3,-7463.0,12950.000
58,2026-09-10 13:37:50,compute-0-1,-10430.0,2130.000
58,2026-09-10 13:37:51,compute-0-2,-3652.0,8516.000
58,2026-09-10 13:37:51,compute-0-3,4347.0,11810.000
59,2026-09-10 13:38:02,compute-0-1,-15873.0,5443.000
59,2026-09-10 13:38:02,compute-0-2,388.0,4040.000
59,2026-09-10 13:38:02,compute-0-3,3624.0,723.000
60,2026-09-10 13:38:13,compute-0-1,-13858.0,2015.000
60,2026-09-10 13:38:13,compute-0-2,-7469.0,7857.000
60,2026-09-10 13:38:13,compute-0-3,7490.0,3866.000
61,2026-09-10 13:38:24,compute-0-1,142493.0,156351.000
61,2026-09-10 13:38:24,compute-0-2,-6513.0,956.000
61,2026-09-10 13:38:24,compute-0-3,2798.0,4692.000
62,2026-09-10 13:38:35,compute-0-1,149703.0,7210.000
62,2026-09-10 13:38:35,compute-0-2,-5150.0,1363.000
62,2026-09-10 13:38:36,compute-0-3,5028.0,2230.000
63,2026-09-10 13:38:46,compute-0-1,50342.0,99361.000
63,2026-09-10 13:38:46,compute-0-2,-2358.0,2792.000
63,2026-09-10 13:38:47,compute-0-3,-2492.0,7520.000
64,2026-09-10 13:38:57,compute-0-1,18372.0,31970.000
64,2026-09-10 13:38:57,compute-0-2,-5352.0,2994.000
64,2026-09-10 13:38:58,compute-0-3,589.0,3081.000
65,2026-09-10 13:39:08,compute-0-1,9387.0,8985.000
65,2026-09-10 13:39:08,compute-0-2,-3526.0,1826.000
65,2026-09-10 13:39:09,compute-0-3,1007.0,418.000
66,2026-09-10 13:39:19,compute-0-1,9026.0,361.000
66,2026-09-10 13:39:20,compute-0-2,3470.0,6996.000
66,2026-09-10 13:39:20,compute-0-3,-1446.0,2453.000
67,2026-09-10 13:39:30,compute-0-1,3423.0,5603.000
67,2026-09-10 13:39:31,compute-0-2,-270.0,3740.000
67,2026-09-10 13:39:31,compute-0-3,-1301.0,145.000
68,2026-09-10 13:39:41,compute-0-1,4387.0,964.000
68,2026-09-10 13:39:42,compute-0-2,-6322.0,6052.000
68,2026-09-10 13:39:42,compute-0-3,1980.0,3281.000
69,2026-09-10 13:39:52,compute-0-1,3132.0,1255.000
69,2026-09-10 13:39:53,compute-0-2,-1495.0,4827.000
69,2026-09-10 13:39:53,compute-0-3,-1426.0,3406.000
70,2026-09-10 13:40:04,compute-0-1,-594.0,3726.000
70,2026-09-10 13:40:04,compute-0-2,-4634.0,3139.000
70,2026-09-10 13:40:04,compute-0-3,8197.0,9623.000
71,2026-09-10 13:40:15,compute-0-1,14680.0,15274.000
71,2026-09-10 13:40:15,compute-0-2,-8363.0,3729.000
71,2026-09-10 13:40:16,compute-0-3,3704.0,4493.000
72,2026-09-10 13:40:26,compute-0-1,11997.0,2683.000
72,2026-09-10 13:40:26,compute-0-2,-6723.0,1640.000
72,2026-09-10 13:40:27,compute-0-3,-1266.0,4970.000
73,2026-09-10 13:40:37,compute-0-1,10254.0,1743.000
73,2026-09-10 13:40:37,compute-0-2,-2123.0,4600.000
73,2026-09-10 13:40:38,compute-0-3,-2113.0,847.000
74,2026-09-10 13:40:48,compute-0-1,6692.0,3562.000
74,2026-09-10 13:40:49,compute-0-2,-5640.0,3517.000
74,2026-09-10 13:40:49,compute-0-3,497.0,2610.000
75,2026-09-10 13:40:59,compute-0-1,2661.0,4031.000
75,2026-09-10 13:41:00,compute-0-2,-415.0,5225.000
75,2026-09-10 13:41:00,compute-0-3,-1983.0,2480.000
76,2026-09-10 13:41:10,compute-0-1,1594.0,1067.000
76,2026-09-10 13:41:11,compute-0-2,-3921.0,3506.000
76,2026-09-10 13:41:11,compute-0-3,-6712.0,4729.000
77,2026-09-10 13:41:21,compute-0-1,-134.0,1728.000
77,2026-09-10 13:41:22,compute-0-2,-3778.0,143.000
77,2026-09-10 13:41:22,compute-0-3,6304.0,13016.000
78,2026-09-10 13:41:33,compute-0-1,-2544.0,2410.000
78,2026-09-10 13:41:33,compute-0-2,-8649.0,4871.000
78,2026-09-10 13:41:33,compute-0-3,4887.0,1417.000
79,2026-09-10 13:41:44,compute-0-1,-3090.0,546.000
79,2026-09-10 13:41:44,compute-0-2,-1487.0,7162.000
79,2026-09-10 13:41:44,compute-0-3,5972.0,1085.000
80,2026-09-10 13:41:55,compute-0-1,22204.0,25294.000
80,2026-09-10 13:41:55,compute-0-2,-5110.0,3623.000
80,2026-09-10 13:41:55,compute-0-3,4147.0,1825.000
81,2026-09-10 13:42:06,compute-0-1,19212.0,2992.000
81,2026-09-10 13:42:06,compute-0-2,-7077.0,1967.000
81,2026-09-10 13:42:07,compute-0-3,-1027.0,5174.000
82,2026-09-10 13:42:17,compute-0-1,12273.0,6939.000
82,2026-09-10 13:42:17,compute-0-2,-8572.0,1495.000
82,2026-09-10 13:42:18,compute-0-3,757.0,1784.000
83,2026-09-10 13:42:28,compute-0-1,9584.0,2689.000
83,2026-09-10 13:42:28,compute-0-2,-7452.0,1120.000
83,2026-09-10 13:42:29,compute-0-3,-2351.0,3108.000
84,2026-09-10 13:42:39,compute-0-1,10370.0,786.000
84,2026-09-10 13:42:39,compute-0-2,-4965.0,2487.000
84,2026-09-10 13:42:40,compute-0-3,-2949.0,598.000
85,2026-09-10 13:42:50,compute-0-1,2094.0,8276.000
85,2026-09-10 13:42:51,compute-0-2,-5736.0,771.000
85,2026-09-10 13:42:51,compute-0-3,-3507.0,558.000
86,2026-09-10 13:43:01,compute-0-1,-3008.0,5102.000
86,2026-09-10 13:43:02,compute-0-2,-6063.0,327.000
86,2026-09-10 13:43:02,compute-0-3,-10462.0,6955.000
87,2026-09-10 13:43:12,compute-0-1,-6374.0,3366.000
87,2026-09-10 13:43:13,compute-0-2,-7994.0,1931.000
87,2026-09-10 13:43:13,compute-0-3,-7351.0,3111.000
88,2026-09-10 13:43:24,compute-0-1,-10386.0,4012.000
88,2026-09-10 13:43:24,compute-0-2,-5369.0,2625.000
88,2026-09-10 13:43:24,compute-0-3,2936.0,10287.000
89,2026-09-10 13:43:35,compute-0-1,14946.0,25332.000
89,2026-09-10 13:43:35,compute-0-2,-2646.0,2723.000
89,2026-09-10 13:43:36,compute-0-3,-9877.0,12813.000
90,2026-09-10 13:43:46,compute-0-1,7160.0,7786.000
90,2026-09-10 13:43:46,compute-0-2,-3674.0,1028.000
90,2026-09-10 13:43:47,compute-0-3,-6808.0,3069.000
91,2026-09-10 13:43:57,compute-0-1,5433.0,1727.000
91,2026-09-10 13:43:57,compute-0-2,-3896.0,222.000
91,2026-09-10 13:43:58,compute-0-3,-8194.0,1386.000
92,2026-09-10 13:44:08,compute-0-1,32.0,5401.000
92,2026-09-10 13:44:08,compute-0-2,-9936.0,6040.000
92,2026-09-10 13:44:09,compute-0-3,-9768.0,1574.000
93,2026-09-10 13:44:19,compute-0-1,-4070.0,4102.000
93,2026-09-10 13:44:20,compute-0-2,-2982.0,6954.000
93,2026-09-10 13:44:20,compute-0-3,-13010.0,3242.000
94,2026-09-10 13:44:30,compute-0-1,-8673.0,4603.000
94,2026-09-10 13:44:31,compute-0-2,-3066.0,84.000
94,2026-09-10 13:44:31,compute-0-3,-11079.0,1931.000
95,2026-09-10 13:44:41,compute-0-1,-8053.0,620.000
95,2026-09-10 13:44:42,compute-0-2,-322.0,2744.000
95,2026-09-10 13:44:42,compute-0-3,-14576.0,3497.000
96,2026-09-10 13:44:52,compute-0-1,-19116.0,11063.000
96,2026-09-10 13:44:53,compute-0-2,-3603.0,3281.000
96,2026-09-10 13:44:53,compute-0-3,-18472.0,3896.000
97,2026-09-10 13:45:04,compute-0-1,804.0,19920.000
97,2026-09-10 13:45:04,compute-0-2,-2954.0,649.000
97,2026-09-10 13:45:04,compute-0-3,-9683.0,8789.000
98,2026-09-10 13:45:15,compute-0-1,-1649.0,2453.000
98,2026-09-10 13:45:15,compute-0-2,-35220.0,32266.000
98,2026-09-10 13:45:16,compute-0-3,-15933.0,6250.000
99,2026-09-10 13:45:26,compute-0-1,-8412.0,6763.000
99,2026-09-10 13:45:26,compute-0-2,-34339.0,881.000
99,2026-09-10 13:45:27,compute-0-3,-18078.0,2145.000
100,2026-09-10 13:45:37,compute-0-1,-18085.0,9673.000
100,2026-09-10 13:45:37,compute-0-2,-14684.0,19655.000
100,2026-09-10 13:45:38,compute-0-3,-14976.0,3102.000
101,2026-09-10 13:45:48,compute-0-1,-30146.0,12061.000
101,2026-09-10 13:45:49,compute-0-2,-13835.0,849.000
101,2026-09-10 13:45:49,compute-0-3,-21952.0,6976.000
102,2026-09-10 13:46:00,compute-0-1,-32973.0,2827.000
102,2026-09-10 13:46:00,compute-0-2,-13230.0,605.000
102,2026-09-10 13:46:00,compute-0-3,120218.0,142170.000
103,2026-09-10 13:46:11,compute-0-1,-38759.0,5786.000
103,2026-09-10 13:46:11,compute-0-2,-16039.0,2809.000
103,2026-09-10 13:46:11,compute-0-3,50245.0,69973.000
104,2026-09-10 13:46:22,compute-0-1,-32167.0,6592.000
104,2026-09-10 13:46:22,compute-0-2,-11592.0,4447.000
104,2026-09-10 13:46:22,compute-0-3,18931.0,31314.000
105,2026-09-10 13:46:33,compute-0-1,-39074.0,6907.000
105,2026-09-10 13:46:33,compute-0-2,-14188.0,2596.000
105,2026-09-10 13:46:33,compute-0-3,10521.0,8410.000
106,2026-09-10 13:46:44,compute-0-1,-45888.0,6814.000
106,2026-09-10 13:46:44,compute-0-2,-11223.0,2965.000
106,2026-09-10 13:46:45,compute-0-3,1666.0,8855.000
107,2026-09-10 13:46:55,compute-0-1,-53258.0,7370.000
107,2026-09-10 13:46:55,compute-0-2,-8625.0,2598.000
107,2026-09-10 13:46:56,compute-0-3,1264.0,402.000
108,2026-09-10 13:47:06,compute-0-1,552476.0,605734.000
108,2026-09-10 13:47:06,compute-0-2,-8231.0,394.000
108,2026-09-10 13:47:07,compute-0-3,3849.0,2585.000
109,2026-09-10 13:47:17,compute-0-1,221827.0,330649.000
109,2026-09-10 13:47:17,compute-0-2,-5406.0,2825.000
109,2026-09-10 13:47:18,compute-0-3,-5823.0,9672.000
110,2026-09-10 13:47:28,compute-0-1,53765.0,168062.000
110,2026-09-10 13:47:29,compute-0-2,-22513.0,17107.000
110,2026-09-10 13:47:29,compute-0-3,-2580.0,3243.000
111,2026-09-10 13:47:39,compute-0-1,20199.0,33566.000
111,2026-09-10 13:47:40,compute-0-2,-18335.0,4178.000
111,2026-09-10 13:47:40,compute-0-3,-1628.0,952.000
112,2026-09-10 13:47:50,compute-0-1,15145.0,5054.000
112,2026-09-10 13:47:51,compute-0-2,-18214.0,121.000
112,2026-09-10 13:47:51,compute-0-3,-10046.0,8418.000
113,2026-09-10 13:48:01,compute-0-1,9481.0,5664.000
113,2026-09-10 13:48:02,compute-0-2,-14074.0,4140.000
113,2026-09-10 13:48:02,compute-0-3,-10677.0,631.000
114,2026-09-10 13:48:13,compute-0-1,2874.0,6607.000
114,2026-09-10 13:48:13,compute-0-2,-12035.0,2039.000
114,2026-09-10 13:48:13,compute-0-3,-10485.0,192.000
115,2026-09-10 13:48:24,compute-0-1,-4975.0,7849.000
115,2026-09-10 13:48:24,compute-0-2,-16457.0,4422.000
115,2026-09-10 13:48:24,compute-0-3,7976.0,18461.000
116,2026-09-10 13:48:35,compute-0-1,-15761.0,10786.000
116,2026-09-10 13:48:35,compute-0-2,-9188.0,7269.000
116,2026-09-10 13:48:35,compute-0-3,7674.0,302.000
117,2026-09-10 13:48:46,compute-0-1,59497.0,75258.000
117,2026-09-10 13:48:46,compute-0-2,-6112.0,3076.000
117,2026-09-10 13:48:47,compute-0-3,4560.0,3114.000
118,2026-09-10 13:48:57,compute-0-1,52478.0,7019.000
118,2026-09-10 13:48:57,compute-0-2,-10896.0,4784.000
118,2026-09-10 13:48:58,compute-0-3,-5867.0,10427.000
119,2026-09-10 13:49:08,compute-0-1,45464.0,7014.000
119,2026-09-10 13:49:08,compute-0-2,-4086.0,6810.000
119,2026-09-10 13:49:09,compute-0-3,-286.0,5581.000
120,2026-09-10 13:49:19,compute-0-1,34083.0,11381.000
120,2026-09-10 13:49:19,compute-0-2,-2795.0,1291.000
120,2026-09-10 13:49:20,compute-0-3,-5943.0,5657.000
121,2026-09-10 13:49:30,compute-0-1,31286.0,2797.000
121,2026-09-10 13:49:30,compute-0-2,-23638.0,20843.000
121,2026-09-10 13:49:31,compute-0-3,-9251.0,3308.000
122,2026-09-10 13:49:41,compute-0-1,20587.0,10699.000
122,2026-09-10 13:49:42,compute-0-2,-21563.0,2075.000
122,2026-09-10 13:49:42,compute-0-3,-1863.0,7388.000
123,2026-09-10 13:49:52,compute-0-1,-2372.0,22959.000
123,2026-09-10 13:49:53,compute-0-2,-15049.0,6514.000
123,2026-09-10 13:49:53,compute-0-3,-7691.0,5828.000
124,2026-09-10 13:50:04,compute-0-1,-5430.0,3058.000
124,2026-09-10 13:50:04,compute-0-2,-12605.0,2444.000
124,2026-09-10 13:50:04,compute-0-3,-130.0,7561.000
125,2026-09-10 13:50:15,compute-0-1,-13071.0,7641.000
125,2026-09-10 13:50:15,compute-0-2,-3261.0,9344.000
125,2026-09-10 13:50:15,compute-0-3,3321.0,3451.000
126,2026-09-10 13:50:26,compute-0-1,-23625.0,10554.000
126,2026-09-10 13:50:26,compute-0-2,-4861.0,1600.000
126,2026-09-10 13:50:26,compute-0-3,3979.0,658.000
127,2026-09-10 13:50:37,compute-0-1,59279.0,82904.000
127,2026-09-10 13:50:37,compute-0-2,-428.0,4433.000
127,2026-09-10 13:50:38,compute-0-3,575.0,3404.000
128,2026-09-10 13:50:48,compute-0-1,47377.0,11902.000
128,2026-09-10 13:50:48,compute-0-2,3838.0,4266.000
128,2026-09-10 13:50:49,compute-0-3,-1741.0,2316.000
129,2026-09-10 13:50:59,compute-0-1,37401.0,9976.000
129,2026-09-10 13:50:59,compute-0-2,8219.0,4381.000
129,2026-09-10 13:51:00,compute-0-3,-6606.0,4865.000
130,2026-09-10 13:51:10,compute-0-1,28281.0,9120.000
130,2026-09-10 13:51:10,compute-0-2,11944.0,3725.000
130,2026-09-10 13:51:11,compute-0-3,-9057.0,2451.000
131,2026-09-10 13:51:21,compute-0-1,13003.0,15278.000
131,2026-09-10 13:51:22,compute-0-2,-7266.0,19210.000
131,2026-09-10 13:51:22,compute-0-3,-13438.0,4381.000
132,2026-09-10 13:51:32,compute-0-1,8216.0,4787.000
132,2026-09-10 13:51:33,compute-0-2,1046.0,8312.000
132,2026-09-10 13:51:33,compute-0-3,-12119.0,1319.000
133,2026-09-10 13:51:43,compute-0-1,1318.0,6898.000
133,2026-09-10 13:51:44,compute-0-2,-617.0,1663.000
133,2026-09-10 13:51:44,compute-0-3,-15353.0,3234.000
134,2026-09-10 13:51:54,compute-0-1,-11073.0,12391.000
134,2026-09-10 13:51:55,compute-0-2,6209.0,6826.000
134,2026-09-10 13:51:55,compute-0-3,-13374.0,1979.000
135,2026-09-10 13:52:05,compute-0-1,-20645.0,9572.000
135,2026-09-10 13:52:06,compute-0-2,11588.0,5379.000
135,2026-09-10 13:52:06,compute-0-3,-14363.0,989.000
136,2026-09-10 13:52:17,compute-0-1,40660.0,61305.000
136,2026-09-10 13:52:17,compute-0-2,24612.0,13024.000
136,2026-09-10 13:52:17,compute-0-3,-11666.0,2697.000
137,2026-09-10 13:52:28,compute-0-1,28717.0,11943.000
137,2026-09-10 13:52:28,compute-0-2,25319.0,707.000
137,2026-09-10 13:52:29,compute-0-3,-4705.0,6961.000
138,2026-09-10 13:52:39,compute-0-1,11785.0,16932.000
138,2026-09-10 13:52:39,compute-0-2,31978.0,6659.000
138,2026-09-10 13:52:40,compute-0-3,-8923.0,4218.000
139,2026-09-10 13:52:50,compute-0-1,6029.0,5756.000
139,2026-09-10 13:52:50,compute-0-2,37610.0,5632.000
139,2026-09-10 13:52:51,compute-0-3,-11131.0,2208.000
140,2026-09-10 13:53:01,compute-0-1,-8574.0,14603.000
140,2026-09-10 13:53:01,compute-0-2,40046.0,2436.000
140,2026-09-10 13:53:02,compute-0-3,-12438.0,1307.000
141,2026-09-10 13:53:12,compute-0-1,-13606.0,5032.000
141,2026-09-10 13:53:13,compute-0-2,-486936.0,526982.000
141,2026-09-10 13:53:13,compute-0-3,-22210.0,9772.000
142,2026-09-10 13:53:23,compute-0-1,-29743.0,16137.000
142,2026-09-10 13:53:24,compute-0-2,-208735.0,278201.000
142,2026-09-10 13:53:24,compute-0-3,-20892.0,1318.000
143,2026-09-10 13:53:34,compute-0-1,-40821.0,11078.000
143,2026-09-10 13:53:35,compute-0-2,-81651.0,127084.000
143,2026-09-10 13:53:35,compute-0-3,-17349.0,3543.000
144,2026-09-10 13:53:45,compute-0-1,-50739.0,9918.000
144,2026-09-10 13:53:46,compute-0-2,-44023.0,37628.000
144,2026-09-10 13:53:46,compute-0-3,-25379.0,8030.000
145,2026-09-10 13:53:57,compute-0-1,-65172.0,14433.000
145,2026-09-10 13:53:57,compute-0-2,-35324.0,8699.000
145,2026-09-10 13:53:57,compute-0-3,-27613.0,2234.000
146,2026-09-10 13:54:08,compute-0-1,-73761.0,8589.000
146,2026-09-10 13:54:08,compute-0-2,-38269.0,2945.000
146,2026-09-10 13:54:08,compute-0-3,-23050.0,4563.000
147,2026-09-10 13:54:19,compute-0-1,-84495.0,10734.000
147,2026-09-10 13:54:19,compute-0-2,-29174.0,9095.000
147,2026-09-10 13:54:19,compute-0-3,101554.0,124604.000
148,2026-09-10 13:54:30,compute-0-1,-49787.0,34708.000
148,2026-09-10 13:54:30,compute-0-2,-22677.0,6497.000
148,2026-09-10 13:54:30,compute-0-3,156710.0,55156.000
149,2026-09-10 13:54:41,compute-0-1,-66958.0,17171.000
149,2026-09-10 13:54:41,compute-0-2,-14639.0,8038.000
149,2026-09-10 13:54:42,compute-0-3,41470.0,115240.000
150,2026-09-10 13:54:52,compute-0-1,-82442.0,15484.000
150,2026-09-10 13:54:52,compute-0-2,-11792.0,2847.000
150,2026-09-10 13:54:53,compute-0-3,11673.0,29797.000
151,2026-09-10 13:55:03,compute-0-1,-100377.0,17935.000
151,2026-09-10 13:55:03,compute-0-2,-337.0,11455.000
151,2026-09-10 13:55:04,compute-0-3,-3431.0,15104.000
152,2026-09-10 13:55:14,compute-0-1,-117341.0,16964.000
152,2026-09-10 13:55:14,compute-0-2,562.0,899.000
152,2026-09-10 13:55:15,compute-0-3,-4379.0,948.000
153,2026-09-10 13:55:25,compute-0-1,-134667.0,17326.000
153,2026-09-10 13:55:26,compute-0-2,-67293.0,67855.000
153,2026-09-10 13:55:26,compute-0-3,-5473.0,1094.000
154,2026-09-10 13:55:36,compute-0-1,423142.0,557809.000
154,2026-09-10 13:55:37,compute-0-2,-64130.0,3163.000
154,2026-09-10 13:55:37,compute-0-3,-1207.0,4266.000
155,2026-09-10 13:55:47,compute-0-1,1154252.0,731110.000
155,2026-09-10 13:55:48,compute-0-2,-52514.0,11616.000
155,2026-09-10 13:55:48,compute-0-3,-425.0,782.000
156,2026-09-10 13:55:58,compute-0-1,403641.0,750611.000
156,2026-09-10 13:55:59,compute-0-2,-44481.0,8033.000
156,2026-09-10 13:55:59,compute-0-3,-7623.0,7198.000
157,2026-09-10 13:56:10,compute-0-1,67697.0,335944.000
157,2026-09-10 13:56:10,compute-0-2,-34512.0,9969.000
157,2026-09-10 13:56:10,compute-0-3,-10225.0,2602.000
158,2026-09-10 13:56:21,compute-0-1,-1535.0,69232.000
158,2026-09-10 13:56:21,compute-0-2,-30872.0,3640.000
158,2026-09-10 13:56:21,compute-0-3,-5441.0,4784.000
159,2026-09-10 13:56:32,compute-0-1,-12478.0,10943.000
159,2026-09-10 13:56:32,compute-0-2,-19191.0,11681.000
159,2026-09-10 13:56:32,compute-0-3,4294.0,9735.000
160,2026-09-10 13:56:43,compute-0-1,-37850.0,25372.000
160,2026-09-10 13:56:43,compute-0-2,-11340.0,7851.000
160,2026-09-10 13:56:43,compute-0-3,4333.0,39.000
161,2026-09-10 13:56:54,compute-0-1,138537.0,176387.000
161,2026-09-10 13:56:54,compute-0-2,-3044.0,8296.000
161,2026-09-10 13:56:55,compute-0-3,-4375.0,8708.000
162,2026-09-10 13:57:05,compute-0-1,127835.0,10702.000
162,2026-09-10 13:57:05,compute-0-2,5319.0,8363.000
162,2026-09-10 13:57:06,compute-0-3,263.0,4638.000
163,2026-09-10 13:57:16,compute-0-1,102323.0,25512.000
163,2026-09-10 13:57:16,compute-0-2,15573.0,10254.000
163,2026-09-10 13:57:17,compute-0-3,-8909.0,9172.000
164,2026-09-10 13:57:27,compute-0-1,92319.0,10004.000
164,2026-09-10 13:57:27,compute-0-2,22331.0,6758.000
164,2026-09-10 13:57:28,compute-0-3,1112.0,10021.000
165,2026-09-10 13:57:38,compute-0-1,74922.0,17397.000
165,2026-09-10 13:57:39,compute-0-2,27484.0,5153.000
165,2026-09-10 13:57:39,compute-0-3,-6202.0,7314.000
166,2026-09-10 13:57:49,compute-0-1,47593.0,27329.000
166,2026-09-10 13:57:50,compute-0-2,-41110.0,68594.000
166,2026-09-10 13:57:50,compute-0-3,-12277.0,6075.000
167,2026-09-10 13:58:00,compute-0-1,38481.0,9112.000
167,2026-09-10 13:58:01,compute-0-2,-30777.0,10333.000
167,2026-09-10 13:58:01,compute-0-3,-8494.0,3783.000
168,2026-09-10 13:58:11,compute-0-1,23526.0,14955.000
168,2026-09-10 13:58:12,compute-0-2,-17396.0,13381.000
168,2026-09-10 13:58:12,compute-0-3,-10073.0,1579.000
169,2026-09-10 13:58:23,compute-0-1,-2605.0,26131.000
169,2026-09-10 13:58:23,compute-0-2,-3780.0,13616.000
169,2026-09-10 13:58:23,compute-0-3,-14005.0,3932.000
170,2026-09-10 13:58:34,compute-0-1,-17502.0,14897.000
170,2026-09-10 13:58:34,compute-0-2,2016.0,5796.000
170,2026-09-10 13:58:34,compute-0-3,-13715.0,290.000
171,2026-09-10 13:58:45,compute-0-1,-37318.0,19816.000
171,2026-09-10 13:58:45,compute-0-2,15659.0,13643.000
171,2026-09-10 13:58:45,compute-0-3,-262.0,13453.000
172,2026-09-10 13:58:56,compute-0-1,-59509.0,22191.000
172,2026-09-10 13:58:56,compute-0-2,29562.0,13903.000
172,2026-09-10 13:58:56,compute-0-3,1255.0,1517.000
173,2026-09-10 13:59:07,compute-0-1,134259.0,193768.000
173,2026-09-10 13:59:07,compute-0-2,38632.0,9070.000
173,2026-09-10 13:59:08,compute-0-3,-6359.0,7614.000
174,2026-09-10 13:59:18,compute-0-1,126694.0,7565.000
174,2026-09-10 13:59:18,compute-0-2,54105.0,15473.000
174,2026-09-10 13:59:19,compute-0-3,-5058.0,1301.000
175,2026-09-10 13:59:29,compute-0-1,89298.0,37396.000
175,2026-09-10 13:59:29,compute-0-2,68069.0,13964.000
175,2026-09-10 13:59:30,compute-0-3,-9915.0,4857.000
176,2026-09-10 13:59:40,compute-0-1,70035.0,19263.000
176,2026-09-10 13:59:40,compute-0-2,73641.0,5572.000
176,2026-09-10 13:59:41,compute-0-3,-5890.0,4025.000
177,2026-09-10 13:59:51,compute-0-1,38163.0,31872.000
177,2026-09-10 13:59:52,compute-0-2,31716.0,41925.000
177,2026-09-10 13:59:52,compute-0-3,-6772.0,882.000
178,2026-09-10 14:00:02,compute-0-1,22734.0,15429.000
178,2026-09-10 14:00:03,compute-0-2,56872.0,25156.000
178,2026-09-10 14:00:03,compute-0-3,-12373.0,5601.000
179,2026-09-10 14:00:13,compute-0-1,4688.0,18046.000
179,2026-09-10 14:00:14,compute-0-2,66917.0,10045.000
179,2026-09-10 14:00:14,compute-0-3,-14408.0,2035.000
180,2026-09-10 14:00:24,compute-0-1,-28147.0,32835.000
180,2026-09-10 14:00:25,compute-0-2,89716.0,22799.000
180,2026-09-10 14:00:25,compute-0-3,-18968.0,4560.000
181,2026-09-10 14:00:36,compute-0-1,-45697.0,17550.000
181,2026-09-10 14:00:36,compute-0-2,107160.0,17444.000
181,2026-09-10 14:00:36,compute-0-3,-13252.0,5716.000
182,2026-09-10 14:00:47,compute-0-1,-63986.0,18289.000
182,2026-09-10 14:00:47,compute-0-2,124530.0,17370.000
182,2026-09-10 14:00:47,compute-0-3,-5481.0,7771.000
183,2026-09-10 14:00:58,compute-0-1,82464.0,146450.000
183,2026-09-10 14:00:58,compute-0-2,-326598.0,451128.000
183,2026-09-10 14:00:59,compute-0-3,-14468.0,8987.000
184,2026-09-10 14:01:09,compute-0-1,56687.0,25777.000
184,2026-09-10 14:01:09,compute-0-2,-1056760.0,730162.000
184,2026-09-10 14:01:10,compute-0-3,-10322.0,4146.000
185,2026-09-10 14:01:20,compute-0-1,18443.0,38244.000
185,2026-09-10 14:01:20,compute-0-2,-334126.0,722634.000
185,2026-09-10 14:01:21,compute-0-3,-9605.0,717.000
186,2026-09-10 14:01:31,compute-0-1,-3314.0,21757.000
186,2026-09-10 14:01:32,compute-0-2,-47692.0,286434.000
186,2026-09-10 14:01:32,compute-0-3,-17525.0,7920.000
187,2026-09-10 14:01:42,compute-0-1,-29299.0,25985.000
187,2026-09-10 14:01:43,compute-0-2,-147939.0,100247.000
187,2026-09-10 14:01:43,compute-0-3,-15546.0,1979.000
188,2026-09-10 14:01:53,compute-0-1,-68302.0,39003.000
188,2026-09-10 14:01:54,compute-0-2,-126933.0,21006.000
188,2026-09-10 14:01:54,compute-0-3,-16576.0,1030.000
189,2026-09-10 14:02:04,compute-0-1,-85201.0,16899.000
189,2026-09-10 14:02:05,compute-0-2,-118768.0,8165.000
189,2026-09-10 14:02:05,compute-0-3,-12651.0,3925.000
190,2026-09-10 14:02:16,compute-0-1,-121090.0,35889.000
190,2026-09-10 14:02:16,compute-0-2,-90085.0,28683.000
190,2026-09-10 14:02:16,compute-0-3,-16823.0,4172.000
191,2026-09-10 14:02:27,compute-0-1,-140497.0,19407.000
191,2026-09-10 14:02:27,compute-0-2,-77035.0,13050.000
191,2026-09-10 14:02:27,compute-0-3,-17366.0,543.000
192,2026-09-10 14:02:38,compute-0-1,-166760.0,26263.000
192,2026-09-10 14:02:38,compute-0-2,-55954.0,21081.000
192,2026-09-10 14:02:38,compute-0-3,-15951.0,1415.000
193,2026-09-10 14:02:49,compute-0-1,-190181.0,23421.000
193,2026-09-10 14:02:49,compute-0-2,-43147.0,12807.000
193,2026-09-10 14:02:49,compute-0-3,-16195.0,244.000
194,2026-09-10 14:03:00,compute-0-1,-75361.0,114820.000
194,2026-09-10 14:03:00,compute-0-2,-30170.0,12977.000
194,2026-09-10 14:03:01,compute-0-3,35995.0,52190.000
195,2026-09-10 14:03:11,compute-0-1,-110176.0,34815.000
195,2026-09-10 14:03:11,compute-0-2,-4589.0,25581.000
195,2026-09-10 14:03:12,compute-0-3,127998.0,92003.000
196,2026-09-10 14:03:22,compute-0-1,-150047.0,39871.000
196,2026-09-10 14:03:22,compute-0-2,12574.0,17163.000
196,2026-09-10 14:03:23,compute-0-3,37758.0,90240.000
197,2026-09-10 14:03:33,compute-0-1,-183928.0,33881.000
197,2026-09-10 14:03:33,compute-0-2,28850.0,16276.000
197,2026-09-10 14:03:34,compute-0-3,3277.0,34481.000
198,2026-09-10 14:03:44,compute-0-1,-226954.0,43026.000
198,2026-09-10 14:03:45,compute-0-2,54071.0,25221.000
198,2026-09-10 14:03:45,compute-0-3,-9417.0,12694.000
199,2026-09-10 14:03:55,compute-0-1,-266197.0,39243.000
199,2026-09-10 14:03:56,compute-0-2,-138254.0,192325.000
199,2026-09-10 14:03:56,compute-0-3,-4477.0,4940.000
200,2026-09-10 14:04:06,compute-0-1,-302699.0,36502.000
200,2026-09-10 14:04:07,compute-0-2,-116577.0,21677.000
200,2026-09-10 14:04:07,compute-0-3,-8890.0,4413.000
201,2026-09-10 14:04:18,compute-0-1,-335278.0,32579.000
201,2026-09-10 14:04:18,compute-0-2,-60826.0,55751.000
201,2026-09-10 14:04:18,compute-0-3,-16254.0,7364.000
202,2026-09-10 14:04:29,compute-0-1,1370643.0,1705921.000
202,2026-09-10 14:04:29,compute-0-2,-33385.0,27441.000
202,2026-09-10 14:04:29,compute-0-3,2328.0,18582.000
203,2026-09-10 14:04:40,compute-0-1,1897695.0,527052.000
203,2026-09-10 14:04:40,compute-0-2,-9444.0,23941.000
203,2026-09-10 14:04:41,compute-0-3,926.0,1402.000
204,2026-09-10 14:04:51,compute-0-1,1000321.0,897374.000
204,2026-09-10 14:04:51,compute-0-2,10609.0,20053.000
204,2026-09-10 14:04:52,compute-0-3,-5915.0,6841.000
205,2026-09-10 14:05:02,compute-0-1,518928.0,481393.000
205,2026-09-10 14:05:02,compute-0-2,36504.0,25895.000
205,2026-09-10 14:05:03,compute-0-3,3404.0,9319.000
206,2026-09-10 14:05:13,compute-0-1,265806.0,253122.000
206,2026-09-10 14:05:13,compute-0-2,57753.0,21249.000
206,2026-09-10 14:05:14,compute-0-3,-7302.0,10706.000
207,2026-09-10 14:05:24,compute-0-1,221663.0,44143.000
207,2026-09-10 14:05:24,compute-0-2,74738.0,16985.000
207,2026-09-10 14:05:25,compute-0-3,-8806.0,1504.000
208,2026-09-10 14:05:35,compute-0-1,202898.0,18765.000
208,2026-09-10 14:05:36,compute-0-2,105257.0,30519.000
208,2026-09-10 14:05:36,compute-0-3,-7607.0,1199.000
209,2026-09-10 14:05:46,compute-0-1,145391.0,57507.000
209,2026-09-10 14:05:47,compute-0-2,-72635.0,177892.000
209,2026-09-10 14:05:47,compute-0-3,-9650.0,2043.000
210,2026-09-10 14:05:57,compute-0-1,113938.0,31453.000
210,2026-09-10 14:05:58,compute-0-2,-49950.0,22685.000
210,2026-09-10 14:05:58,compute-0-3,-8234.0,1416.000
211,2026-09-10 14:06:08,compute-0-1,59185.0,54753.000
211,2026-09-10 14:06:09,compute-0-2,-10663.0,39287.000
211,2026-09-10 14:06:09,compute-0-3,-10137.0,1903.000
212,2026-09-10 14:06:20,compute-0-1,27937.0,31248.000
212,2026-09-10 14:06:20,compute-0-2,14074.0,24737.000
212,2026-09-10 14:06:20,compute-0-3,-7934.0,2203.000
213,2026-09-10 14:06:31,compute-0-1,2412.0,25525.000
213,2026-09-10 14:06:31,compute-0-2,42750.0,28676.000
213,2026-09-10 14:06:31,compute-0-3,-9906.0,1972.000
214,2026-09-10 14:06:42,compute-0-1,-112778.0,115190.000
214,2026-09-10 14:06:42,compute-0-2,101304.0,58554.000
214,2026-09-10 14:06:43,compute-0-3,-1787.0,8119.000
215,2026-09-10 14:06:53,compute-0-1,301428.0,414206.000
215,2026-09-10 14:06:53,compute-0-2,133199.0,31895.000
215,2026-09-10 14:06:54,compute-0-3,4048.0,5835.000
216,2026-09-10 14:07:04,compute-0-1,265410.0,36018.000
216,2026-09-10 14:07:04,compute-0-2,167803.0,34604.000
216,2026-09-10 14:07:05,compute-0-3,-5558.0,9606.000
217,2026-09-10 14:07:15,compute-0-1,231501.0,33909.000
217,2026-09-10 14:07:15,compute-0-2,185696.0,17893.000
217,2026-09-10 14:07:16,compute-0-3,-2040.0,3518.000
218,2026-09-10 14:07:26,compute-0-1,163737.0,67764.000
218,2026-09-10 14:07:27,compute-0-2,218118.0,32422.000
218,2026-09-10 14:07:27,compute-0-3,-12139.0,10099.000
219,2026-09-10 14:07:37,compute-0-1,128416.0,35321.000
219,2026-09-10 14:07:38,compute-0-2,126617.0,91501.000
219,2026-09-10 14:07:38,compute-0-3,-7818.0,4321.000
220,2026-09-10 14:07:48,compute-0-1,97876.0,30540.000
220,2026-09-10 14:07:49,compute-0-2,174363.0,47746.000
220,2026-09-10 14:07:49,compute-0-3,-10167.0,2349.000
221,2026-09-10 14:07:59,compute-0-1,30600.0,67276.000
221,2026-09-10 14:08:00,compute-0-2,208148.0,33785.000
221,2026-09-10 14:08:00,compute-0-3,-13896.0,3729.000
222,2026-09-10 14:08:11,compute-0-1,-865.0,31465.000
222,2026-09-10 14:08:11,compute-0-2,256193.0,48045.000
222,2026-09-10 14:08:11,compute-0-3,-11137.0,2759.000
223,2026-09-10 14:08:22,compute-0-1,-45739.0,44874.000
223,2026-09-10 14:08:22,compute-0-2,290906.0,34713.000
223,2026-09-10 14:08:22,compute-0-3,-10136.0,1001.000
224,2026-09-10 14:08:33,compute-0-1,-110558.0,64819.000
224,2026-09-10 14:08:33,compute-0-2,-780969.0,1071875.000
224,2026-09-10 14:08:33,compute-0-3,-4016.0,6120.000
225,2026-09-10 14:08:44,compute-0-1,-147675.0,37117.000
225,2026-09-10 14:08:44,compute-0-2,-2479500.0,1698531.000
225,2026-09-10 14:08:44,compute-0-3,-2892.0,1124.000
226,2026-09-10 14:08:55,compute-0-1,-182146.0,34471.000
226,2026-09-10 14:08:55,compute-0-2,-874141.0,1605359.000
226,2026-09-10 14:08:56,compute-0-3,-5215.0,2323.000
227,2026-09-10 14:09:06,compute-0-1,291423.0,473569.000
227,2026-09-10 14:09:06,compute-0-2,-197889.0,676252.000
227,2026-09-10 14:09:07,compute-0-3,-2742.0,2473.000
228,2026-09-10 14:09:17,compute-0-1,216585.0,74838.000
228,2026-09-10 14:09:17,compute-0-2,-24905.0,172984.000
228,2026-09-10 14:09:18,compute-0-3,-12472.0,9730.000
229,2026-09-10 14:09:28,compute-0-1,162138.0,54447.000
229,2026-09-10 14:09:28,compute-0-2,18260.0,43165.000
229,2026-09-10 14:09:29,compute-0-3,-4067.0,8405.000
230,2026-09-10 14:09:39,compute-0-1,114253.0,47885.000
230,2026-09-10 14:09:40,compute-0-2,73271.0,55011.000
230,2026-09-10 14:09:40,compute-0-3,-10031.0,5964.000
231,2026-09-10 14:09:50,compute-0-1,33978.0,80275.000
231,2026-09-10 14:09:51,compute-0-2,97669.0,24398.000
231,2026-09-10 14:09:51,compute-0-3,-5233.0,4798.000
232,2026-09-10 14:10:01,compute-0-1,-12723.0,46701.000
232,2026-09-10 14:10:02,compute-0-2,-263992.0,361661.000
232,2026-09-10 14:10:02,compute-0-3,-8617.0,3384.000
233,2026-09-10 14:10:13,compute-0-1,-68891.0,56168.000
233,2026-09-10 14:10:13,compute-0-2,-128003.0,135989.000
233,2026-09-10 14:10:13,compute-0-3,-14881.0,6264.000
234,2026-09-10 14:10:24,compute-0-1,-231298.0,162407.000
234,2026-09-10 14:10:24,compute-0-2,-101643.0,26360.000
234,2026-09-10 14:10:24,compute-0-3,-3200.0,11681.000
235,2026-09-10 14:10:35,compute-0-1,-302132.0,70834.000
235,2026-09-10 14:10:35,compute-0-2,-49585.0,52058.000
235,2026-09-10 14:10:36,compute-0-3,-11239.0,8039.000
236,2026-09-10 14:10:46,compute-0-1,124484.0,426616.000
236,2026-09-10 14:10:46,compute-0-2,-11760.0,37825.000
236,2026-09-10 14:10:47,compute-0-3,-11008.0,231.000
237,2026-09-10 14:10:57,compute-0-1,70212.0,54272.000
237,2026-09-10 14:10:57,compute-0-2,33590.0,45350.000
237,2026-09-10 14:10:58,compute-0-3,-7508.0,3500.000
238,2026-09-10 14:11:08,compute-0-1,-17460.0,87672.000
238,2026-09-10 14:11:08,compute-0-2,71871.0,38281.000
238,2026-09-10 14:11:09,compute-0-3,-10073.0,2565.000
239,2026-09-10 14:11:19,compute-0-1,-52667.0,35207.000
239,2026-09-10 14:11:20,compute-0-2,109093.0,37222.000
239,2026-09-10 14:11:20,compute-0-3,-10128.0,55.000
240,2026-09-10 14:11:30,compute-0-1,-133765.0,81098.000
240,2026-09-10 14:11:31,compute-0-2,161974.0,52881.000
240,2026-09-10 14:11:31,compute-0-3,-11035.0,907.000
241,2026-09-10 14:11:41,compute-0-1,-218391.0,84626.000
241,2026-09-10 14:11:42,compute-0-2,-214867.0,376841.000
241,2026-09-10 14:11:42,compute-0-3,-3372.0,7663.000
242,2026-09-10 14:11:52,compute-0-1,-276817.0,58426.000
242,2026-09-10 14:11:53,compute-0-2,-176513.0,38354.000
242,2026-09-10 14:11:53,compute-0-3,68077.0,71449.000
243,2026-09-10 14:12:04,compute-0-1,-338620.0,61803.000
243,2026-09-10 14:12:04,compute-0-2,-102512.0,74001.000
243,2026-09-10 14:12:04,compute-0-3,21213.0,46864.000
244,2026-09-10 14:12:15,compute-0-1,-418692.0,80072.000
244,2026-09-10 14:12:15,compute-0-2,-64475.0,38037.000
244,2026-09-10 14:12:15,compute-0-3,4642.0,16571.000
245,2026-09-10 14:12:26,compute-0-1,-471080.0,52388.000
245,2026-09-10 14:12:26,compute-0-2,-19328.0,45147.000
245,2026-09-10 14:12:26,compute-0-3,-8163.0,12805.000
246,2026-09-10 14:12:37,compute-0-1,-524142.0,53062.000
246,2026-09-10 14:12:37,compute-0-2,49708.0,69036.000
246,2026-09-10 14:12:37,compute-0-3,-5630.0,2533.000
247,2026-09-10 14:12:48,compute-0-1,-591696.0,67554.000
247,2026-09-10 14:12:48,compute-0-2,88975.0,39267.000
247,2026-09-10 14:12:49,compute-0-3,1278.0,6908.000
248,2026-09-10 14:12:59,compute-0-1,-490171.0,101525.000
248,2026-09-10 14:12:59,compute-0-2,135236.0,46261.000
248,2026-09-10 14:13:00,compute-0-3,-3285.0,4563.000
249,2026-09-10 14:13:10,compute-0-1,-600805.0,110634.000
249,2026-09-10 14:13:10,compute-0-2,192790.0,57554.000
249,2026-09-10 14:13:11,compute-0-3,-1563.0,1722.000
250,2026-09-10 14:13:21,compute-0-1,-726694.0,125889.000
250,2026-09-10 14:13:21,compute-0-2,235513.0,42723.000
250,2026-09-10 14:13:22,compute-0-3,-3930.0,2367.000
251,2026-09-10 14:13:32,compute-0-1,494939.0,1221633.000
251,2026-09-10 14:13:33,compute-0-2,278879.0,43366.000
251,2026-09-10 14:13:33,compute-0-3,-5778.0,1848.000
252,2026-09-10 14:13:43,compute-0-1,872865.0,377926.000
252,2026-09-10 14:13:44,compute-0-2,335914.0,57035.000
252,2026-09-10 14:13:44,compute-0-3,-5607.0,171.000
253,2026-09-10 14:13:54,compute-0-1,2033097.0,1160232.000
253,2026-09-10 14:13:55,compute-0-2,84454.0,251460.000
253,2026-09-10 14:13:55,compute-0-3,-8868.0,3261.000
254,2026-09-10 14:14:05,compute-0-1,4751072.0,2717975.000
254,2026-09-10 14:14:06,compute-0-2,147724.0,63270.000
254,2026-09-10 14:14:06,compute-0-3,-7347.0,1521.000
255,2026-09-10 14:14:17,compute-0-1,2276335.0,2474737.000
255,2026-09-10 14:14:17,compute-0-2,228484.0,80760.000
255,2026-09-10 14:14:17,compute-0-3,-3673.0,3674.000
256,2026-09-10 14:14:28,compute-0-1,470903.0,1805432.000
256,2026-09-10 14:14:28,compute-0-2,289568.0,61084.000
256,2026-09-10 14:14:28,compute-0-3,-7441.0,3768.000
257,2026-09-10 14:14:39,compute-0-1,17318.0,453585.000
257,2026-09-10 14:14:39,compute-0-2,368483.0,78915.000
257,2026-09-10 14:14:39,compute-0-3,-9396.0,1955.000
258,2026-09-10 14:14:50,compute-0-1,-114797.0,132115.000
258,2026-09-10 14:14:50,compute-0-2,429582.0,61099.000
258,2026-09-10 14:14:50,compute-0-3,2657.0,12053.000
259,2026-09-10 14:15:01,compute-0-1,-153578.0,38781.000
259,2026-09-10 14:15:01,compute-0-2,491568.0,61986.000
259,2026-09-10 14:15:02,compute-0-3,-5361.0,8018.000
260,2026-09-10 14:15:12,compute-0-1,-211312.0,57734.000
260,2026-09-10 14:15:12,compute-0-2,555670.0,64102.000
260,2026-09-10 14:15:13,compute-0-3,-5374.0,13.000
261,2026-09-10 14:15:23,compute-0-1,694914.0,906226.000
261,2026-09-10 14:15:23,compute-0-2,604801.0,49131.000
261,2026-09-10 14:15:24,compute-0-3,-4177.0,1197.000
262,2026-09-10 14:15:34,compute-0-1,634855.0,60059.000
262,2026-09-10 14:15:34,compute-0-2,-4999069.0,5603870.000
262,2026-09-10 14:15:35,compute-0-3,-4863.0,686.000
263,2026-09-10 14:15:45,compute-0-1,491618.0,143237.000
263,2026-09-10 14:15:46,compute-0-2,-2365363.0,2633706.000
263,2026-09-10 14:15:46,compute-0-3,-1048.0,3815.000
264,2026-09-10 14:15:56,compute-0-1,406687.0,84931.000
264,2026-09-10 14:15:57,compute-0-2,-525220.0,1840143.000
264,2026-09-10 14:15:57,compute-0-3,-2363.0,1315.000
265,2026-09-10 14:16:07,compute-0-1,346671.0,60016.000
265,2026-09-10 14:16:08,compute-0-2,50512.0,575732.000
265,2026-09-10 14:16:08,compute-0-3,-5293.0,2930.000
266,2026-09-10 14:16:18,compute-0-1,211920.0,134751.000
266,2026-09-10 14:16:19,compute-0-2,-423707.0,474219.000
266,2026-09-10 14:16:19,compute-0-3,-6578.0,1285.000
267,2026-09-10 14:16:30,compute-0-1,130876.0,81044.000
267,2026-09-10 14:16:30,compute-0-2,-351523.0,72184.000
267,2026-09-10 14:16:30,compute-0-3,-10008.0,3430.000
268,2026-09-10 14:16:41,compute-0-1,46319.0,84557.000
268,2026-09-10 14:16:41,compute-0-2,-268049.0,83474.000
268,2026-09-10 14:16:41,compute-0-3,-5871.0,4137.000
269,2026-09-10 14:16:52,compute-0-1,-96561.0,142880.000
269,2026-09-10 14:16:52,compute-0-2,-222308.0,45741.000
269,2026-09-10 14:16:52,compute-0-3,-6105.0,234.000
270,2026-09-10 14:17:03,compute-0-1,-175436.0,78875.000
270,2026-09-10 14:17:03,compute-0-2,-153819.0,68489.000
270,2026-09-10 14:17:04,compute-0-3,-5307.0,798.000
271,2026-09-10 14:17:14,compute-0-1,-254341.0,78905.000
271,2026-09-10 14:17:14,compute-0-2,-102282.0,51537.000
271,2026-09-10 14:17:15,compute-0-3,-4064.0,1243.000
272,2026-09-10 14:17:25,compute-0-1,795118.0,1049459.000
272,2026-09-10 14:17:25,compute-0-2,-3731.0,98551.000
272,2026-09-10 14:17:26,compute-0-3,-6017.0,1953.000
273,2026-09-10 14:17:36,compute-0-1,701932.0,93186.000
273,2026-09-10 14:17:36,compute-0-2,54380.0,58111.000
273,2026-09-10 14:17:37,compute-0-3,-1921.0,4096.000
274,2026-09-10 14:17:47,compute-0-1,611088.0,90844.000
274,2026-09-10 14:17:47,compute-0-2,95785.0,41405.000
274,2026-09-10 14:17:48,compute-0-3,-3612.0,1691.000
275,2026-09-10 14:17:58,compute-0-1,193164.0,417924.000
275,2026-09-10 14:17:59,compute-0-2,-387379.0,483164.000
275,2026-09-10 14:17:59,compute-0-3,-6778.0,3166.000
276,2026-09-10 14:18:09,compute-0-1,113652.0,79512.000
276,2026-09-10 14:18:10,compute-0-2,-314747.0,72632.000
276,2026-09-10 14:18:10,compute-0-3,-5668.0,1110.000
277,2026-09-10 14:18:21,compute-0-1,9488.0,104164.000
277,2026-09-10 14:18:21,compute-0-2,-204337.0,110410.000
277,2026-09-10 14:18:21,compute-0-3,-7358.0,1690.000
278,2026-09-10 14:18:32,compute-0-1,-154202.0,163690.000
278,2026-09-10 14:18:32,compute-0-2,-105496.0,98841.000
278,2026-09-10 14:18:32,compute-0-3,-5010.0,2348.000
279,2026-09-10 14:18:43,compute-0-1,-246025.0,91823.000
279,2026-09-10 14:18:43,compute-0-2,-23753.0,81743.000
279,2026-09-10 14:18:43,compute-0-3,-4688.0,322.000
280,2026-09-10 14:18:54,compute-0-1,-336266.0,90241.000
280,2026-09-10 14:18:54,compute-0-2,101284.0,125037.000
280,2026-09-10 14:18:55,compute-0-3,-2768.0,1920.000
281,2026-09-10 14:19:05,compute-0-1,-481876.0,145610.000
281,2026-09-10 14:19:05,compute-0-2,184031.0,82747.000
281,2026-09-10 14:19:06,compute-0-3,-3706.0,938.000
282,2026-09-10 14:19:16,compute-0-1,659400.0,1141276.000
282,2026-09-10 14:19:16,compute-0-2,262274.0,78243.000
282,2026-09-10 14:19:17,compute-0-3,-5368.0,1662.000
283,2026-09-10 14:19:27,compute-0-1,539750.0,119650.000
283,2026-09-10 14:19:27,compute-0-2,381883.0,119609.000
283,2026-09-10 14:19:28,compute-0-3,-747.0,4621.000
284,2026-09-10 14:19:38,compute-0-1,345352.0,194398.000
284,2026-09-10 14:19:39,compute-0-2,468367.0,86484.000
284,2026-09-10 14:19:39,compute-0-3,-6619.0,5872.000
285,2026-09-10 14:19:49,compute-0-1,225714.0,119638.000
285,2026-09-10 14:19:50,compute-0-2,540310.0,71943.000
285,2026-09-10 14:19:50,compute-0-3,-940.0,5679.000
286,2026-09-10 14:20:00,compute-0-1,108143.0,117571.000
286,2026-09-10 14:20:01,compute-0-2,657460.0,117150.000
286,2026-09-10 14:20:01,compute-0-3,-1918.0,978.000
287,2026-09-10 14:20:11,compute-0-1,-123704.0,231847.000
287,2026-09-10 14:20:12,compute-0-2,267666.0,389794.000
287,2026-09-10 14:20:12,compute-0-3,-5950.0,4032.000
288,2026-09-10 14:20:22,compute-0-1,-241443.0,117739.000
288,2026-09-10 14:20:23,compute-0-2,421587.0,153921.000
288,2026-09-10 14:20:23,compute-0-3,-4464.0,1486.000
289,2026-09-10 14:20:34,compute-0-1,-621055.0,379612.000
289,2026-09-10 14:20:34,compute-0-2,631664.0,210077.000
289,2026-09-10 14:20:34,compute-0-3,42333.0,46797.000
290,2026-09-10 14:20:45,compute-0-1,-702337.0,81282.000
290,2026-09-10 14:20:45,compute-0-2,727388.0,95724.000
290,2026-09-10 14:20:46,compute-0-3,23306.0,19027.000
291,2026-09-10 14:20:56,compute-0-1,-796675.0,94338.000
291,2026-09-10 14:20:56,compute-0-2,811067.0,83679.000
291,2026-09-10 14:20:57,compute-0-3,6614.0,16692.000
292,2026-09-10 14:21:07,compute-0-1,117719.0,914394.000
292,2026-09-10 14:21:07,compute-0-2,913812.0,102745.000
292,2026-09-10 14:21:08,compute-0-3,-1130.0,7744.000
293,2026-09-10 14:21:18,compute-0-1,-21919.0,139638.000
293,2026-09-10 14:21:18,compute-0-2,1006037.0,92225.000
293,2026-09-10 14:21:19,compute-0-3,47.0,1177.000
294,2026-09-10 14:21:29,compute-0-1,-185927.0,164008.000
294,2026-09-10 14:21:30,compute-0-2,1074251.0,68214.000
294,2026-09-10 14:21:30,compute-0-3,-589.0,636.000
295,2026-09-10 14:21:40,compute-0-1,-404195.0,218268.000
295,2026-09-10 14:21:41,compute-0-2,-7308547.0,8382798.000
295,2026-09-10 14:21:41,compute-0-3,47.0,636.000
296,2026-09-10 14:21:51,compute-0-1,-560839.0,156644.000
296,2026-09-10 14:21:52,compute-0-2,-2935948.0,4372599.000
296,2026-09-10 14:21:52,compute-0-3,1257.0,1210.000
297,2026-09-10 14:22:02,compute-0-1,-738974.0,178135.000
297,2026-09-10 14:22:03,compute-0-2,-532628.0,2403320.000
297,2026-09-10 14:22:03,compute-0-3,-6844.0,8101.000
298,2026-09-10 14:22:14,compute-0-1,-944236.0,205262.000
298,2026-09-10 14:22:14,compute-0-2,-811524.0,278896.000
298,2026-09-10 14:22:14,compute-0-3,2160.0,9004.000
299,2026-09-10 14:22:25,compute-0-1,-1101990.0,157754.000
299,2026-09-10 14:22:25,compute-0-2,-550902.0,260622.000
299,2026-09-10 14:22:25,compute-0-3,-2285.0,4445.000
300,2026-09-10 14:22:36,compute-0-1,-1272781.0,170791.000
300,2026-09-10 14:22:36,compute-0-2,-314679.0,236223.000
300,2026-09-10 14:22:36,compute-0-3,806.0,3091.000
301,2026-09-10 14:22:47,compute-0-1,-1526853.0,254072.000
301,2026-09-10 14:22:47,compute-0-2,-195714.0,118965.000
301,2026-09-10 14:22:47,compute-0-3,1972.0,1166.000
302,2026-09-10 14:22:58,compute-0-1,-1804354.0,277501.000
302,2026-09-10 14:22:58,compute-0-2,-74773.0,120941.000
302,2026-09-10 14:22:59,compute-0-3,-566.0,2538.000
303,2026-09-10 14:23:09,compute-0-1,-1983864.0,179510.000
303,2026-09-10 14:23:09,compute-0-2,62442.0,137215.000
303,2026-09-10 14:23:10,compute-0-3,1258.0,1824.000
304,2026-09-10 14:23:20,compute-0-1,1914992.0,3898856.000
304,2026-09-10 14:23:20,compute-0-2,301567.0,239125.000
304,2026-09-10 14:23:21,compute-0-3,745.0,513.000
305,2026-09-10 14:23:31,compute-0-1,12063999.0,10149007.000
305,2026-09-10 14:23:31,compute-0-2,418295.0,116728.000
305,2026-09-10 14:23:32,compute-0-3,4999.0,4254.000
306,2026-09-10 14:23:42,compute-0-1,11280457.0,783542.000
306,2026-09-10 14:23:43,compute-0-2,552198.0,133903.000
306,2026-09-10 14:23:43,compute-0-3,2649.0,2350.000
307,2026-09-10 14:23:53,compute-0-1,3449170.0,7831287.000
307,2026-09-10 14:23:54,compute-0-2,652315.0,100117.000
307,2026-09-10 14:23:54,compute-0-3,-402.0,3051.000
308,2026-09-10 14:24:04,compute-0-1,689360.0,2759810.000
308,2026-09-10 14:24:05,compute-0-2,751297.0,98982.000
308,2026-09-10 14:24:05,compute-0-3,342.0,744.000
309,2026-09-10 14:24:16,compute-0-1,-156757.0,846117.000
309,2026-09-10 14:24:16,compute-0-2,218146.0,533151.000
309,2026-09-10 14:24:16,compute-0-3,-1643.0,1985.000
310,2026-09-10 14:24:27,compute-0-1,-464917.0,308160.000
310,2026-09-10 14:24:27,compute-0-2,535751.0,317605.000
310,2026-09-10 14:24:28,compute-0-3,579.0,2222.000
311,2026-09-10 14:24:38,compute-0-1,1060638.0,1525555.000
311,2026-09-10 14:24:39,compute-0-2,825002.0,289251.000
311,2026-09-10 14:24:39,compute-0-3,504.0,75.000
312,2026-09-10 14:24:49,compute-0-1,415260.0,645378.000
312,2026-09-10 14:24:50,compute-0-2,421831.0,403171.000
312,2026-09-10 14:24:50,compute-0-3,415.0,89.000
313,2026-09-10 14:25:01,compute-0-1,261385.0,153875.000
313,2026-09-10 14:25:01,compute-0-2,589772.0,167941.000
313,2026-09-10 14:25:01,compute-0-3,646.0,231.000
314,2026-09-10 14:25:12,compute-0-1,134528.0,126857.000
314,2026-09-10 14:25:12,compute-0-2,892865.0,303093.000
314,2026-09-10 14:25:12,compute-0-3,-4484.0,5130.000
315,2026-09-10 14:25:23,compute-0-1,-146027.0,280555.000
315,2026-09-10 14:25:23,compute-0-2,1056147.0,163282.000
315,2026-09-10 14:25:23,compute-0-3,-738.0,3746.000
316,2026-09-10 14:25:34,compute-0-1,-298422.0,152395.000
316,2026-09-10 14:25:34,compute-0-2,1215020.0,158873.000
316,2026-09-10 14:25:35,compute-0-3,6366.0,7104.000
317,2026-09-10 14:25:45,compute-0-1,-424151.0,125729.000
317,2026-09-10 14:25:45,compute-0-2,1381660.0,166640.000
317,2026-09-10 14:25:46,compute-0-3,1040.0,5326.000
318,2026-09-10 14:25:56,compute-0-1,-683803.0,259652.000
318,2026-09-10 14:25:56,compute-0-2,1496003.0,114343.000
318,2026-09-10 14:25:57,compute-0-3,1132.0,92.000
319,2026-09-10 14:26:07,compute-0-1,650146.0,1333949.000
319,2026-09-10 14:26:08,compute-0-2,1611814.0,115811.000
319,2026-09-10 14:26:08,compute-0-3,-6204.0,7336.000
320,2026-09-10 14:26:18,compute-0-1,486021.0,164125.000
320,2026-09-10 14:26:19,compute-0-2,-8705719.0,10317533.000
320,2026-09-10 14:26:19,compute-0-3,-3849.0,2355.000
321,2026-09-10 14:26:29,compute-0-1,291142.0,194879.000
321,2026-09-10 14:26:30,compute-0-2,-3024180.0,5681539.000
321,2026-09-10 14:26:30,compute-0-3,-10358.0,6509.000
322,2026-09-10 14:26:41,compute-0-1,-11022.0,302164.000
322,2026-09-10 14:26:41,compute-0-2,-1912738.0,1111442.000
322,2026-09-10 14:26:41,compute-0-3,880.0,11238.000
323,2026-09-10 14:26:52,compute-0-1,-163925.0,152903.000
323,2026-09-10 14:26:52,compute-0-2,-850576.0,1062162.000
323,2026-09-10 14:26:52,compute-0-3,-8598.0,9478.000
324,2026-09-10 14:27:03,compute-0-1,-336092.0,172167.000
324,2026-09-10 14:27:03,compute-0-2,-365027.0,485549.000
324,2026-09-10 14:27:03,compute-0-3,-5080.0,3518.000
325,2026-09-10 14:27:14,compute-0-1,-642472.0,306380.000
325,2026-09-10 14:27:14,compute-0-2,206456.0,571483.000
325,2026-09-10 14:27:14,compute-0-3,-6776.0,1696.000
326,2026-09-10 14:27:25,compute-0-1,-812826.0,170354.000
326,2026-09-10 14:27:25,compute-0-2,333802.0,127346.000
326,2026-09-10 14:27:26,compute-0-3,-3851.0,2925.000
327,2026-09-10 14:27:36,compute-0-1,-980747.0,167921.000
327,2026-09-10 14:27:36,compute-0-2,565124.0,231322.000
327,2026-09-10 14:27:37,compute-0-3,-2739.0,1112.000
328,2026-09-10 14:27:47,compute-0-1,707537.0,1688284.000
328,2026-09-10 14:27:47,compute-0-2,758700.0,193576.000
328,2026-09-10 14:27:48,compute-0-3,-9045.0,6306.000
329,2026-09-10 14:27:58,compute-0-1,473561.0,233976.000
329,2026-09-10 14:27:58,compute-0-2,940725.0,182025.000
329,2026-09-10 14:27:59,compute-0-3,-7451.0,1594.000
330,2026-09-10 14:28:09,compute-0-1,250366.0,223195.000
330,2026-09-10 14:28:10,compute-0-2,1199142.0,258417.000
330,2026-09-10 14:28:10,compute-0-3,-14094.0,6643.000
331,2026-09-10 14:28:20,compute-0-1,-378488.0,628854.000
331,2026-09-10 14:28:21,compute-0-2,1393183.0,194041.000
331,2026-09-10 14:28:21,compute-0-3,-12379.0,1715.000
332,2026-09-10 14:28:31,compute-0-1,-1054369.0,675881.000
332,2026-09-10 14:28:32,compute-0-2,1576689.0,183506.000
332,2026-09-10 14:28:32,compute-0-3,-18521.0,6142.000
333,2026-09-10 14:28:42,compute-0-1,-1525000.0,470631.000
333,2026-09-10 14:28:43,compute-0-2,1778016.0,201327.000
333,2026-09-10 14:28:43,compute-0-3,126381.0,144902.000
334,2026-09-10 14:28:54,compute-0-1,-2135595.0,610595.000
334,2026-09-10 14:28:54,compute-0-2,1520837.0,257179.000
334,2026-09-10 14:28:54,compute-0-3,66577.0,59804.000
335,2026-09-10 14:29:05,compute-0-1,-2231318.0,95723.000
335,2026-09-10 14:29:05,compute-0-2,1752571.0,231734.000
335,2026-09-10 14:29:06,compute-0-3,15472.0,51105.000
336,2026-09-10 14:29:16,compute-0-1,-2253366.0,22048.000
336,2026-09-10 14:29:16,compute-0-2,1957231.0,204660.000
336,2026-09-10 14:29:17,compute-0-3,14668.0,804.000
337,2026-09-10 14:29:27,compute-0-1,-2297322.0,43956.000
337,2026-09-10 14:29:27,compute-0-2,2170500.0,213269.000
337,2026-09-10 14:29:28,compute-0-3,14016.0,652.000
338,2026-09-10 14:29:38,compute-0-1,-1463229.0,834093.000
338,2026-09-10 14:29:38,compute-0-2,-11209646.0,13380146.000
338,2026-09-10 14:29:39,compute-0-3,11480.0,2536.000
339,2026-09-10 14:29:49,compute-0-1,-1585810.0,122581.000
339,2026-09-10 14:29:49,compute-0-2,-7872611.0,3337035.000
339,2026-09-10 14:29:50,compute-0-3,6368.0,5112.000
340,2026-09-10 14:30:00,compute-0-1,-1831164.0,245354.000
340,2026-09-10 14:30:01,compute-0-2,-2448610.0,5424001.000
340,2026-09-10 14:30:01,compute-0-3,12568.0,6200.000
341,2026-09-10 14:30:11,compute-0-1,-2020374.0,189210.000
341,2026-09-10 14:30:12,compute-0-2,-292743.0,2155867.000
341,2026-09-10 14:30:12,compute-0-3,5560.0,7008.000
342,2026-09-10 14:30:22,compute-0-1,-2134492.0,114118.000
342,2026-09-10 14:30:23,compute-0-2,566142.0,858885.000
342,2026-09-10 14:30:23,compute-0-3,5622.0,62.000
343,2026-09-10 14:30:34,compute-0-1,-2235777.0,101285.000
343,2026-09-10 14:30:34,compute-0-2,-377768.0,943910.000
343,2026-09-10 14:30:34,compute-0-3,-412.0,6034.000
344,2026-09-10 14:30:45,compute-0-1,-2222596.0,13181.000
344,2026-09-10 14:30:45,compute-0-2,-61380.0,316388.000
344,2026-09-10 14:30:45,compute-0-3,-9001.0,8589.000
345,2026-09-10 14:30:56,compute-0-1,12819769.0,15042365.000
345,2026-09-10 14:30:56,compute-0-2,379960.0,441340.000
345,2026-09-10 14:30:57,compute-0-3,-6573.0,2428.000
346,2026-09-10 14:31:07,compute-0-1,4796852.0,8022917.000
346,2026-09-10 14:31:07,compute-0-2,667480.0,287520.000
346,2026-09-10 14:31:08,compute-0-3,13834.0,20407.000
347,2026-09-10 14:31:18,compute-0-1,1551984.0,3244868.000
347,2026-09-10 14:31:19,compute-0-2,1275257.0,607777.000
347,2026-09-10 14:31:19,compute-0-3,8749.0,5085.000
348,2026-09-10 14:31:29,compute-0-1,612748.0,939236.000
348,2026-09-10 14:31:30,compute-0-2,1499851.0,224594.000
348,2026-09-10 14:31:30,compute-0-3,1280.0,7469.000
349,2026-09-10 14:31:40,compute-0-1,639457.0,26709.000
349,2026-09-10 14:31:41,compute-0-2,1764453.0,264602.000
349,2026-09-10 14:31:41,compute-0-3,-2275.0,3555.000
350,2026-09-10 14:31:51,compute-0-1,498033.0,141424.000
350,2026-09-10 14:31:52,compute-0-2,2048208.0,283755.000
350,2026-09-10 14:31:52,compute-0-3,2045.0,4320.000
351,2026-09-10 14:32:03,compute-0-1,381771.0,116262.000
351,2026-09-10 14:32:03,compute-0-2,2240585.0,192377.000
351,2026-09-10 14:32:03,compute-0-3,-5370.0,7415.000
352,2026-09-10 14:32:14,compute-0-1,238214.0,143557.000
352,2026-09-10 14:32:14,compute-0-2,1893469.0,347116.000
352,2026-09-10 14:32:14,compute-0-3,-5513.0,143.000
353,2026-09-10 14:32:25,compute-0-1,74763.0,163451.000
353,2026-09-10 14:32:25,compute-0-2,2284961.0,391492.000
353,2026-09-10 14:32:25,compute-0-3,-6534.0,1021.000
354,2026-09-10 14:32:36,compute-0-1,-173697.0,248460.000
354,2026-09-10 14:32:36,compute-0-2,2528425.0,243464.000
354,2026-09-10 14:32:36,compute-0-3,-7122.0,588.000
355,2026-09-10 14:32:47,compute-0-1,-683138.0,509441.000
355,2026-09-10 14:32:47,compute-0-2,2653999.0,125574.000
355,2026-09-10 14:32:48,compute-0-3,3350.0,10472.000
356,2026-09-10 14:32:58,compute-0-1,1039077.0,1722215.000
356,2026-09-10 14:32:59,compute-0-2,-11199132.0,13853131.000
356,2026-09-10 14:32:59,compute-0-3,4546.0,1196.000
357,2026-09-10 14:33:09,compute-0-1,328044.0,711033.000
357,2026-09-10 14:33:10,compute-0-2,-4133902.0,7065230.000
357,2026-09-10 14:33:10,compute-0-3,-2327.0,6873.000
358,2026-09-10 14:33:21,compute-0-1,178476.0,149568.000
358,2026-09-10 14:33:21,compute-0-2,-510025.0,3623877.000
358,2026-09-10 14:33:21,compute-0-3,-9593.0,7266.000
359,2026-09-10 14:33:32,compute-0-1,-111213.0,289689.000
359,2026-09-10 14:33:32,compute-0-2,-996695.0,486670.000
359,2026-09-10 14:33:32,compute-0-3,-11704.0,2111.000
360,2026-09-10 14:33:43,compute-0-1,-292677.0,181464.000
360,2026-09-10 14:33:43,compute-0-2,-169483.0,827212.000
360,2026-09-10 14:33:43,compute-0-3,-3674.0,8030.000
361,2026-09-10 14:33:54,compute-0-1,-465194.0,172517.000
361,2026-09-10 14:33:54,compute-0-2,255020.0,424503.000
361,2026-09-10 14:33:55,compute-0-3,-18785.0,15111.000
362,2026-09-10 14:34:05,compute-0-1,-748799.0,283605.000
362,2026-09-10 14:34:05,compute-0-2,559135.0,304115.000
362,2026-09-10 14:34:06,compute-0-3,2337.0,21122.000
363,2026-09-10 14:34:16,compute-0-1,-927434.0,178635.000
363,2026-09-10 14:34:16,compute-0-2,1018897.0,459762.000
363,2026-09-10 14:34:17,compute-0-3,5872.0,3535.000
364,2026-09-10 14:34:27,compute-0-1,-1081316.0,153882.000
364,2026-09-10 14:34:27,compute-0-2,1399810.0,380913.000
364,2026-09-10 14:34:28,compute-0-3,-5908.0,11780.000
365,2026-09-10 14:34:38,compute-0-1,496858.0,1578174.000
365,2026-09-10 14:34:39,compute-0-2,1660696.0,260886.000
365,2026-09-10 14:34:39,compute-0-3,-9387.0,3479.000
366,2026-09-10 14:34:49,compute-0-1,264408.0,232450.000
366,2026-09-10 14:34:50,compute-0-2,1893924.0,233228.000
366,2026-09-10 14:34:50,compute-0-3,-7150.0,2237.000
367,2026-09-10 14:35:00,compute-0-1,-81650.0,346058.000
367,2026-09-10 14:35:01,compute-0-2,2200264.0,306340.000
367,2026-09-10 14:35:01,compute-0-3,-8929.0,1779.000
368,2026-09-10 14:35:11,compute-0-1,-326225.0,244575.000
368,2026-09-10 14:35:12,compute-0-2,2464385.0,264121.000
368,2026-09-10 14:35:12,compute-0-3,-11489.0,2560.000
369,2026-09-10 14:35:22,compute-0-1,-801835.0,475610.000
369,2026-09-10 14:35:23,compute-0-2,2673483.0,209098.000
369,2026-09-10 14:35:23,compute-0-3,-14505.0,3016.000
370,2026-09-10 14:35:34,compute-0-1,-1408714.0,606879.000
370,2026-09-10 14:35:34,compute-0-2,2752257.0,78774.000
370,2026-09-10 14:35:34,compute-0-3,-17601.0,3096.000
371,2026-09-10 14:35:45,compute-0-1,-1958078.0,549364.000
371,2026-09-10 14:35:45,compute-0-2,2694470.0,57787.000
371,2026-09-10 14:35:45,compute-0-3,-19207.0,1606.000
372,2026-09-10 14:35:56,compute-0-1,-2430061.0,471983.000
372,2026-09-10 14:35:56,compute-0-2,-11009821.0,13704291.000
372,2026-09-10 14:35:57,compute-0-3,-18109.0,1098.000
373,2026-09-10 14:36:07,compute-0-1,-2597251.0,167190.000
373,2026-09-10 14:36:07,compute-0-2,-4205843.0,6803978.000
373,2026-09-10 14:36:08,compute-0-3,-17401.0,708.000
374,2026-09-10 14:36:18,compute-0-1,-1844625.0,752626.000
374,2026-09-10 14:36:18,compute-0-2,-1096170.0,3109673.000
374,2026-09-10 14:36:19,compute-0-3,-23180.0,5779.000
375,2026-09-10 14:36:29,compute-0-1,-1964010.0,119385.000
375,2026-09-10 14:36:30,compute-0-2,45622.0,1141792.000
375,2026-09-10 14:36:30,compute-0-3,-26113.0,2933.000
376,2026-09-10 14:36:40,compute-0-1,-2100863.0,136853.000
376,2026-09-10 14:36:41,compute-0-2,656958.0,611336.000
376,2026-09-10 14:36:41,compute-0-3,-25717.0,396.000
377,2026-09-10 14:36:51,compute-0-1,-2155095.0,54232.000
377,2026-09-10 14:36:52,compute-0-2,1032531.0,375573.000
377,2026-09-10 14:36:52,compute-0-3,268842.0,294559.000
378,2026-09-10 14:37:02,compute-0-1,-2216065.0,60970.000
378,2026-09-10 14:37:03,compute-0-2,1415566.0,383035.000
378,2026-09-10 14:37:03,compute-0-3,200685.0,68157.000
379,2026-09-10 14:37:14,compute-0-1,-2241343.0,25278.000
379,2026-09-10 14:37:14,compute-0-2,1675620.0,260054.000
379,2026-09-10 14:37:14,compute-0-3,55644.0,145041.000
380,2026-09-10 14:37:25,compute-0-1,-2237402.0,3941.000
380,2026-09-10 14:37:25,compute-0-2,1934913.0,259293.000
380,2026-09-10 14:37:25,compute-0-3,11381.0,44263.000
381,2026-09-10 14:37:36,compute-0-1,3983067.0,6220469.000
381,2026-09-10 14:37:36,compute-0-2,1316951.0,617962.000
381,2026-09-10 14:37:36,compute-0-3,-3340.0,14721.000
382,2026-09-10 14:37:47,compute-0-1,11147347.0,7164280.000
382,2026-09-10 14:37:47,compute-0-2,1738476.0,421525.000
382,2026-09-10 14:37:47,compute-0-3,-11022.0,7682.000
383,2026-09-10 14:37:58,compute-0-1,3908896.0,7238451.000
383,2026-09-10 14:37:58,compute-0-2,2228535.0,490059.000
383,2026-09-10 14:37:59,compute-0-3,23312.0,34334.000
384,2026-09-10 14:38:09,compute-0-1,1706091.0,2202805.000
384,2026-09-10 14:38:10,compute-0-2,2530949.0,302414.000
384,2026-09-10 14:38:10,compute-0-3,17262.0,6050.000
385,2026-09-10 14:38:20,compute-0-1,920861.0,785230.000
385,2026-09-10 14:38:21,compute-0-2,2693599.0,162650.000
385,2026-09-10 14:38:21,compute-0-3,9306.0,7956.000
386,2026-09-10 14:38:32,compute-0-1,383170.0,537691.000
386,2026-09-10 14:38:32,compute-0-2,2700555.0,6956.000
386,2026-09-10 14:38:32,compute-0-3,2704.0,6602.000
387,2026-09-10 14:38:43,compute-0-1,365153.0,18017.000
387,2026-09-10 14:38:43,compute-0-2,-9713044.0,12413599.000
387,2026-09-10 14:38:43,compute-0-3,-3826.0,6530.000
388,2026-09-10 14:38:54,compute-0-1,244619.0,120534.000
388,2026-09-10 14:38:54,compute-0-2,-2615760.0,7097284.000
388,2026-09-10 14:38:54,compute-0-3,-5537.0,1711.000
389,2026-09-10 14:39:05,compute-0-1,-23768.0,268387.000
389,2026-09-10 14:39:05,compute-0-2,-1618738.0,997022.000
389,2026-09-10 14:39:06,compute-0-3,-12558.0,7021.000
390,2026-09-10 14:39:16,compute-0-1,-183303.0,159535.000
390,2026-09-10 14:39:16,compute-0-2,-497103.0,1121635.000
390,2026-09-10 14:39:17,compute-0-3,-13421.0,863.000
391,2026-09-10 14:39:27,compute-0-1,842982.0,1026285.000
391,2026-09-10 14:39:28,compute-0-2,1056554.0,1553657.000
391,2026-09-10 14:39:28,compute-0-3,9172.0,22593.000
392,2026-09-10 14:39:38,compute-0-1,668922.0,174060.000
392,2026-09-10 14:39:39,compute-0-2,1366472.0,309918.000
392,2026-09-10 14:39:39,compute-0-3,8128.0,1044.000
393,2026-09-10 14:39:50,compute-0-1,-9222.0,678144.000
393,2026-09-10 14:39:50,compute-0-2,1920320.0,553848.000
393,2026-09-10 14:39:50,compute-0-3,-8879.0,17007.000
394,2026-09-10 14:40:01,compute-0-1,-288460.0,279238.000
394,2026-09-10 14:40:01,compute-0-2,1223442.0,696878.000
394,2026-09-10 14:40:02,compute-0-3,-14287.0,5408.000
395,2026-09-10 14:40:12,compute-0-1,-460106.0,171646.000
395,2026-09-10 14:40:12,compute-0-2,1648291.0,424849.000
395,2026-09-10 14:40:13,compute-0-3,21974.0,36261.000
396,2026-09-10 14:40:23,compute-0-1,-732356.0,272250.000
396,2026-09-10 14:40:23,compute-0-2,1985510.0,337219.000
396,2026-09-10 14:40:24,compute-0-3,16822.0,5152.000
397,2026-09-10 14:40:34,compute-0-1,-901769.0,169413.000
397,2026-09-10 14:40:34,compute-0-2,2274066.0,288556.000
397,2026-09-10 14:40:35,compute-0-3,16442.0,380.000
398,2026-09-10 14:40:45,compute-0-1,945226.0,1846995.000
398,2026-09-10 14:40:46,compute-0-2,2568215.0,294149.000
398,2026-09-10 14:40:46,compute-0-3,4767.0,11675.000
399,2026-09-10 14:40:56,compute-0-1,605800.0,339426.000
399,2026-09-10 14:40:57,compute-0-2,2695651.0,127436.000
399,2026-09-10 14:40:57,compute-0-3,7533.0,2766.000
400,2026-09-10 14:41:07,compute-0-1,264392.0,341408.000
400,2026-09-10 14:41:08,compute-0-2,-8819528.0,11515179.000
400,2026-09-10 14:41:08,compute-0-3,-2334.0,9867.000
401,2026-09-10 14:41:19,compute-0-1,47825.0,216567.000
401,2026-09-10 14:41:19,compute-0-2,-7571258.0,1248270.000
401,2026-09-10 14:41:19,compute-0-3,-9329.0,6995.000
402,2026-09-10 14:41:30,compute-0-1,-271044.0,318869.000
402,2026-09-10 14:41:30,compute-0-2,-2046743.0,5524515.000
402,2026-09-10 14:41:30,compute-0-3,-14374.0,5045.000
403,2026-09-10 14:41:41,compute-0-1,-492821.0,221777.000
403,2026-09-10 14:41:41,compute-0-2,332031.0,2378774.000
403,2026-09-10 14:41:41,compute-0-3,-15251.0,877.000
404,2026-09-10 14:41:53,compute-0-1,-818773.0,325952.000
404,2026-09-10 14:41:53,compute-0-2,1159445.0,827414.000
404,2026-09-10 14:41:54,compute-0-3,-25875.0,10624.000
405,2026-09-10 14:42:04,compute-0-1,-1041998.0,223225.000
405,2026-09-10 14:42:04,compute-0-2,244166.0,915279.000
405,2026-09-10 14:42:05,compute-0-3,-25604.0,271.000
406,2026-09-10 14:42:15,compute-0-1,-1654583.0,612585.000
406,2026-09-10 14:42:15,compute-0-2,580839.0,336673.000
406,2026-09-10 14:42:16,compute-0-3,11209.0,36813.000
407,2026-09-10 14:42:26,compute-0-1,-2144708.0,490125.000
407,2026-09-10 14:42:26,compute-0-2,895908.0,315069.000
407,2026-09-10 14:42:27,compute-0-3,3806.0,7403.000
408,2026-09-10 14:42:37,compute-0-1,-2454803.0,310095.000
408,2026-09-10 14:42:37,compute-0-2,1381528.0,485620.000
408,2026-09-10 14:42:38,compute-0-3,-5147.0,8953.000
409,2026-09-10 14:42:48,compute-0-1,-1664548.0,790255.000
409,2026-09-10 14:42:49,compute-0-2,1766185.0,384657.000
409,2026-09-10 14:42:49,compute-0-3,-14533.0,9386.000
410,2026-09-10 14:42:59,compute-0-1,-1872331.0,207783.000
410,2026-09-10 14:43:00,compute-0-2,2109207.0,343022.000
410,2026-09-10 14:43:00,compute-0-3,-12945.0,1588.000
411,2026-09-10 14:43:10,compute-0-1,-2003043.0,130712.000
411,2026-09-10 14:43:11,compute-0-2,2396846.0,287639.000
411,2026-09-10 14:43:11,compute-0-3,-27818.0,14873.000
412,2026-09-10 14:43:22,compute-0-1,-2222735.0,219692.000
412,2026-09-10 14:43:22,compute-0-2,2703018.0,306172.000
412,2026-09-10 14:43:22,compute-0-3,-33798.0,5980.000
413,2026-09-10 14:43:33,compute-0-1,-2297910.0,75175.000
413,2026-09-10 14:43:33,compute-0-2,2789262.0,86244.000
413,2026-09-10 14:43:33,compute-0-3,-34577.0,779.000
414,2026-09-10 14:43:44,compute-0-1,-2313647.0,15737.000
414,2026-09-10 14:43:44,compute-0-2,2713562.0,75700.000
414,2026-09-10 14:43:45,compute-0-3,-40654.0,6077.000
415,2026-09-10 14:43:55,compute-0-1,-2292684.0,20963.000
415,2026-09-10 14:43:55,compute-0-2,-11856101.0,14569663.000
415,2026-09-10 14:43:56,compute-0-3,-46354.0,5700.000
416,2026-09-10 14:44:06,compute-0-1,-2267152.0,25532.000
416,2026-09-10 14:44:06,compute-0-2,-4679702.0,7176399.000
416,2026-09-10 14:44:07,compute-0-3,-35411.0,10943.000
417,2026-09-10 14:44:17,compute-0-1,2943463.0,5210615.000
417,2026-09-10 14:44:17,compute-0-2,-1348631.0,3331071.000
417,2026-09-10 14:44:18,compute-0-3,-42825.0,7414.000
418,2026-09-10 14:44:28,compute-0-1,15338584.0,12395121.000
418,2026-09-10 14:44:29,compute-0-2,320752.0,1669383.000
418,2026-09-10 14:44:29,compute-0-3,-47590.0,4765.000
419,2026-09-10 14:44:39,compute-0-1,5277446.0,10061138.000
419,2026-09-10 14:44:40,compute-0-2,880470.0,559718.000
419,2026-09-10 14:44:40,compute-0-3,-57027.0,9437.000
420,2026-09-10 14:44:50,compute-0-1,974155.0,4303291.000
420,2026-09-10 14:44:51,compute-0-2,1363436.0,482966.000
420,2026-09-10 14:44:51,compute-0-3,137070.0,194097.000
421,2026-09-10 14:45:02,compute-0-1,227621.0,746534.000
421,2026-09-10 14:45:02,compute-0-2,1690178.0,326742.000
421,2026-09-10 14:45:02,compute-0-3,481764.0,344694.000
422,2026-09-10 14:45:13,compute-0-1,292962.0,65341.000
422,2026-09-10 14:45:13,compute-0-2,2114108.0,423930.000
422,2026-09-10 14:45:13,compute-0-3,146324.0,335440.000
423,2026-09-10 14:45:24,compute-0-1,278688.0,14274.000
423,2026-09-10 14:45:24,compute-0-2,2370937.0,256829.000
423,2026-09-10 14:45:24,compute-0-3,16552.0,129772.000
424,2026-09-10 14:45:35,compute-0-1,160228.0,118460.000
424,2026-09-10 14:45:35,compute-0-2,2508114.0,137177.000
424,2026-09-10 14:45:36,compute-0-3,-11834.0,28386.000
425,2026-09-10 14:45:46,compute-0-1,-101390.0,261618.000
425,2026-09-10 14:45:46,compute-0-2,2260096.0,248018.000
425,2026-09-10 14:45:47,compute-0-3,-16687.0,4853.000
426,2026-09-10 14:45:57,compute-0-1,-232392.0,131002.000
426,2026-09-10 14:45:57,compute-0-2,2593334.0,333238.000
426,2026-09-10 14:45:58,compute-0-3,-15051.0,1636.000
427,2026-09-10 14:46:08,compute-0-1,-399492.0,167100.000
427,2026-09-10 14:46:09,compute-0-2,2765542.0,172208.000
427,2026-09-10 14:46:09,compute-0-3,32763.0,47814.000
428,2026-09-10 14:46:20,compute-0-1,173198.0,572690.000
428,2026-09-10 14:46:20,compute-0-2,-10764818.0,13530360.000
428,2026-09-10 14:46:20,compute-0-3,-8583.0,41346.000
429,2026-09-10 14:46:31,compute-0-1,40096.0,133102.000
429,2026-09-10 14:46:31,compute-0-2,-4632263.0,6132555.000
429,2026-09-10 14:46:32,compute-0-3,-15743.0,7160.000
430,2026-09-10 14:46:42,compute-0-1,-238414.0,278510.000
430,2026-09-10 14:46:42,compute-0-2,-440351.0,4191912.000
430,2026-09-10 14:46:43,compute-0-3,-23817.0,8074.000
431,2026-09-10 14:46:53,compute-0-1,-373016.0,134602.000
431,2026-09-10 14:46:53,compute-0-2,-492389.0,52038.000
431,2026-09-10 14:46:54,compute-0-3,-25377.0,1560.000
432,2026-09-10 14:47:04,compute-0-1,-544364.0,171348.000
432,2026-09-10 14:47:04,compute-0-2,367791.0,860180.000
432,2026-09-10 14:47:05,compute-0-3,43838.0,69215.000
433,2026-09-10 14:47:15,compute-0-1,-816761.0,272397.000
433,2026-09-10 14:47:16,compute-0-2,900594.0,532803.000
433,2026-09-10 14:47:16,compute-0-3,37627.0,6211.000
434,2026-09-10 14:47:26,compute-0-1,1079838.0,1896599.000
434,2026-09-10 14:47:27,compute-0-2,1327299.0,426705.000
434,2026-09-10 14:47:27,compute-0-3,31856.0,5771.000
435,2026-09-10 14:47:37,compute-0-1,898502.0,181336.000
435,2026-09-10 14:47:38,compute-0-2,1688018.0,360719.000
435,2026-09-10 14:47:38,compute-0-3,22241.0,9615.000
436,2026-09-10 14:47:48,compute-0-1,547410.0,351092.000
436,2026-09-10 14:47:49,compute-0-2,2127521.0,439503.000
436,2026-09-10 14:47:49,compute-0-3,8404.0,13837.000
437,2026-09-10 14:47:59,compute-0-1,364033.0,183377.000
437,2026-09-10 14:48:00,compute-0-2,2413086.0,285565.000
437,2026-09-10 14:48:00,compute-0-3,7315.0,1089.000
438,2026-09-10 14:48:11,compute-0-1,163739.0,200294.000
438,2026-09-10 14:48:11,compute-0-2,2664427.0,251341.000
438,2026-09-10 14:48:11,compute-0-3,-5210.0,12525.000
439,2026-09-10 14:48:22,compute-0-1,-154468.0,318207.000
439,2026-09-10 14:48:22,compute-0-2,2844872.0,180445.000
439,2026-09-10 14:48:22,compute-0-3,-9536.0,4326.000
440,2026-09-10 14:48:33,compute-0-1,-331926.0,177458.000
440,2026-09-10 14:48:33,compute-0-2,2826555.0,18317.000
440,2026-09-10 14:48:33,compute-0-3,-20733.0,11197.000
441,2026-09-10 14:48:44,compute-0-1,-538747.0,206821.000
441,2026-09-10 14:48:44,compute-0-2,-10033165.0,12859720.000
441,2026-09-10 14:48:45,compute-0-3,-31886.0,11153.000
442,2026-09-10 14:48:55,compute-0-1,-1161040.0,622293.000
442,2026-09-10 14:48:55,compute-0-2,-4540956.0,5492209.000
442,2026-09-10 14:48:56,compute-0-3,35251.0,67137.000
443,2026-09-10 14:49:06,compute-0-1,-1497640.0,336600.000
443,2026-09-10 14:49:07,compute-0-2,-1115291.0,3425665.000
443,2026-09-10 14:49:07,compute-0-3,26742.0,8509.000
444,2026-09-10 14:49:17,compute-0-1,-843792.0,653848.000
444,2026-09-10 14:49:18,compute-0-2,520047.0,1635338.000
444,2026-09-10 14:49:18,compute-0-3,-7660.0,34402.000
445,2026-09-10 14:49:29,compute-0-1,-1624345.0,780553.000
445,2026-09-10 14:49:29,compute-0-2,1380327.0,860280.000
445,2026-09-10 14:49:29,compute-0-3,-28967.0,21307.000
446,2026-09-10 14:49:40,compute-0-1,-2022994.0,398649.000
446,2026-09-10 14:49:40,compute-0-2,1836553.0,456226.000
446,2026-09-10 14:49:41,compute-0-3,-41896.0,12929.000
447,2026-09-10 14:49:51,compute-0-1,-2194541.0,171547.000
447,2026-09-10 14:49:51,compute-0-2,2179952.0,343399.000
447,2026-09-10 14:49:52,compute-0-3,-43757.0,1861.000
448,2026-09-10 14:50:02,compute-0-1,-2303989.0,109448.000
448,2026-09-10 14:50:02,compute-0-2,1644058.0,535894.000
448,2026-09-10 14:50:03,compute-0-3,14112.0,57869.000
449,2026-09-10 14:50:13,compute-0-1,-2417896.0,113907.000
449,2026-09-10 14:50:13,compute-0-2,2028566.0,384508.000
449,2026-09-10 14:50:14,compute-0-3,11181.0,2931.000
450,2026-09-10 14:50:24,compute-0-1,-2448018.0,30122.000
450,2026-09-10 14:50:25,compute-0-2,2393035.0,364469.000
450,2026-09-10 14:50:25,compute-0-3,-2995.0,14176.000
451,2026-09-10 14:50:35,compute-0-1,-1865107.0,582911.000
451,2026-09-10 14:50:36,compute-0-2,2710006.0,316971.000
451,2026-09-10 14:50:36,compute-0-3,-10044.0,7049.000
452,2026-09-10 14:50:46,compute-0-1,-1954408.0,89301.000
452,2026-09-10 14:50:47,compute-0-2,2819210.0,109204.000
452,2026-09-10 14:50:47,compute-0-3,-20702.0,10658.000
453,2026-09-10 14:50:57,compute-0-1,-2023392.0,68984.000
453,2026-09-10 14:50:58,compute-0-2,-9519254.0,12338464.000
453,2026-09-10 14:50:58,compute-0-3,-35142.0,14440.000
454,2026-09-10 14:51:09,compute-0-1,-2200731.0,177339.000
454,2026-09-10 14:51:09,compute-0-2,-8073820.0,1445434.000
454,2026-09-10 14:51:10,compute-0-3,-67975.0,32833.000
455,2026-09-10 14:51:20,compute-0-1,-2190025.0,10706.000
455,2026-09-10 14:51:20,compute-0-2,-2657723.0,5416097.000
455,2026-09-10 14:51:21,compute-0-3,-22532.0,45443.000
456,2026-09-10 14:51:31,compute-0-1,6890885.0,9080910.000
456,2026-09-10 14:51:31,compute-0-2,-2469767.0,187956.000
456,2026-09-10 14:51:32,compute-0-3,-40023.0,17491.000
457,2026-09-10 14:51:42,compute-0-1,10929454.0,4038569.000
457,2026-09-10 14:51:43,compute-0-2,-1627840.0,841927.000
457,2026-09-10 14:51:43,compute-0-3,-44484.0,4461.000
458,2026-09-10 14:51:53,compute-0-1,2648705.0,8280749.000
458,2026-09-10 14:51:54,compute-0-2,-1086173.0,541667.000
458,2026-09-10 14:51:54,compute-0-3,-62099.0,17615.000
459,2026-09-10 14:52:04,compute-0-1,1133597.0,1515108.000
459,2026-09-10 14:52:05,compute-0-2,-851241.0,234932.000
459,2026-09-10 14:52:05,compute-0-3,-75453.0,13354.000
460,2026-09-10 14:52:15,compute-0-1,736397.0,397200.000
460,2026-09-10 14:52:16,compute-0-2,-694476.0,156765.000
460,2026-09-10 14:52:16,compute-0-3,-86299.0,10846.000
461,2026-09-10 14:52:27,compute-0-1,291013.0,445384.000
461,2026-09-10 14:52:27,compute-0-2,2187.0,696663.000
461,2026-09-10 14:52:27,compute-0-3,-104226.0,17927.000
462,2026-09-10 14:52:38,compute-0-1,236534.0,54479.000
462,2026-09-10 14:52:38,compute-0-2,157570.0,155383.000
462,2026-09-10 14:52:39,compute-0-3,-110262.0,6036.000
463,2026-09-10 14:52:49,compute-0-1,125045.0,111489.000
463,2026-09-10 14:52:49,compute-0-2,315146.0,157576.000
463,2026-09-10 14:52:50,compute-0-3,232317.0,342579.000
464,2026-09-10 14:53:00,compute-0-1,-147022.0,272067.000
464,2026-09-10 14:53:00,compute-0-2,575298.0,260152.000
464,2026-09-10 14:53:01,compute-0-3,841712.0,609395.000
465,2026-09-10 14:53:11,compute-0-1,-297605.0,150583.000
465,2026-09-10 14:53:11,compute-0-2,748460.0,173162.000
465,2026-09-10 14:53:12,compute-0-3,256353.0,585359.000
466,2026-09-10 14:53:22,compute-0-1,-443071.0,145466.000
466,2026-09-10 14:53:22,compute-0-2,-1109024.0,1857484.000
466,2026-09-10 14:53:23,compute-0-3,128715.0,127638.000
467,2026-09-10 14:53:33,compute-0-1,-684395.0,241324.000
467,2026-09-10 14:53:34,compute-0-2,-895167.0,213857.000
467,2026-09-10 14:53:34,compute-0-3,76187.0,52528.000
468,2026-09-10 14:53:44,compute-0-1,1146594.0,1830989.000
468,2026-09-10 14:53:45,compute-0-2,-693196.0,201971.000
468,2026-09-10 14:53:45,compute-0-3,63597.0,12590.000
469,2026-09-10 14:53:55,compute-0-1,960032.0,186562.000
469,2026-09-10 14:53:56,compute-0-2,-391384.0,301812.000
469,2026-09-10 14:53:56,compute-0-3,45191.0,18406.000
470,2026-09-10 14:54:06,compute-0-1,636083.0,323949.000
470,2026-09-10 14:54:07,compute-0-2,-181594.0,209790.000
470,2026-09-10 14:54:07,compute-0-3,41080.0,4111.000
471,2026-09-10 14:54:18,compute-0-1,463256.0,172827.000
471,2026-09-10 14:54:18,compute-0-2,35746.0,217340.000
471,2026-09-10 14:54:18,compute-0-3,29459.0,11621.000
472,2026-09-10 14:54:29,compute-0-1,293607.0,169649.000
472,2026-09-10 14:54:29,compute-0-2,378787.0,343041.000
472,2026-09-10 14:54:29,compute-0-3,5311.0,24148.000
473,2026-09-10 14:54:40,compute-0-1,-14932.0,308539.000
473,2026-09-10 14:54:40,compute-0-2,566272.0,187485.000
473,2026-09-10 14:54:40,compute-0-3,-8348.0,13659.000
474,2026-09-10 14:54:51,compute-0-1,-215381.0,200449.000
474,2026-09-10 14:54:51,compute-0-2,761265.0,194993.000
474,2026-09-10 14:54:52,compute-0-3,-7777.0,571.000
475,2026-09-10 14:55:02,compute-0-1,-402009.0,186628.000
475,2026-09-10 14:55:02,compute-0-2,943486.0,182221.000
475,2026-09-10 14:55:03,compute-0-3,-21949.0,14172.000
476,2026-09-10 14:55:13,compute-0-1,-589045.0,187036.000
476,2026-09-10 14:55:13,compute-0-2,1365012.0,421526.000
476,2026-09-10 14:55:14,compute-0-3,-40677.0,18728.000
477,2026-09-10 14:55:24,compute-0-1,-878713.0,289668.000
477,2026-09-10 14:55:24,compute-0-2,1595118.0,230106.000
477,2026-09-10 14:55:25,compute-0-3,-45195.0,4518.000
478,2026-09-10 14:55:35,compute-0-1,-1046704.0,167991.000
478,2026-09-10 14:55:35,compute-0-2,314281.0,1280837.000
478,2026-09-10 14:55:36,compute-0-3,82550.0,127745.000
479,2026-09-10 14:55:46,compute-0-1,-1348609.0,301905.000
479,2026-09-10 14:55:47,compute-0-2,864208.0,549927.000
479,2026-09-10 14:55:47,compute-0-3,64311.0,18239.000
480,2026-09-10 14:55:57,compute-0-1,97910.0,1446519.000
480,2026-09-10 14:55:58,compute-0-2,1252812.0,388604.000
480,2026-09-10 14:55:58,compute-0-3,56872.0,7439.000
481,2026-09-10 14:56:08,compute-0-1,-518800.0,616710.000
481,2026-09-10 14:56:09,compute-0-2,1698481.0,445669.000
481,2026-09-10 14:56:09,compute-0-3,40452.0,16420.000
482,2026-09-10 14:56:19,compute-0-1,-1151138.0,632338.000
482,2026-09-10 14:56:20,compute-0-2,2028882.0,330401.000
482,2026-09-10 14:56:20,compute-0-3,18625.0,21827.000
483,2026-09-10 14:56:31,compute-0-1,-1685525.0,534387.000
483,2026-09-10 14:56:31,compute-0-2,2209788.0,180906.000
483,2026-09-10 14:56:31,compute-0-3,11018.0,7607.000
484,2026-09-10 14:56:42,compute-0-1,-1973161.0,287636.000
484,2026-09-10 14:56:42,compute-0-2,2369635.0,159847.000
484,2026-09-10 14:56:42,compute-0-3,-2643.0,13661.000
485,2026-09-10 14:56:53,compute-0-1,-2299856.0,326695.000
485,2026-09-10 14:56:53,compute-0-2,2578661.0,209026.000
485,2026-09-10 14:56:54,compute-0-3,-41002.0,38359.000
486,2026-09-10 14:57:04,compute-0-1,-2510274.0,210418.000
486,2026-09-10 14:57:05,compute-0-2,2271443.0,307218.000
486,2026-09-10 14:57:05,compute-0-3,53492.0,94494.000
487,2026-09-10 14:57:15,compute-0-1,-2507560.0,2714.000
487,2026-09-10 14:57:16,compute-0-2,2377979.0,106536.000
487,2026-09-10 14:57:16,compute-0-3,46663.0,6829.000
488,2026-09-10 14:57:27,compute-0-1,-2102504.0,405056.000
488,2026-09-10 14:57:27,compute-0-2,2504882.0,126903.000
488,2026-09-10 14:57:27,compute-0-3,-10760.0,57423.000
489,2026-09-10 14:57:38,compute-0-1,-2126900.0,24396.000
489,2026-09-10 14:57:38,compute-0-2,-3115936.0,5620818.000
489,2026-09-10 14:57:38,compute-0-3,-30347.0,19587.000
490,2026-09-10 14:57:49,compute-0-1,-2126112.0,788.000
490,2026-09-10 14:57:49,compute-0-2,-10545809.0,7429873.000
490,2026-09-10 14:57:49,compute-0-3,-36190.0,5843.000
491,2026-09-10 14:58:00,compute-0-1,-2125452.0,660.000
491,2026-09-10 14:58:00,compute-0-2,-4165484.0,6380325.000
491,2026-09-10 14:58:00,compute-0-3,-62416.0,26226.000
492,2026-09-10 14:58:11,compute-0-1,5924681.0,8050133.000
492,2026-09-10 14:58:11,compute-0-2,-1194061.0,2971423.000
492,2026-09-10 14:58:12,compute-0-3,-75364.0,12948.000
493,2026-09-10 14:58:22,compute-0-1,10776739.0,4852058.000
493,2026-09-10 14:58:22,compute-0-2,-113833.0,1080228.000
493,2026-09-10 14:58:23,compute-0-3,-95991.0,20627.000
494,2026-09-10 14:58:33,compute-0-1,2520852.0,8255887.000
494,2026-09-10 14:58:33,compute-0-2,369715.0,483548.000
494,2026-09-10 14:58:34,compute-0-3,-104828.0,8837.000
495,2026-09-10 14:58:44,compute-0-1,-253148.0,2774000.000
495,2026-09-10 14:58:44,compute-0-2,585649.0,215934.000
495,2026-09-10 14:58:45,compute-0-3,-3684.0,101144.000
496,2026-09-10 14:58:55,compute-0-1,-549135.0,295987.000
496,2026-09-10 14:58:56,compute-0-2,-1273095.0,1858744.000
496,2026-09-10 14:58:56,compute-0-3,-29597.0,25913.000
497,2026-09-10 14:59:06,compute-0-1,-618227.0,69092.000
497,2026-09-10 14:59:07,compute-0-2,-951604.0,321491.000
497,2026-09-10 14:59:07,compute-0-3,-43990.0,14393.000
498,2026-09-10 14:59:17,compute-0-1,1282064.0,1900291.000
498,2026-09-10 14:59:18,compute-0-2,-767287.0,184317.000
498,2026-09-10 14:59:18,compute-0-3,-57578.0,13588.000
499,2026-09-10 14:59:28,compute-0-1,1146102.0,135962.000
499,2026-09-10 14:59:29,compute-0-2,-577084.0,190203.000
499,2026-09-10 14:59:29,compute-0-3,-88314.0,30736.000
500,2026-09-10 14:59:40,compute-0-1,1010006.0,136096.000
500,2026-09-10 14:59:40,compute-0-2,-251330.0,325754.000
500,2026-09-10 14:59:40,compute-0-3,-116221.0,27907.000
501,2026-09-10 14:59:51,compute-0-1,311467.0,698539.000
501,2026-09-10 14:59:51,compute-0-2,297265.0,548595.000
501,2026-09-10 14:59:52,compute-0-3,-140462.0,24241.000
502,2026-09-10 15:00:02,compute-0-1,159478.0,151989.000
502,2026-09-10 15:00:02,compute-0-2,587650.0,290385.000
502,2026-09-10 15:00:03,compute-0-3,-166442.0,25980.000
503,2026-09-10 15:00:13,compute-0-1,-112861.0,272339.000
503,2026-09-10 15:00:13,compute-0-2,775760.0,188110.000
503,2026-09-10 15:00:14,compute-0-3,-178116.0,11674.000
504,2026-09-10 15:00:24,compute-0-1,-275419.0,162558.000
504,2026-09-10 15:00:24,compute-0-2,964090.0,188330.000
504,2026-09-10 15:00:25,compute-0-3,-168570.0,9546.000
505,2026-09-10 15:00:35,compute-0-1,-534037.0,258618.000
505,2026-09-10 15:00:35,compute-0-2,-656779.0,1620869.000
505,2026-09-10 15:00:36,compute-0-3,-192033.0,23463.000
506,2026-09-10 15:00:46,compute-0-1,-694208.0,160171.000
506,2026-09-10 15:00:47,compute-0-2,-424774.0,232005.000
506,2026-09-10 15:00:47,compute-0-3,398465.0,590498.000
507,2026-09-10 15:00:57,compute-0-1,-849321.0,155113.000
507,2026-09-10 15:00:58,compute-0-2,-153463.0,271311.000
507,2026-09-10 15:00:58,compute-0-3,1997900.0,1599435.000
508,2026-09-10 15:01:08,compute-0-1,988587.0,1837908.000
508,2026-09-10 15:01:09,compute-0-2,203698.0,357161.000
508,2026-09-10 15:01:09,compute-0-3,812829.0,1185071.000
509,2026-09-10 15:01:20,compute-0-1,251507.0,737080.000
509,2026-09-10 15:01:20,compute-0-2,819693.0,615995.000
509,2026-09-10 15:01:20,compute-0-3,163994.0,648835.000
510,2026-09-10 15:01:31,compute-0-1,66704.0,184803.000
510,2026-09-10 15:01:31,compute-0-2,1371837.0,552144.000
510,2026-09-10 15:01:31,compute-0-3,11989.0,152005.000
511,2026-09-10 15:01:42,compute-0-1,-272055.0,338759.000
511,2026-09-10 15:01:42,compute-0-2,1938540.0,566703.000
511,2026-09-10 15:01:43,compute-0-3,-8142.0,20131.000
512,2026-09-10 15:01:53,compute-0-1,-434182.0,162127.000
512,2026-09-10 15:01:53,compute-0-2,2237832.0,299292.000
512,2026-09-10 15:01:54,compute-0-3,-27012.0,18870.000
513,2026-09-10 15:02:04,compute-0-1,-630777.0,196595.000
513,2026-09-10 15:02:04,compute-0-2,2466490.0,228658.000
513,2026-09-10 15:02:05,compute-0-3,-54145.0,27133.000
514,2026-09-10 15:02:15,compute-0-1,-926633.0,295856.000
514,2026-09-10 15:02:15,compute-0-2,2687752.0,221262.000
514,2026-09-10 15:02:16,compute-0-3,-73347.0,19202.000
515,2026-09-10 15:02:26,compute-0-1,-1133766.0,207133.000
515,2026-09-10 15:02:27,compute-0-2,2102998.0,584754.000
515,2026-09-10 15:02:27,compute-0-3,169796.0,243143.000
516,2026-09-10 15:02:37,compute-0-1,-1298025.0,164259.000
516,2026-09-10 15:02:38,compute-0-2,2281420.0,178422.000
516,2026-09-10 15:02:38,compute-0-3,132555.0,37241.000
517,2026-09-10 15:02:48,compute-0-1,-248849.0,1049176.000
517,2026-09-10 15:02:49,compute-0-2,2451560.0,170140.000
517,2026-09-10 15:02:49,compute-0-3,106584.0,25971.000
518,2026-09-10 15:02:59,compute-0-1,-923723.0,674874.000
518,2026-09-10 15:03:00,compute-0-2,2562698.0,111138.000
518,2026-09-10 15:03:00,compute-0-3,96361.0,10223.000
519,2026-09-10 15:03:10,compute-0-1,-1423539.0,499816.000
519,2026-09-10 15:03:11,compute-0-2,2627091.0,64393.000
519,2026-09-10 15:03:11,compute-0-3,59231.0,37130.000
520,2026-09-10 15:03:22,compute-0-1,-1854595.0,431056.000
520,2026-09-10 15:03:22,compute-0-2,-12339857.0,14966948.000
520,2026-09-10 15:03:22,compute-0-3,35624.0,23607.000
521,2026-09-10 15:03:33,compute-0-1,-2061796.0,207201.000
521,2026-09-10 15:03:33,compute-0-2,-5918502.0,6421355.000
521,2026-09-10 15:03:33,compute-0-3,22669.0,12955.000
522,2026-09-10 15:03:44,compute-0-1,-2167493.0,105697.000
522,2026-09-10 15:03:44,compute-0-2,-2054542.0,3863960.000
522,2026-09-10 15:03:44,compute-0-3,-23807.0,46476.000
523,2026-09-10 15:03:55,compute-0-1,-2275099.0,107606.000
523,2026-09-10 15:03:55,compute-0-2,-506719.0,1547823.000
523,2026-09-10 15:03:56,compute-0-3,-44657.0,20850.000
524,2026-09-10 15:04:06,compute-0-1,-2307790.0,32691.000
524,2026-09-10 15:04:06,compute-0-2,93501.0,600220.000
524,2026-09-10 15:04:07,compute-0-3,-70823.0,26166.000
525,2026-09-10 15:04:17,compute-0-1,-2327960.0,20170.000
525,2026-09-10 15:04:17,compute-0-2,391022.0,297521.000
525,2026-09-10 15:04:18,compute-0-3,-90262.0,19439.000
526,2026-09-10 15:04:28,compute-0-1,-2304166.0,23794.000
526,2026-09-10 15:04:28,compute-0-2,581117.0,190095.000
526,2026-09-10 15:04:29,compute-0-3,-113127.0,22865.000
527,2026-09-10 15:04:39,compute-0-1,-2231927.0,72239.000
527,2026-09-10 15:04:40,compute-0-2,-1041061.0,1622178.000
527,2026-09-10 15:04:40,compute-0-3,120886.0,234013.000
528,2026-09-10 15:04:50,compute-0-1,-2159976.0,71951.000
528,2026-09-10 15:04:51,compute-0-2,-814620.0,226441.000
528,2026-09-10 15:04:51,compute-0-3,91103.0,29783.000
529,2026-09-10 15:05:01,compute-0-1,11999185.0,14159161.000
529,2026-09-10 15:05:02,compute-0-2,-624546.0,190074.000
529,2026-09-10 15:05:02,compute-0-3,70331.0,20772.000
530,2026-09-10 15:05:12,compute-0-1,6663252.0,5335933.000
530,2026-09-10 15:05:13,compute-0-2,-434730.0,189816.000
530,2026-09-10 15:05:13,compute-0-3,30172.0,40159.000
531,2026-09-10 15:05:24,compute-0-1,1454612.0,5208640.000
531,2026-09-10 15:05:24,compute-0-2,-123076.0,311654.000
531,2026-09-10 15:05:24,compute-0-3,-3215.0,33387.000
532,2026-09-10 15:05:35,compute-0-1,576536.0,878076.000
532,2026-09-10 15:05:35,compute-0-2,116579.0,239655.000
532,2026-09-10 15:05:35,compute-0-3,-29359.0,26144.000
533,2026-09-10 15:05:46,compute-0-1,602115.0,25579.000
533,2026-09-10 15:05:46,compute-0-2,350578.0,233999.000
533,2026-09-10 15:05:46,compute-0-3,-66957.0,37598.000
534,2026-09-10 15:05:57,compute-0-1,590981.0,11134.000
534,2026-09-10 15:05:57,compute-0-2,651197.0,300619.000
534,2026-09-10 15:05:57,compute-0-3,-94199.0,27242.000
535,2026-09-10 15:06:08,compute-0-1,361665.0,229316.000
535,2026-09-10 15:06:08,compute-0-2,891970.0,240773.000
535,2026-09-10 15:06:09,compute-0-3,-116371.0,22172.000
536,2026-09-10 15:06:19,compute-0-1,220769.0,140896.000
536,2026-09-10 15:06:19,compute-0-2,1095941.0,203971.000
536,2026-09-10 15:06:20,compute-0-3,-157129.0,40758.000
537,2026-09-10 15:06:30,compute-0-1,-37216.0,257985.000
537,2026-09-10 15:06:30,compute-0-2,1406563.0,310622.000
537,2026-09-10 15:06:31,compute-0-3,-180412.0,23283.000
538,2026-09-10 15:06:41,compute-0-1,-178257.0,141041.000
538,2026-09-10 15:06:41,compute-0-2,1597003.0,190440.000
538,2026-09-10 15:06:42,compute-0-3,-197540.0,17128.000
539,2026-09-10 15:06:52,compute-0-1,-674982.0,496725.000
539,2026-09-10 15:06:53,compute-0-2,825931.0,771072.000
539,2026-09-10 15:06:53,compute-0-3,-58737.0,138803.000
540,2026-09-10 15:07:03,compute-0-1,1161673.0,1836655.000
540,2026-09-10 15:07:04,compute-0-2,1325094.0,499163.000
540,2026-09-10 15:07:04,compute-0-3,-105132.0,46395.000
541,2026-09-10 15:07:15,compute-0-1,860043.0,301630.000
541,2026-09-10 15:07:15,compute-0-2,1815317.0,490223.000
541,2026-09-10 15:07:15,compute-0-3,-134873.0,29741.000
542,2026-09-10 15:07:26,compute-0-1,691298.0,168745.000
542,2026-09-10 15:07:26,compute-0-2,2115025.0,299708.000
542,2026-09-10 15:07:26,compute-0-3,-171088.0,36215.000
543,2026-09-10 15:07:37,compute-0-1,520962.0,170336.000
543,2026-09-10 15:07:37,compute-0-2,2332740.0,217715.000
543,2026-09-10 15:07:37,compute-0-3,-212234.0,41146.000
544,2026-09-10 15:07:48,compute-0-1,207266.0,313696.000
544,2026-09-10 15:07:48,compute-0-2,2529490.0,196750.000
544,2026-09-10 15:07:48,compute-0-3,-247555.0,35321.000
545,2026-09-10 15:07:59,compute-0-1,-343221.0,550487.000
545,2026-09-10 15:07:59,compute-0-2,2693580.0,164090.000
545,2026-09-10 15:08:00,compute-0-3,-296271.0,48716.000
546,2026-09-10 15:08:10,compute-0-1,-524562.0,181341.000
546,2026-09-10 15:08:10,compute-0-2,2689745.0,3835.000
546,2026-09-10 15:08:11,compute-0-3,-238580.0,57691.000
547,2026-09-10 15:08:21,compute-0-1,-796152.0,271590.000
547,2026-09-10 15:08:22,compute-0-2,2610613.0,79132.000
547,2026-09-10 15:08:22,compute-0-3,-284885.0,46305.000
548,2026-09-10 15:08:33,compute-0-1,592611.0,1388763.000
548,2026-09-10 15:08:33,compute-0-2,-11253701.0,13864314.000
548,2026-09-10 15:08:33,compute-0-3,-323582.0,38697.000
549,2026-09-10 15:08:44,compute-0-1,218603.0,374008.000
549,2026-09-10 15:08:44,compute-0-2,-4806325.0,6447376.000
549,2026-09-10 15:08:44,compute-0-3,-393975.0,70393.000
550,2026-09-10 15:08:55,compute-0-1,13027.0,205576.000
550,2026-09-10 15:08:55,compute-0-2,-1743293.0,3063032.000
550,2026-09-10 15:08:55,compute-0-3,3301171.0,3695146.000
551,2026-09-10 15:09:06,compute-0-1,-211946.0,224973.000
551,2026-09-10 15:09:06,compute-0-2,-553036.0,1190257.000
551,2026-09-10 15:09:06,compute-0-3,1380640.0,1920531.000
552,2026-09-10 15:09:17,compute-0-1,-560484.0,348538.000
552,2026-09-10 15:09:17,compute-0-2,-142908.0,410128.000
552,2026-09-10 15:09:18,compute-0-3,261843.0,1118797.000
553,2026-09-10 15:09:28,compute-0-1,-853706.0,293222.000
553,2026-09-10 15:09:28,compute-0-2,134281.0,277189.000
553,2026-09-10 15:09:29,compute-0-3,-29081.0,290924.000
554,2026-09-10 15:09:39,compute-0-1,-1527851.0,674145.000
554,2026-09-10 15:09:39,compute-0-2,451070.0,316789.000
554,2026-09-10 15:09:40,compute-0-3,-82961.0,53880.000
555,2026-09-10 15:09:50,compute-0-1,-2005957.0,478106.000
555,2026-09-10 15:09:50,compute-0-2,668093.0,217023.000
555,2026-09-10 15:09:51,compute-0-3,-96074.0,13113.000
556,2026-09-10 15:10:01,compute-0-1,-2309178.0,303221.000
556,2026-09-10 15:10:02,compute-0-2,832676.0,164583.000
556,2026-09-10 15:10:02,compute-0-3,306369.0,402443.000
557,2026-09-10 15:10:12,compute-0-1,-2521196.0,212018.000
557,2026-09-10 15:10:13,compute-0-2,-701425.0,1534101.000
557,2026-09-10 15:10:13,compute-0-3,268791.0,37578.000
558,2026-09-10 15:10:23,compute-0-1,-2556472.0,35276.000
558,2026-09-10 15:10:24,compute-0-2,-442828.0,258597.000
558,2026-09-10 15:10:24,compute-0-3,240986.0,27805.000
559,2026-09-10 15:10:34,compute-0-1,-1898467.0,658005.000
559,2026-09-10 15:10:35,compute-0-2,-181167.0,261661.000
559,2026-09-10 15:10:35,compute-0-3,169339.0,71647.000
560,2026-09-10 15:10:46,compute-0-1,-2040948.0,142481.000
560,2026-09-10 15:10:46,compute-0-2,203750.0,384917.000
560,2026-09-10 15:10:46,compute-0-3,129039.0,40300.000
561,2026-09-10 15:10:57,compute-0-1,-2131261.0,90313.000
561,2026-09-10 15:10:57,compute-0-2,453708.0,249958.000
561,2026-09-10 15:10:57,compute-0-3,103330.0,25709.000
562,2026-09-10 15:11:08,compute-0-1,-2199886.0,68625.000
562,2026-09-10 15:11:08,compute-0-2,822684.0,368976.000
562,2026-09-10 15:11:08,compute-0-3,30758.0,72572.000
563,2026-09-10 15:11:19,compute-0-1,-2231053.0,31167.000
563,2026-09-10 15:11:19,compute-0-2,1165577.0,342893.000
563,2026-09-10 15:11:19,compute-0-3,2853.0,27905.000
564,2026-09-10 15:11:30,compute-0-1,-2164072.0,66981.000
564,2026-09-10 15:11:30,compute-0-2,1405556.0,239979.000
564,2026-09-10 15:11:31,compute-0-3,-29983.0,32836.000
565,2026-09-10 15:11:41,compute-0-1,6925168.0,9089240.000
565,2026-09-10 15:11:41,compute-0-2,1695216.0,289660.000
565,2026-09-10 15:11:42,compute-0-3,-97159.0,67176.000
566,2026-09-10 15:11:52,compute-0-1,11391475.0,4466307.000
566,2026-09-10 15:11:53,compute-0-2,2310622.0,615406.000
566,2026-09-10 15:11:53,compute-0-3,275324.0,372483.000
567,2026-09-10 15:12:03,compute-0-1,4138174.0,7253301.000
567,2026-09-10 15:12:04,compute-0-2,1741476.0,569146.000
567,2026-09-10 15:12:04,compute-0-3,197949.0,77375.000
568,2026-09-10 15:12:14,compute-0-1,-108141.0,4246315.000
568,2026-09-10 15:12:15,compute-0-2,2126964.0,385488.000
568,2026-09-10 15:12:15,compute-0-3,163594.0,34355.000
569,2026-09-10 15:12:25,compute-0-1,1017476.0,1125617.000
569,2026-09-10 15:12:26,compute-0-2,2357635.0,230671.000
569,2026-09-10 15:12:26,compute-0-3,117549.0,46045.000
570,2026-09-10 15:12:37,compute-0-1,909542.0,107934.000
570,2026-09-10 15:12:37,compute-0-2,2517611.0,159976.000
570,2026-09-10 15:12:37,compute-0-3,43271.0,74278.000
571,2026-09-10 15:12:48,compute-0-1,879172.0,30370.000
571,2026-09-10 15:12:48,compute-0-2,2601351.0,83740.000
571,2026-09-10 15:12:48,compute-0-3,1394.0,41877.000
572,2026-09-10 15:12:59,compute-0-1,769702.0,109470.000
572,2026-09-10 15:12:59,compute-0-2,-3083928.0,5685279.000
572,2026-09-10 15:12:59,compute-0-3,-44280.0,45674.000
573,2026-09-10 15:13:10,compute-0-1,594587.0,175115.000
573,2026-09-10 15:13:10,compute-0-2,-10245540.0,7161612.000
573,2026-09-10 15:13:11,compute-0-3,-106952.0,62672.000
574,2026-09-10 15:13:21,compute-0-1,337470.0,257117.000
574,2026-09-10 15:13:21,compute-0-2,-4047248.0,6198292.000
574,2026-09-10 15:13:22,compute-0-3,-150165.0,43213.000
575,2026-09-10 15:13:32,compute-0-1,169617.0,167853.000
575,2026-09-10 15:13:32,compute-0-2,-1125690.0,2921558.000
575,2026-09-10 15:13:33,compute-0-3,-216019.0,65854.000
576,2026-09-10 15:13:43,compute-0-1,31340.0,138277.000
576,2026-09-10 15:13:43,compute-0-2,8532.0,1134222.000
576,2026-09-10 15:13:44,compute-0-3,-251742.0,35723.000
577,2026-09-10 15:13:54,compute-0-1,-218975.0,250315.000
577,2026-09-10 15:13:55,compute-0-2,403221.0,394689.000
577,2026-09-10 15:13:55,compute-0-3,-295790.0,44048.000
578,2026-09-10 15:14:05,compute-0-1,-393743.0,174768.000
578,2026-09-10 15:14:06,compute-0-2,652805.0,249584.000
578,2026-09-10 15:14:06,compute-0-3,66592.0,362382.000
579,2026-09-10 15:14:16,compute-0-1,-657009.0,263266.000
579,2026-09-10 15:14:17,compute-0-2,-803681.0,1456486.000
579,2026-09-10 15:14:17,compute-0-3,14017.0,52575.000
580,2026-09-10 15:14:27,compute-0-1,-809353.0,152344.000
580,2026-09-10 15:14:28,compute-0-2,-510156.0,293525.000
580,2026-09-10 15:14:28,compute-0-3,-37033.0,51050.000
581,2026-09-10 15:14:39,compute-0-1,1052020.0,1861373.000
581,2026-09-10 15:14:39,compute-0-2,-294516.0,215640.000
581,2026-09-10 15:14:39,compute-0-3,-127598.0,90565.000
582,2026-09-10 15:14:50,compute-0-1,328509.0,723511.000
582,2026-09-10 15:14:50,compute-0-2,390479.0,684995.000
582,2026-09-10 15:14:51,compute-0-3,-253258.0,125660.000
583,2026-09-10 15:15:01,compute-0-1,130855.0,197654.000
583,2026-09-10 15:15:01,compute-0-2,596527.0,206048.000
583,2026-09-10 15:15:02,compute-0-3,-329605.0,76347.000
584,2026-09-10 15:15:12,compute-0-1,-183006.0,313861.000
584,2026-09-10 15:15:12,compute-0-2,946458.0,349931.000
584,2026-09-10 15:15:13,compute-0-3,-376600.0,46995.000
585,2026-09-10 15:15:23,compute-0-1,-359479.0,176473.000
585,2026-09-10 15:15:23,compute-0-2,1177232.0,230774.000
585,2026-09-10 15:15:24,compute-0-3,-420083.0,43483.000
586,2026-09-10 15:15:34,compute-0-1,-565745.0,206266.000
586,2026-09-10 15:15:34,compute-0-2,1494613.0,317381.000
586,2026-09-10 15:15:35,compute-0-3,-481652.0,61569.000
587,2026-09-10 15:15:45,compute-0-1,-838173.0,272428.000
587,2026-09-10 15:15:46,compute-0-2,1688560.0,193947.000
587,2026-09-10 15:15:46,compute-0-3,-293661.0,187991.000
588,2026-09-10 15:15:56,compute-0-1,-1050642.0,212469.000
588,2026-09-10 15:15:57,compute-0-2,1898322.0,209762.000
588,2026-09-10 15:15:57,compute-0-3,-373964.0,80303.000
589,2026-09-10 15:16:07,compute-0-1,-1218503.0,167861.000
589,2026-09-10 15:16:08,compute-0-2,1215964.0,682358.000
589,2026-09-10 15:16:08,compute-0-3,-475613.0,101649.000
590,2026-09-10 15:16:18,compute-0-1,236372.0,1454875.000
590,2026-09-10 15:16:19,compute-0-2,1675044.0,459080.000
590,2026-09-10 15:16:19,compute-0-3,-555905.0,80292.000
591,2026-09-10 15:16:30,compute-0-1,-206376.0,442748.000
591,2026-09-10 15:16:30,compute-0-2,2045378.0,370334.000
591,2026-09-10 15:16:30,compute-0-3,-655416.0,99511.000
592,2026-09-10 15:16:41,compute-0-1,-1001186.0,794810.000
592,2026-09-10 15:16:41,compute-0-2,2334691.0,289313.000
592,2026-09-10 15:16:41,compute-0-3,3443849.0,4099265.000
593,2026-09-10 15:16:52,compute-0-1,-1530868.0,529682.000
593,2026-09-10 15:16:52,compute-0-2,2495342.0,160651.000
593,2026-09-10 15:16:52,compute-0-3,5703743.0,2259894.000
594,2026-09-10 15:17:03,compute-0-1,-1889127.0,358259.000
594,2026-09-10 15:17:03,compute-0-2,2575327.0,79985.000
594,2026-09-10 15:17:04,compute-0-3,2239609.0,3464134.000
595,2026-09-10 15:17:14,compute-0-1,-2091681.0,202554.000
595,2026-09-10 15:17:14,compute-0-2,2576047.0,720.000
595,2026-09-10 15:17:15,compute-0-3,358016.0,1881593.000
596,2026-09-10 15:17:25,compute-0-1,-2263534.0,171853.000
596,2026-09-10 15:17:25,compute-0-2,-11551770.0,14127817.000
596,2026-09-10 15:17:26,compute-0-3,-61951.0,419967.000
597,2026-09-10 15:17:36,compute-0-1,-2324387.0,60853.000
597,2026-09-10 15:17:36,compute-0-2,-4968892.0,6582878.000
597,2026-09-10 15:17:37,compute-0-3,-167455.0,105504.000
598,2026-09-10 15:17:47,compute-0-1,-2459189.0,134802.000
598,2026-09-10 15:17:48,compute-0-2,-865630.0,4103262.000
598,2026-09-10 15:17:48,compute-0-3,460260.0,627715.000
599,2026-09-10 15:17:58,compute-0-1,-2433219.0,25970.000
599,2026-09-10 15:17:59,compute-0-2,-1508875.0,643245.000
599,2026-09-10 15:17:59,compute-0-3,358588.0,101672.000
600,2026-09-10 15:18:10,compute-0-1,-2133210.0,300009.000
600,2026-09-10 15:18:10,compute-0-2,-852206.0,656669.000
600,2026-09-10 15:18:10,compute-0-3,301887.0,56701.000
601,2026-09-10 15:18:21,compute-0-1,-2169931.0,36721.000
601,2026-09-10 15:18:21,compute-0-2,-529718.0,322488.000
601,2026-09-10 15:18:21,compute-0-3,244356.0,57531.000
602,2026-09-10 15:18:32,compute-0-1,-2178807.0,8876.000
602,2026-09-10 15:18:32,compute-0-2,-221219.0,308499.000
602,2026-09-10 15:18:32,compute-0-3,130262.0,114094.000
603,2026-09-10 15:18:43,compute-0-1,14275594.0,16454401.000
603,2026-09-10 15:18:43,compute-0-2,157096.0,378315.000
603,2026-09-10 15:18:43,compute-0-3,60891.0,69371.000
604,2026-09-10 15:18:54,compute-0-1,8103195.0,6172399.000
604,2026-09-10 15:18:54,compute-0-2,401449.0,244353.000
604,2026-09-10 15:18:55,compute-0-3,-2490.0,63381.000
605,2026-09-10 15:19:05,compute-0-1,1589710.0,6513485.000
605,2026-09-10 15:19:05,compute-0-2,667265.0,265816.000
605,2026-09-10 15:19:06,compute-0-3,-106735.0,104245.000
606,2026-09-10 15:19:16,compute-0-1,-13324.0,1603034.000
606,2026-09-10 15:19:16,compute-0-2,1020333.0,353068.000
606,2026-09-10 15:19:17,compute-0-3,-168493.0,61758.000
607,2026-09-10 15:19:27,compute-0-1,-79714.0,66390.000
607,2026-09-10 15:19:27,compute-0-2,1285809.0,265476.000
607,2026-09-10 15:19:28,compute-0-3,-221248.0,52755.000
608,2026-09-10 15:19:38,compute-0-1,-57300.0,22414.000
608,2026-09-10 15:19:39,compute-0-2,1514713.0,228904.000
608,2026-09-10 15:19:39,compute-0-3,-327099.0,105851.000
609,2026-09-10 15:19:49,compute-0-1,-255180.0,197880.000
609,2026-09-10 15:19:50,compute-0-2,1804621.0,289908.000
609,2026-09-10 15:19:50,compute-0-3,448089.0,775188.000
610,2026-09-10 15:20:00,compute-0-1,-390724.0,135544.000
610,2026-09-10 15:20:01,compute-0-2,2053156.0,248535.000
610,2026-09-10 15:20:01,compute-0-3,376259.0,71830.000
611,2026-09-10 15:20:11,compute-0-1,-523564.0,132840.000
611,2026-09-10 15:20:12,compute-0-2,1437074.0,616082.000
611,2026-09-10 15:20:12,compute-0-3,235823.0,140436.000
612,2026-09-10 15:20:23,compute-0-1,1198918.0,1722482.000
612,2026-09-10 15:20:23,compute-0-2,1939081.0,502007.000
612,2026-09-10 15:20:23,compute-0-3,168557.0,67266.000
613,2026-09-10 15:20:34,compute-0-1,1064375.0,134543.000
613,2026-09-10 15:20:34,compute-0-2,2270597.0,331516.000
613,2026-09-10 15:20:34,compute-0-3,72362.0,96195.000
614,2026-09-10 15:20:45,compute-0-1,886868.0,177507.000
614,2026-09-10 15:20:45,compute-0-2,2545674.0,275077.000
614,2026-09-10 15:20:45,compute-0-3,-42184.0,114546.000
615,2026-09-10 15:20:56,compute-0-1,593343.0,293525.000
615,2026-09-10 15:20:56,compute-0-2,2673108.0,127434.000
615,2026-09-10 15:20:56,compute-0-3,-126295.0,84111.000
616,2026-09-10 15:21:07,compute-0-1,405250.0,188093.000
616,2026-09-10 15:21:07,compute-0-2,2691493.0,18385.000
616,2026-09-10 15:21:08,compute-0-3,-217227.0,90932.000
617,2026-09-10 15:21:18,compute-0-1,129565.0,275685.000
617,2026-09-10 15:21:18,compute-0-2,-11127861.0,13819354.000
617,2026-09-10 15:21:19,compute-0-3,-336513.0,119286.000
618,2026-09-10 15:21:29,compute-0-1,-65880.0,195445.000
618,2026-09-10 15:21:29,compute-0-2,-4668115.0,6459746.000
618,2026-09-10 15:21:30,compute-0-3,-413526.0,77013.000
619,2026-09-10 15:21:40,compute-0-1,-224643.0,158763.000
619,2026-09-10 15:21:40,compute-0-2,-1282168.0,3385947.000
619,2026-09-10 15:21:41,compute-0-3,-523153.0,109627.000
620,2026-09-10 15:21:51,compute-0-1,-510126.0,285483.000
620,2026-09-10 15:21:52,compute-0-2,45673.0,1327841.000
620,2026-09-10 15:21:52,compute-0-3,-594166.0,71013.000
621,2026-09-10 15:22:02,compute-0-1,-682744.0,172618.000
621,2026-09-10 15:22:03,compute-0-2,530283.0,484610.000
621,2026-09-10 15:22:03,compute-0-3,1504.0,595670.000
622,2026-09-10 15:22:13,compute-0-1,-843256.0,160512.000
622,2026-09-10 15:22:14,compute-0-2,907327.0,377044.000
622,2026-09-10 15:22:14,compute-0-3,-149373.0,150877.000
623,2026-09-10 15:22:24,compute-0-1,-1120775.0,277519.000
623,2026-09-10 15:22:25,compute-0-2,-570616.0,1477943.000
623,2026-09-10 15:22:25,compute-0-3,-277023.0,127650.000
624,2026-09-10 15:22:36,compute-0-1,538611.0,1659386.000
624,2026-09-10 15:22:36,compute-0-2,-252416.0,318200.000
624,2026-09-10 15:22:36,compute-0-3,-393881.0,116858.000
625,2026-09-10 15:22:47,compute-0-1,300043.0,238568.000
625,2026-09-10 15:22:47,compute-0-2,183915.0,436331.000
625,2026-09-10 15:22:47,compute-0-3,-550162.0,156281.000
626,2026-09-10 15:22:58,compute-0-1,-56071.0,356114.000
626,2026-09-10 15:22:58,compute-0-2,457390.0,273475.000
626,2026-09-10 15:22:58,compute-0-3,-656002.0,105840.000
627,2026-09-10 15:23:09,compute-0-1,-310716.0,254645.000
627,2026-09-10 15:23:09,compute-0-2,771853.0,314463.000
627,2026-09-10 15:23:10,compute-0-3,-777588.0,121586.000
628,2026-09-10 15:23:20,compute-0-1,-745262.0,434546.000
628,2026-09-10 15:23:20,compute-0-2,1171656.0,399803.000
628,2026-09-10 15:23:21,compute-0-3,-917414.0,139826.000
629,2026-09-10 15:23:31,compute-0-1,-1433586.0,688324.000
629,2026-09-10 15:23:31,compute-0-2,1551914.0,380258.000
629,2026-09-10 15:23:32,compute-0-3,-1005789.0,88375.000
630,2026-09-10 15:23:42,compute-0-1,-1900516.0,466930.000
630,2026-09-10 15:23:42,compute-0-2,1819559.0,267645.000
630,2026-09-10 15:23:43,compute-0-3,-1097415.0,91626.000
631,2026-09-10 15:23:53,compute-0-1,-2173397.0,272881.000
631,2026-09-10 15:23:53,compute-0-2,2257846.0,438287.000
631,2026-09-10 15:23:54,compute-0-3,-1193243.0,95828.000
632,2026-09-10 15:24:04,compute-0-1,-2385770.0,212373.000
632,2026-09-10 15:24:05,compute-0-2,2586458.0,328612.000
632,2026-09-10 15:24:05,compute-0-3,7275757.0,8469000.000
633,2026-09-10 15:24:15,compute-0-1,-2443691.0,57921.000
633,2026-09-10 15:24:16,compute-0-2,2766149.0,179691.000
633,2026-09-10 15:24:16,compute-0-3,7326835.0,51078.000
634,2026-09-10 15:24:26,compute-0-1,-2447559.0,3868.000
634,2026-09-10 15:24:27,compute-0-2,2820275.0,54126.000
634,2026-09-10 15:24:27,compute-0-3,2888823.0,4438012.000
635,2026-09-10 15:24:37,compute-0-1,-2456452.0,8893.000
635,2026-09-10 15:24:38,compute-0-2,2684619.0,135656.000
635,2026-09-10 15:24:38,compute-0-3,775969.0,2112854.000
636,2026-09-10 15:24:49,compute-0-1,-2077967.0,378485.000
636,2026-09-10 15:24:49,compute-0-2,-12213276.0,14897895.000
636,2026-09-10 15:24:49,compute-0-3,385368.0,390601.000
637,2026-09-10 15:25:00,compute-0-1,-2131014.0,53047.000
637,2026-09-10 15:25:00,compute-0-2,-9311374.0,2901902.000
637,2026-09-10 15:25:00,compute-0-3,369102.0,16266.000
638,2026-09-10 15:25:11,compute-0-1,-2169612.0,38598.000
638,2026-09-10 15:25:11,compute-0-2,-3444808.0,5866566.000
638,2026-09-10 15:25:11,compute-0-3,231750.0,137352.000
639,2026-09-10 15:25:22,compute-0-1,6337690.0,8507302.000
639,2026-09-10 15:25:22,compute-0-2,-1151120.0,2293688.000
639,2026-09-10 15:25:23,compute-0-3,131079.0,100671.000
640,2026-09-10 15:25:33,compute-0-1,12301443.0,5963753.000
640,2026-09-10 15:25:33,compute-0-2,-355496.0,795624.000
640,2026-09-10 15:25:34,compute-0-3,27713.0,103366.000
641,2026-09-10 15:25:44,compute-0-1,7334791.0,4966652.000
641,2026-09-10 15:25:44,compute-0-2,181370.0,536866.000
641,2026-09-10 15:25:45,compute-0-3,-158617.0,186330.000
642,2026-09-10 15:25:55,compute-0-1,1352790.0,5982001.000
642,2026-09-10 15:25:55,compute-0-2,506025.0,324655.000
642,2026-09-10 15:25:56,compute-0-3,-263659.0,105042.000
643,2026-09-10 15:26:06,compute-0-1,-98268.0,1451058.000
643,2026-09-10 15:26:07,compute-0-2,883273.0,377248.000
643,2026-09-10 15:26:07,compute-0-3,-452565.0,188906.000
644,2026-09-10 15:26:17,compute-0-1,-269121.0,170853.000
644,2026-09-10 15:26:18,compute-0-2,1122366.0,239093.000
644,2026-09-10 15:26:18,compute-0-3,-550632.0,98067.000
645,2026-09-10 15:26:28,compute-0-1,-275572.0,6451.000
645,2026-09-10 15:26:29,compute-0-2,1403054.0,280688.000
645,2026-09-10 15:26:29,compute-0-3,747672.0,1298304.000
646,2026-09-10 15:26:39,compute-0-1,-341185.0,65613.000
646,2026-09-10 15:26:40,compute-0-2,1709954.0,306900.000
646,2026-09-10 15:26:40,compute-0-3,529199.0,218473.000
647,2026-09-10 15:26:51,compute-0-1,-593581.0,252396.000
647,2026-09-10 15:26:51,compute-0-2,715424.0,994530.000
647,2026-09-10 15:26:51,compute-0-3,407102.0,122097.000
648,2026-09-10 15:27:02,compute-0-1,1232067.0,1825648.000
648,2026-09-10 15:27:02,compute-0-2,1040989.0,325565.000
648,2026-09-10 15:27:02,compute-0-3,273011.0,134091.000
649,2026-09-10 15:27:13,compute-0-1,1091932.0,140135.000
649,2026-09-10 15:27:13,compute-0-2,1612294.0,571305.000
649,2026-09-10 15:27:13,compute-0-3,45581.0,227430.000
650,2026-09-10 15:27:24,compute-0-1,790952.0,300980.000
650,2026-09-10 15:27:24,compute-0-2,2051873.0,439579.000
650,2026-09-10 15:27:24,compute-0-3,-66744.0,112325.000
651,2026-09-10 15:27:35,compute-0-1,640684.0,150268.000
651,2026-09-10 15:27:35,compute-0-2,2416396.0,364523.000
651,2026-09-10 15:27:36,compute-0-3,-206803.0,140059.000
652,2026-09-10 15:27:46,compute-0-1,466916.0,173768.000
652,2026-09-10 15:27:46,compute-0-2,2670888.0,254492.000
652,2026-09-10 15:27:47,compute-0-3,-422936.0,216133.000
653,2026-09-10 15:27:57,compute-0-1,187432.0,279484.000
653,2026-09-10 15:27:57,compute-0-2,2760072.0,89184.000
653,2026-09-10 15:27:58,compute-0-3,-548005.0,125069.000
654,2026-09-10 15:28:08,compute-0-1,-366564.0,553996.000
654,2026-09-10 15:28:09,compute-0-2,2751679.0,8393.000
654,2026-09-10 15:28:09,compute-0-3,276828.0,824833.000
655,2026-09-10 15:28:19,compute-0-1,-618542.0,251978.000
655,2026-09-10 15:28:20,compute-0-2,-9904002.0,12655681.000
655,2026-09-10 15:28:20,compute-0-3,111834.0,164994.000
656,2026-09-10 15:28:30,compute-0-1,-790880.0,172338.000
656,2026-09-10 15:28:31,compute-0-2,-3680452.0,6223550.000
656,2026-09-10 15:28:31,compute-0-3,-76254.0,188088.000
657,2026-09-10 15:28:42,compute-0-1,-949391.0,158511.000
657,2026-09-10 15:28:42,compute-0-2,-2262113.0,1418339.000
657,2026-09-10 15:28:42,compute-0-3,-327984.0,251730.000
658,2026-09-10 15:28:53,compute-0-1,702587.0,1651978.000
658,2026-09-10 15:28:53,compute-0-2,-813319.0,1448794.000
658,2026-09-10 15:28:53,compute-0-3,-504220.0,176236.000
659,2026-09-10 15:29:04,compute-0-1,501423.0,201164.000
659,2026-09-10 15:29:04,compute-0-2,-286877.0,526442.000
659,2026-09-10 15:29:04,compute-0-3,-735828.0,231608.000
660,2026-09-10 15:29:15,compute-0-1,180652.0,320771.000
660,2026-09-10 15:29:15,compute-0-2,167938.0,454815.000
660,2026-09-10 15:29:16,compute-0-3,-904238.0,168410.000
661,2026-09-10 15:29:26,compute-0-1,-386750.0,567402.000
661,2026-09-10 15:29:26,compute-0-2,765672.0,597734.000
661,2026-09-10 15:29:27,compute-0-3,-1305200.0,400962.000
662,2026-09-10 15:29:37,compute-0-1,-703338.0,316588.000
662,2026-09-10 15:29:38,compute-0-2,1097961.0,332289.000
662,2026-09-10 15:29:38,compute-0-3,-1453008.0,147808.000
663,2026-09-10 15:29:48,compute-0-1,-891561.0,188223.000
663,2026-09-10 15:29:49,compute-0-2,1406981.0,309020.000
663,2026-09-10 15:29:49,compute-0-3,-1602640.0,149632.000
664,2026-09-10 15:29:59,compute-0-1,-1090572.0,199011.000
664,2026-09-10 15:30:00,compute-0-2,1731237.0,324256.000
664,2026-09-10 15:30:00,compute-0-3,-1311218.0,291422.000
665,2026-09-10 15:30:10,compute-0-1,-1389070.0,298498.000
665,2026-09-10 15:30:11,compute-0-2,1974153.0,242916.000
665,2026-09-10 15:30:11,compute-0-3,-1686688.0,375470.000
666,2026-09-10 15:30:22,compute-0-1,-1830414.0,441344.000
666,2026-09-10 15:30:22,compute-0-2,2315569.0,341416.000
666,2026-09-10 15:30:22,compute-0-3,-2027180.0,340492.000
667,2026-09-10 15:30:33,compute-0-1,-984042.0,846372.000
667,2026-09-10 15:30:33,compute-0-2,1838128.0,477441.000
667,2026-09-10 15:30:33,compute-0-3,-2201890.0,174710.000
668,2026-09-10 15:30:44,compute-0-1,-1449555.0,465513.000
668,2026-09-10 15:30:44,compute-0-2,2302914.0,464786.000
668,2026-09-10 15:30:44,compute-0-3,14293339.0,16495229.000
669,2026-09-10 15:30:55,compute-0-1,-1823462.0,373907.000
669,2026-09-10 15:30:55,compute-0-2,2577092.0,274178.000
669,2026-09-10 15:30:55,compute-0-3,5264469.0,9028870.000
670,2026-09-10 15:31:06,compute-0-1,-2014711.0,191249.000
670,2026-09-10 15:31:06,compute-0-2,2720354.0,143262.000
670,2026-09-10 15:31:07,compute-0-3,681081.0,4583388.000
671,2026-09-10 15:31:17,compute-0-1,-2123360.0,108649.000
671,2026-09-10 15:31:17,compute-0-2,2741639.0,21285.000
671,2026-09-10 15:31:18,compute-0-3,-208061.0,889142.000
672,2026-09-10 15:31:28,compute-0-1,-2232763.0,109403.000
672,2026-09-10 15:31:28,compute-0-2,-10848108.0,13589747.000
672,2026-09-10 15:31:29,compute-0-3,-188474.0,19587.000
673,2026-09-10 15:31:39,compute-0-1,-2255444.0,22681.000
673,2026-09-10 15:31:39,compute-0-2,-4241644.0,6606464.000
673,2026-09-10 15:31:40,compute-0-3,-193600.0,5126.000
674,2026-09-10 15:31:50,compute-0-1,-2258628.0,3184.000
674,2026-09-10 15:31:51,compute-0-2,-957185.0,3284459.000
674,2026-09-10 15:31:51,compute-0-3,-417299.0,223699.000
675,2026-09-10 15:32:01,compute-0-1,-2270616.0,11988.000
675,2026-09-10 15:32:02,compute-0-2,130830.0,1088015.000
675,2026-09-10 15:32:02,compute-0-3,-557231.0,139932.000
676,2026-09-10 15:32:12,compute-0-1,-2238274.0,32342.000
676,2026-09-10 15:32:13,compute-0-2,620662.0,489832.000
676,2026-09-10 15:32:13,compute-0-3,-697853.0,140622.000
677,2026-09-10 15:32:23,compute-0-1,10787809.0,13026083.000
677,2026-09-10 15:32:24,compute-0-2,1080320.0,459658.000
677,2026-09-10 15:32:24,compute-0-3,943825.0,1641678.000
678,2026-09-10 15:32:35,compute-0-1,7677794.0,3110015.000
678,2026-09-10 15:32:35,compute-0-2,1374573.0,294253.000
678,2026-09-10 15:32:35,compute-0-3,778213.0,165612.000
679,2026-09-10 15:32:46,compute-0-1,914599.0,6763195.000
679,2026-09-10 15:32:46,compute-0-2,1629001.0,254428.000
679,2026-09-10 15:32:46,compute-0-3,627399.0,150814.000
680,2026-09-10 15:32:57,compute-0-1,965854.0,51255.000
680,2026-09-10 15:32:57,compute-0-2,588437.0,1040564.000
680,2026-09-10 15:32:57,compute-0-3,317868.0,309531.000
681,2026-09-10 15:33:08,compute-0-1,739363.0,226491.000
681,2026-09-10 15:33:08,compute-0-2,1061454.0,473017.000
681,2026-09-10 15:33:08,compute-0-3,145920.0,171948.000
682,2026-09-10 15:33:19,compute-0-1,748986.0,9623.000
682,2026-09-10 15:33:19,compute-0-2,1454027.0,392573.000
682,2026-09-10 15:33:20,compute-0-3,-34747.0,180667.000
683,2026-09-10 15:33:30,compute-0-1,671188.0,77798.000
683,2026-09-10 15:33:30,compute-0-2,1977939.0,523912.000
683,2026-09-10 15:33:31,compute-0-3,-330632.0,295885.000
684,2026-09-10 15:33:41,compute-0-1,179423.0,491765.000
684,2026-09-10 15:33:42,compute-0-2,2481748.0,503809.000
684,2026-09-10 15:33:42,compute-0-3,-812062.0,481430.000
685,2026-09-10 15:33:52,compute-0-1,-79371.0,258794.000
685,2026-09-10 15:33:53,compute-0-2,2746507.0,264759.000
685,2026-09-10 15:33:53,compute-0-3,-976272.0,164210.000
686,2026-09-10 15:34:03,compute-0-1,-218720.0,139349.000
686,2026-09-10 15:34:04,compute-0-2,2840405.0,93898.000
686,2026-09-10 15:34:04,compute-0-3,514512.0,1490784.000
687,2026-09-10 15:34:14,compute-0-1,-487413.0,268693.000
687,2026-09-10 15:34:15,compute-0-2,2817890.0,22515.000
687,2026-09-10 15:34:15,compute-0-3,312185.0,202327.000
688,2026-09-10 15:34:26,compute-0-1,-624892.0,137479.000
688,2026-09-10 15:34:26,compute-0-2,-10752368.0,13570258.000
688,2026-09-10 15:34:26,compute-0-3,79632.0,232553.000
689,2026-09-10 15:34:37,compute-0-1,-758170.0,133278.000
689,2026-09-10 15:34:37,compute-0-2,-4864414.0,5887954.000
689,2026-09-10 15:34:37,compute-0-3,-246081.0,325713.000
690,2026-09-10 15:34:48,compute-0-1,909847.0,1668017.000
690,2026-09-10 15:34:48,compute-0-2,-2590539.0,2273875.000
690,2026-09-10 15:34:48,compute-0-3,-501483.0,255402.000
691,2026-09-10 15:34:59,compute-0-1,737100.0,172747.000
691,2026-09-10 15:34:59,compute-0-2,-949212.0,1641327.000
691,2026-09-10 15:35:00,compute-0-3,-779043.0,277560.000
692,2026-09-10 15:35:10,compute-0-1,569827.0,167273.000
692,2026-09-10 15:35:10,compute-0-2,-170547.0,778665.000
692,2026-09-10 15:35:11,compute-0-3,-1337153.0,558110.000
693,2026-09-10 15:35:21,compute-0-1,236166.0,333661.000
693,2026-09-10 15:35:21,compute-0-2,243601.0,414148.000
693,2026-09-10 15:35:22,compute-0-3,-1888686.0,551533.000
694,2026-09-10 15:35:32,compute-0-1,71612.0,164554.000
694,2026-09-10 15:35:32,compute-0-2,632647.0,389046.000
694,2026-09-10 15:35:33,compute-0-3,-2279140.0,390454.000
695,2026-09-10 15:35:43,compute-0-1,-225297.0,296909.000
695,2026-09-10 15:35:44,compute-0-2,1099964.0,467317.000
695,2026-09-10 15:35:44,compute-0-3,-2514828.0,235688.000
696,2026-09-10 15:35:54,compute-0-1,-401979.0,176682.000
696,2026-09-10 15:35:55,compute-0-2,1443372.0,343408.000
696,2026-09-10 15:35:55,compute-0-3,-2610539.0,95711.000
697,2026-09-10 15:36:05,compute-0-1,-588856.0,186877.000
697,2026-09-10 15:36:06,compute-0-2,1723069.0,279697.000
697,2026-09-10 15:36:06,compute-0-3,-2620671.0,10132.000
698,2026-09-10 15:36:16,compute-0-1,-874234.0,285378.000
698,2026-09-10 15:36:17,compute-0-2,2089728.0,366659.000
698,2026-09-10 15:36:17,compute-0-3,-2254804.0,365867.000
699,2026-09-10 15:36:27,compute-0-1,-1060140.0,185906.000
699,2026-09-10 15:36:28,compute-0-2,2362659.0,272931.000
699,2026-09-10 15:36:28,compute-0-3,-2336600.0,81796.000
700,2026-09-10 15:36:39,compute-0-1,35161.0,1095301.000
700,2026-09-10 15:36:39,compute-0-2,2331513.0,31146.000
700,2026-09-10 15:36:39,compute-0-3,-2366219.0,29619.000
701,2026-09-10 15:36:50,compute-0-1,-173700.0,208861.000
701,2026-09-10 15:36:50,compute-0-2,2672545.0,341032.000
701,2026-09-10 15:36:51,compute-0-3,4984976.0,7351195.000
702,2026-09-10 15:37:01,compute-0-1,-507058.0,333358.000
702,2026-09-10 15:37:01,compute-0-2,2795821.0,123276.000
702,2026-09-10 15:37:02,compute-0-3,11979767.0,6994791.000
703,2026-09-10 15:37:12,compute-0-1,-1173751.0,666693.000
703,2026-09-10 15:37:12,compute-0-2,-9759952.0,12555773.000
703,2026-09-10 15:37:13,compute-0-3,4113666.0,7866101.000
704,2026-09-10 15:37:23,compute-0-1,-1670023.0,496272.000
704,2026-09-10 15:37:23,compute-0-2,-8909239.0,850713.000
704,2026-09-10 15:37:24,compute-0-3,115336.0,3998330.000
705,2026-09-10 15:37:34,compute-0-1,-2003024.0,333001.000
705,2026-09-10 15:37:35,compute-0-2,-2833691.0,6075548.000
705,2026-09-10 15:37:35,compute-0-3,-488472.0,603808.000
706,2026-09-10 15:37:45,compute-0-1,-2242374.0,239350.000
706,2026-09-10 15:37:46,compute-0-2,-485434.0,2348257.000
706,2026-09-10 15:37:46,compute-0-3,-506207.0,17735.000
707,2026-09-10 15:37:56,compute-0-1,-2341612.0,99238.000
707,2026-09-10 15:37:57,compute-0-2,423714.0,909148.000
707,2026-09-10 15:37:57,compute-0-3,-642318.0,136111.000
708,2026-09-10 15:38:07,compute-0-1,-2411462.0,69850.000
708,2026-09-10 15:38:08,compute-0-2,982672.0,558958.000
708,2026-09-10 15:38:08,compute-0-3,1202193.0,1844511.000
709,2026-09-10 15:38:19,compute-0-1,-2400261.0,11201.000
709,2026-09-10 15:38:19,compute-0-2,1340274.0,357602.000
709,2026-09-10 15:38:19,compute-0-3,1058037.0,144156.000
710,2026-09-10 15:38:30,compute-0-1,-2341625.0,58636.000
710,2026-09-10 15:38:30,compute-0-2,1621029.0,280755.000
710,2026-09-10 15:38:30,compute-0-3,885569.0,172468.000
711,2026-09-10 15:38:41,compute-0-1,-2060773.0,280852.000
711,2026-09-10 15:38:41,compute-0-2,2008146.0,387117.000
711,2026-09-10 15:38:41,compute-0-3,601078.0,284491.000
712,2026-09-10 15:38:52,compute-0-1,-2126836.0,66063.000
712,2026-09-10 15:38:52,compute-0-2,1297632.0,710514.000
712,2026-09-10 15:38:53,compute-0-3,421378.0,179700.000
713,2026-09-10 15:39:03,compute-0-1,3913435.0,6040271.000
713,2026-09-10 15:39:03,compute-0-2,1709357.0,411725.000
713,2026-09-10 15:39:04,compute-0-3,160936.0,260442.000
714,2026-09-10 15:39:14,compute-0-1,14656883.0,10743448.000
714,2026-09-10 15:39:14,compute-0-2,2133399.0,424042.000
714,2026-09-10 15:39:15,compute-0-3,-25843.0,186779.000
715,2026-09-10 15:39:25,compute-0-1,5631217.0,9025666.000
715,2026-09-10 15:39:25,compute-0-2,2531114.0,397715.000
715,2026-09-10 15:39:26,compute-0-3,-211845.0,186002.000
716,2026-09-10 15:39:36,compute-0-1,381312.0,5249905.000
716,2026-09-10 15:39:37,compute-0-2,2829540.0,298426.000
716,2026-09-10 15:39:37,compute-0-3,-813472.0,601627.000
717,2026-09-10 15:39:47,compute-0-1,-401406.0,782718.000
717,2026-09-10 15:39:48,compute-0-2,2855476.0,25936.000
717,2026-09-10 15:39:48,compute-0-3,-968306.0,154834.000
718,2026-09-10 15:39:59,compute-0-1,-382563.0,18843.000
718,2026-09-10 15:39:59,compute-0-2,-11174962.0,14030438.000
718,2026-09-10 15:39:59,compute-0-3,653869.0,1622175.000
719,2026-09-10 15:40:10,compute-0-1,-390974.0,8411.000
719,2026-09-10 15:40:10,compute-0-2,-5011453.0,6163509.000
719,2026-09-10 15:40:10,compute-0-3,464180.0,189689.000
720,2026-09-10 15:40:21,compute-0-1,-587961.0,196987.000
720,2026-09-10 15:40:21,compute-0-2,-878778.0,4132675.000
720,2026-09-10 15:40:21,compute-0-3,241297.0,222883.000
