sample_id,time,hostname,offset_ns,jitter_ns
1,2026-09-08 17:08:12,compute-0-1,-4.0,NaN
1,2026-09-08 17:08:13,compute-0-2,3.0,NaN
1,2026-09-08 17:08:13,compute-0-3,-2.0,NaN
2,2026-09-08 17:08:23,compute-0-1,-4.0,0.000
2,2026-09-08 17:08:24,compute-0-2,0.0,3.000
2,2026-09-08 17:08:24,compute-0-3,3.0,5.000
3,2026-09-08 17:08:35,compute-0-1,-4.0,0.000
3,2026-09-08 17:08:35,compute-0-2,-4.0,4.000
3,2026-09-08 17:08:35,compute-0-3,-2.0,5.000
4,2026-09-08 17:08:46,compute-0-1,3.0,7.000
4,2026-09-08 17:08:46,compute-0-2,-1.0,3.000
4,2026-09-08 17:08:46,compute-0-3,-1.0,1.000
5,2026-09-08 17:08:57,compute-0-1,1.0,2.000
5,2026-09-08 17:08:57,compute-0-2,-3.0,2.000
5,2026-09-08 17:08:58,compute-0-3,-2.0,1.000
6,2026-09-08 17:09:08,compute-0-1,-3.0,4.000
6,2026-09-08 17:09:08,compute-0-2,0.0,3.000
6,2026-09-08 17:09:09,compute-0-3,5.0,7.000
7,2026-09-08 17:09:19,compute-0-1,3.0,6.000
7,2026-09-08 17:09:19,compute-0-2,4.0,4.000
7,2026-09-08 17:09:20,compute-0-3,-2.0,7.000
8,2026-09-08 17:09:30,compute-0-1,3.0,0.000
8,2026-09-08 17:09:30,compute-0-2,-1.0,5.000
8,2026-09-08 17:09:31,compute-0-3,-7.0,5.000
9,2026-09-08 17:09:41,compute-0-1,-3.0,6.000
9,2026-09-08 17:09:41,compute-0-2,3.0,4.000
9,2026-09-08 17:09:42,compute-0-3,-1.0,6.000
10,2026-09-08 17:09:52,compute-0-1,4.0,7.000
10,2026-09-08 17:09:53,compute-0-2,5.0,2.000
10,2026-09-08 17:09:53,compute-0-3,7.0,8.000
11,2026-09-08 17:10:03,compute-0-1,1.0,3.000
11,2026-09-08 17:10:04,compute-0-2,4.0,1.000
11,2026-09-08 17:10:04,compute-0-3,0.0,7.000
12,2026-09-08 17:10:14,compute-0-1,0.0,1.000
12,2026-09-08 17:10:15,compute-0-2,2.0,2.000
12,2026-09-08 17:10:15,compute-0-3,-3.0,3.000
13,2026-09-08 17:10:25,compute-0-1,1.0,1.000
13,2026-09-08 17:10:26,compute-0-2,0.0,2.000
13,2026-09-08 17:10:26,compute-0-3,-2.0,1.000
14,2026-09-08 17:10:37,compute-0-1,2.0,1.000
14,2026-09-08 17:10:37,compute-0-2,1.0,1.000
14,2026-09-08 17:10:37,compute-0-3,4.0,6.000
15,2026-09-08 17:10:48,compute-0-1,-2.0,4.000
15,2026-09-08 17:10:48,compute-0-2,2.0,1.000
15,2026-09-08 17:10:49,compute-0-3,7.0,3.000
16,2026-09-08 17:10:59,compute-0-1,-3.0,1.000
16,2026-09-08 17:10:59,compute-0-2,-1.0,3.000
16,2026-09-08 17:11:00,compute-0-3,3.0,4.000
17,2026-09-08 17:11:10,compute-0-1,2.0,5.000
17,2026-09-08 17:11:10,compute-0-2,2.0,3.000
17,2026-09-08 17:11:11,compute-0-3,-6.0,9.000
18,2026-09-08 17:11:21,compute-0-1,0.0,2.000
18,2026-09-08 17:11:21,compute-0-2,-2.0,4.000
18,2026-09-08 17:11:22,compute-0-3,-6.0,0.000
19,2026-09-08 17:11:32,compute-0-1,0.0,0.000
19,2026-09-08 17:11:33,compute-0-2,4.0,6.000
19,2026-09-08 17:11:33,compute-0-3,3.0,9.000
20,2026-09-08 17:11:43,compute-0-1,-3.0,3.000
20,2026-09-08 17:11:44,compute-0-2,-2.0,6.000
20,2026-09-08 17:11:44,compute-0-3,-1.0,4.000
21,2026-09-08 17:11:54,compute-0-1,-5.0,2.000
21,2026-09-08 17:11:55,compute-0-2,-2.0,0.000
21,2026-09-08 17:11:55,compute-0-3,-7.0,6.000
22,2026-09-08 17:12:06,compute-0-1,3.0,8.000
22,2026-09-08 17:12:06,compute-0-2,-3.0,1.000
22,2026-09-08 17:12:06,compute-0-3,-2.0,5.000
23,2026-09-08 17:12:17,compute-0-1,-4.0,7.000
23,2026-09-08 17:12:17,compute-0-2,1.0,4.000
23,2026-09-08 17:12:17,compute-0-3,4.0,6.000
24,2026-09-08 17:12:28,compute-0-1,-3.0,1.000
24,2026-09-08 17:12:28,compute-0-2,0.0,1.000
24,2026-09-08 17:12:29,compute-0-3,-5.0,9.000
25,2026-09-08 17:12:39,compute-0-1,3.0,6.000
25,2026-09-08 17:12:39,compute-0-2,2.0,2.000
25,2026-09-08 17:12:40,compute-0-3,-1.0,4.000
26,2026-09-08 17:12:50,compute-0-1,4.0,1.000
26,2026-09-08 17:12:50,compute-0-2,3.0,1.000
26,2026-09-08 17:12:51,compute-0-3,4.0,5.000
27,2026-09-08 17:13:01,compute-0-1,3.0,1.000
27,2026-09-08 17:13:02,compute-0-2,-2.0,5.000
27,2026-09-08 17:13:02,compute-0-3,3.0,1.000
28,2026-09-08 17:13:12,compute-0-1,-4.0,7.000
28,2026-09-08 17:13:13,compute-0-2,-3.0,1.000
28,2026-09-08 17:13:13,compute-0-3,2.0,1.000
29,2026-09-08 17:13:23,compute-0-1,-6.0,2.000
29,2026-09-08 17:13:24,compute-0-2,3.0,6.000
29,2026-09-08 17:13:24,compute-0-3,-2.0,4.000
30,2026-09-08 17:13:34,compute-0-1,-2.0,4.000
30,2026-09-08 17:13:35,compute-0-2,3.0,0.000
30,2026-09-08 17:13:35,compute-0-3,0.0,2.000
31,2026-09-08 17:13:46,compute-0-1,1.0,3.000
31,2026-09-08 17:13:46,compute-0-2,2.0,1.000
31,2026-09-08 17:13:46,compute-0-3,4.0,4.000
32,2026-09-08 17:13:57,compute-0-1,2.0,1.000
32,2026-09-08 17:13:57,compute-0-2,-2.0,4.000
32,2026-09-08 17:13:58,compute-0-3,0.0,4.000
33,2026-09-08 17:14:08,compute-0-1,0.0,2.000
33,2026-09-08 17:14:08,compute-0-2,1.0,3.000
33,2026-09-08 17:14:09,compute-0-3,-5.0,5.000
34,2026-09-08 17:14:19,compute-0-1,0.0,0.000
34,2026-09-08 17:14:19,compute-0-2,1.0,0.000
34,2026-09-08 17:14:20,compute-0-3,6.0,11.000
35,2026-09-08 17:14:30,compute-0-1,-6.0,6.000
35,2026-09-08 17:14:30,compute-0-2,1.0,0.000
35,2026-09-08 17:14:31,compute-0-3,1.0,5.000
36,2026-09-08 17:14:41,compute-0-1,4.0,10.000
36,2026-09-08 17:14:42,compute-0-2,2.0,1.000
36,2026-09-08 17:14:42,compute-0-3,0.0,1.000
37,2026-09-08 17:14:52,compute-0-1,1.0,3.000
37,2026-09-08 17:14:53,compute-0-2,-4.0,6.000
37,2026-09-08 17:14:53,compute-0-3,2.0,2.000
38,2026-09-08 17:15:04,compute-0-1,1.0,0.000
38,2026-09-08 17:15:04,compute-0-2,2.0,6.000
38,2026-09-08 17:15:04,compute-0-3,4.0,2.000
39,2026-09-08 17:15:15,compute-0-1,-4.0,5.000
39,2026-09-08 17:15:15,compute-0-2,-4.0,6.000
39,2026-09-08 17:15:16,compute-0-3,-5.0,9.000
40,2026-09-08 17:15:26,compute-0-1,-1.0,3.000
40,2026-09-08 17:15:26,compute-0-2,1.0,5.000
40,2026-09-08 17:15:27,compute-0-3,0.0,5.000
41,2026-09-08 17:15:37,compute-0-1,3.0,4.000
41,2026-09-08 17:15:38,compute-0-2,0.0,1.000
41,2026-09-08 17:15:38,compute-0-3,1.0,1.000
42,2026-09-08 17:15:49,compute-0-1,4.0,1.000
42,2026-09-08 17:15:49,compute-0-2,-3.0,3.000
42,2026-09-08 17:15:49,compute-0-3,1.0,0.000
43,2026-09-08 17:16:00,compute-0-1,-1.0,5.000
43,2026-09-08 17:16:00,compute-0-2,5.0,8.000
43,2026-09-08 17:16:00,compute-0-3,-2.0,3.000
44,2026-09-08 17:16:11,compute-0-1,1.0,2.000
44,2026-09-08 17:16:11,compute-0-2,3.0,2.000
44,2026-09-08 17:16:12,compute-0-3,-4.0,2.000
45,2026-09-08 17:16:22,compute-0-1,1.0,0.000
45,2026-09-08 17:16:22,compute-0-2,2.0,1.000
45,2026-09-08 17:16:23,compute-0-3,-5.0,1.000
46,2026-09-08 17:16:33,compute-0-1,-1.0,2.000
46,2026-09-08 17:16:33,compute-0-2,3.0,1.000
46,2026-09-08 17:16:34,compute-0-3,-1.0,4.000
47,2026-09-08 17:16:44,compute-0-1,-1.0,0.000
47,2026-09-08 17:16:44,compute-0-2,-2.0,5.000
47,2026-09-08 17:16:45,compute-0-3,9.0,10.000
48,2026-09-08 17:16:55,compute-0-1,-3.0,2.000
48,2026-09-08 17:16:55,compute-0-2,2.0,4.000
48,2026-09-08 17:16:56,compute-0-3,0.0,9.000
49,2026-09-08 17:17:06,compute-0-1,-4.0,1.000
49,2026-09-08 17:17:07,compute-0-2,2.0,0.000
49,2026-09-08 17:17:07,compute-0-3,-1.0,1.000
50,2026-09-08 17:17:17,compute-0-1,-2.0,2.000
50,2026-09-08 17:17:18,compute-0-2,-5.0,7.000
50,2026-09-08 17:17:18,compute-0-3,-4.0,3.000
51,2026-09-08 17:17:29,compute-0-1,0.0,2.000
51,2026-09-08 17:17:29,compute-0-2,-1.0,4.000
51,2026-09-08 17:17:29,compute-0-3,-2.0,2.000
52,2026-09-08 17:17:40,compute-0-1,-3.0,3.000
52,2026-09-08 17:17:40,compute-0-2,-2.0,1.000
52,2026-09-08 17:17:40,compute-0-3,-4.0,2.000
53,2026-09-08 17:17:51,compute-0-1,5.0,8.000
53,2026-09-08 17:17:51,compute-0-2,1.0,3.000
53,2026-09-08 17:17:52,compute-0-3,3.0,7.000
54,2026-09-08 17:18:02,compute-0-1,3.0,2.000
54,2026-09-08 17:18:02,compute-0-2,-2.0,3.000
54,2026-09-08 17:18:03,compute-0-3,6.0,3.000
55,2026-09-08 17:18:13,compute-0-1,-3.0,6.000
55,2026-09-08 17:18:14,compute-0-2,2.0,4.000
55,2026-09-08 17:18:14,compute-0-3,4.0,2.000
56,2026-09-08 17:18:24,compute-0-1,3.0,6.000
56,2026-09-08 17:18:25,compute-0-2,0.0,2.000
56,2026-09-08 17:18:25,compute-0-3,3.0,1.000
57,2026-09-08 17:18:35,compute-0-1,-2.0,5.000
57,2026-09-08 17:18:36,compute-0-2,2.0,2.000
57,2026-09-08 17:18:36,compute-0-3,-3.0,6.000
58,2026-09-08 17:18:47,compute-0-1,5.0,7.000
58,2026-09-08 17:18:47,compute-0-2,-3.0,5.000
58,2026-09-08 17:18:47,compute-0-3,-2.0,1.000
59,2026-09-08 17:18:58,compute-0-1,4.0,1.000
59,2026-09-08 17:18:58,compute-0-2,2.0,5.000
59,2026-09-08 17:18:58,compute-0-3,-1.0,1.000
60,2026-09-08 17:19:09,compute-0-1,-4.0,8.000
60,2026-09-08 17:19:09,compute-0-2,0.0,2.000
60,2026-09-08 17:19:09,compute-0-3,0.0,1.000
61,2026-09-08 17:19:20,compute-0-1,-2.0,2.000
61,2026-09-08 17:19:20,compute-0-2,-2.0,2.000
61,2026-09-08 17:19:20,compute-0-3,0.0,0.000
62,2026-09-08 17:19:31,compute-0-1,2.0,4.000
62,2026-09-08 17:19:31,compute-0-2,3.0,5.000
62,2026-09-08 17:19:32,compute-0-3,-4.0,4.000
63,2026-09-08 17:19:42,compute-0-1,1.0,1.000
63,2026-09-08 17:19:42,compute-0-2,-4.0,7.000
63,2026-09-08 17:19:43,compute-0-3,5.0,9.000
64,2026-09-08 17:19:53,compute-0-1,4.0,3.000
64,2026-09-08 17:19:54,compute-0-2,-2.0,2.000
64,2026-09-08 17:19:54,compute-0-3,-7.0,12.000
65,2026-09-08 17:20:04,compute-0-1,1.0,3.000
65,2026-09-08 17:20:05,compute-0-2,1.0,3.000
65,2026-09-08 17:20:05,compute-0-3,3.0,10.000
66,2026-09-08 17:20:15,compute-0-1,2.0,1.000
66,2026-09-08 17:20:16,compute-0-2,1.0,0.000
66,2026-09-08 17:20:16,compute-0-3,1.0,2.000
67,2026-09-08 17:20:27,compute-0-1,-2.0,4.000
67,2026-09-08 17:20:27,compute-0-2,1.0,0.000
67,2026-09-08 17:20:27,compute-0-3,-3.0,4.000
68,2026-09-08 17:20:38,compute-0-1,-4.0,2.000
68,2026-09-08 17:20:38,compute-0-2,0.0,1.000
68,2026-09-08 17:20:39,compute-0-3,-1.0,2.000
69,2026-09-08 17:20:49,compute-0-1,-3.0,1.000
69,2026-09-08 17:20:49,compute-0-2,4.0,4.000
69,2026-09-08 17:20:50,compute-0-3,-6.0,5.000
70,2026-09-08 17:21:00,compute-0-1,0.0,3.000
70,2026-09-08 17:21:00,compute-0-2,-1.0,5.000
70,2026-09-08 17:21:01,compute-0-3,2.0,8.000
71,2026-09-08 17:21:11,compute-0-1,1.0,1.000
71,2026-09-08 17:21:12,compute-0-2,-2.0,1.000
71,2026-09-08 17:21:12,compute-0-3,-1.0,3.000
72,2026-09-08 17:21:22,compute-0-1,-1.0,2.000
72,2026-09-08 17:21:23,compute-0-2,1.0,3.000
72,2026-09-08 17:21:23,compute-0-3,0.0,1.000
73,2026-09-08 17:21:33,compute-0-1,5.0,6.000
73,2026-09-08 17:21:34,compute-0-2,4.0,3.000
73,2026-09-08 17:21:34,compute-0-3,4.0,4.000
74,2026-09-08 17:21:44,compute-0-1,4.0,1.000
74,2026-09-08 17:21:45,compute-0-2,-2.0,6.000
74,2026-09-08 17:21:45,compute-0-3,-3.0,7.000
75,2026-09-08 17:21:56,compute-0-1,1.0,3.000
75,2026-09-08 17:21:56,compute-0-2,-2.0,0.000
75,2026-09-08 17:21:56,compute-0-3,0.0,3.000
76,2026-09-08 17:22:07,compute-0-1,4.0,3.000
76,2026-09-08 17:22:07,compute-0-2,-2.0,0.000
76,2026-09-08 17:22:08,compute-0-3,4.0,4.000
77,2026-09-08 17:22:18,compute-0-1,2.0,2.000
77,2026-09-08 17:22:18,compute-0-2,1.0,3.000
77,2026-09-08 17:22:19,compute-0-3,-1.0,5.000
78,2026-09-08 17:22:29,compute-0-1,-3.0,5.000
78,2026-09-08 17:22:29,compute-0-2,-2.0,3.000
78,2026-09-08 17:22:30,compute-0-3,0.0,1.000
79,2026-09-08 17:22:40,compute-0-1,-3.0,0.000
79,2026-09-08 17:22:41,compute-0-2,-1.0,1.000
79,2026-09-08 17:22:41,compute-0-3,-4.0,4.000
80,2026-09-08 17:22:51,compute-0-1,-3.0,0.000
80,2026-09-08 17:22:52,compute-0-2,1.0,2.000
80,2026-09-08 17:22:52,compute-0-3,5.0,9.000
81,2026-09-08 17:23:02,compute-0-1,-5.0,2.000
81,2026-09-08 17:23:03,compute-0-2,-1.0,2.000
81,2026-09-08 17:23:03,compute-0-3,0.0,5.000
82,2026-09-08 17:23:13,compute-0-1,2.0,7.000
82,2026-09-08 17:23:14,compute-0-2,-4.0,3.000
82,2026-09-08 17:23:14,compute-0-3,-2.0,2.000
83,2026-09-08 17:23:25,compute-0-1,-5.0,7.000
83,2026-09-08 17:23:25,compute-0-2,-3.0,1.000
83,2026-09-08 17:23:25,compute-0-3,-4.0,2.000
84,2026-09-08 17:23:36,compute-0-1,3.0,8.000
84,2026-09-08 17:23:36,compute-0-2,-3.0,0.000
84,2026-09-08 17:23:36,compute-0-3,4.0,8.000
85,2026-09-08 17:23:47,compute-0-1,2.0,1.000
85,2026-09-08 17:23:47,compute-0-2,4.0,7.000
85,2026-09-08 17:23:47,compute-0-3,1.0,3.000
86,2026-09-08 17:23:58,compute-0-1,0.0,2.000
86,2026-09-08 17:23:58,compute-0-2,-3.0,7.000
86,2026-09-08 17:23:59,compute-0-3,5.0,4.000
87,2026-09-08 17:24:09,compute-0-1,0.0,0.000
87,2026-09-08 17:24:09,compute-0-2,0.0,3.000
87,2026-09-08 17:24:10,compute-0-3,1.0,4.000
88,2026-09-08 17:24:20,compute-0-1,-4.0,4.000
88,2026-09-08 17:24:21,compute-0-2,-5.0,5.000
88,2026-09-08 17:24:21,compute-0-3,3.0,2.000
89,2026-09-08 17:24:31,compute-0-1,2.0,6.000
89,2026-09-08 17:24:32,compute-0-2,1.0,6.000
89,2026-09-08 17:24:32,compute-0-3,3.0,0.000
90,2026-09-08 17:24:42,compute-0-1,1.0,1.000
90,2026-09-08 17:24:43,compute-0-2,2.0,1.000
90,2026-09-08 17:24:43,compute-0-3,-2.0,5.000
91,2026-09-08 17:24:53,compute-0-1,-2.0,3.000
91,2026-09-08 17:24:54,compute-0-2,-3.0,5.000
91,2026-09-08 17:24:54,compute-0-3,-2.0,0.000
92,2026-09-08 17:25:05,compute-0-1,-2.0,0.000
92,2026-09-08 17:25:05,compute-0-2,1.0,4.000
92,2026-09-08 17:25:05,compute-0-3,-2.0,0.000
93,2026-09-08 17:25:16,compute-0-1,0.0,2.000
93,2026-09-08 17:25:16,compute-0-2,1.0,0.000
93,2026-09-08 17:25:16,compute-0-3,6.0,8.000
94,2026-09-08 17:25:27,compute-0-1,3.0,3.000
94,2026-09-08 17:25:27,compute-0-2,-4.0,5.000
94,2026-09-08 17:25:27,compute-0-3,-3.0,9.000
95,2026-09-08 17:25:38,compute-0-1,-1.0,4.000
95,2026-09-08 17:25:38,compute-0-2,-4.0,0.000
95,2026-09-08 17:25:39,compute-0-3,3.0,6.000
96,2026-09-08 17:25:49,compute-0-1,2.0,3.000
96,2026-09-08 17:25:49,compute-0-2,-3.0,1.000
96,2026-09-08 17:25:50,compute-0-3,5.0,2.000
97,2026-09-08 17:26:00,compute-0-1,1.0,1.000
97,2026-09-08 17:26:00,compute-0-2,-1.0,2.000
97,2026-09-08 17:26:01,compute-0-3,1.0,4.000
98,2026-09-08 17:26:11,compute-0-1,2.0,1.000
98,2026-09-08 17:26:12,compute-0-2,1.0,2.000
98,2026-09-08 17:26:12,compute-0-3,-4.0,5.000
99,2026-09-08 17:26:22,compute-0-1,2.0,0.000
99,2026-09-08 17:26:23,compute-0-2,-4.0,5.000
99,2026-09-08 17:26:23,compute-0-3,0.0,4.000
100,2026-09-08 17:26:33,compute-0-1,1.0,1.000
100,2026-09-08 17:26:34,compute-0-2,2.0,6.000
100,2026-09-08 17:26:34,compute-0-3,2.0,2.000
101,2026-09-08 17:26:45,compute-0-1,4.0,3.000
101,2026-09-08 17:26:45,compute-0-2,-2.0,4.000
101,2026-09-08 17:26:45,compute-0-3,6.0,4.000
102,2026-09-08 17:26:56,compute-0-1,-3.0,7.000
102,2026-09-08 17:26:57,compute-0-2,0.0,2.000
102,2026-09-08 17:26:57,compute-0-3,2.0,4.000
103,2026-09-08 17:27:07,compute-0-1,0.0,3.000
103,2026-09-08 17:27:08,compute-0-2,-3.0,3.000
103,2026-09-08 17:27:08,compute-0-3,-5.0,7.000
104,2026-09-08 17:27:18,compute-0-1,2.0,2.000
104,2026-09-08 17:27:19,compute-0-2,-2.0,1.000
104,2026-09-08 17:27:19,compute-0-3,-1.0,4.000
105,2026-09-08 17:27:29,compute-0-1,3.0,1.000
105,2026-09-08 17:27:30,compute-0-2,3.0,5.000
105,2026-09-08 17:27:30,compute-0-3,4.0,5.000
106,2026-09-08 17:27:41,compute-0-1,2.0,1.000
106,2026-09-08 17:27:41,compute-0-2,0.0,3.000
106,2026-09-08 17:27:41,compute-0-3,-3.0,7.000
107,2026-09-08 17:27:52,compute-0-1,1.0,1.000
107,2026-09-08 17:27:52,compute-0-2,0.0,0.000
107,2026-09-08 17:27:52,compute-0-3,-5.0,2.000
108,2026-09-08 17:28:03,compute-0-1,-3.0,4.000
108,2026-09-08 17:28:03,compute-0-2,0.0,0.000
108,2026-09-08 17:28:03,compute-0-3,0.0,5.000
109,2026-09-08 17:28:14,compute-0-1,2.0,5.000
109,2026-09-08 17:28:14,compute-0-2,3.0,3.000
109,2026-09-08 17:28:14,compute-0-3,-6.0,6.000
110,2026-09-08 17:28:25,compute-0-1,2.0,0.000
110,2026-09-08 17:28:25,compute-0-2,-1.0,4.000
110,2026-09-08 17:28:26,compute-0-3,-2.0,4.000
111,2026-09-08 17:28:36,compute-0-1,5.0,3.000
111,2026-09-08 17:28:36,compute-0-2,1.0,2.000
111,2026-09-08 17:28:37,compute-0-3,3.0,5.000
112,2026-09-08 17:28:47,compute-0-1,-2.0,7.000
112,2026-09-08 17:28:48,compute-0-2,-3.0,4.000
112,2026-09-08 17:28:48,compute-0-3,-4.0,7.000
113,2026-09-08 17:28:58,compute-0-1,2.0,4.000
113,2026-09-08 17:28:59,compute-0-2,-1.0,2.000
113,2026-09-08 17:28:59,compute-0-3,-2.0,2.000
114,2026-09-08 17:29:09,compute-0-1,2.0,0.000
114,2026-09-08 17:29:10,compute-0-2,-1.0,0.000
114,2026-09-08 17:29:10,compute-0-3,1.0,3.000
115,2026-09-08 17:29:21,compute-0-1,2.0,0.000
115,2026-09-08 17:29:21,compute-0-2,-3.0,2.000
115,2026-09-08 17:29:21,compute-0-3,7.0,6.000
116,2026-09-08 17:29:32,compute-0-1,-5.0,7.000
116,2026-09-08 17:29:32,compute-0-2,-1.0,2.000
116,2026-09-08 17:29:33,compute-0-3,3.0,4.000
117,2026-09-08 17:29:43,compute-0-1,0.0,5.000
117,2026-09-08 17:29:43,compute-0-2,-3.0,2.000
117,2026-09-08 17:29:44,compute-0-3,-4.0,7.000
118,2026-09-08 17:29:54,compute-0-1,0.0,0.000
118,2026-09-08 17:29:55,compute-0-2,1.0,4.000
118,2026-09-08 17:29:55,compute-0-3,-2.0,2.000
119,2026-09-08 17:30:05,compute-0-1,0.0,0.000
119,2026-09-08 17:30:06,compute-0-2,0.0,1.000
119,2026-09-08 17:30:06,compute-0-3,-2.0,0.000
120,2026-09-08 17:30:17,compute-0-1,-1.0,1.000
120,2026-09-08 17:30:17,compute-0-2,2.0,2.000
120,2026-09-08 17:30:17,compute-0-3,-4.0,2.000
121,2026-09-08 17:30:28,compute-0-1,4.0,5.000
121,2026-09-08 17:30:28,compute-0-2,-3.0,5.000
121,2026-09-08 17:30:29,compute-0-3,4.0,8.000
122,2026-09-08 17:30:39,compute-0-1,1.0,3.000
122,2026-09-08 17:30:39,compute-0-2,2.0,5.000
122,2026-09-08 17:30:40,compute-0-3,6.0,2.000
123,2026-09-08 17:30:50,compute-0-1,-1.0,2.000
123,2026-09-08 17:30:50,compute-0-2,-5.0,7.000
123,2026-09-08 17:30:51,compute-0-3,1.0,5.000
124,2026-09-08 17:31:01,compute-0-1,-5.0,4.000
124,2026-09-08 17:31:01,compute-0-2,2.0,7.000
124,2026-09-08 17:31:02,compute-0-3,-2.0,3.000
125,2026-09-08 17:31:12,compute-0-1,3.0,8.000
125,2026-09-08 17:31:13,compute-0-2,-4.0,6.000
125,2026-09-08 17:31:13,compute-0-3,-3.0,1.000
126,2026-09-08 17:31:23,compute-0-1,-3.0,6.000
126,2026-09-08 17:31:24,compute-0-2,1.0,5.000
126,2026-09-08 17:31:24,compute-0-3,1.0,4.000
127,2026-09-08 17:31:35,compute-0-1,1.0,4.000
127,2026-09-08 17:31:35,compute-0-2,-1.0,2.000
127,2026-09-08 17:31:35,compute-0-3,-5.0,6.000
128,2026-09-08 17:31:46,compute-0-1,-2.0,3.000
128,2026-09-08 17:31:46,compute-0-2,2.0,3.000
128,2026-09-08 17:31:46,compute-0-3,0.0,5.000
129,2026-09-08 17:31:57,compute-0-1,2.0,4.000
129,2026-09-08 17:31:57,compute-0-2,4.0,2.000
129,2026-09-08 17:31:57,compute-0-3,-3.0,3.000
130,2026-09-08 17:32:08,compute-0-1,0.0,2.000
130,2026-09-08 17:32:08,compute-0-2,-5.0,9.000
130,2026-09-08 17:32:08,compute-0-3,2.0,5.000
131,2026-09-08 17:32:19,compute-0-1,0.0,0.000
131,2026-09-08 17:32:20,compute-0-2,4.0,9.000
131,2026-09-08 17:32:20,compute-0-3,-2.0,4.000
132,2026-09-08 17:32:30,compute-0-1,2.0,2.000
132,2026-09-08 17:32:31,compute-0-2,2.0,2.000
132,2026-09-08 17:32:31,compute-0-3,-3.0,1.000
133,2026-09-08 17:32:42,compute-0-1,0.0,2.000
133,2026-09-08 17:32:42,compute-0-2,2.0,0.000
133,2026-09-08 17:32:42,compute-0-3,1.0,4.000
134,2026-09-08 17:32:53,compute-0-1,-2.0,2.000
134,2026-09-08 17:32:53,compute-0-2,0.0,2.000
134,2026-09-08 17:32:53,compute-0-3,2.0,1.000
135,2026-09-08 17:33:04,compute-0-1,3.0,5.000
135,2026-09-08 17:33:04,compute-0-2,-2.0,2.000
135,2026-09-08 17:33:05,compute-0-3,0.0,2.000
136,2026-09-08 17:33:15,compute-0-1,-3.0,6.000
136,2026-09-08 17:33:15,compute-0-2,3.0,5.000
136,2026-09-08 17:33:16,compute-0-3,2.0,2.000
137,2026-09-08 17:33:26,compute-0-1,-3.0,0.000
137,2026-09-08 17:33:27,compute-0-2,3.0,0.000
137,2026-09-08 17:33:27,compute-0-3,3.0,1.000
138,2026-09-08 17:33:37,compute-0-1,-1.0,2.000
138,2026-09-08 17:33:38,compute-0-2,1.0,2.000
138,2026-09-08 17:33:38,compute-0-3,-2.0,5.000
139,2026-09-08 17:33:48,compute-0-1,3.0,4.000
139,2026-09-08 17:33:49,compute-0-2,3.0,2.000
139,2026-09-08 17:33:49,compute-0-3,4.0,6.000
140,2026-09-08 17:33:59,compute-0-1,3.0,0.000
140,2026-09-08 17:34:00,compute-0-2,-3.0,6.000
140,2026-09-08 17:34:00,compute-0-3,-4.0,8.000
141,2026-09-08 17:34:11,compute-0-1,1.0,2.000
141,2026-09-08 17:34:11,compute-0-2,-4.0,1.000
141,2026-09-08 17:34:11,compute-0-3,0.0,4.000
142,2026-09-08 17:34:22,compute-0-1,0.0,1.000
142,2026-09-08 17:34:22,compute-0-2,2.0,6.000
142,2026-09-08 17:34:22,compute-0-3,0.0,0.000
143,2026-09-08 17:34:33,compute-0-1,4.0,4.000
143,2026-09-08 17:34:33,compute-0-2,3.0,1.000
143,2026-09-08 17:34:33,compute-0-3,-1.0,1.000
144,2026-09-08 17:34:44,compute-0-1,2.0,2.000
144,2026-09-08 17:34:44,compute-0-2,4.0,1.000
144,2026-09-08 17:34:44,compute-0-3,1.0,2.000
145,2026-09-08 17:34:55,compute-0-1,-3.0,5.000
145,2026-09-08 17:34:55,compute-0-2,-4.0,8.000
145,2026-09-08 17:34:56,compute-0-3,1.0,0.000
146,2026-09-08 17:35:06,compute-0-1,-1.0,2.000
146,2026-09-08 17:35:06,compute-0-2,2.0,6.000
146,2026-09-08 17:35:07,compute-0-3,-4.0,5.000
147,2026-09-08 17:35:17,compute-0-1,2.0,3.000
147,2026-09-08 17:35:18,compute-0-2,-2.0,4.000
147,2026-09-08 17:35:18,compute-0-3,-2.0,2.000
148,2026-09-08 17:35:28,compute-0-1,-4.0,6.000
148,2026-09-08 17:35:29,compute-0-2,-5.0,3.000
148,2026-09-08 17:35:29,compute-0-3,1.0,3.000
149,2026-09-08 17:35:39,compute-0-1,2.0,6.000
149,2026-09-08 17:35:40,compute-0-2,0.0,5.000
149,2026-09-08 17:35:40,compute-0-3,-4.0,5.000
150,2026-09-08 17:35:50,compute-0-1,2.0,0.000
150,2026-09-08 17:35:51,compute-0-2,-3.0,3.000
150,2026-09-08 17:35:51,compute-0-3,0.0,4.000
151,2026-09-08 17:36:02,compute-0-1,2.0,0.000
151,2026-09-08 17:36:02,compute-0-2,4.0,7.000
151,2026-09-08 17:36:02,compute-0-3,-4.0,4.000
152,2026-09-08 17:36:13,compute-0-1,2.0,0.000
152,2026-09-08 17:36:13,compute-0-2,1.0,3.000
152,2026-09-08 17:36:13,compute-0-3,7.0,11.000
153,2026-09-08 17:36:24,compute-0-1,-2.0,4.000
153,2026-09-08 17:36:24,compute-0-2,5.0,4.000
153,2026-09-08 17:36:25,compute-0-3,-1.0,8.000
154,2026-09-08 17:36:35,compute-0-1,-3.0,1.000
154,2026-09-08 17:36:35,compute-0-2,-1.0,6.000
154,2026-09-08 17:36:36,compute-0-3,1.0,2.000
155,2026-09-08 17:36:46,compute-0-1,0.0,3.000
155,2026-09-08 17:36:46,compute-0-2,-2.0,1.000
155,2026-09-08 17:36:47,compute-0-3,3.0,2.000
156,2026-09-08 17:36:57,compute-0-1,2.0,2.000
156,2026-09-08 17:36:57,compute-0-2,-3.0,1.000
156,2026-09-08 17:36:58,compute-0-3,0.0,3.000
157,2026-09-08 17:37:08,compute-0-1,6.0,4.000
157,2026-09-08 17:37:09,compute-0-2,2.0,5.000
157,2026-09-08 17:37:09,compute-0-3,3.0,3.000
158,2026-09-08 17:37:19,compute-0-1,1.0,5.000
158,2026-09-08 17:37:20,compute-0-2,-3.0,5.000
158,2026-09-08 17:37:20,compute-0-3,-1.0,4.000
159,2026-09-08 17:37:31,compute-0-1,1.0,0.000
159,2026-09-08 17:37:31,compute-0-2,-2.0,1.000
159,2026-09-08 17:37:31,compute-0-3,-2.0,1.000
160,2026-09-08 17:37:42,compute-0-1,3.0,2.000
160,2026-09-08 17:37:42,compute-0-2,3.0,5.000
160,2026-09-08 17:37:43,compute-0-3,-6.0,4.000
161,2026-09-08 17:37:53,compute-0-1,3.0,0.000
161,2026-09-08 17:37:53,compute-0-2,-3.0,6.000
161,2026-09-08 17:37:54,compute-0-3,0.0,6.000
162,2026-09-08 17:38:04,compute-0-1,-1.0,4.000
162,2026-09-08 17:38:05,compute-0-2,0.0,3.000
162,2026-09-08 17:38:05,compute-0-3,1.0,1.000
163,2026-09-08 17:38:15,compute-0-1,-3.0,2.000
163,2026-09-08 17:38:16,compute-0-2,0.0,0.000
163,2026-09-08 17:38:16,compute-0-3,-1.0,2.000
164,2026-09-08 17:38:26,compute-0-1,2.0,5.000
164,2026-09-08 17:38:27,compute-0-2,-4.0,4.000
164,2026-09-08 17:38:27,compute-0-3,2.0,3.000
165,2026-09-08 17:38:37,compute-0-1,-5.0,7.000
165,2026-09-08 17:38:38,compute-0-2,-2.0,2.000
165,2026-09-08 17:38:38,compute-0-3,1.0,1.000
166,2026-09-08 17:38:49,compute-0-1,-4.0,1.000
166,2026-09-08 17:38:49,compute-0-2,0.0,2.000
166,2026-09-08 17:38:49,compute-0-3,2.0,1.000
167,2026-09-08 17:39:00,compute-0-1,4.0,8.000
167,2026-09-08 17:39:00,compute-0-2,-5.0,5.000
167,2026-09-08 17:39:00,compute-0-3,-3.0,5.000
168,2026-09-08 17:39:11,compute-0-1,-3.0,7.000
168,2026-09-08 17:39:11,compute-0-2,-2.0,3.000
168,2026-09-08 17:39:11,compute-0-3,0.0,3.000
169,2026-09-08 17:39:22,compute-0-1,2.0,5.000
169,2026-09-08 17:39:22,compute-0-2,3.0,5.000
169,2026-09-08 17:39:22,compute-0-3,-1.0,1.000
170,2026-09-08 17:39:33,compute-0-1,1.0,1.000
170,2026-09-08 17:39:33,compute-0-2,1.0,2.000
170,2026-09-08 17:39:34,compute-0-3,2.0,3.000
171,2026-09-08 17:39:44,compute-0-1,1.0,0.000
171,2026-09-08 17:39:45,compute-0-2,-1.0,2.000
171,2026-09-08 17:39:45,compute-0-3,1.0,1.000
172,2026-09-08 17:39:55,compute-0-1,-2.0,3.000
172,2026-09-08 17:39:56,compute-0-2,1.0,2.000
172,2026-09-08 17:39:56,compute-0-3,0.0,1.000
173,2026-09-08 17:40:06,compute-0-1,3.0,5.000
173,2026-09-08 17:40:07,compute-0-2,-4.0,5.000
173,2026-09-08 17:40:07,compute-0-3,7.0,7.000
174,2026-09-08 17:40:17,compute-0-1,3.0,0.000
174,2026-09-08 17:40:18,compute-0-2,6.0,10.000
174,2026-09-08 17:40:18,compute-0-3,-2.0,9.000
175,2026-09-08 17:40:28,compute-0-1,2.0,1.000
175,2026-09-08 17:40:29,compute-0-2,-5.0,11.000
175,2026-09-08 17:40:29,compute-0-3,1.0,3.000
176,2026-09-08 17:40:40,compute-0-1,4.0,2.000
176,2026-09-08 17:40:40,compute-0-2,0.0,5.000
176,2026-09-08 17:40:40,compute-0-3,-3.0,4.000
177,2026-09-08 17:40:51,compute-0-1,-6.0,10.000
177,2026-09-08 17:40:51,compute-0-2,-4.0,4.000
177,2026-09-08 17:40:51,compute-0-3,3.0,6.000
178,2026-09-08 17:41:02,compute-0-1,0.0,6.000
178,2026-09-08 17:41:02,compute-0-2,1.0,5.000
178,2026-09-08 17:41:03,compute-0-3,-1.0,4.000
179,2026-09-08 17:41:13,compute-0-1,0.0,0.000
179,2026-09-08 17:41:13,compute-0-2,-4.0,5.000
179,2026-09-08 17:41:14,compute-0-3,-2.0,1.000
180,2026-09-08 17:41:24,compute-0-1,-2.0,2.000
180,2026-09-08 17:41:24,compute-0-2,-2.0,2.000
180,2026-09-08 17:41:25,compute-0-3,0.0,2.000
181,2026-09-08 17:41:35,compute-0-1,-4.0,2.000
181,2026-09-08 17:41:35,compute-0-2,2.0,4.000
181,2026-09-08 17:41:36,compute-0-3,-8.0,8.000
182,2026-09-08 17:41:46,compute-0-1,-1.0,3.000
182,2026-09-08 17:41:47,compute-0-2,1.0,1.000
182,2026-09-08 17:41:47,compute-0-3,3.0,11.000
183,2026-09-08 17:41:57,compute-0-1,-1.0,0.000
183,2026-09-08 17:41:58,compute-0-2,3.0,2.000
183,2026-09-08 17:41:58,compute-0-3,-1.0,4.000
184,2026-09-08 17:42:08,compute-0-1,0.0,1.000
184,2026-09-08 17:42:09,compute-0-2,3.0,0.000
184,2026-09-08 17:42:09,compute-0-3,3.0,4.000
185,2026-09-08 17:42:20,compute-0-1,3.0,3.000
185,2026-09-08 17:42:20,compute-0-2,0.0,3.000
185,2026-09-08 17:42:20,compute-0-3,6.0,3.000
186,2026-09-08 17:42:31,compute-0-1,-3.0,6.000
186,2026-09-08 17:42:31,compute-0-2,-2.0,2.000
186,2026-09-08 17:42:32,compute-0-3,-3.0,9.000
187,2026-09-08 17:42:42,compute-0-1,-3.0,0.000
187,2026-09-08 17:42:42,compute-0-2,-4.0,2.000
187,2026-09-08 17:42:43,compute-0-3,-1.0,2.000
188,2026-09-08 17:42:53,compute-0-1,-2.0,1.000
188,2026-09-08 17:42:53,compute-0-2,4.0,8.000
188,2026-09-08 17:42:54,compute-0-3,-1.0,0.000
189,2026-09-08 17:43:04,compute-0-1,-4.0,2.000
189,2026-09-08 17:43:04,compute-0-2,4.0,0.000
189,2026-09-08 17:43:05,compute-0-3,10.0,11.000
190,2026-09-08 17:43:15,compute-0-1,4.0,8.000
190,2026-09-08 17:43:16,compute-0-2,-1.0,5.000
190,2026-09-08 17:43:16,compute-0-3,0.0,10.000
191,2026-09-08 17:43:27,compute-0-1,1.0,3.000
191,2026-09-08 17:43:27,compute-0-2,-2.0,1.000
191,2026-09-08 17:43:28,compute-0-3,-5.0,5.000
192,2026-09-08 17:43:38,compute-0-1,-3.0,4.000
192,2026-09-08 17:43:38,compute-0-2,1.0,3.000
192,2026-09-08 17:43:39,compute-0-3,1.0,6.000
193,2026-09-08 17:43:49,compute-0-1,3.0,6.000
193,2026-09-08 17:43:50,compute-0-2,2.0,1.000
193,2026-09-08 17:43:50,compute-0-3,3.0,2.000
194,2026-09-08 17:44:01,compute-0-1,2.0,1.000
194,2026-09-08 17:44:01,compute-0-2,-2.0,4.000
194,2026-09-08 17:44:01,compute-0-3,1.0,2.000
195,2026-09-08 17:44:12,compute-0-1,-3.0,5.000
195,2026-09-08 17:44:12,compute-0-2,0.0,2.000
195,2026-09-08 17:44:12,compute-0-3,-4.0,5.000
196,2026-09-08 17:44:23,compute-0-1,-1.0,2.000
196,2026-09-08 17:44:23,compute-0-2,-1.0,1.000
196,2026-09-08 17:44:24,compute-0-3,-7.0,3.000
197,2026-09-08 17:44:34,compute-0-1,-4.0,3.000
197,2026-09-08 17:44:34,compute-0-2,4.0,5.000
197,2026-09-08 17:44:35,compute-0-3,-2.0,5.000
198,2026-09-08 17:44:45,compute-0-1,1.0,5.000
198,2026-09-08 17:44:45,compute-0-2,3.0,1.000
198,2026-09-08 17:44:46,compute-0-3,5.0,7.000
199,2026-09-08 17:44:56,compute-0-1,-1.0,2.000
199,2026-09-08 17:44:56,compute-0-2,4.0,1.000
199,2026-09-08 17:44:57,compute-0-3,-4.0,9.000
200,2026-09-08 17:45:07,compute-0-1,-3.0,2.000
200,2026-09-08 17:45:08,compute-0-2,2.0,2.000
200,2026-09-08 17:45:08,compute-0-3,-10.0,6.000
201,2026-09-08 17:45:18,compute-0-1,-2.0,1.000
201,2026-09-08 17:45:19,compute-0-2,-2.0,4.000
201,2026-09-08 17:45:19,compute-0-3,5.0,15.000
202,2026-09-08 17:45:30,compute-0-1,1.0,3.000
202,2026-09-08 17:45:30,compute-0-2,2.0,4.000
202,2026-09-08 17:45:30,compute-0-3,6.0,1.000
203,2026-09-08 17:45:41,compute-0-1,2.0,1.000
203,2026-09-08 17:45:41,compute-0-2,-3.0,5.000
203,2026-09-08 17:45:41,compute-0-3,-3.0,9.000
204,2026-09-08 17:45:52,compute-0-1,3.0,1.000
204,2026-09-08 17:45:52,compute-0-2,-3.0,0.000
204,2026-09-08 17:45:53,compute-0-3,-2.0,1.000
205,2026-09-08 17:46:03,compute-0-1,-1.0,4.000
205,2026-09-08 17:46:04,compute-0-2,2.0,5.000
205,2026-09-08 17:46:04,compute-0-3,-2.0,0.000
206,2026-09-08 17:46:14,compute-0-1,2.0,3.000
206,2026-09-08 17:46:15,compute-0-2,-3.0,5.000
206,2026-09-08 17:46:15,compute-0-3,-1.0,1.000
207,2026-09-08 17:46:25,compute-0-1,-1.0,3.000
207,2026-09-08 17:46:26,compute-0-2,4.0,7.000
207,2026-09-08 17:46:26,compute-0-3,4.0,5.000
208,2026-09-08 17:46:36,compute-0-1,1.0,2.000
208,2026-09-08 17:46:37,compute-0-2,2.0,2.000
208,2026-09-08 17:46:37,compute-0-3,2.0,2.000
209,2026-09-08 17:46:47,compute-0-1,2.0,1.000
209,2026-09-08 17:46:48,compute-0-2,4.0,2.000
209,2026-09-08 17:46:48,compute-0-3,2.0,0.000
210,2026-09-08 17:46:59,compute-0-1,0.0,2.000
210,2026-09-08 17:46:59,compute-0-2,-1.0,5.000
210,2026-09-08 17:46:59,compute-0-3,4.0,2.000
211,2026-09-08 17:47:10,compute-0-1,1.0,1.000
211,2026-09-08 17:47:10,compute-0-2,1.0,2.000
211,2026-09-08 17:47:11,compute-0-3,7.0,3.000
212,2026-09-08 17:47:21,compute-0-1,4.0,3.000
212,2026-09-08 17:47:21,compute-0-2,-3.0,4.000
212,2026-09-08 17:47:22,compute-0-3,-4.0,11.000
213,2026-09-08 17:47:32,compute-0-1,-3.0,7.000
213,2026-09-08 17:47:33,compute-0-2,-1.0,2.000
213,2026-09-08 17:47:33,compute-0-3,-3.0,1.000
214,2026-09-08 17:47:43,compute-0-1,4.0,7.000
214,2026-09-08 17:47:44,compute-0-2,-3.0,2.000
214,2026-09-08 17:47:44,compute-0-3,-2.0,1.000
215,2026-09-08 17:47:55,compute-0-1,1.0,3.000
215,2026-09-08 17:47:55,compute-0-2,4.0,7.000
215,2026-09-08 17:47:55,compute-0-3,-5.0,3.000
216,2026-09-08 17:48:06,compute-0-1,2.0,1.000
216,2026-09-08 17:48:06,compute-0-2,2.0,2.000
216,2026-09-08 17:48:06,compute-0-3,5.0,10.000
217,2026-09-08 17:48:17,compute-0-1,1.0,1.000
217,2026-09-08 17:48:17,compute-0-2,2.0,0.000
217,2026-09-08 17:48:17,compute-0-3,-1.0,6.000
218,2026-09-08 17:48:28,compute-0-1,-3.0,4.000
218,2026-09-08 17:48:28,compute-0-2,-4.0,6.000
218,2026-09-08 17:48:29,compute-0-3,-1.0,0.000
219,2026-09-08 17:48:39,compute-0-1,-3.0,0.000
219,2026-09-08 17:48:39,compute-0-2,-2.0,2.000
219,2026-09-08 17:48:40,compute-0-3,5.0,6.000
220,2026-09-08 17:48:50,compute-0-1,4.0,7.000
220,2026-09-08 17:48:50,compute-0-2,0.0,2.000
220,2026-09-08 17:48:51,compute-0-3,-7.0,12.000
221,2026-09-08 17:49:01,compute-0-1,-3.0,7.000
221,2026-09-08 17:49:01,compute-0-2,1.0,1.000
221,2026-09-08 17:49:02,compute-0-3,2.0,9.000
222,2026-09-08 17:49:12,compute-0-1,-3.0,0.000
222,2026-09-08 17:49:12,compute-0-2,-3.0,4.000
222,2026-09-08 17:49:13,compute-0-3,-5.0,7.000
223,2026-09-08 17:49:23,compute-0-1,1.0,4.000
223,2026-09-08 17:49:24,compute-0-2,1.0,4.000
223,2026-09-08 17:49:24,compute-0-3,-5.0,0.000
224,2026-09-08 17:49:34,compute-0-1,1.0,0.000
224,2026-09-08 17:49:35,compute-0-2,0.0,1.000
224,2026-09-08 17:49:35,compute-0-3,1.0,6.000
225,2026-09-08 17:49:46,compute-0-1,3.0,2.000
225,2026-09-08 17:49:46,compute-0-2,1.0,1.000
225,2026-09-08 17:49:46,compute-0-3,2.0,1.000
226,2026-09-08 17:49:57,compute-0-1,-2.0,5.000
226,2026-09-08 17:49:57,compute-0-2,-2.0,3.000
226,2026-09-08 17:49:58,compute-0-3,-7.0,9.000
227,2026-09-08 17:50:08,compute-0-1,-2.0,0.000
227,2026-09-08 17:50:08,compute-0-2,-1.0,1.000
227,2026-09-08 17:50:09,compute-0-3,5.0,12.000
228,2026-09-08 17:50:19,compute-0-1,0.0,2.000
228,2026-09-08 17:50:19,compute-0-2,-3.0,2.000
228,2026-09-08 17:50:20,compute-0-3,7.0,2.000
229,2026-09-08 17:50:30,compute-0-1,-3.0,3.000
229,2026-09-08 17:50:30,compute-0-2,-2.0,1.000
229,2026-09-08 17:50:31,compute-0-3,0.0,7.000
230,2026-09-08 17:50:41,compute-0-1,3.0,6.000
230,2026-09-08 17:50:42,compute-0-2,0.0,2.000
230,2026-09-08 17:50:42,compute-0-3,-5.0,5.000
231,2026-09-08 17:50:52,compute-0-1,3.0,0.000
231,2026-09-08 17:50:53,compute-0-2,1.0,1.000
231,2026-09-08 17:50:53,compute-0-3,-1.0,4.000
232,2026-09-08 17:51:03,compute-0-1,-6.0,9.000
232,2026-09-08 17:51:04,compute-0-2,3.0,2.000
232,2026-09-08 17:51:04,compute-0-3,2.0,3.000
233,2026-09-08 17:51:14,compute-0-1,1.0,7.000
233,2026-09-08 17:51:15,compute-0-2,6.0,3.000
233,2026-09-08 17:51:15,compute-0-3,4.0,2.000
234,2026-09-08 17:51:26,compute-0-1,-5.0,6.000
234,2026-09-08 17:51:26,compute-0-2,6.0,0.000
234,2026-09-08 17:51:26,compute-0-3,2.0,2.000
235,2026-09-08 17:51:37,compute-0-1,4.0,9.000
235,2026-09-08 17:51:37,compute-0-2,-5.0,11.000
235,2026-09-08 17:51:38,compute-0-3,6.0,4.000
236,2026-09-08 17:51:48,compute-0-1,-3.0,7.000
236,2026-09-08 17:51:48,compute-0-2,-2.0,3.000
236,2026-09-08 17:51:49,compute-0-3,-6.0,12.000
237,2026-09-08 17:51:59,compute-0-1,1.0,4.000
237,2026-09-08 17:52:00,compute-0-2,-2.0,0.000
237,2026-09-08 17:52:00,compute-0-3,0.0,6.000
238,2026-09-08 17:52:10,compute-0-1,1.0,0.000
238,2026-09-08 17:52:11,compute-0-2,-1.0,1.000
238,2026-09-08 17:52:11,compute-0-3,1.0,1.000
239,2026-09-08 17:52:22,compute-0-1,4.0,3.000
239,2026-09-08 17:52:22,compute-0-2,1.0,2.000
239,2026-09-08 17:52:22,compute-0-3,1.0,0.000
240,2026-09-08 17:52:33,compute-0-1,2.0,2.000
240,2026-09-08 17:52:33,compute-0-2,-1.0,2.000
240,2026-09-08 17:52:33,compute-0-3,-6.0,7.000
241,2026-09-08 17:52:44,compute-0-1,-6.0,8.000
241,2026-09-08 17:52:44,compute-0-2,-1.0,0.000
241,2026-09-08 17:52:44,compute-0-3,3.0,9.000
242,2026-09-08 17:52:55,compute-0-1,1.0,7.000
242,2026-09-08 17:52:55,compute-0-2,1.0,2.000
242,2026-09-08 17:52:56,compute-0-3,-4.0,7.000
243,2026-09-08 17:53:06,compute-0-1,-1.0,2.000
243,2026-09-08 17:53:06,compute-0-2,0.0,1.000
243,2026-09-08 17:53:07,compute-0-3,0.0,4.000
244,2026-09-08 17:53:17,compute-0-1,-1.0,0.000
244,2026-09-08 17:53:17,compute-0-2,-1.0,1.000
244,2026-09-08 17:53:18,compute-0-3,2.0,2.000
245,2026-09-08 17:53:28,compute-0-1,-3.0,2.000
245,2026-09-08 17:53:28,compute-0-2,4.0,5.000
245,2026-09-08 17:53:29,compute-0-3,0.0,2.000
246,2026-09-08 17:53:39,compute-0-1,3.0,6.000
246,2026-09-08 17:53:39,compute-0-2,1.0,3.000
246,2026-09-08 17:53:40,compute-0-3,3.0,3.000
247,2026-09-08 17:53:50,compute-0-1,0.0,3.000
247,2026-09-08 17:53:51,compute-0-2,2.0,1.000
247,2026-09-08 17:53:51,compute-0-3,-7.0,10.000
248,2026-09-08 17:54:01,compute-0-1,4.0,4.000
248,2026-09-08 17:54:02,compute-0-2,3.0,1.000
248,2026-09-08 17:54:02,compute-0-3,3.0,10.000
249,2026-09-08 17:54:13,compute-0-1,-1.0,5.000
249,2026-09-08 17:54:13,compute-0-2,-2.0,5.000
249,2026-09-08 17:54:13,compute-0-3,5.0,2.000
250,2026-09-08 17:54:24,compute-0-1,0.0,1.000
250,2026-09-08 17:54:24,compute-0-2,1.0,3.000
250,2026-09-08 17:54:24,compute-0-3,2.0,3.000
251,2026-09-08 17:54:35,compute-0-1,3.0,3.000
251,2026-09-08 17:54:35,compute-0-2,-5.0,6.000
251,2026-09-08 17:54:35,compute-0-3,-1.0,3.000
252,2026-09-08 17:54:46,compute-0-1,-1.0,4.000
252,2026-09-08 17:54:46,compute-0-2,0.0,5.000
252,2026-09-08 17:54:47,compute-0-3,0.0,1.000
253,2026-09-08 17:54:57,compute-0-1,3.0,4.000
253,2026-09-08 17:54:57,compute-0-2,0.0,0.000
253,2026-09-08 17:54:58,compute-0-3,1.0,1.000
254,2026-09-08 17:55:08,compute-0-1,-1.0,4.000
254,2026-09-08 17:55:08,compute-0-2,-4.0,4.000
254,2026-09-08 17:55:09,compute-0-3,-1.0,2.000
255,2026-09-08 17:55:19,compute-0-1,-3.0,2.000
255,2026-09-08 17:55:19,compute-0-2,4.0,8.000
255,2026-09-08 17:55:20,compute-0-3,3.0,4.000
256,2026-09-08 17:55:30,compute-0-1,0.0,3.000
256,2026-09-08 17:55:30,compute-0-2,1.0,3.000
256,2026-09-08 17:55:31,compute-0-3,3.0,0.000
257,2026-09-08 17:55:41,compute-0-1,-2.0,2.000
257,2026-09-08 17:55:42,compute-0-2,-5.0,6.000
257,2026-09-08 17:55:42,compute-0-3,5.0,2.000
258,2026-09-08 17:55:53,compute-0-1,0.0,2.000
258,2026-09-08 17:55:53,compute-0-2,-1.0,4.000
258,2026-09-08 17:55:53,compute-0-3,-3.0,8.000
259,2026-09-08 17:56:04,compute-0-1,1.0,1.000
259,2026-09-08 17:56:04,compute-0-2,-5.0,4.000
259,2026-09-08 17:56:05,compute-0-3,0.0,3.000
260,2026-09-08 17:56:15,compute-0-1,3.0,2.000
260,2026-09-08 17:56:15,compute-0-2,4.0,9.000
260,2026-09-08 17:56:16,compute-0-3,0.0,0.000
261,2026-09-08 17:56:26,compute-0-1,1.0,2.000
261,2026-09-08 17:56:26,compute-0-2,1.0,3.000
261,2026-09-08 17:56:27,compute-0-3,5.0,5.000
262,2026-09-08 17:56:37,compute-0-1,-5.0,6.000
262,2026-09-08 17:56:37,compute-0-2,3.0,2.000
262,2026-09-08 17:56:38,compute-0-3,0.0,5.000
263,2026-09-08 17:56:48,compute-0-1,4.0,9.000
263,2026-09-08 17:56:48,compute-0-2,3.0,0.000
263,2026-09-08 17:56:49,compute-0-3,2.0,2.000
264,2026-09-08 17:56:59,compute-0-1,-1.0,5.000
264,2026-09-08 17:57:00,compute-0-2,-1.0,4.000
264,2026-09-08 17:57:00,compute-0-3,-5.0,7.000
265,2026-09-08 17:57:10,compute-0-1,4.0,5.000
265,2026-09-08 17:57:11,compute-0-2,-1.0,0.000
265,2026-09-08 17:57:11,compute-0-3,5.0,10.000
266,2026-09-08 17:57:22,compute-0-1,0.0,4.000
266,2026-09-08 17:57:22,compute-0-2,-1.0,0.000
266,2026-09-08 17:57:22,compute-0-3,0.0,5.000
267,2026-09-08 17:57:33,compute-0-1,4.0,4.000
267,2026-09-08 17:57:33,compute-0-2,-3.0,2.000
267,2026-09-08 17:57:33,compute-0-3,3.0,3.000
268,2026-09-08 17:57:44,compute-0-1,-3.0,7.000
268,2026-09-08 17:57:44,compute-0-2,1.0,4.000
268,2026-09-08 17:57:44,compute-0-3,2.0,1.000
269,2026-09-08 17:57:55,compute-0-1,0.0,3.000
269,2026-09-08 17:57:55,compute-0-2,2.0,1.000
269,2026-09-08 17:57:55,compute-0-3,5.0,3.000
270,2026-09-08 17:58:06,compute-0-1,0.0,0.000
270,2026-09-08 17:58:06,compute-0-2,1.0,1.000
270,2026-09-08 17:58:07,compute-0-3,-3.0,8.000
271,2026-09-08 17:58:17,compute-0-1,-7.0,7.000
271,2026-09-08 17:58:17,compute-0-2,1.0,0.000
271,2026-09-08 17:58:18,compute-0-3,0.0,3.000
272,2026-09-08 17:58:28,compute-0-1,-3.0,4.000
272,2026-09-08 17:58:29,compute-0-2,0.0,1.000
272,2026-09-08 17:58:29,compute-0-3,4.0,4.000
273,2026-09-08 17:58:40,compute-0-1,0.0,3.000
273,2026-09-08 17:58:40,compute-0-2,-2.0,2.000
273,2026-09-08 17:58:40,compute-0-3,6.0,2.000
274,2026-09-08 17:58:51,compute-0-1,-4.0,4.000
274,2026-09-08 17:58:51,compute-0-2,2.0,4.000
274,2026-09-08 17:58:51,compute-0-3,4.0,2.000
275,2026-09-08 17:59:02,compute-0-1,3.0,7.000
275,2026-09-08 17:59:02,compute-0-2,3.0,1.000
275,2026-09-08 17:59:03,compute-0-3,-1.0,5.000
276,2026-09-08 17:59:13,compute-0-1,2.0,1.000
276,2026-09-08 17:59:14,compute-0-2,3.0,0.000
276,2026-09-08 17:59:14,compute-0-3,1.0,2.000
277,2026-09-08 17:59:24,compute-0-1,0.0,2.000
277,2026-09-08 17:59:25,compute-0-2,2.0,1.000
277,2026-09-08 17:59:25,compute-0-3,2.0,1.000
278,2026-09-08 17:59:35,compute-0-1,2.0,2.000
278,2026-09-08 17:59:36,compute-0-2,1.0,1.000
278,2026-09-08 17:59:36,compute-0-3,1.0,1.000
279,2026-09-08 17:59:46,compute-0-1,-1.0,3.000
279,2026-09-08 17:59:47,compute-0-2,2.0,1.000
279,2026-09-08 17:59:47,compute-0-3,-6.0,7.000
280,2026-09-08 17:59:57,compute-0-1,-3.0,2.000
280,2026-09-08 17:59:58,compute-0-2,2.0,0.000
280,2026-09-08 17:59:58,compute-0-3,4.0,10.000
281,2026-09-08 18:00:09,compute-0-1,0.0,3.000
281,2026-09-08 18:00:09,compute-0-2,5.0,3.000
281,2026-09-08 18:00:09,compute-0-3,8.0,4.000
282,2026-09-08 18:00:20,compute-0-1,-4.0,4.000
282,2026-09-08 18:00:20,compute-0-2,4.0,1.000
282,2026-09-08 18:00:20,compute-0-3,-3.0,11.000
283,2026-09-08 18:00:32,compute-0-1,-5.0,1.000
283,2026-09-08 18:00:32,compute-0-2,-1.0,5.000
283,2026-09-08 18:00:32,compute-0-3,-9.0,6.000
284,2026-09-08 18:00:43,compute-0-1,-1.0,4.000
284,2026-09-08 18:00:43,compute-0-2,4.0,5.000
284,2026-09-08 18:00:44,compute-0-3,-1.0,8.000
285,2026-09-08 18:00:54,compute-0-1,-2.0,1.000
285,2026-09-08 18:00:54,compute-0-2,3.0,1.000
285,2026-09-08 18:00:55,compute-0-3,4.0,5.000
286,2026-09-08 18:01:05,compute-0-1,-4.0,2.000
286,2026-09-08 18:01:05,compute-0-2,3.0,0.000
286,2026-09-08 18:01:06,compute-0-3,1.0,3.000
287,2026-09-08 18:01:16,compute-0-1,-1.0,3.000
287,2026-09-08 18:01:16,compute-0-2,4.0,1.000
287,2026-09-08 18:01:17,compute-0-3,-2.0,3.000
288,2026-09-08 18:01:27,compute-0-1,-4.0,3.000
288,2026-09-08 18:01:28,compute-0-2,-4.0,8.000
288,2026-09-08 18:01:28,compute-0-3,5.0,7.000
289,2026-09-08 18:01:38,compute-0-1,0.0,4.000
289,2026-09-08 18:01:39,compute-0-2,2.0,6.000
289,2026-09-08 18:01:39,compute-0-3,2.0,3.000
290,2026-09-08 18:01:49,compute-0-1,1.0,1.000
290,2026-09-08 18:01:50,compute-0-2,2.0,0.000
290,2026-09-08 18:01:50,compute-0-3,4.0,2.000
291,2026-09-08 18:02:00,compute-0-1,-3.0,4.000
291,2026-09-08 18:02:01,compute-0-2,2.0,0.000
291,2026-09-08 18:02:01,compute-0-3,-1.0,5.000
292,2026-09-08 18:02:11,compute-0-1,-4.0,1.000
292,2026-09-08 18:02:12,compute-0-2,-4.0,6.000
292,2026-09-08 18:02:12,compute-0-3,0.0,1.000
293,2026-09-08 18:02:23,compute-0-1,1.0,5.000
293,2026-09-08 18:02:23,compute-0-2,-4.0,0.000
293,2026-09-08 18:02:23,compute-0-3,-1.0,1.000
294,2026-09-08 18:02:34,compute-0-1,-3.0,4.000
294,2026-09-08 18:02:34,compute-0-2,5.0,9.000
294,2026-09-08 18:02:34,compute-0-3,-5.0,4.000
295,2026-09-08 18:02:45,compute-0-1,2.0,5.000
295,2026-09-08 18:02:45,compute-0-2,0.0,5.000
295,2026-09-08 18:02:45,compute-0-3,-5.0,0.000
296,2026-09-08 18:02:56,compute-0-1,-1.0,3.000
296,2026-09-08 18:02:56,compute-0-2,0.0,0.000
296,2026-09-08 18:02:57,compute-0-3,-4.0,1.000
297,2026-09-08 18:03:07,compute-0-1,-1.0,0.000
297,2026-09-08 18:03:07,compute-0-2,-2.0,2.000
297,2026-09-08 18:03:08,compute-0-3,-4.0,0.000
298,2026-09-08 18:03:18,compute-0-1,1.0,2.000
298,2026-09-08 18:03:18,compute-0-2,-5.0,3.000
298,2026-09-08 18:03:19,compute-0-3,2.0,6.000
299,2026-09-08 18:03:29,compute-0-1,2.0,1.000
299,2026-09-08 18:03:29,compute-0-2,1.0,6.000
299,2026-09-08 18:03:30,compute-0-3,-1.0,3.000
300,2026-09-08 18:03:40,compute-0-1,0.0,2.000
300,2026-09-08 18:03:40,compute-0-2,2.0,1.000
300,2026-09-08 18:03:41,compute-0-3,-2.0,1.000
301,2026-09-08 18:03:51,compute-0-1,-4.0,4.000
301,2026-09-08 18:03:52,compute-0-2,1.0,1.000
301,2026-09-08 18:03:52,compute-0-3,-1.0,1.000
302,2026-09-08 18:04:02,compute-0-1,-3.0,1.000
302,2026-09-08 18:04:03,compute-0-2,5.0,4.000
302,2026-09-08 18:04:03,compute-0-3,2.0,3.000
303,2026-09-08 18:04:13,compute-0-1,-4.0,1.000
303,2026-09-08 18:04:14,compute-0-2,3.0,2.000
303,2026-09-08 18:04:14,compute-0-3,6.0,4.000
304,2026-09-08 18:04:24,compute-0-1,2.0,6.000
304,2026-09-08 18:04:25,compute-0-2,-3.0,6.000
304,2026-09-08 18:04:25,compute-0-3,1.0,5.000
305,2026-09-08 18:04:36,compute-0-1,-3.0,5.000
305,2026-09-08 18:04:36,compute-0-2,2.0,5.000
305,2026-09-08 18:04:36,compute-0-3,2.0,1.000
306,2026-09-08 18:04:47,compute-0-1,2.0,5.000
306,2026-09-08 18:04:47,compute-0-2,4.0,2.000
306,2026-09-08 18:04:48,compute-0-3,6.0,4.000
307,2026-09-08 18:04:58,compute-0-1,-3.0,5.000
307,2026-09-08 18:04:58,compute-0-2,-1.0,5.000
307,2026-09-08 18:04:59,compute-0-3,-3.0,9.000
308,2026-09-08 18:05:09,compute-0-1,3.0,6.000
308,2026-09-08 18:05:09,compute-0-2,-3.0,2.000
308,2026-09-08 18:05:10,compute-0-3,5.0,8.000
309,2026-09-08 18:05:20,compute-0-1,2.0,1.000
309,2026-09-08 18:05:20,compute-0-2,-5.0,2.000
309,2026-09-08 18:05:21,compute-0-3,-2.0,7.000
310,2026-09-08 18:05:31,compute-0-1,0.0,2.000
310,2026-09-08 18:05:32,compute-0-2,1.0,6.000
310,2026-09-08 18:05:32,compute-0-3,-1.0,1.000
311,2026-09-08 18:05:42,compute-0-1,0.0,0.000
311,2026-09-08 18:05:43,compute-0-2,2.0,1.000
311,2026-09-08 18:05:43,compute-0-3,-1.0,0.000
312,2026-09-08 18:05:53,compute-0-1,1.0,1.000
312,2026-09-08 18:05:54,compute-0-2,3.0,1.000
312,2026-09-08 18:05:54,compute-0-3,4.0,5.000
313,2026-09-08 18:06:05,compute-0-1,1.0,0.000
313,2026-09-08 18:06:05,compute-0-2,1.0,2.000
313,2026-09-08 18:06:05,compute-0-3,-2.0,6.000
314,2026-09-08 18:06:16,compute-0-1,2.0,1.000
314,2026-09-08 18:06:16,compute-0-2,2.0,1.000
314,2026-09-08 18:06:16,compute-0-3,-6.0,4.000
315,2026-09-08 18:06:27,compute-0-1,-6.0,8.000
315,2026-09-08 18:06:27,compute-0-2,-5.0,7.000
315,2026-09-08 18:06:27,compute-0-3,0.0,6.000
316,2026-09-08 18:06:38,compute-0-1,4.0,10.000
316,2026-09-08 18:06:38,compute-0-2,2.0,7.000
316,2026-09-08 18:06:39,compute-0-3,-3.0,3.000
317,2026-09-08 18:06:49,compute-0-1,-2.0,6.000
317,2026-09-08 18:06:49,compute-0-2,4.0,2.000
317,2026-09-08 18:06:50,compute-0-3,-1.0,2.000
318,2026-09-08 18:07:00,compute-0-1,4.0,6.000
318,2026-09-08 18:07:00,compute-0-2,1.0,3.000
318,2026-09-08 18:07:01,compute-0-3,-3.0,2.000
319,2026-09-08 18:07:11,compute-0-1,-1.0,5.000
319,2026-09-08 18:07:11,compute-0-2,1.0,0.000
319,2026-09-08 18:07:12,compute-0-3,-2.0,1.000
320,2026-09-08 18:07:22,compute-0-1,5.0,6.000
320,2026-09-08 18:07:23,compute-0-2,1.0,0.000
320,2026-09-08 18:07:23,compute-0-3,-7.0,5.000
321,2026-09-08 18:07:33,compute-0-1,0.0,5.000
321,2026-09-08 18:07:34,compute-0-2,3.0,2.000
321,2026-09-08 18:07:34,compute-0-3,6.0,13.000
322,2026-09-08 18:07:45,compute-0-1,-1.0,1.000
322,2026-09-08 18:07:45,compute-0-2,1.0,2.000
322,2026-09-08 18:07:45,compute-0-3,7.0,1.000
323,2026-09-08 18:07:56,compute-0-1,1.0,2.000
323,2026-09-08 18:07:56,compute-0-2,0.0,1.000
323,2026-09-08 18:07:57,compute-0-3,-2.0,9.000
324,2026-09-08 18:08:07,compute-0-1,1.0,0.000
324,2026-09-08 18:08:07,compute-0-2,-1.0,1.000
324,2026-09-08 18:08:08,compute-0-3,-2.0,0.000
325,2026-09-08 18:08:18,compute-0-1,3.0,2.000
325,2026-09-08 18:08:18,compute-0-2,3.0,4.000
325,2026-09-08 18:08:19,compute-0-3,-4.0,2.000
326,2026-09-08 18:08:29,compute-0-1,-3.0,6.000
326,2026-09-08 18:08:29,compute-0-2,-2.0,5.000
326,2026-09-08 18:08:30,compute-0-3,4.0,8.000
327,2026-09-08 18:08:40,compute-0-1,2.0,5.000
327,2026-09-08 18:08:40,compute-0-2,1.0,3.000
327,2026-09-08 18:08:41,compute-0-3,-1.0,5.000
328,2026-09-08 18:08:51,compute-0-1,-5.0,7.000
328,2026-09-08 18:08:52,compute-0-2,-2.0,3.000
328,2026-09-08 18:08:52,compute-0-3,-3.0,2.000
329,2026-09-08 18:09:02,compute-0-1,2.0,7.000
329,2026-09-08 18:09:03,compute-0-2,0.0,2.000
329,2026-09-08 18:09:03,compute-0-3,-6.0,3.000
330,2026-09-08 18:09:13,compute-0-1,2.0,0.000
330,2026-09-08 18:09:14,compute-0-2,2.0,2.000
330,2026-09-08 18:09:14,compute-0-3,5.0,11.000
331,2026-09-08 18:09:25,compute-0-1,-5.0,7.000
331,2026-09-08 18:09:25,compute-0-2,2.0,0.000
331,2026-09-08 18:09:25,compute-0-3,-3.0,8.000
332,2026-09-08 18:09:36,compute-0-1,-5.0,0.000
332,2026-09-08 18:09:36,compute-0-2,-4.0,6.000
332,2026-09-08 18:09:36,compute-0-3,4.0,7.000
333,2026-09-08 18:09:47,compute-0-1,-1.0,4.000
333,2026-09-08 18:09:47,compute-0-2,2.0,6.000
333,2026-09-08 18:09:48,compute-0-3,3.0,1.000
334,2026-09-08 18:09:58,compute-0-1,2.0,3.000
334,2026-09-08 18:09:58,compute-0-2,4.0,2.000
334,2026-09-08 18:09:59,compute-0-3,-1.0,4.000
335,2026-09-08 18:10:09,compute-0-1,4.0,2.000
335,2026-09-08 18:10:09,compute-0-2,2.0,2.000
335,2026-09-08 18:10:10,compute-0-3,-3.0,2.000
336,2026-09-08 18:10:20,compute-0-1,4.0,0.000
336,2026-09-08 18:10:21,compute-0-2,0.0,2.000
336,2026-09-08 18:10:21,compute-0-3,0.0,3.000
337,2026-09-08 18:10:31,compute-0-1,3.0,1.000
337,2026-09-08 18:10:32,compute-0-2,1.0,1.000
337,2026-09-08 18:10:32,compute-0-3,6.0,6.000
338,2026-09-08 18:10:43,compute-0-1,0.0,3.000
338,2026-09-08 18:10:43,compute-0-2,3.0,2.000
338,2026-09-08 18:10:43,compute-0-3,5.0,1.000
339,2026-09-08 18:10:54,compute-0-1,-3.0,3.000
339,2026-09-08 18:10:54,compute-0-2,3.0,0.000
339,2026-09-08 18:10:54,compute-0-3,-3.0,8.000
340,2026-09-08 18:11:05,compute-0-1,1.0,4.000
340,2026-09-08 18:11:05,compute-0-2,2.0,1.000
340,2026-09-08 18:11:05,compute-0-3,-2.0,1.000
341,2026-09-08 18:11:16,compute-0-1,-5.0,6.000
341,2026-09-08 18:11:16,compute-0-2,2.0,0.000
341,2026-09-08 18:11:16,compute-0-3,4.0,6.000
342,2026-09-08 18:11:27,compute-0-1,2.0,7.000
342,2026-09-08 18:11:27,compute-0-2,2.0,0.000
342,2026-09-08 18:11:28,compute-0-3,6.0,2.000
343,2026-09-08 18:11:38,compute-0-1,3.0,1.000
343,2026-09-08 18:11:38,compute-0-2,2.0,0.000
343,2026-09-08 18:11:39,compute-0-3,2.0,4.000
344,2026-09-08 18:11:49,compute-0-1,2.0,1.000
344,2026-09-08 18:11:50,compute-0-2,0.0,2.000
344,2026-09-08 18:11:50,compute-0-3,-5.0,7.000
345,2026-09-08 18:12:00,compute-0-1,-4.0,6.000
345,2026-09-08 18:12:01,compute-0-2,3.0,3.000
345,2026-09-08 18:12:01,compute-0-3,7.0,12.000
346,2026-09-08 18:12:11,compute-0-1,4.0,8.000
346,2026-09-08 18:12:12,compute-0-2,0.0,3.000
346,2026-09-08 18:12:12,compute-0-3,-6.0,13.000
347,2026-09-08 18:12:23,compute-0-1,0.0,4.000
347,2026-09-08 18:12:24,compute-0-2,-1.0,1.000
347,2026-09-08 18:12:24,compute-0-3,-3.0,3.000
348,2026-09-08 18:12:35,compute-0-1,2.0,2.000
348,2026-09-08 18:12:35,compute-0-2,3.0,4.000
348,2026-09-08 18:12:35,compute-0-3,5.0,8.000
349,2026-09-08 18:12:46,compute-0-1,-2.0,4.000
349,2026-09-08 18:12:46,compute-0-2,0.0,3.000
349,2026-09-08 18:12:46,compute-0-3,-6.0,11.000
350,2026-09-08 18:12:57,compute-0-1,-3.0,1.000
350,2026-09-08 18:12:57,compute-0-2,-5.0,5.000
350,2026-09-08 18:12:57,compute-0-3,0.0,6.000
351,2026-09-08 18:13:08,compute-0-1,1.0,4.000
351,2026-09-08 18:13:08,compute-0-2,1.0,6.000
351,2026-09-08 18:13:08,compute-0-3,-1.0,1.000
352,2026-09-08 18:13:19,compute-0-1,-1.0,2.000
352,2026-09-08 18:13:19,compute-0-2,-6.0,7.000
352,2026-09-08 18:13:20,compute-0-3,4.0,5.000
353,2026-09-08 18:13:30,compute-0-1,1.0,2.000
353,2026-09-08 18:13:30,compute-0-2,2.0,8.000
353,2026-09-08 18:13:31,compute-0-3,-1.0,5.000
354,2026-09-08 18:13:41,compute-0-1,0.0,1.000
354,2026-09-08 18:13:41,compute-0-2,3.0,1.000
354,2026-09-08 18:13:42,compute-0-3,-2.0,1.000
355,2026-09-08 18:13:52,compute-0-1,4.0,4.000
355,2026-09-08 18:13:53,compute-0-2,4.0,1.000
355,2026-09-08 18:13:53,compute-0-3,2.0,4.000
356,2026-09-08 18:14:04,compute-0-1,0.0,4.000
356,2026-09-08 18:14:04,compute-0-2,1.0,3.000
356,2026-09-08 18:14:04,compute-0-3,4.0,2.000
357,2026-09-08 18:14:15,compute-0-1,-1.0,1.000
357,2026-09-08 18:14:15,compute-0-2,3.0,2.000
357,2026-09-08 18:14:15,compute-0-3,4.0,0.000
358,2026-09-08 18:14:26,compute-0-1,2.0,3.000
358,2026-09-08 18:14:26,compute-0-2,-1.0,4.000
358,2026-09-08 18:14:26,compute-0-3,-1.0,5.000
359,2026-09-08 18:14:37,compute-0-1,-4.0,6.000
359,2026-09-08 18:14:37,compute-0-2,0.0,1.000
359,2026-09-08 18:14:38,compute-0-3,-2.0,1.000
360,2026-09-08 18:14:48,compute-0-1,5.0,9.000
360,2026-09-08 18:14:48,compute-0-2,-1.0,1.000
360,2026-09-08 18:14:49,compute-0-3,3.0,5.000
361,2026-09-08 18:14:59,compute-0-1,2.0,3.000
361,2026-09-08 18:14:59,compute-0-2,1.0,2.000
361,2026-09-08 18:15:00,compute-0-3,-4.0,7.000
362,2026-09-08 18:15:10,compute-0-1,0.0,2.000
362,2026-09-08 18:15:10,compute-0-2,2.0,1.000
362,2026-09-08 18:15:11,compute-0-3,2.0,6.000
363,2026-09-08 18:15:21,compute-0-1,-5.0,5.000
363,2026-09-08 18:15:22,compute-0-2,-2.0,4.000
363,2026-09-08 18:15:22,compute-0-3,-3.0,5.000
364,2026-09-08 18:15:32,compute-0-1,-3.0,2.000
364,2026-09-08 18:15:33,compute-0-2,0.0,2.000
364,2026-09-08 18:15:33,compute-0-3,-6.0,3.000
365,2026-09-08 18:15:43,compute-0-1,4.0,7.000
365,2026-09-08 18:15:44,compute-0-2,2.0,2.000
365,2026-09-08 18:15:44,compute-0-3,-1.0,5.000
366,2026-09-08 18:15:55,compute-0-1,0.0,4.000
366,2026-09-08 18:15:55,compute-0-2,0.0,2.000
366,2026-09-08 18:15:55,compute-0-3,1.0,2.000
367,2026-09-08 18:16:06,compute-0-1,-1.0,1.000
367,2026-09-08 18:16:06,compute-0-2,1.0,1.000
367,2026-09-08 18:16:06,compute-0-3,3.0,2.000
368,2026-09-08 18:16:17,compute-0-1,-4.0,3.000
368,2026-09-08 18:16:17,compute-0-2,3.0,2.000
368,2026-09-08 18:16:18,compute-0-3,7.0,4.000
369,2026-09-08 18:16:28,compute-0-1,1.0,5.000
369,2026-09-08 18:16:28,compute-0-2,0.0,3.000
369,2026-09-08 18:16:29,compute-0-3,-2.0,9.000
370,2026-09-08 18:16:39,compute-0-1,-3.0,4.000
370,2026-09-08 18:16:39,compute-0-2,-2.0,2.000
370,2026-09-08 18:16:40,compute-0-3,5.0,7.000
371,2026-09-08 18:16:50,compute-0-1,1.0,4.000
371,2026-09-08 18:16:50,compute-0-2,4.0,6.000
371,2026-09-08 18:16:51,compute-0-3,-3.0,8.000
372,2026-09-08 18:17:01,compute-0-1,-2.0,3.000
372,2026-09-08 18:17:01,compute-0-2,-2.0,6.000
372,2026-09-08 18:17:02,compute-0-3,5.0,8.000
373,2026-09-08 18:17:12,compute-0-1,2.0,4.000
373,2026-09-08 18:17:13,compute-0-2,-3.0,1.000
373,2026-09-08 18:17:13,compute-0-3,4.0,1.000
374,2026-09-08 18:17:23,compute-0-1,2.0,0.000
374,2026-09-08 18:17:24,compute-0-2,-2.0,1.000
374,2026-09-08 18:17:24,compute-0-3,-2.0,6.000
375,2026-09-08 18:17:34,compute-0-1,-1.0,3.000
375,2026-09-08 18:17:35,compute-0-2,-1.0,1.000
375,2026-09-08 18:17:35,compute-0-3,4.0,6.000
376,2026-09-08 18:17:45,compute-0-1,0.0,1.000
376,2026-09-08 18:17:46,compute-0-2,-1.0,0.000
376,2026-09-08 18:17:46,compute-0-3,3.0,1.000
377,2026-09-08 18:17:57,compute-0-1,-1.0,1.000
377,2026-09-08 18:17:57,compute-0-2,-3.0,2.000
377,2026-09-08 18:17:57,compute-0-3,4.0,1.000
378,2026-09-08 18:18:08,compute-0-1,2.0,3.000
378,2026-09-08 18:18:08,compute-0-2,-1.0,2.000
378,2026-09-08 18:18:08,compute-0-3,1.0,3.000
379,2026-09-08 18:18:19,compute-0-1,-4.0,6.000
379,2026-09-08 18:18:19,compute-0-2,0.0,1.000
379,2026-09-08 18:18:19,compute-0-3,3.0,2.000
380,2026-09-08 18:18:30,compute-0-1,-6.0,2.000
380,2026-09-08 18:18:30,compute-0-2,-3.0,3.000
380,2026-09-08 18:18:31,compute-0-3,0.0,3.000
381,2026-09-08 18:18:41,compute-0-1,2.0,8.000
381,2026-09-08 18:18:41,compute-0-2,-2.0,1.000
381,2026-09-08 18:18:42,compute-0-3,3.0,3.000
382,2026-09-08 18:18:52,compute-0-1,1.0,1.000
382,2026-09-08 18:18:52,compute-0-2,4.0,6.000
382,2026-09-08 18:18:53,compute-0-3,-5.0,8.000
383,2026-09-08 18:19:03,compute-0-1,1.0,0.000
383,2026-09-08 18:19:03,compute-0-2,2.0,2.000
383,2026-09-08 18:19:04,compute-0-3,-3.0,2.000
384,2026-09-08 18:19:14,compute-0-1,3.0,2.000
384,2026-09-08 18:19:14,compute-0-2,-3.0,5.000
384,2026-09-08 18:19:15,compute-0-3,0.0,3.000
385,2026-09-08 18:19:25,compute-0-1,2.0,1.000
385,2026-09-08 18:19:26,compute-0-2,3.0,6.000
385,2026-09-08 18:19:26,compute-0-3,4.0,4.000
386,2026-09-08 18:19:36,compute-0-1,-4.0,6.000
386,2026-09-08 18:19:37,compute-0-2,2.0,1.000
386,2026-09-08 18:19:37,compute-0-3,-3.0,7.000
387,2026-09-08 18:19:47,compute-0-1,-1.0,3.000
387,2026-09-08 18:19:48,compute-0-2,-5.0,7.000
387,2026-09-08 18:19:48,compute-0-3,-2.0,1.000
388,2026-09-08 18:19:58,compute-0-1,1.0,2.000
388,2026-09-08 18:19:59,compute-0-2,0.0,5.000
388,2026-09-08 18:19:59,compute-0-3,-1.0,1.000
389,2026-09-08 18:20:10,compute-0-1,-4.0,5.000
389,2026-09-08 18:20:10,compute-0-2,-2.0,2.000
389,2026-09-08 18:20:10,compute-0-3,4.0,5.000
390,2026-09-08 18:20:21,compute-0-1,-5.0,1.000
390,2026-09-08 18:20:21,compute-0-2,-3.0,1.000
390,2026-09-08 18:20:21,compute-0-3,-3.0,7.000
391,2026-09-08 18:20:32,compute-0-1,1.0,6.000
391,2026-09-08 18:20:32,compute-0-2,-1.0,2.000
391,2026-09-08 18:20:32,compute-0-3,7.0,10.000
392,2026-09-08 18:20:43,compute-0-1,-1.0,2.000
392,2026-09-08 18:20:43,compute-0-2,1.0,2.000
392,2026-09-08 18:20:44,compute-0-3,-6.0,13.000
393,2026-09-08 18:20:54,compute-0-1,-4.0,3.000
393,2026-09-08 18:20:54,compute-0-2,0.0,1.000
393,2026-09-08 18:20:55,compute-0-3,4.0,10.000
394,2026-09-08 18:21:06,compute-0-1,2.0,6.000
394,2026-09-08 18:21:06,compute-0-2,5.0,5.000
394,2026-09-08 18:21:07,compute-0-3,2.0,2.000
395,2026-09-08 18:21:17,compute-0-1,2.0,0.000
395,2026-09-08 18:21:17,compute-0-2,1.0,4.000
395,2026-09-08 18:21:18,compute-0-3,2.0,0.000
396,2026-09-08 18:21:28,compute-0-1,0.0,2.000
396,2026-09-08 18:21:28,compute-0-2,3.0,2.000
396,2026-09-08 18:21:29,compute-0-3,-5.0,7.000
397,2026-09-08 18:21:39,compute-0-1,0.0,0.000
397,2026-09-08 18:21:40,compute-0-2,-4.0,7.000
397,2026-09-08 18:21:40,compute-0-3,4.0,9.000
398,2026-09-08 18:21:50,compute-0-1,-6.0,6.000
398,2026-09-08 18:21:51,compute-0-2,-1.0,3.000
398,2026-09-08 18:21:51,compute-0-3,-1.0,5.000
399,2026-09-08 18:22:02,compute-0-1,0.0,6.000
399,2026-09-08 18:22:02,compute-0-2,1.0,2.000
399,2026-09-08 18:22:02,compute-0-3,6.0,7.000
400,2026-09-08 18:22:13,compute-0-1,2.0,2.000
400,2026-09-08 18:22:13,compute-0-2,0.0,1.000
400,2026-09-08 18:22:13,compute-0-3,-2.0,8.000
401,2026-09-08 18:22:24,compute-0-1,-1.0,3.000
401,2026-09-08 18:22:24,compute-0-2,6.0,6.000
401,2026-09-08 18:22:24,compute-0-3,5.0,7.000
402,2026-09-08 18:22:35,compute-0-1,0.0,1.000
402,2026-09-08 18:22:35,compute-0-2,-1.0,7.000
402,2026-09-08 18:22:36,compute-0-3,-5.0,10.000
403,2026-09-08 18:22:46,compute-0-1,-4.0,4.000
403,2026-09-08 18:22:46,compute-0-2,2.0,3.000
403,2026-09-08 18:22:47,compute-0-3,-1.0,4.000
404,2026-09-08 18:22:57,compute-0-1,1.0,5.000
404,2026-09-08 18:22:57,compute-0-2,3.0,1.000
404,2026-09-08 18:22:58,compute-0-3,0.0,1.000
405,2026-09-08 18:23:08,compute-0-1,-5.0,6.000
405,2026-09-08 18:23:08,compute-0-2,2.0,1.000
405,2026-09-08 18:23:09,compute-0-3,4.0,4.000
406,2026-09-08 18:23:19,compute-0-1,2.0,7.000
406,2026-09-08 18:23:20,compute-0-2,0.0,2.000
406,2026-09-08 18:23:20,compute-0-3,-1.0,5.000
407,2026-09-08 18:23:30,compute-0-1,-1.0,3.000
407,2026-09-08 18:23:31,compute-0-2,-1.0,1.000
407,2026-09-08 18:23:31,compute-0-3,-5.0,4.000
408,2026-09-08 18:23:42,compute-0-1,-1.0,0.000
408,2026-09-08 18:23:42,compute-0-2,-1.0,0.000
408,2026-09-08 18:23:42,compute-0-3,-5.0,0.000
409,2026-09-08 18:23:53,compute-0-1,1.0,2.000
409,2026-09-08 18:23:53,compute-0-2,4.0,5.000
409,2026-09-08 18:23:53,compute-0-3,3.0,8.000
410,2026-09-08 18:24:04,compute-0-1,0.0,1.000
410,2026-09-08 18:24:04,compute-0-2,-5.0,9.000
410,2026-09-08 18:24:04,compute-0-3,-1.0,4.000
411,2026-09-08 18:24:15,compute-0-1,-1.0,1.000
411,2026-09-08 18:24:15,compute-0-2,-4.0,1.000
411,2026-09-08 18:24:15,compute-0-3,5.0,6.000
412,2026-09-08 18:24:26,compute-0-1,0.0,1.000
412,2026-09-08 18:24:26,compute-0-2,0.0,4.000
412,2026-09-08 18:24:27,compute-0-3,3.0,2.000
413,2026-09-08 18:24:37,compute-0-1,1.0,1.000
413,2026-09-08 18:24:37,compute-0-2,2.0,2.000
413,2026-09-08 18:24:38,compute-0-3,-8.0,11.000
414,2026-09-08 18:24:48,compute-0-1,1.0,0.000
414,2026-09-08 18:24:48,compute-0-2,0.0,2.000
414,2026-09-08 18:24:49,compute-0-3,-1.0,7.000
415,2026-09-08 18:24:59,compute-0-1,1.0,0.000
415,2026-09-08 18:24:59,compute-0-2,-4.0,4.000
415,2026-09-08 18:25:00,compute-0-3,4.0,5.000
416,2026-09-08 18:25:10,compute-0-1,1.0,0.000
416,2026-09-08 18:25:11,compute-0-2,5.0,9.000
416,2026-09-08 18:25:11,compute-0-3,-1.0,5.000
417,2026-09-08 18:25:21,compute-0-1,1.0,0.000
417,2026-09-08 18:25:22,compute-0-2,4.0,1.000
417,2026-09-08 18:25:22,compute-0-3,-3.0,2.000
418,2026-09-08 18:25:32,compute-0-1,0.0,1.000
418,2026-09-08 18:25:33,compute-0-2,0.0,4.000
418,2026-09-08 18:25:33,compute-0-3,3.0,6.000
419,2026-09-08 18:25:44,compute-0-1,1.0,1.000
419,2026-09-08 18:25:44,compute-0-2,-2.0,2.000
419,2026-09-08 18:25:44,compute-0-3,2.0,1.000
420,2026-09-08 18:25:55,compute-0-1,3.0,2.000
420,2026-09-08 18:25:55,compute-0-2,-1.0,1.000
420,2026-09-08 18:25:55,compute-0-3,-1.0,3.000
421,2026-09-08 18:26:06,compute-0-1,-1.0,4.000
421,2026-09-08 18:26:06,compute-0-2,3.0,4.000
421,2026-09-08 18:26:07,compute-0-3,4.0,5.000
422,2026-09-08 18:26:17,compute-0-1,1.0,2.000
422,2026-09-08 18:26:17,compute-0-2,0.0,3.000
422,2026-09-08 18:26:18,compute-0-3,-1.0,5.000
423,2026-09-08 18:26:28,compute-0-1,2.0,1.000
423,2026-09-08 18:26:28,compute-0-2,-1.0,1.000
423,2026-09-08 18:26:29,compute-0-3,5.0,6.000
424,2026-09-08 18:26:39,compute-0-1,0.0,2.000
424,2026-09-08 18:26:40,compute-0-2,-1.0,0.000
424,2026-09-08 18:26:40,compute-0-3,-2.0,7.000
425,2026-09-08 18:26:50,compute-0-1,1.0,1.000
425,2026-09-08 18:26:51,compute-0-2,3.0,4.000
425,2026-09-08 18:26:51,compute-0-3,-5.0,3.000
426,2026-09-08 18:27:01,compute-0-1,0.0,1.000
426,2026-09-08 18:27:02,compute-0-2,-5.0,8.000
426,2026-09-08 18:27:02,compute-0-3,-2.0,3.000
427,2026-09-08 18:27:12,compute-0-1,0.0,0.000
427,2026-09-08 18:27:13,compute-0-2,-4.0,1.000
427,2026-09-08 18:27:13,compute-0-3,2.0,4.000
428,2026-09-08 18:27:23,compute-0-1,0.0,0.000
428,2026-09-08 18:27:24,compute-0-2,4.0,8.000
428,2026-09-08 18:27:24,compute-0-3,-7.0,9.000
429,2026-09-08 18:27:35,compute-0-1,0.0,0.000
429,2026-09-08 18:27:35,compute-0-2,5.0,1.000
429,2026-09-08 18:27:35,compute-0-3,2.0,9.000
430,2026-09-08 18:27:46,compute-0-1,-4.0,4.000
430,2026-09-08 18:27:46,compute-0-2,0.0,5.000
430,2026-09-08 18:27:46,compute-0-3,-4.0,6.000
431,2026-09-08 18:27:57,compute-0-1,0.0,4.000
431,2026-09-08 18:27:57,compute-0-2,-2.0,2.000
431,2026-09-08 18:27:57,compute-0-3,1.0,5.000
432,2026-09-08 18:28:08,compute-0-1,-2.0,2.000
432,2026-09-08 18:28:08,compute-0-2,-2.0,0.000
432,2026-09-08 18:28:09,compute-0-3,10.0,9.000
433,2026-09-08 18:28:19,compute-0-1,0.0,2.000
433,2026-09-08 18:28:19,compute-0-2,3.0,5.000
433,2026-09-08 18:28:20,compute-0-3,-4.0,14.000
434,2026-09-08 18:28:30,compute-0-1,0.0,0.000
434,2026-09-08 18:28:30,compute-0-2,0.0,3.000
434,2026-09-08 18:28:31,compute-0-3,-3.0,1.000
435,2026-09-08 18:28:41,compute-0-1,-2.0,2.000
435,2026-09-08 18:28:41,compute-0-2,4.0,4.000
435,2026-09-08 18:28:42,compute-0-3,2.0,5.000
436,2026-09-08 18:28:52,compute-0-1,2.0,4.000
436,2026-09-08 18:28:52,compute-0-2,4.0,0.000
436,2026-09-08 18:28:53,compute-0-3,5.0,3.000
437,2026-09-08 18:29:03,compute-0-1,-1.0,3.000
437,2026-09-08 18:29:04,compute-0-2,2.0,2.000
437,2026-09-08 18:29:04,compute-0-3,4.0,1.000
438,2026-09-08 18:29:14,compute-0-1,3.0,4.000
438,2026-09-08 18:29:15,compute-0-2,-4.0,6.000
438,2026-09-08 18:29:15,compute-0-3,-7.0,11.000
439,2026-09-08 18:29:25,compute-0-1,0.0,3.000
439,2026-09-08 18:29:26,compute-0-2,5.0,9.000
439,2026-09-08 18:29:26,compute-0-3,-2.0,5.000
440,2026-09-08 18:29:36,compute-0-1,-1.0,1.000
440,2026-09-08 18:29:37,compute-0-2,4.0,1.000
440,2026-09-08 18:29:37,compute-0-3,3.0,5.000
441,2026-09-08 18:29:48,compute-0-1,0.0,1.000
441,2026-09-08 18:29:48,compute-0-2,3.0,1.000
441,2026-09-08 18:29:48,compute-0-3,-5.0,8.000
442,2026-09-08 18:29:59,compute-0-1,-5.0,5.000
442,2026-09-08 18:29:59,compute-0-2,3.0,0.000
442,2026-09-08 18:30:00,compute-0-3,-4.0,1.000
443,2026-09-08 18:30:10,compute-0-1,-1.0,4.000
443,2026-09-08 18:30:10,compute-0-2,-4.0,7.000
443,2026-09-08 18:30:11,compute-0-3,-1.0,3.000
444,2026-09-08 18:30:21,compute-0-1,-1.0,0.000
444,2026-09-08 18:30:21,compute-0-2,0.0,4.000
444,2026-09-08 18:30:22,compute-0-3,6.0,7.000
445,2026-09-08 18:30:32,compute-0-1,1.0,2.000
445,2026-09-08 18:30:32,compute-0-2,-1.0,1.000
445,2026-09-08 18:30:33,compute-0-3,6.0,0.000
446,2026-09-08 18:30:43,compute-0-1,2.0,1.000
446,2026-09-08 18:30:43,compute-0-2,-1.0,0.000
446,2026-09-08 18:30:44,compute-0-3,1.0,5.000
447,2026-09-08 18:30:54,compute-0-1,-1.0,3.000
447,2026-09-08 18:30:55,compute-0-2,1.0,2.000
447,2026-09-08 18:30:55,compute-0-3,6.0,5.000
448,2026-09-08 18:31:05,compute-0-1,0.0,1.000
448,2026-09-08 18:31:06,compute-0-2,4.0,3.000
448,2026-09-08 18:31:06,compute-0-3,-4.0,10.000
449,2026-09-08 18:31:16,compute-0-1,1.0,1.000
449,2026-09-08 18:31:17,compute-0-2,1.0,3.000
449,2026-09-08 18:31:17,compute-0-3,-4.0,0.000
450,2026-09-08 18:31:27,compute-0-1,-2.0,3.000
450,2026-09-08 18:31:28,compute-0-2,-3.0,4.000
450,2026-09-08 18:31:28,compute-0-3,3.0,7.000
451,2026-09-08 18:31:39,compute-0-1,-1.0,1.000
451,2026-09-08 18:31:39,compute-0-2,2.0,5.000
451,2026-09-08 18:31:39,compute-0-3,8.0,5.000
452,2026-09-08 18:31:50,compute-0-1,-3.0,2.000
452,2026-09-08 18:31:50,compute-0-2,2.0,0.000
452,2026-09-08 18:31:50,compute-0-3,4.0,4.000
453,2026-09-08 18:32:01,compute-0-1,1.0,4.000
453,2026-09-08 18:32:01,compute-0-2,3.0,1.000
453,2026-09-08 18:32:01,compute-0-3,1.0,3.000
454,2026-09-08 18:32:12,compute-0-1,0.0,1.000
454,2026-09-08 18:32:12,compute-0-2,3.0,0.000
454,2026-09-08 18:32:13,compute-0-3,-3.0,4.000
455,2026-09-08 18:32:23,compute-0-1,-2.0,2.000
455,2026-09-08 18:32:23,compute-0-2,-3.0,6.000
455,2026-09-08 18:32:24,compute-0-3,-4.0,1.000
456,2026-09-08 18:32:34,compute-0-1,0.0,2.000
456,2026-09-08 18:32:34,compute-0-2,-2.0,1.000
456,2026-09-08 18:32:35,compute-0-3,2.0,6.000
457,2026-09-08 18:32:45,compute-0-1,0.0,0.000
457,2026-09-08 18:32:45,compute-0-2,0.0,2.000
457,2026-09-08 18:32:46,compute-0-3,-3.0,5.000
458,2026-09-08 18:32:56,compute-0-1,0.0,0.000
458,2026-09-08 18:32:57,compute-0-2,2.0,2.000
458,2026-09-08 18:32:57,compute-0-3,-5.0,2.000
459,2026-09-08 18:33:07,compute-0-1,-1.0,1.000
459,2026-09-08 18:33:08,compute-0-2,-2.0,4.000
459,2026-09-08 18:33:08,compute-0-3,0.0,5.000
460,2026-09-08 18:33:19,compute-0-1,0.0,1.000
460,2026-09-08 18:33:19,compute-0-2,-4.0,2.000
460,2026-09-08 18:33:19,compute-0-3,9.0,9.000
461,2026-09-08 18:33:30,compute-0-1,1.0,1.000
461,2026-09-08 18:33:30,compute-0-2,-3.0,1.000
461,2026-09-08 18:33:30,compute-0-3,-3.0,12.000
462,2026-09-08 18:33:41,compute-0-1,0.0,1.000
462,2026-09-08 18:33:41,compute-0-2,-1.0,2.000
462,2026-09-08 18:33:41,compute-0-3,6.0,9.000
463,2026-09-08 18:33:52,compute-0-1,-1.0,1.000
463,2026-09-08 18:33:52,compute-0-2,-3.0,2.000
463,2026-09-08 18:33:53,compute-0-3,3.0,3.000
464,2026-09-08 18:34:03,compute-0-1,1.0,2.000
464,2026-09-08 18:34:03,compute-0-2,1.0,4.000
464,2026-09-08 18:34:04,compute-0-3,5.0,2.000
465,2026-09-08 18:34:14,compute-0-1,0.0,1.000
465,2026-09-08 18:34:15,compute-0-2,-2.0,3.000
465,2026-09-08 18:34:15,compute-0-3,-6.0,11.000
466,2026-09-08 18:34:26,compute-0-1,-1.0,1.000
466,2026-09-08 18:34:26,compute-0-2,2.0,4.000
466,2026-09-08 18:34:26,compute-0-3,-2.0,4.000
467,2026-09-08 18:34:37,compute-0-1,0.0,1.000
467,2026-09-08 18:34:37,compute-0-2,-1.0,3.000
467,2026-09-08 18:34:37,compute-0-3,0.0,2.000
468,2026-09-08 18:34:48,compute-0-1,-1.0,1.000
468,2026-09-08 18:34:48,compute-0-2,0.0,1.000
468,2026-09-08 18:34:49,compute-0-3,2.0,2.000
469,2026-09-08 18:34:59,compute-0-1,0.0,1.000
469,2026-09-08 18:34:59,compute-0-2,0.0,0.000
469,2026-09-08 18:35:00,compute-0-3,3.0,1.000
470,2026-09-08 18:35:10,compute-0-1,0.0,0.000
470,2026-09-08 18:35:10,compute-0-2,2.0,2.000
470,2026-09-08 18:35:11,compute-0-3,-4.0,7.000
471,2026-09-08 18:35:21,compute-0-1,0.0,0.000
471,2026-09-08 18:35:21,compute-0-2,-1.0,3.000
471,2026-09-08 18:35:22,compute-0-3,4.0,8.000
472,2026-09-08 18:35:32,compute-0-1,2.0,2.000
472,2026-09-08 18:35:33,compute-0-2,1.0,2.000
472,2026-09-08 18:35:33,compute-0-3,-2.0,6.000
473,2026-09-08 18:35:44,compute-0-1,-7.0,9.000
473,2026-09-08 18:35:44,compute-0-2,5.0,4.000
473,2026-09-08 18:35:44,compute-0-3,-1.0,1.000
474,2026-09-08 18:35:55,compute-0-1,1.0,8.000
474,2026-09-08 18:35:55,compute-0-2,-2.0,7.000
474,2026-09-08 18:35:55,compute-0-3,1.0,2.000
475,2026-09-08 18:36:06,compute-0-1,-6.0,7.000
475,2026-09-08 18:36:06,compute-0-2,0.0,2.000
475,2026-09-08 18:36:07,compute-0-3,-4.0,5.000
476,2026-09-08 18:36:17,compute-0-1,0.0,6.000
476,2026-09-08 18:36:17,compute-0-2,3.0,3.000
476,2026-09-08 18:36:18,compute-0-3,1.0,5.000
477,2026-09-08 18:36:28,compute-0-1,-1.0,1.000
477,2026-09-08 18:36:29,compute-0-2,-2.0,5.000
477,2026-09-08 18:36:29,compute-0-3,-2.0,3.000
478,2026-09-08 18:36:39,compute-0-1,0.0,1.000
478,2026-09-08 18:36:40,compute-0-2,4.0,6.000
478,2026-09-08 18:36:40,compute-0-3,3.0,5.000
479,2026-09-08 18:36:50,compute-0-1,0.0,0.000
479,2026-09-08 18:36:51,compute-0-2,-1.0,5.000
479,2026-09-08 18:36:51,compute-0-3,-3.0,6.000
480,2026-09-08 18:37:01,compute-0-1,0.0,0.000
480,2026-09-08 18:37:02,compute-0-2,0.0,1.000
480,2026-09-08 18:37:02,compute-0-3,7.0,10.000
481,2026-09-08 18:37:12,compute-0-1,-1.0,1.000
481,2026-09-08 18:37:13,compute-0-2,-2.0,2.000
481,2026-09-08 18:37:13,compute-0-3,5.0,2.000
482,2026-09-08 18:37:24,compute-0-1,0.0,1.000
482,2026-09-08 18:37:24,compute-0-2,3.0,5.000
482,2026-09-08 18:37:24,compute-0-3,4.0,1.000
483,2026-09-08 18:37:35,compute-0-1,1.0,1.000
483,2026-09-08 18:37:35,compute-0-2,4.0,1.000
483,2026-09-08 18:37:35,compute-0-3,-8.0,12.000
484,2026-09-08 18:37:46,compute-0-1,1.0,0.000
484,2026-09-08 18:37:46,compute-0-2,2.0,2.000
484,2026-09-08 18:37:46,compute-0-3,-2.0,6.000
485,2026-09-08 18:37:57,compute-0-1,-3.0,4.000
485,2026-09-08 18:37:57,compute-0-2,1.0,1.000
485,2026-09-08 18:37:58,compute-0-3,-3.0,1.000
486,2026-09-08 18:38:08,compute-0-1,-1.0,2.000
486,2026-09-08 18:38:08,compute-0-2,-2.0,3.000
486,2026-09-08 18:38:09,compute-0-3,-5.0,2.000
487,2026-09-08 18:38:19,compute-0-1,-1.0,0.000
487,2026-09-08 18:38:19,compute-0-2,1.0,3.000
487,2026-09-08 18:38:20,compute-0-3,-3.0,2.000
488,2026-09-08 18:38:30,compute-0-1,6.0,7.000
488,2026-09-08 18:38:30,compute-0-2,-6.0,7.000
488,2026-09-08 18:38:31,compute-0-3,-7.0,4.000
489,2026-09-08 18:38:41,compute-0-1,-3.0,9.000
489,2026-09-08 18:38:42,compute-0-2,6.0,12.000
489,2026-09-08 18:38:42,compute-0-3,2.0,9.000
490,2026-09-08 18:38:52,compute-0-1,-1.0,2.000
490,2026-09-08 18:38:53,compute-0-2,-2.0,8.000
490,2026-09-08 18:38:53,compute-0-3,-3.0,5.000
491,2026-09-08 18:39:03,compute-0-1,1.0,2.000
491,2026-09-08 18:39:04,compute-0-2,0.0,2.000
491,2026-09-08 18:39:04,compute-0-3,-1.0,2.000
492,2026-09-08 18:39:14,compute-0-1,-1.0,2.000
492,2026-09-08 18:39:15,compute-0-2,5.0,5.000
492,2026-09-08 18:39:15,compute-0-3,4.0,5.000
493,2026-09-08 18:39:25,compute-0-1,-2.0,1.000
493,2026-09-08 18:39:26,compute-0-2,4.0,1.000
493,2026-09-08 18:39:26,compute-0-3,-4.0,8.000
494,2026-09-08 18:39:37,compute-0-1,-1.0,1.000
494,2026-09-08 18:39:37,compute-0-2,-1.0,5.000
494,2026-09-08 18:39:37,compute-0-3,3.0,7.000
495,2026-09-08 18:39:48,compute-0-1,0.0,1.000
495,2026-09-08 18:39:48,compute-0-2,-3.0,2.000
495,2026-09-08 18:39:48,compute-0-3,-4.0,7.000
496,2026-09-08 18:39:59,compute-0-1,0.0,0.000
496,2026-09-08 18:39:59,compute-0-2,1.0,4.000
496,2026-09-08 18:39:59,compute-0-3,1.0,5.000
497,2026-09-08 18:40:10,compute-0-1,-1.0,1.000
497,2026-09-08 18:40:10,compute-0-2,4.0,3.000
497,2026-09-08 18:40:11,compute-0-3,5.0,4.000
498,2026-09-08 18:40:21,compute-0-1,0.0,1.000
498,2026-09-08 18:40:21,compute-0-2,-2.0,6.000
498,2026-09-08 18:40:22,compute-0-3,2.0,3.000
499,2026-09-08 18:40:32,compute-0-1,-2.0,2.000
499,2026-09-08 18:40:32,compute-0-2,2.0,4.000
499,2026-09-08 18:40:33,compute-0-3,0.0,2.000
500,2026-09-08 18:40:43,compute-0-1,1.0,3.000
500,2026-09-08 18:40:43,compute-0-2,0.0,2.000
500,2026-09-08 18:40:44,compute-0-3,0.0,0.000
501,2026-09-08 18:40:54,compute-0-1,-1.0,2.000
501,2026-09-08 18:40:54,compute-0-2,0.0,0.000
501,2026-09-08 18:40:55,compute-0-3,3.0,3.000
502,2026-09-08 18:41:05,compute-0-1,0.0,1.000
502,2026-09-08 18:41:06,compute-0-2,-3.0,3.000
502,2026-09-08 18:41:06,compute-0-3,-3.0,6.000
503,2026-09-08 18:41:16,compute-0-1,1.0,1.000
503,2026-09-08 18:41:17,compute-0-2,2.0,5.000
503,2026-09-08 18:41:17,compute-0-3,3.0,6.000
504,2026-09-08 18:41:27,compute-0-1,0.0,1.000
504,2026-09-08 18:41:28,compute-0-2,6.0,4.000
504,2026-09-08 18:41:28,compute-0-3,-5.0,8.000
505,2026-09-08 18:41:38,compute-0-1,-5.0,5.000
505,2026-09-08 18:41:39,compute-0-2,1.0,5.000
505,2026-09-08 18:41:39,compute-0-3,-1.0,4.000
506,2026-09-08 18:41:50,compute-0-1,0.0,5.000
506,2026-09-08 18:41:50,compute-0-2,-2.0,3.000
506,2026-09-08 18:41:50,compute-0-3,2.0,3.000
507,2026-09-08 18:42:01,compute-0-1,0.0,0.000
507,2026-09-08 18:42:01,compute-0-2,1.0,3.000
507,2026-09-08 18:42:01,compute-0-3,0.0,2.000
508,2026-09-08 18:42:12,compute-0-1,0.0,0.000
508,2026-09-08 18:42:12,compute-0-2,-3.0,4.000
508,2026-09-08 18:42:12,compute-0-3,2.0,2.000
509,2026-09-08 18:42:23,compute-0-1,-1.0,1.000
509,2026-09-08 18:42:23,compute-0-2,-1.0,2.000
509,2026-09-08 18:42:24,compute-0-3,-3.0,5.000
510,2026-09-08 18:42:34,compute-0-1,-2.0,1.000
510,2026-09-08 18:42:34,compute-0-2,0.0,1.000
510,2026-09-08 18:42:35,compute-0-3,0.0,3.000
511,2026-09-08 18:42:45,compute-0-1,-1.0,1.000
511,2026-09-08 18:42:46,compute-0-2,3.0,3.000
511,2026-09-08 18:42:46,compute-0-3,-6.0,6.000
512,2026-09-08 18:42:56,compute-0-1,-2.0,1.000
512,2026-09-08 18:42:57,compute-0-2,-6.0,9.000
512,2026-09-08 18:42:57,compute-0-3,-3.0,3.000
513,2026-09-08 18:43:08,compute-0-1,0.0,2.000
513,2026-09-08 18:43:08,compute-0-2,-1.0,5.000
513,2026-09-08 18:43:08,compute-0-3,-10.0,7.000
514,2026-09-08 18:43:19,compute-0-1,-1.0,1.000
514,2026-09-08 18:43:19,compute-0-2,-4.0,3.000
514,2026-09-08 18:43:19,compute-0-3,3.0,13.000
515,2026-09-08 18:43:30,compute-0-1,-2.0,1.000
515,2026-09-08 18:43:30,compute-0-2,-1.0,3.000
515,2026-09-08 18:43:30,compute-0-3,-3.0,6.000
516,2026-09-08 18:43:41,compute-0-1,-2.0,0.000
516,2026-09-08 18:43:41,compute-0-2,-2.0,1.000
516,2026-09-08 18:43:42,compute-0-3,-4.0,1.000
517,2026-09-08 18:43:52,compute-0-1,-1.0,1.000
517,2026-09-08 18:43:52,compute-0-2,3.0,5.000
517,2026-09-08 18:43:53,compute-0-3,1.0,5.000
518,2026-09-08 18:44:03,compute-0-1,-1.0,0.000
518,2026-09-08 18:44:03,compute-0-2,1.0,2.000
518,2026-09-08 18:44:04,compute-0-3,2.0,1.000
519,2026-09-08 18:44:14,compute-0-1,0.0,1.000
519,2026-09-08 18:44:14,compute-0-2,-2.0,3.000
519,2026-09-08 18:44:15,compute-0-3,-6.0,8.000
520,2026-09-08 18:44:25,compute-0-1,0.0,0.000
520,2026-09-08 18:44:25,compute-0-2,-4.0,2.000
520,2026-09-08 18:44:26,compute-0-3,5.0,11.000
521,2026-09-08 18:44:36,compute-0-1,0.0,0.000
521,2026-09-08 18:44:37,compute-0-2,0.0,4.000
521,2026-09-08 18:44:37,compute-0-3,-5.0,10.000
522,2026-09-08 18:44:47,compute-0-1,-2.0,2.000
522,2026-09-08 18:44:48,compute-0-2,4.0,4.000
522,2026-09-08 18:44:48,compute-0-3,-5.0,0.000
523,2026-09-08 18:44:58,compute-0-1,0.0,2.000
523,2026-09-08 18:44:59,compute-0-2,1.0,3.000
523,2026-09-08 18:44:59,compute-0-3,-2.0,3.000
524,2026-09-08 18:45:09,compute-0-1,1.0,1.000
524,2026-09-08 18:45:10,compute-0-2,0.0,1.000
524,2026-09-08 18:45:10,compute-0-3,-7.0,5.000
525,2026-09-08 18:45:21,compute-0-1,-2.0,3.000
525,2026-09-08 18:45:21,compute-0-2,-2.0,2.000
525,2026-09-08 18:45:21,compute-0-3,2.0,9.000
526,2026-09-08 18:45:32,compute-0-1,1.0,3.000
526,2026-09-08 18:45:32,compute-0-2,2.0,4.000
526,2026-09-08 18:45:32,compute-0-3,-1.0,3.000
527,2026-09-08 18:45:43,compute-0-1,1.0,0.000
527,2026-09-08 18:45:43,compute-0-2,1.0,1.000
527,2026-09-08 18:45:43,compute-0-3,-2.0,1.000
528,2026-09-08 18:45:54,compute-0-1,0.0,1.000
528,2026-09-08 18:45:54,compute-0-2,2.0,1.000
528,2026-09-08 18:45:54,compute-0-3,2.0,4.000
529,2026-09-08 18:46:05,compute-0-1,-1.0,1.000
529,2026-09-08 18:46:05,compute-0-2,-3.0,5.000
529,2026-09-08 18:46:06,compute-0-3,-1.0,3.000
530,2026-09-08 18:46:16,compute-0-1,0.0,1.000
530,2026-09-08 18:46:17,compute-0-2,-3.0,0.000
530,2026-09-08 18:46:17,compute-0-3,-3.0,2.000
531,2026-09-08 18:46:27,compute-0-1,0.0,0.000
531,2026-09-08 18:46:28,compute-0-2,-3.0,0.000
531,2026-09-08 18:46:28,compute-0-3,1.0,4.000
532,2026-09-08 18:46:38,compute-0-1,0.0,0.000
532,2026-09-08 18:46:39,compute-0-2,-3.0,0.000
532,2026-09-08 18:46:39,compute-0-3,-8.0,9.000
533,2026-09-08 18:46:49,compute-0-1,1.0,1.000
533,2026-09-08 18:46:50,compute-0-2,3.0,6.000
533,2026-09-08 18:46:50,compute-0-3,4.0,12.000
534,2026-09-08 18:47:00,compute-0-1,-6.0,7.000
534,2026-09-08 18:47:01,compute-0-2,0.0,3.000
534,2026-09-08 18:47:01,compute-0-3,-2.0,6.000
535,2026-09-08 18:47:12,compute-0-1,-1.0,5.000
535,2026-09-08 18:47:12,compute-0-2,-4.0,4.000
535,2026-09-08 18:47:12,compute-0-3,0.0,2.000
536,2026-09-08 18:47:23,compute-0-1,0.0,1.000
536,2026-09-08 18:47:23,compute-0-2,-3.0,1.000
536,2026-09-08 18:47:24,compute-0-3,3.0,3.000
537,2026-09-08 18:47:34,compute-0-1,1.0,1.000
537,2026-09-08 18:47:34,compute-0-2,-1.0,2.000
537,2026-09-08 18:47:35,compute-0-3,-3.0,6.000
538,2026-09-08 18:47:45,compute-0-1,3.0,2.000
538,2026-09-08 18:47:46,compute-0-2,-3.0,2.000
538,2026-09-08 18:47:46,compute-0-3,1.0,4.000
539,2026-09-08 18:47:56,compute-0-1,-2.0,5.000
539,2026-09-08 18:47:57,compute-0-2,1.0,4.000
539,2026-09-08 18:47:57,compute-0-3,-3.0,4.000
540,2026-09-08 18:48:07,compute-0-1,3.0,5.000
540,2026-09-08 18:48:08,compute-0-2,-3.0,4.000
540,2026-09-08 18:48:08,compute-0-3,0.0,3.000
541,2026-09-08 18:48:18,compute-0-1,-2.0,5.000
541,2026-09-08 18:48:19,compute-0-2,4.0,7.000
541,2026-09-08 18:48:19,compute-0-3,-1.0,1.000
542,2026-09-08 18:48:30,compute-0-1,0.0,2.000
542,2026-09-08 18:48:30,compute-0-2,0.0,4.000
542,2026-09-08 18:48:30,compute-0-3,-1.0,0.000
543,2026-09-08 18:48:41,compute-0-1,2.0,2.000
543,2026-09-08 18:48:41,compute-0-2,1.0,1.000
543,2026-09-08 18:48:41,compute-0-3,4.0,5.000
544,2026-09-08 18:48:52,compute-0-1,-2.0,4.000
544,2026-09-08 18:48:52,compute-0-2,5.0,4.000
544,2026-09-08 18:48:52,compute-0-3,-5.0,9.000
545,2026-09-08 18:49:03,compute-0-1,-1.0,1.000
545,2026-09-08 18:49:03,compute-0-2,-2.0,7.000
545,2026-09-08 18:49:04,compute-0-3,4.0,9.000
546,2026-09-08 18:49:14,compute-0-1,0.0,1.000
546,2026-09-08 18:49:14,compute-0-2,-2.0,0.000
546,2026-09-08 18:49:15,compute-0-3,1.0,3.000
547,2026-09-08 18:49:25,compute-0-1,0.0,0.000
547,2026-09-08 18:49:25,compute-0-2,-3.0,1.000
547,2026-09-08 18:49:26,compute-0-3,-2.0,3.000
548,2026-09-08 18:49:36,compute-0-1,1.0,1.000
548,2026-09-08 18:49:36,compute-0-2,1.0,4.000
548,2026-09-08 18:49:37,compute-0-3,-2.0,0.000
549,2026-09-08 18:49:47,compute-0-1,0.0,1.000
549,2026-09-08 18:49:47,compute-0-2,-1.0,2.000
549,2026-09-08 18:49:48,compute-0-3,0.0,2.000
550,2026-09-08 18:49:58,compute-0-1,-1.0,1.000
550,2026-09-08 18:49:59,compute-0-2,1.0,2.000
550,2026-09-08 18:49:59,compute-0-3,0.0,0.000
551,2026-09-08 18:50:09,compute-0-1,1.0,2.000
551,2026-09-08 18:50:10,compute-0-2,2.0,1.000
551,2026-09-08 18:50:10,compute-0-3,-3.0,3.000
552,2026-09-08 18:50:20,compute-0-1,-1.0,2.000
552,2026-09-08 18:50:21,compute-0-2,-2.0,4.000
552,2026-09-08 18:50:21,compute-0-3,-3.0,0.000
553,2026-09-08 18:50:31,compute-0-1,0.0,1.000
553,2026-09-08 18:50:32,compute-0-2,-3.0,1.000
553,2026-09-08 18:50:32,compute-0-3,2.0,5.000
554,2026-09-08 18:50:43,compute-0-1,0.0,0.000
554,2026-09-08 18:50:43,compute-0-2,-1.0,2.000
554,2026-09-08 18:50:43,compute-0-3,-2.0,4.000
555,2026-09-08 18:50:54,compute-0-1,0.0,0.000
555,2026-09-08 18:50:54,compute-0-2,3.0,4.000
555,2026-09-08 18:50:54,compute-0-3,0.0,2.000
556,2026-09-08 18:51:05,compute-0-1,-1.0,1.000
556,2026-09-08 18:51:05,compute-0-2,-1.0,4.000
556,2026-09-08 18:51:05,compute-0-3,1.0,1.000
557,2026-09-08 18:51:16,compute-0-1,0.0,1.000
557,2026-09-08 18:51:16,compute-0-2,4.0,5.000
557,2026-09-08 18:51:16,compute-0-3,-3.0,4.000
558,2026-09-08 18:51:27,compute-0-1,-1.0,1.000
558,2026-09-08 18:51:27,compute-0-2,5.0,1.000
558,2026-09-08 18:51:28,compute-0-3,-4.0,1.000
559,2026-09-08 18:51:38,compute-0-1,-1.0,0.000
559,2026-09-08 18:51:38,compute-0-2,2.0,3.000
559,2026-09-08 18:51:39,compute-0-3,1.0,5.000
560,2026-09-08 18:51:49,compute-0-1,1.0,2.000
560,2026-09-08 18:51:49,compute-0-2,-3.0,5.000
560,2026-09-08 18:51:50,compute-0-3,-2.0,3.000
561,2026-09-08 18:52:00,compute-0-1,0.0,1.000
561,2026-09-08 18:52:01,compute-0-2,1.0,4.000
561,2026-09-08 18:52:01,compute-0-3,8.0,10.000
562,2026-09-08 18:52:11,compute-0-1,-7.0,7.000
562,2026-09-08 18:52:12,compute-0-2,-2.0,3.000
562,2026-09-08 18:52:12,compute-0-3,-9.0,17.000
563,2026-09-08 18:52:22,compute-0-1,-2.0,5.000
563,2026-09-08 18:52:23,compute-0-2,-3.0,1.000
563,2026-09-08 18:52:23,compute-0-3,-3.0,6.000
564,2026-09-08 18:52:34,compute-0-1,-1.0,1.000
564,2026-09-08 18:52:34,compute-0-2,1.0,4.000
564,2026-09-08 18:52:34,compute-0-3,-1.0,2.000
565,2026-09-08 18:52:45,compute-0-1,1.0,2.000
565,2026-09-08 18:52:45,compute-0-2,0.0,1.000
565,2026-09-08 18:52:45,compute-0-3,5.0,6.000
566,2026-09-08 18:52:56,compute-0-1,0.0,1.000
566,2026-09-08 18:52:56,compute-0-2,0.0,0.000
566,2026-09-08 18:52:56,compute-0-3,0.0,5.000
567,2026-09-08 18:53:07,compute-0-1,-2.0,2.000
567,2026-09-08 18:53:07,compute-0-2,3.0,3.000
567,2026-09-08 18:53:07,compute-0-3,-4.0,4.000
568,2026-09-08 18:53:18,compute-0-1,1.0,3.000
568,2026-09-08 18:53:18,compute-0-2,0.0,3.000
568,2026-09-08 18:53:19,compute-0-3,5.0,9.000
569,2026-09-08 18:53:29,compute-0-1,0.0,1.000
569,2026-09-08 18:53:29,compute-0-2,-2.0,2.000
569,2026-09-08 18:53:30,compute-0-3,1.0,4.000
570,2026-09-08 18:53:40,compute-0-1,-1.0,1.000
570,2026-09-08 18:53:40,compute-0-2,-2.0,0.000
570,2026-09-08 18:53:41,compute-0-3,2.0,1.000
571,2026-09-08 18:53:51,compute-0-1,0.0,1.000
571,2026-09-08 18:53:51,compute-0-2,0.0,2.000
571,2026-09-08 18:53:52,compute-0-3,3.0,1.000
572,2026-09-08 18:54:02,compute-0-1,1.0,1.000
572,2026-09-08 18:54:03,compute-0-2,-2.0,2.000
572,2026-09-08 18:54:03,compute-0-3,3.0,0.000
573,2026-09-08 18:54:13,compute-0-1,0.0,1.000
573,2026-09-08 18:54:14,compute-0-2,3.0,5.000
573,2026-09-08 18:54:14,compute-0-3,3.0,0.000
574,2026-09-08 18:54:24,compute-0-1,-2.0,2.000
574,2026-09-08 18:54:25,compute-0-2,-3.0,6.000
574,2026-09-08 18:54:25,compute-0-3,5.0,2.000
575,2026-09-08 18:54:35,compute-0-1,0.0,2.000
575,2026-09-08 18:54:36,compute-0-2,3.0,6.000
575,2026-09-08 18:54:36,compute-0-3,2.0,3.000
576,2026-09-08 18:54:46,compute-0-1,0.0,0.000
576,2026-09-08 18:54:47,compute-0-2,-1.0,4.000
576,2026-09-08 18:54:47,compute-0-3,-1.0,3.000
577,2026-09-08 18:54:58,compute-0-1,0.0,0.000
577,2026-09-08 18:54:58,compute-0-2,-2.0,1.000
577,2026-09-08 18:54:58,compute-0-3,3.0,4.000
578,2026-09-08 18:55:09,compute-0-1,-1.0,1.000
578,2026-09-08 18:55:09,compute-0-2,1.0,3.000
578,2026-09-08 18:55:09,compute-0-3,4.0,1.000
579,2026-09-08 18:55:20,compute-0-1,-1.0,0.000
579,2026-09-08 18:55:20,compute-0-2,-3.0,4.000
579,2026-09-08 18:55:20,compute-0-3,5.0,1.000
580,2026-09-08 18:55:31,compute-0-1,0.0,1.000
580,2026-09-08 18:55:31,compute-0-2,3.0,6.000
580,2026-09-08 18:55:32,compute-0-3,0.0,5.000
581,2026-09-08 18:55:42,compute-0-1,0.0,0.000
581,2026-09-08 18:55:42,compute-0-2,4.0,1.000
581,2026-09-08 18:55:43,compute-0-3,-8.0,8.000
582,2026-09-08 18:55:53,compute-0-1,-2.0,2.000
582,2026-09-08 18:55:53,compute-0-2,-4.0,8.000
582,2026-09-08 18:55:54,compute-0-3,3.0,11.000
583,2026-09-08 18:56:04,compute-0-1,-3.0,1.000
583,2026-09-08 18:56:04,compute-0-2,1.0,5.000
583,2026-09-08 18:56:05,compute-0-3,6.0,3.000
584,2026-09-08 18:56:15,compute-0-1,1.0,4.000
584,2026-09-08 18:56:15,compute-0-2,-2.0,3.000
584,2026-09-08 18:56:16,compute-0-3,-1.0,7.000
585,2026-09-08 18:56:26,compute-0-1,1.0,0.000
585,2026-09-08 18:56:27,compute-0-2,-2.0,0.000
585,2026-09-08 18:56:27,compute-0-3,0.0,1.000
586,2026-09-08 18:56:37,compute-0-1,2.0,1.000
586,2026-09-08 18:56:38,compute-0-2,-1.0,1.000
586,2026-09-08 18:56:38,compute-0-3,0.0,0.000
587,2026-09-08 18:56:49,compute-0-1,1.0,1.000
587,2026-09-08 18:56:49,compute-0-2,6.0,7.000
587,2026-09-08 18:56:49,compute-0-3,3.0,3.000
588,2026-09-08 18:57:00,compute-0-1,0.0,1.000
588,2026-09-08 18:57:00,compute-0-2,2.0,4.000
588,2026-09-08 18:57:01,compute-0-3,1.0,2.000
589,2026-09-08 18:57:11,compute-0-1,-2.0,2.000
589,2026-09-08 18:57:11,compute-0-2,0.0,2.000
589,2026-09-08 18:57:12,compute-0-3,-1.0,2.000
590,2026-09-08 18:57:22,compute-0-1,1.0,3.000
590,2026-09-08 18:57:22,compute-0-2,1.0,1.000
590,2026-09-08 18:57:23,compute-0-3,-1.0,0.000
591,2026-09-08 18:57:33,compute-0-1,1.0,0.000
591,2026-09-08 18:57:34,compute-0-2,3.0,2.000
591,2026-09-08 18:57:34,compute-0-3,-8.0,7.000
592,2026-09-08 18:57:44,compute-0-1,0.0,1.000
592,2026-09-08 18:57:45,compute-0-2,4.0,1.000
592,2026-09-08 18:57:45,compute-0-3,6.0,14.000
593,2026-09-08 18:57:56,compute-0-1,0.0,0.000
593,2026-09-08 18:57:56,compute-0-2,0.0,4.000
593,2026-09-08 18:57:56,compute-0-3,-4.0,10.000
594,2026-09-08 18:58:07,compute-0-1,6.0,6.000
594,2026-09-08 18:58:07,compute-0-2,-1.0,1.000
594,2026-09-08 18:58:07,compute-0-3,-1.0,3.000
595,2026-09-08 18:58:18,compute-0-1,0.0,6.000
595,2026-09-08 18:58:18,compute-0-2,-1.0,0.000
595,2026-09-08 18:58:18,compute-0-3,-1.0,0.000
596,2026-09-08 18:58:29,compute-0-1,-2.0,2.000
596,2026-09-08 18:58:29,compute-0-2,1.0,2.000
596,2026-09-08 18:58:29,compute-0-3,-7.0,6.000
597,2026-09-08 18:58:40,compute-0-1,3.0,5.000
597,2026-09-08 18:58:40,compute-0-2,2.0,1.000
597,2026-09-08 18:58:41,compute-0-3,-3.0,4.000
598,2026-09-08 18:58:51,compute-0-1,-1.0,4.000
598,2026-09-08 18:58:51,compute-0-2,3.0,1.000
598,2026-09-08 18:58:52,compute-0-3,1.0,4.000
599,2026-09-08 18:59:02,compute-0-1,0.0,1.000
599,2026-09-08 18:59:02,compute-0-2,-2.0,5.000
599,2026-09-08 18:59:03,compute-0-3,2.0,1.000
600,2026-09-08 18:59:13,compute-0-1,0.0,0.000
600,2026-09-08 18:59:13,compute-0-2,1.0,3.000
600,2026-09-08 18:59:14,compute-0-3,1.0,1.000
601,2026-09-08 18:59:24,compute-0-1,0.0,0.000
601,2026-09-08 18:59:25,compute-0-2,0.0,1.000
601,2026-09-08 18:59:25,compute-0-3,-2.0,3.000
602,2026-09-08 18:59:35,compute-0-1,-1.0,1.000
602,2026-09-08 18:59:36,compute-0-2,-2.0,2.000
602,2026-09-08 18:59:36,compute-0-3,2.0,4.000
603,2026-09-08 18:59:47,compute-0-1,8.0,9.000
603,2026-09-08 18:59:47,compute-0-2,-4.0,2.000
603,2026-09-08 18:59:47,compute-0-3,-2.0,4.000
604,2026-09-08 18:59:58,compute-0-1,2.0,6.000
604,2026-09-08 18:59:58,compute-0-2,-3.0,1.000
604,2026-09-08 18:59:58,compute-0-3,0.0,2.000
605,2026-09-08 19:00:09,compute-0-1,-1.0,3.000
605,2026-09-08 19:00:09,compute-0-2,6.0,9.000
605,2026-09-08 19:00:09,compute-0-3,-1.0,1.000
606,2026-09-08 19:00:20,compute-0-1,1.0,2.000
606,2026-09-08 19:00:20,compute-0-2,-2.0,8.000
606,2026-09-08 19:00:20,compute-0-3,1.0,2.000
607,2026-09-08 19:00:31,compute-0-1,0.0,1.000
607,2026-09-08 19:00:31,compute-0-2,-2.0,0.000
607,2026-09-08 19:00:32,compute-0-3,-2.0,3.000
608,2026-09-08 19:00:42,compute-0-1,1.0,1.000
608,2026-09-08 19:00:42,compute-0-2,1.0,3.000
608,2026-09-08 19:00:43,compute-0-3,1.0,3.000
609,2026-09-08 19:00:53,compute-0-1,-8.0,9.000
609,2026-09-08 19:00:54,compute-0-2,-1.0,2.000
609,2026-09-08 19:00:54,compute-0-3,-1.0,2.000
610,2026-09-08 19:01:05,compute-0-1,-1.0,7.000
610,2026-09-08 19:01:05,compute-0-2,0.0,1.000
610,2026-09-08 19:01:05,compute-0-3,-3.0,2.000
611,2026-09-08 19:01:16,compute-0-1,3.0,4.000
611,2026-09-08 19:01:16,compute-0-2,4.0,4.000
611,2026-09-08 19:01:16,compute-0-3,0.0,3.000
612,2026-09-08 19:01:27,compute-0-1,1.0,2.000
612,2026-09-08 19:01:27,compute-0-2,2.0,2.000
612,2026-09-08 19:01:27,compute-0-3,-3.0,3.000
613,2026-09-08 19:01:38,compute-0-1,-1.0,2.000
613,2026-09-08 19:01:38,compute-0-2,0.0,2.000
613,2026-09-08 19:01:38,compute-0-3,-3.0,0.000
614,2026-09-08 19:01:49,compute-0-1,0.0,1.000
614,2026-09-08 19:01:49,compute-0-2,1.0,1.000
614,2026-09-08 19:01:50,compute-0-3,0.0,3.000
615,2026-09-08 19:02:00,compute-0-1,0.0,0.000
615,2026-09-08 19:02:00,compute-0-2,-3.0,4.000
615,2026-09-08 19:02:01,compute-0-3,2.0,2.000
616,2026-09-08 19:02:11,compute-0-1,0.0,0.000
616,2026-09-08 19:02:11,compute-0-2,1.0,4.000
616,2026-09-08 19:02:12,compute-0-3,4.0,2.000
617,2026-09-08 19:02:22,compute-0-1,-1.0,1.000
617,2026-09-08 19:02:22,compute-0-2,-3.0,4.000
617,2026-09-08 19:02:23,compute-0-3,-2.0,6.000
618,2026-09-08 19:02:33,compute-0-1,0.0,1.000
618,2026-09-08 19:02:34,compute-0-2,3.0,6.000
618,2026-09-08 19:02:34,compute-0-3,0.0,2.000
619,2026-09-08 19:02:44,compute-0-1,1.0,1.000
619,2026-09-08 19:02:45,compute-0-2,-3.0,6.000
619,2026-09-08 19:02:45,compute-0-3,5.0,5.000
620,2026-09-08 19:02:56,compute-0-1,0.0,1.000
620,2026-09-08 19:02:56,compute-0-2,0.0,3.000
620,2026-09-08 19:02:56,compute-0-3,5.0,0.000
621,2026-09-08 19:03:07,compute-0-1,0.0,0.000
621,2026-09-08 19:03:07,compute-0-2,9.0,9.000
621,2026-09-08 19:03:07,compute-0-3,-5.0,10.000
622,2026-09-08 19:03:18,compute-0-1,-1.0,1.000
622,2026-09-08 19:03:18,compute-0-2,6.0,3.000
622,2026-09-08 19:03:18,compute-0-3,0.0,5.000
623,2026-09-08 19:03:30,compute-0-1,0.0,1.000
623,2026-09-08 19:03:30,compute-0-2,0.0,6.000
623,2026-09-08 19:03:31,compute-0-3,0.0,0.000
624,2026-09-08 19:03:41,compute-0-1,0.0,0.000
624,2026-09-08 19:03:41,compute-0-2,3.0,3.000
624,2026-09-08 19:03:42,compute-0-3,-4.0,4.000
625,2026-09-08 19:03:52,compute-0-1,-3.0,3.000
625,2026-09-08 19:03:52,compute-0-2,0.0,3.000
625,2026-09-08 19:03:53,compute-0-3,3.0,7.000
626,2026-09-08 19:04:03,compute-0-1,-2.0,1.000
626,2026-09-08 19:04:03,compute-0-2,-1.0,1.000
626,2026-09-08 19:04:04,compute-0-3,-3.0,6.000
627,2026-09-08 19:04:14,compute-0-1,0.0,2.000
627,2026-09-08 19:04:15,compute-0-2,-2.0,1.000
627,2026-09-08 19:04:15,compute-0-3,1.0,4.000
628,2026-09-08 19:04:25,compute-0-1,0.0,0.000
628,2026-09-08 19:04:26,compute-0-2,-1.0,1.000
628,2026-09-08 19:04:26,compute-0-3,-3.0,4.000
629,2026-09-08 19:04:36,compute-0-1,0.0,0.000
629,2026-09-08 19:04:37,compute-0-2,0.0,1.000
629,2026-09-08 19:04:37,compute-0-3,10.0,13.000
630,2026-09-08 19:04:47,compute-0-1,0.0,0.000
630,2026-09-08 19:04:48,compute-0-2,6.0,6.000
630,2026-09-08 19:04:48,compute-0-3,0.0,10.000
631,2026-09-08 19:04:58,compute-0-1,0.0,0.000
631,2026-09-08 19:04:59,compute-0-2,6.0,0.000
631,2026-09-08 19:04:59,compute-0-3,-1.0,1.000
632,2026-09-08 19:05:10,compute-0-1,-1.0,1.000
632,2026-09-08 19:05:10,compute-0-2,0.0,6.000
632,2026-09-08 19:05:10,compute-0-3,-1.0,0.000
633,2026-09-08 19:05:21,compute-0-1,2.0,3.000
633,2026-09-08 19:05:21,compute-0-2,1.0,1.000
633,2026-09-08 19:05:21,compute-0-3,4.0,5.000
634,2026-09-08 19:05:32,compute-0-1,0.0,2.000
634,2026-09-08 19:05:32,compute-0-2,-1.0,2.000
634,2026-09-08 19:05:32,compute-0-3,4.0,0.000
635,2026-09-08 19:05:43,compute-0-1,0.0,0.000
635,2026-09-08 19:05:43,compute-0-2,8.0,9.000
635,2026-09-08 19:05:44,compute-0-3,-1.0,5.000
636,2026-09-08 19:05:54,compute-0-1,0.0,0.000
636,2026-09-08 19:05:54,compute-0-2,1.0,7.000
636,2026-09-08 19:05:55,compute-0-3,4.0,5.000
637,2026-09-08 19:06:05,compute-0-1,-1.0,1.000
637,2026-09-08 19:06:06,compute-0-2,3.0,2.000
637,2026-09-08 19:06:06,compute-0-3,-6.0,10.000
638,2026-09-08 19:06:16,compute-0-1,1.0,2.000
638,2026-09-08 19:06:17,compute-0-2,1.0,2.000
638,2026-09-08 19:06:17,compute-0-3,-2.0,4.000
639,2026-09-08 19:06:28,compute-0-1,0.0,1.000
639,2026-09-08 19:06:28,compute-0-2,-1.0,2.000
639,2026-09-08 19:06:28,compute-0-3,1.0,3.000
640,2026-09-08 19:06:39,compute-0-1,3.0,3.000
640,2026-09-08 19:06:39,compute-0-2,2.0,3.000
640,2026-09-08 19:06:40,compute-0-3,-3.0,4.000
641,2026-09-08 19:06:50,compute-0-1,1.0,2.000
641,2026-09-08 19:06:50,compute-0-2,0.0,2.000
641,2026-09-08 19:06:51,compute-0-3,1.0,4.000
642,2026-09-08 19:07:01,compute-0-1,0.0,1.000
642,2026-09-08 19:07:01,compute-0-2,-2.0,2.000
642,2026-09-08 19:07:02,compute-0-3,-1.0,2.000
643,2026-09-08 19:07:12,compute-0-1,-9.0,9.000
643,2026-09-08 19:07:12,compute-0-2,-8.0,6.000
643,2026-09-08 19:07:13,compute-0-3,-3.0,2.000
644,2026-09-08 19:07:23,compute-0-1,2.0,11.000
644,2026-09-08 19:07:23,compute-0-2,1.0,9.000
644,2026-09-08 19:07:24,compute-0-3,0.0,3.000
645,2026-09-08 19:07:34,compute-0-1,1.0,1.000
645,2026-09-08 19:07:35,compute-0-2,-1.0,2.000
645,2026-09-08 19:07:35,compute-0-3,-4.0,4.000
646,2026-09-08 19:07:45,compute-0-1,0.0,1.000
646,2026-09-08 19:07:46,compute-0-2,2.0,3.000
646,2026-09-08 19:07:46,compute-0-3,-1.0,3.000
647,2026-09-08 19:07:57,compute-0-1,-7.0,7.000
647,2026-09-08 19:07:57,compute-0-2,2.0,0.000
647,2026-09-08 19:07:57,compute-0-3,6.0,7.000
648,2026-09-08 19:08:08,compute-0-1,2.0,9.000
648,2026-09-08 19:08:08,compute-0-2,1.0,1.000
648,2026-09-08 19:08:09,compute-0-3,-5.0,11.000
649,2026-09-08 19:08:19,compute-0-1,-6.0,8.000
649,2026-09-08 19:08:19,compute-0-2,-5.0,6.000
649,2026-09-08 19:08:20,compute-0-3,4.0,9.000
650,2026-09-08 19:08:31,compute-0-1,2.0,8.000
650,2026-09-08 19:08:31,compute-0-2,-1.0,4.000
650,2026-09-08 19:08:32,compute-0-3,-4.0,8.000
651,2026-09-08 19:08:42,compute-0-1,1.0,1.000
651,2026-09-08 19:08:42,compute-0-2,-6.0,5.000
651,2026-09-08 19:08:43,compute-0-3,2.0,6.000
652,2026-09-08 19:08:53,compute-0-1,-2.0,3.000
652,2026-09-08 19:08:54,compute-0-2,1.0,7.000
652,2026-09-08 19:08:54,compute-0-3,-3.0,5.000
653,2026-09-08 19:09:04,compute-0-1,2.0,4.000
653,2026-09-08 19:09:05,compute-0-2,3.0,2.000
653,2026-09-08 19:09:05,compute-0-3,-2.0,1.000
654,2026-09-08 19:09:15,compute-0-1,-1.0,3.000
654,2026-09-08 19:09:16,compute-0-2,1.0,2.000
654,2026-09-08 19:09:16,compute-0-3,-3.0,1.000
655,2026-09-08 19:09:26,compute-0-1,3.0,4.000
655,2026-09-08 19:09:27,compute-0-2,2.0,1.000
655,2026-09-08 19:09:27,compute-0-3,1.0,4.000
656,2026-09-08 19:09:38,compute-0-1,0.0,3.000
656,2026-09-08 19:09:38,compute-0-2,-3.0,5.000
656,2026-09-08 19:09:38,compute-0-3,3.0,2.000
657,2026-09-08 19:09:49,compute-0-1,2.0,2.000
657,2026-09-08 19:09:49,compute-0-2,2.0,5.000
657,2026-09-08 19:09:50,compute-0-3,1.0,2.000
658,2026-09-08 19:10:00,compute-0-1,-7.0,9.000
658,2026-09-08 19:10:00,compute-0-2,1.0,1.000
658,2026-09-08 19:10:01,compute-0-3,-7.0,8.000
659,2026-09-08 19:10:11,compute-0-1,-4.0,3.000
659,2026-09-08 19:10:11,compute-0-2,1.0,0.000
659,2026-09-08 19:10:12,compute-0-3,1.0,8.000
660,2026-09-08 19:10:22,compute-0-1,2.0,6.000
660,2026-09-08 19:10:22,compute-0-2,2.0,1.000
660,2026-09-08 19:10:23,compute-0-3,1.0,0.000
661,2026-09-08 19:10:33,compute-0-1,2.0,0.000
661,2026-09-08 19:10:33,compute-0-2,2.0,0.000
661,2026-09-08 19:10:34,compute-0-3,-1.0,2.000
662,2026-09-08 19:10:44,compute-0-1,2.0,0.000
662,2026-09-08 19:10:45,compute-0-2,1.0,1.000
662,2026-09-08 19:10:45,compute-0-3,-6.0,5.000
663,2026-09-08 19:10:55,compute-0-1,3.0,1.000
663,2026-09-08 19:10:56,compute-0-2,1.0,0.000
663,2026-09-08 19:10:56,compute-0-3,0.0,6.000
664,2026-09-08 19:11:06,compute-0-1,-2.0,5.000
664,2026-09-08 19:11:07,compute-0-2,-3.0,4.000
664,2026-09-08 19:11:07,compute-0-3,-3.0,3.000
665,2026-09-08 19:11:17,compute-0-1,-4.0,2.000
665,2026-09-08 19:11:18,compute-0-2,3.0,6.000
665,2026-09-08 19:11:18,compute-0-3,1.0,4.000
666,2026-09-08 19:11:29,compute-0-1,1.0,5.000
666,2026-09-08 19:11:29,compute-0-2,3.0,0.000
666,2026-09-08 19:11:29,compute-0-3,7.0,6.000
667,2026-09-08 19:11:40,compute-0-1,-3.0,4.000
667,2026-09-08 19:11:40,compute-0-2,1.0,2.000
667,2026-09-08 19:11:40,compute-0-3,-2.0,9.000
668,2026-09-08 19:11:51,compute-0-1,2.0,5.000
668,2026-09-08 19:11:51,compute-0-2,-1.0,2.000
668,2026-09-08 19:11:52,compute-0-3,-2.0,0.000
669,2026-09-08 19:12:02,compute-0-1,-1.0,3.000
669,2026-09-08 19:12:02,compute-0-2,1.0,2.000
669,2026-09-08 19:12:03,compute-0-3,2.0,4.000
670,2026-09-08 19:12:13,compute-0-1,-3.0,2.000
670,2026-09-08 19:12:13,compute-0-2,-2.0,3.000
670,2026-09-08 19:12:14,compute-0-3,-7.0,9.000
671,2026-09-08 19:12:24,compute-0-1,0.0,3.000
671,2026-09-08 19:12:24,compute-0-2,2.0,4.000
671,2026-09-08 19:12:25,compute-0-3,5.0,12.000
672,2026-09-08 19:12:35,compute-0-1,2.0,2.000
672,2026-09-08 19:12:36,compute-0-2,-1.0,3.000
672,2026-09-08 19:12:36,compute-0-3,0.0,5.000
673,2026-09-08 19:12:46,compute-0-1,0.0,2.000
673,2026-09-08 19:12:47,compute-0-2,1.0,2.000
673,2026-09-08 19:12:47,compute-0-3,5.0,5.000
674,2026-09-08 19:12:57,compute-0-1,-3.0,3.000
674,2026-09-08 19:12:58,compute-0-2,2.0,1.000
674,2026-09-08 19:12:58,compute-0-3,6.0,1.000
675,2026-09-08 19:13:08,compute-0-1,0.0,3.000
675,2026-09-08 19:13:09,compute-0-2,1.0,1.000
675,2026-09-08 19:13:09,compute-0-3,-5.0,11.000
676,2026-09-08 19:13:20,compute-0-1,1.0,1.000
676,2026-09-08 19:13:20,compute-0-2,1.0,0.000
676,2026-09-08 19:13:20,compute-0-3,4.0,9.000
677,2026-09-08 19:13:31,compute-0-1,-1.0,2.000
677,2026-09-08 19:13:31,compute-0-2,-6.0,7.000
677,2026-09-08 19:13:31,compute-0-3,0.0,4.000
678,2026-09-08 19:13:42,compute-0-1,1.0,2.000
678,2026-09-08 19:13:42,compute-0-2,-1.0,5.000
678,2026-09-08 19:13:42,compute-0-3,1.0,1.000
679,2026-09-08 19:13:53,compute-0-1,0.0,1.000
679,2026-09-08 19:13:53,compute-0-2,-2.0,1.000
679,2026-09-08 19:13:54,compute-0-3,2.0,1.000
680,2026-09-08 19:14:04,compute-0-1,0.0,0.000
680,2026-09-08 19:14:04,compute-0-2,-2.0,0.000
680,2026-09-08 19:14:05,compute-0-3,0.0,2.000
681,2026-09-08 19:14:15,compute-0-1,1.0,1.000
681,2026-09-08 19:14:15,compute-0-2,1.0,3.000
681,2026-09-08 19:14:16,compute-0-3,-2.0,2.000
682,2026-09-08 19:14:26,compute-0-1,0.0,1.000
682,2026-09-08 19:14:27,compute-0-2,0.0,1.000
682,2026-09-08 19:14:27,compute-0-3,3.0,5.000
683,2026-09-08 19:14:37,compute-0-1,1.0,1.000
683,2026-09-08 19:14:38,compute-0-2,-1.0,1.000
683,2026-09-08 19:14:38,compute-0-3,4.0,1.000
684,2026-09-08 19:14:48,compute-0-1,1.0,0.000
684,2026-09-08 19:14:49,compute-0-2,-1.0,0.000
684,2026-09-08 19:14:49,compute-0-3,5.0,1.000
685,2026-09-08 19:15:00,compute-0-1,0.0,1.000
685,2026-09-08 19:15:00,compute-0-2,-1.0,0.000
685,2026-09-08 19:15:00,compute-0-3,0.0,5.000
686,2026-09-08 19:15:11,compute-0-1,0.0,0.000
686,2026-09-08 19:15:11,compute-0-2,-2.0,1.000
686,2026-09-08 19:15:11,compute-0-3,-3.0,3.000
687,2026-09-08 19:15:22,compute-0-1,0.0,0.000
687,2026-09-08 19:15:22,compute-0-2,0.0,2.000
687,2026-09-08 19:15:22,compute-0-3,-6.0,3.000
688,2026-09-08 19:15:33,compute-0-1,1.0,1.000
688,2026-09-08 19:15:33,compute-0-2,0.0,0.000
688,2026-09-08 19:15:33,compute-0-3,1.0,7.000
689,2026-09-08 19:15:44,compute-0-1,1.0,0.000
689,2026-09-08 19:15:44,compute-0-2,2.0,2.000
689,2026-09-08 19:15:45,compute-0-3,3.0,2.000
690,2026-09-08 19:15:55,compute-0-1,0.0,1.000
690,2026-09-08 19:15:55,compute-0-2,-1.0,3.000
690,2026-09-08 19:15:56,compute-0-3,2.0,1.000
691,2026-09-08 19:16:06,compute-0-1,0.0,0.000
691,2026-09-08 19:16:06,compute-0-2,3.0,4.000
691,2026-09-08 19:16:07,compute-0-3,5.0,3.000
692,2026-09-08 19:16:17,compute-0-1,-1.0,1.000
692,2026-09-08 19:16:17,compute-0-2,-2.0,5.000
692,2026-09-08 19:16:18,compute-0-3,-2.0,7.000
693,2026-09-08 19:16:28,compute-0-1,1.0,2.000
693,2026-09-08 19:16:29,compute-0-2,9.0,11.000
693,2026-09-08 19:16:29,compute-0-3,2.0,4.000
694,2026-09-08 19:16:39,compute-0-1,0.0,1.000
694,2026-09-08 19:16:40,compute-0-2,3.0,6.000
694,2026-09-08 19:16:40,compute-0-3,6.0,4.000
695,2026-09-08 19:16:51,compute-0-1,-1.0,1.000
695,2026-09-08 19:16:51,compute-0-2,3.0,0.000
695,2026-09-08 19:16:51,compute-0-3,3.0,3.000
696,2026-09-08 19:17:02,compute-0-1,-2.0,1.000
696,2026-09-08 19:17:02,compute-0-2,0.0,3.000
696,2026-09-08 19:17:03,compute-0-3,4.0,1.000
697,2026-09-08 19:17:13,compute-0-1,2.0,4.000
697,2026-09-08 19:17:13,compute-0-2,2.0,2.000
697,2026-09-08 19:17:14,compute-0-3,-5.0,9.000
698,2026-09-08 19:17:24,compute-0-1,2.0,0.000
698,2026-09-08 19:17:24,compute-0-2,-3.0,5.000
698,2026-09-08 19:17:25,compute-0-3,4.0,9.000
699,2026-09-08 19:17:35,compute-0-1,-1.0,3.000
699,2026-09-08 19:17:35,compute-0-2,-2.0,1.000
699,2026-09-08 19:17:36,compute-0-3,-3.0,7.000
700,2026-09-08 19:17:46,compute-0-1,0.0,1.000
700,2026-09-08 19:17:46,compute-0-2,0.0,2.000
700,2026-09-08 19:17:47,compute-0-3,4.0,7.000
701,2026-09-08 19:17:57,compute-0-1,7.0,7.000
701,2026-09-08 19:17:58,compute-0-2,-2.0,2.000
701,2026-09-08 19:17:58,compute-0-3,-7.0,11.000
702,2026-09-08 19:18:08,compute-0-1,-1.0,8.000
702,2026-09-08 19:18:09,compute-0-2,0.0,2.000
702,2026-09-08 19:18:09,compute-0-3,5.0,12.000
703,2026-09-08 19:18:19,compute-0-1,2.0,3.000
703,2026-09-08 19:18:20,compute-0-2,3.0,3.000
703,2026-09-08 19:18:20,compute-0-3,1.0,4.000
704,2026-09-08 19:18:30,compute-0-1,0.0,2.000
704,2026-09-08 19:18:31,compute-0-2,-1.0,4.000
704,2026-09-08 19:18:31,compute-0-3,1.0,0.000
705,2026-09-08 19:18:42,compute-0-1,-2.0,2.000
705,2026-09-08 19:18:42,compute-0-2,-2.0,1.000
705,2026-09-08 19:18:42,compute-0-3,6.0,5.000
706,2026-09-08 19:18:53,compute-0-1,-1.0,1.000
706,2026-09-08 19:18:53,compute-0-2,0.0,2.000
706,2026-09-08 19:18:54,compute-0-3,-1.0,7.000
707,2026-09-08 19:19:04,compute-0-1,2.0,3.000
707,2026-09-08 19:19:04,compute-0-2,1.0,1.000
707,2026-09-08 19:19:05,compute-0-3,1.0,2.000
708,2026-09-08 19:19:15,compute-0-1,0.0,2.000
708,2026-09-08 19:19:15,compute-0-2,-1.0,2.000
708,2026-09-08 19:19:16,compute-0-3,2.0,1.000
709,2026-09-08 19:19:26,compute-0-1,-1.0,1.000
709,2026-09-08 19:19:26,compute-0-2,5.0,6.000
709,2026-09-08 19:19:27,compute-0-3,0.0,2.000
710,2026-09-08 19:19:37,compute-0-1,-1.0,0.000
710,2026-09-08 19:19:38,compute-0-2,1.0,4.000
710,2026-09-08 19:19:38,compute-0-3,-7.0,7.000
711,2026-09-08 19:19:48,compute-0-1,-1.0,0.000
711,2026-09-08 19:19:49,compute-0-2,3.0,2.000
711,2026-09-08 19:19:49,compute-0-3,8.0,15.000
712,2026-09-08 19:19:59,compute-0-1,2.0,3.000
712,2026-09-08 19:20:00,compute-0-2,-4.0,7.000
712,2026-09-08 19:20:00,compute-0-3,8.0,0.000
713,2026-09-08 19:20:10,compute-0-1,0.0,2.000
713,2026-09-08 19:20:11,compute-0-2,4.0,8.000
713,2026-09-08 19:20:11,compute-0-3,-3.0,11.000
714,2026-09-08 19:20:21,compute-0-1,0.0,0.000
714,2026-09-08 19:20:22,compute-0-2,-2.0,6.000
714,2026-09-08 19:20:22,compute-0-3,0.0,3.000
715,2026-09-08 19:20:33,compute-0-1,0.0,0.000
715,2026-09-08 19:20:33,compute-0-2,0.0,2.000
715,2026-09-08 19:20:33,compute-0-3,-3.0,3.000
716,2026-09-08 19:20:44,compute-0-1,-1.0,1.000
716,2026-09-08 19:20:44,compute-0-2,2.0,2.000
716,2026-09-08 19:20:44,compute-0-3,2.0,5.000
717,2026-09-08 19:20:55,compute-0-1,-1.0,0.000
717,2026-09-08 19:20:55,compute-0-2,-1.0,3.000
717,2026-09-08 19:20:55,compute-0-3,-2.0,4.000
718,2026-09-08 19:21:06,compute-0-1,0.0,1.000
718,2026-09-08 19:21:06,compute-0-2,1.0,2.000
718,2026-09-08 19:21:07,compute-0-3,2.0,4.000
719,2026-09-08 19:21:17,compute-0-1,-1.0,1.000
719,2026-09-08 19:21:17,compute-0-2,1.0,0.000
719,2026-09-08 19:21:18,compute-0-3,-5.0,7.000
720,2026-09-08 19:21:28,compute-0-1,-2.0,1.000
720,2026-09-08 19:21:28,compute-0-2,6.0,5.000
720,2026-09-08 19:21:29,compute-0-3,-3.0,2.000
