sample_id,hostname,instant_offset_sec,last_offset_sec,jitter_sec
1,compute-0-0,0.000000008,+0.000000038,0.000000142
1,compute-0-1,0.000000194,+0.000000221,0.000001307
1,compute-0-2,0.000000446,+0.000000414,0.000000681
1,compute-0-3,0.000000801,+0.000000425,0.000001150
2,compute-0-0,0.000000030,+0.000000028,0.000000135
2,compute-0-1,0.000000473,+0.000000459,0.000001248
2,compute-0-2,0.000000126,-0.000000264,0.000000651
2,compute-0-3,0.000000527,+0.000000425,0.000001150
3,compute-0-0,0.000000027,-0.000000052,0.000000129
3,compute-0-1,0.000000479,+0.000000217,0.000001186
3,compute-0-2,0.000000521,-0.000000702,0.000000657
3,compute-0-3,0.000000642,+0.000000393,0.000001098
4,compute-0-0,0.000000021,-0.000000052,0.000000129
4,compute-0-1,0.000000268,+0.000000217,0.000001186
4,compute-0-2,0.000000357,-0.000000702,0.000000657
4,compute-0-3,0.000000897,+0.000000571,0.000001057
5,compute-0-0,0.000000050,-0.000000065,0.000000124
5,compute-0-1,0.000000233,+0.000000020,0.000001126
5,compute-0-2,0.000000301,+0.000000688,0.000000660
5,compute-0-3,0.000000513,+0.000000571,0.000001057
6,compute-0-0,0.000000067,-0.000000057,0.000000119
6,compute-0-1,0.000000215,+0.000000025,0.000001068
6,compute-0-2,0.000000281,+0.000000026,0.000000626
6,compute-0-3,0.000000698,-0.000001741,0.000001144
7,compute-0-0,0.000000030,-0.000000057,0.000000119
7,compute-0-1,0.000000207,+0.000000028,0.000001013
7,compute-0-2,0.000000242,+0.000000026,0.000000626
7,compute-0-3,0.000000947,-0.000000849,0.000001118
8,compute-0-0,0.000000050,-0.000000070,0.000000115
8,compute-0-1,0.000000178,+0.000000028,0.000001013
8,compute-0-2,0.000000627,+0.000000862,0.000000653
8,compute-0-3,0.000000258,+0.000000088,0.000001061
9,compute-0-0,0.000000104,-0.000000124,0.000000116
9,compute-0-1,0.000000057,-0.000000108,0.000000962
9,compute-0-2,0.000000928,+0.000000955,0.000000690
9,compute-0-3,0.000000232,+0.000000088,0.000001061
10,compute-0-0,0.000000545,-0.000000589,0.000000216
10,compute-0-1,0.000000067,+0.000000013,0.000000912
10,compute-0-2,0.000001770,-0.000001989,0.000000908
10,compute-0-3,0.000000217,+0.000000449,0.000001016
11,compute-0-0,0.000000000,-0.000000589,0.000000216
11,compute-0-1,0.000000064,+0.000000013,0.000000912
11,compute-0-2,0.000000341,-0.000001989,0.000000908
11,compute-0-3,0.000000451,+0.000000263,0.000000968
12,compute-0-0,0.000000002,+0.000002474,0.000000809
12,compute-0-1,0.000000103,+0.000000045,0.000000866
12,compute-0-2,0.000000134,+0.000000139,0.000000862
12,compute-0-3,0.000000369,+0.000000263,0.000000968
13,compute-0-0,0.000000134,-0.000000146,0.000000769
13,compute-0-1,0.000000495,+0.000000436,0.000000833
13,compute-0-2,0.000000157,+0.000000032,0.000000818
13,compute-0-3,0.000000686,+0.000000552,0.000000935
14,compute-0-0,0.000000010,-0.000000146,0.000000769
14,compute-0-1,0.000000310,+0.000000436,0.000000833
14,compute-0-2,0.000000146,+0.000000032,0.000000818
14,compute-0-3,0.000000877,+0.000000509,0.000000901
15,compute-0-0,0.000000027,+0.000000031,0.000000729
15,compute-0-1,0.000000455,+0.000000422,0.000000801
15,compute-0-2,0.000000402,+0.000000326,0.000000783
15,compute-0-3,0.000000527,+0.000000509,0.000000901
16,compute-0-0,0.000000033,+0.000000011,0.000000692
16,compute-0-1,0.000000469,+0.000000282,0.000000765
16,compute-0-2,0.000000426,+0.000000119,0.000000744
16,compute-0-3,0.000000511,+0.000000188,0.000000857
17,compute-0-0,0.000000027,+0.000000011,0.000000692
17,compute-0-1,0.000000285,+0.000000282,0.000000765
17,compute-0-2,0.000000334,+0.000000119,0.000000744
17,compute-0-3,0.000000464,+0.000000100,0.000000814
18,compute-0-0,0.000000044,+0.000000031,0.000000656
18,compute-0-1,0.000000002,-0.000000261,0.000000731
18,compute-0-2,0.000000491,+0.000000320,0.000000713
18,compute-0-3,0.000000360,+0.000000100,0.000000814
19,compute-0-0,0.000000108,-0.000000200,0.000000626
19,compute-0-1,0.000000376,+0.000000421,0.000000706
19,compute-0-2,0.000000703,+0.000000424,0.000000689
19,compute-0-3,0.000000621,-0.000001331,0.000000879
20,compute-0-0,0.000000000,-0.000000200,0.000000626
20,compute-0-1,0.000000261,+0.000000421,0.000000706
20,compute-0-2,0.000000425,+0.000000424,0.000000689
20,compute-0-3,0.000000109,+0.000000505,0.000000849
21,compute-0-0,0.000000026,+0.000000031,0.000000594
21,compute-0-1,0.000000004,+0.000003508,0.000001296
21,compute-0-2,0.000000430,+0.000000162,0.000000656
21,compute-0-3,0.000000104,+0.000000505,0.000000849
22,compute-0-0,0.000000081,-0.000000145,0.000000565
22,compute-0-1,0.000000677,-0.000001439,0.000001311
22,compute-0-2,0.000000005,-0.000000341,0.000000632
22,compute-0-3,0.000000436,+0.000000448,0.000000818
23,compute-0-0,0.000000000,-0.000000145,0.000000565
23,compute-0-1,0.000000290,+0.000000291,0.000001247
23,compute-0-2,0.000000005,-0.000000341,0.000000632
23,compute-0-3,0.000000535,+0.000000236,0.000000780
24,compute-0-0,0.000000013,+0.000000014,0.000000536
24,compute-0-1,0.000000234,+0.000000291,0.000001247
24,compute-0-2,0.000000353,+0.000000431,0.000000614
24,compute-0-3,0.000000134,-0.000000255,0.000000744
25,compute-0-0,0.000000043,-0.000000063,0.000000509
25,compute-0-1,0.000000198,-0.000000425,0.000001191
25,compute-0-2,0.000000619,+0.000000422,0.000000598
25,compute-0-3,0.000000127,-0.000000255,0.000000744
26,compute-0-0,0.000000016,+0.000000041,0.000000483
26,compute-0-1,0.000000027,+0.000000202,0.000001131
26,compute-0-2,0.000000383,+0.000000422,0.000000598
26,compute-0-3,0.000000895,-0.000001511,0.000000852
27,compute-0-0,0.000000014,+0.000000041,0.000000483
27,compute-0-1,0.000000026,+0.000000202,0.000001131
27,compute-0-2,0.000000436,+0.000000210,0.000000571
27,compute-0-3,0.000000758,-0.000000609,0.000000831
28,compute-0-0,0.000000025,+0.000000014,0.000000458
28,compute-0-1,0.000000047,-0.000000075,0.000001073
28,compute-0-2,0.000000430,+0.000000125,0.000000543
28,compute-0-3,0.000000479,-0.000000609,0.000000831
29,compute-0-0,0.000000048,+0.000000030,0.000000435
29,compute-0-1,0.000000962,-0.000001163,0.000001083
29,compute-0-2,0.000000646,+0.000000332,0.000000526
29,compute-0-3,0.000000045,+0.000000437,0.000000801
30,compute-0-0,0.000000031,+0.000000030,0.000000435
30,compute-0-1,0.000000001,-0.000001163,0.000001083
30,compute-0-2,0.000000445,+0.000000332,0.000000526
30,compute-0-3,0.000000285,+0.000000249,0.000000764
31,compute-0-0,0.000000031,+0.000000014,0.000000413
31,compute-0-1,0.000000046,+0.000000046,0.000001027
31,compute-0-2,0.000000286,-0.000000052,0.000000499
31,compute-0-3,0.000000247,+0.000000249,0.000000764
32,compute-0-0,0.000000009,-0.000000031,0.000000392
32,compute-0-1,0.000000090,+0.000000046,0.000000975
32,compute-0-2,0.000000099,-0.000000147,0.000000476
32,compute-0-3,0.000000514,+0.000000426,0.000000737
33,compute-0-0,0.000000008,-0.000000031,0.000000392
33,compute-0-1,0.000000083,+0.000000046,0.000000975
33,compute-0-2,0.000000094,-0.000000147,0.000000476
33,compute-0-3,0.000000457,+0.000000101,0.000000700
34,compute-0-0,0.000000014,-0.000000008,0.000000372
34,compute-0-1,0.000000277,+0.000000279,0.000000929
34,compute-0-2,0.000000080,-0.000000010,0.000000451
34,compute-0-3,0.000000377,+0.000000101,0.000000700
35,compute-0-0,0.000000011,+0.000000001,0.000000352
35,compute-0-1,0.000000842,+0.000001301,0.000000973
35,compute-0-2,0.000000005,-0.000000082,0.000000429
35,compute-0-3,0.000000418,-0.000000844,0.000000716
36,compute-0-0,0.000000010,+0.000000001,0.000000352
36,compute-0-1,0.000000001,+0.000001301,0.000000973
36,compute-0-2,0.000000005,-0.000000082,0.000000429
36,compute-0-3,0.000000232,+0.000000613,0.000000706
37,compute-0-0,0.000000007,+0.000000017,0.000000334
37,compute-0-1,0.000000169,-0.000000195,0.000000925
37,compute-0-2,0.000000090,+0.000000099,0.000000408
37,compute-0-3,0.000000220,+0.000000613,0.000000706
38,compute-0-0,0.000000003,-0.000000003,0.000000317
38,compute-0-1,0.000000324,+0.000000529,0.000000893
38,compute-0-2,0.000000177,+0.000000095,0.000000389
38,compute-0-3,0.000000692,+0.000004040,0.000001442
39,compute-0-0,0.000000003,-0.000000003,0.000000317
39,compute-0-1,0.000000211,+0.000000529,0.000000893
39,compute-0-2,0.000000160,+0.000000095,0.000000389
39,compute-0-3,0.000001547,-0.000002322,0.000001553
40,compute-0-0,0.000000018,-0.000000025,0.000000301
40,compute-0-1,0.000000045,-0.000000257,0.000000851
40,compute-0-2,0.000000251,+0.000000130,0.000000371
40,compute-0-3,0.000000145,+0.000000149,0.000001474
41,compute-0-0,0.000000059,-0.000000064,0.000000286
41,compute-0-1,0.000000567,-0.000000734,0.000000840
41,compute-0-2,0.000000124,-0.000000352,0.000000369
41,compute-0-3,0.000000139,+0.000000149,0.000001474
42,compute-0-0,0.000000006,-0.000000064,0.000000286
42,compute-0-1,0.000004433,-0.000004977,0.000001764
42,compute-0-2,0.000000116,-0.000000352,0.000000369
42,compute-0-3,0.000000939,+0.000001082,0.000001440
43,compute-0-0,0.000000044,-0.000000106,0.000000274
43,compute-0-1,0.000000004,-0.000004977,0.000001764
43,compute-0-2,0.000000047,+0.000000163,0.000000354
43,compute-0-3,0.000000019,-0.000000504,0.000001375
44,compute-0-0,0.000000068,-0.000000080,0.000000261
44,compute-0-1,0.000001717,+0.000003772,0.000002055
44,compute-0-2,0.000000134,+0.000000093,0.000000337
44,compute-0-3,0.000000019,-0.000000504,0.000001375
45,compute-0-0,0.000000629,-0.000000613,0.000000314
45,compute-0-1,0.000001063,+0.000001109,0.000001981
45,compute-0-2,0.000000286,+0.000000163,0.000000324
45,compute-0-3,0.000000289,+0.000000335,0.000001309
46,compute-0-0,0.000000001,-0.000000613,0.000000314
46,compute-0-1,0.000000790,+0.000001109,0.000001981
46,compute-0-2,0.000000241,+0.000000163,0.000000324
46,compute-0-3,0.000001635,-0.000002151,0.000001416
47,compute-0-0,0.000000135,+0.000000195,0.000000305
47,compute-0-1,0.000001000,+0.000000602,0.000001889
47,compute-0-2,0.000000022,-0.000000244,0.000000317
47,compute-0-3,0.000000215,-0.000002151,0.000001416
48,compute-0-0,0.000000054,+0.000000023,0.000000289
48,compute-0-1,0.000000934,+0.000000369,0.000001796
48,compute-0-2,0.000000290,+0.000000316,0.000000317
48,compute-0-3,0.000000394,-0.000000463,0.000001351
49,compute-0-0,0.000000041,+0.000000023,0.000000289
49,compute-0-1,0.000000526,+0.000000369,0.000001796
49,compute-0-2,0.000000245,+0.000000316,0.000000317
49,compute-0-3,0.000000125,+0.000000454,0.000001290
50,compute-0-0,0.000000082,-0.000000154,0.000000279
50,compute-0-1,0.000000597,+0.000000349,0.000001707
50,compute-0-2,0.000000193,-0.000000021,0.000000300
50,compute-0-3,0.000000118,+0.000000454,0.000001290
51,compute-0-0,0.000000163,-0.000000147,0.000000268
51,compute-0-1,0.000001287,+0.000001571,0.000001694
51,compute-0-2,0.000000524,+0.000000379,0.000000309
51,compute-0-3,0.000000617,+0.000000689,0.000001243
52,compute-0-0,0.000000048,-0.000000147,0.000000268
52,compute-0-1,0.000000001,+0.000001571,0.000001694
52,compute-0-2,0.000000367,+0.000000379,0.000000309
52,compute-0-3,0.000000005,-0.000005354,0.000002063
53,compute-0-0,0.000000001,-0.000001843,0.000000636
53,compute-0-1,0.000000717,+0.000001252,0.000001655
53,compute-0-2,0.000000345,+0.000000081,0.000000294
53,compute-0-3,0.000000005,-0.000005354,0.000002063
54,compute-0-0,0.000000028,-0.000000030,0.000000603
54,compute-0-1,0.000000793,-0.000001337,0.000001626
54,compute-0-2,0.000000068,-0.000000353,0.000000301
54,compute-0-3,0.000000004,-0.000004020,0.000002334
55,compute-0-0,0.000000024,-0.000000030,0.000000603
55,compute-0-1,0.000000389,-0.000000036,0.000001543
55,compute-0-2,0.000000066,-0.000000353,0.000000301
55,compute-0-3,0.000001029,+0.000002826,0.000002388
56,compute-0-0,0.000000063,+0.000000130,0.000000574
56,compute-0-1,0.000000319,-0.000000036,0.000001543
56,compute-0-2,0.000000488,-0.000000669,0.000000355
56,compute-0-3,0.000000299,+0.000000305,0.000002267
57,compute-0-0,0.000000139,+0.000000203,0.000000548
57,compute-0-1,0.000000080,+0.000000371,0.000001468
57,compute-0-2,0.000000490,-0.000000216,0.000000344
57,compute-0-3,0.000000246,+0.000000305,0.000002267
58,compute-0-0,0.000000000,+0.000000203,0.000000548
58,compute-0-1,0.000000835,-0.000000963,0.000001426
58,compute-0-2,0.000000408,-0.000000076,0.000000327
58,compute-0-3,0.000000327,+0.000000201,0.000002152
59,compute-0-0,0.000000057,-0.000000088,0.000000521
59,compute-0-1,0.000000418,-0.000000963,0.000001426
59,compute-0-2,0.000000321,-0.000000076,0.000000327
59,compute-0-3,0.000000178,-0.000000018,0.000002041
60,compute-0-0,0.000000046,+0.000000096,0.000000495
60,compute-0-1,0.000000165,+0.000000120,0.000001353
60,compute-0-2,0.000000556,-0.000000429,0.000000339
60,compute-0-3,0.000000150,-0.000000018,0.000002041
61,compute-0-0,0.000000375,+0.000000395,0.000000486
61,compute-0-1,0.000000271,-0.000000134,0.000001284
61,compute-0-2,0.000000525,-0.000000215,0.000000328
61,compute-0-3,0.000000290,+0.000000239,0.000001938
62,compute-0-0,0.000000000,+0.000000395,0.000000486
62,compute-0-1,0.000000213,-0.000000134,0.000001284
62,compute-0-2,0.000000372,-0.000000215,0.000000328
62,compute-0-3,0.000000508,+0.000000400,0.000001843
63,compute-0-0,0.000000160,+0.000000288,0.000000470
63,compute-0-1,0.000000237,-0.000000088,0.000001219
63,compute-0-2,0.000000608,-0.000000588,0.000000363
63,compute-0-3,0.000000187,+0.000000400,0.000001843
64,compute-0-0,0.000000196,+0.000000190,0.000000450
64,compute-0-1,0.000000619,-0.000000581,0.000001171
64,compute-0-2,0.000000611,-0.000000373,0.000000364
64,compute-0-3,0.000000060,-0.000000080,0.000001749
65,compute-0-0,0.000000108,+0.000000190,0.000000450
65,compute-0-1,0.000000155,-0.000000581,0.000001171
65,compute-0-2,0.000000386,-0.000000373,0.000000364
65,compute-0-3,0.000000712,+0.000000980,0.000001688
66,compute-0-0,0.000000115,-0.000000246,0.000000434
66,compute-0-1,0.000000317,-0.000000347,0.000001116
66,compute-0-2,0.000000396,-0.000000152,0.000000349
66,compute-0-3,0.000000001,+0.000000980,0.000001688
67,compute-0-0,0.000000049,+0.000000030,0.000000412
67,compute-0-1,0.000000023,+0.000000256,0.000001062
67,compute-0-2,0.000000462,-0.000000193,0.000000336
67,compute-0-3,0.000000068,+0.000000072,0.000001601
68,compute-0-0,0.000000044,+0.000000030,0.000000412
68,compute-0-1,0.000000023,+0.000000256,0.000001062
68,compute-0-2,0.000000333,-0.000000193,0.000000336
68,compute-0-3,0.000000099,+0.000000037,0.000001519
69,compute-0-0,0.000000128,+0.000000211,0.000000396
69,compute-0-1,0.000000061,+0.000000042,0.000001008
69,compute-0-2,0.000000423,-0.000000245,0.000000328
69,compute-0-3,0.000000549,+0.000000467,0.000001449
70,compute-0-0,0.000000104,+0.000000008,0.000000376
70,compute-0-1,0.000000013,-0.000000046,0.000000956
70,compute-0-2,0.000000208,+0.000000115,0.000000314
70,compute-0-3,0.000000353,+0.000000467,0.000001449
71,compute-0-0,0.000000086,+0.000000008,0.000000376
71,compute-0-1,0.000000088,+0.000000075,0.000000907
71,compute-0-2,0.000000184,+0.000000115,0.000000314
71,compute-0-3,0.000000331,+0.000000113,0.000001375
72,compute-0-0,0.000000094,+0.000000025,0.000000357
72,compute-0-1,0.000000081,+0.000000075,0.000000907
72,compute-0-2,0.000000126,+0.000000049,0.000000298
72,compute-0-3,0.000000586,-0.000000868,0.000001333
73,compute-0-0,0.000000255,+0.000000578,0.000000385
73,compute-0-1,0.000000077,+0.000000002,0.000000861
73,compute-0-2,0.000000012,-0.000012348,0.000003915
73,compute-0-3,0.000000367,-0.000000868,0.000001333
74,compute-0-0,0.000000070,+0.000000071,0.000000365
74,compute-0-1,0.000000188,+0.000000120,0.000000817
74,compute-0-2,0.000004599,+0.000005252,0.000004068
74,compute-0-3,0.000000258,+0.000000005,0.000001264
75,compute-0-0,0.000000057,+0.000000071,0.000000365
75,compute-0-1,0.000000155,+0.000000120,0.000000817
75,compute-0-2,0.000000004,+0.000005252,0.000004068
75,compute-0-3,0.000000275,-0.000000066,0.000001200
76,compute-0-0,0.000000035,-0.000000015,0.000000347
76,compute-0-1,0.000000417,+0.000000510,0.000000792
76,compute-0-2,0.000000212,-0.000000222,0.000003860
76,compute-0-3,0.000000226,-0.000000066,0.000001200
77,compute-0-0,0.000000044,+0.000000014,0.000000329
77,compute-0-1,0.000000002,-0.000000149,0.000000753
77,compute-0-2,0.000000737,-0.000000581,0.000003667
77,compute-0-3,0.000000535,-0.000000584,0.000001153
78,compute-0-0,0.000000038,+0.000000014,0.000000329
78,compute-0-1,0.000000003,-0.000000149,0.000000753
78,compute-0-2,0.000000462,-0.000000581,0.000003667
78,compute-0-3,0.000000377,-0.000000127,0.000001095
79,compute-0-0,0.000000084,-0.000000143,0.000000315
79,compute-0-1,0.000000128,-0.000000139,0.000000716
79,compute-0-2,0.000000313,+0.000000019,0.000003479
79,compute-0-3,0.000000278,-0.000000127,0.000001095
80,compute-0-0,0.000000081,-0.000000026,0.000000299
80,compute-0-1,0.000000496,-0.000000506,0.000000698
80,compute-0-2,0.000000708,+0.000001050,0.000003317
80,compute-0-3,0.000000111,+0.000000142,0.000001039
81,compute-0-0,0.000000060,-0.000000026,0.000000299
81,compute-0-1,0.000000156,-0.000000506,0.000000698
81,compute-0-2,0.000000405,+0.000001050,0.000003317
81,compute-0-3,0.000000147,-0.000000046,0.000000986
82,compute-0-0,0.000000034,+0.000000094,0.000000285
82,compute-0-1,0.000000092,+0.000000026,0.000000662
82,compute-0-2,0.000000155,-0.000000509,0.000003151
82,compute-0-3,0.000000132,-0.000000046,0.000000986
83,compute-0-0,0.000000137,+0.000000136,0.000000274
83,compute-0-1,0.000000137,-0.000000060,0.000000628
83,compute-0-2,0.000000010,+0.000000153,0.000002989
83,compute-0-3,0.000000197,-0.000000097,0.000000936
84,compute-0-0,0.000000055,+0.000000136,0.000000274
84,compute-0-1,0.000000311,-0.000000196,0.000000599
84,compute-0-2,0.000000010,+0.000000153,0.000002989
84,compute-0-3,0.000000315,-0.000000176,0.000000890
85,compute-0-0,0.000000087,+0.000000083,0.000000262
85,compute-0-1,0.000000212,-0.000000196,0.000000599
85,compute-0-2,0.000000059,-0.000000071,0.000002836
85,compute-0-3,0.000000376,-0.000000146,0.000000845
86,compute-0-0,0.000000220,+0.000000408,0.000000280
86,compute-0-1,0.000000534,+0.000001823,0.000000809
86,compute-0-2,0.000000292,-0.000000270,0.000002692
86,compute-0-3,0.000000280,-0.000000146,0.000000845
87,compute-0-0,0.000000686,+0.000001772,0.000000620
87,compute-0-1,0.000000061,-0.000000061,0.000000768
87,compute-0-2,0.000000212,-0.000000270,0.000002692
87,compute-0-3,0.000000373,-0.000000209,0.000000805
88,compute-0-0,0.000000001,+0.000001772,0.000000620
88,compute-0-1,0.000000058,-0.000000061,0.000000768
88,compute-0-2,0.000000276,-0.000000172,0.000002554
88,compute-0-3,0.000000409,-0.000000166,0.000000765
89,compute-0-0,0.000000000,+0.000000809,0.000000641
89,compute-0-1,0.000000054,+0.000000001,0.000000729
89,compute-0-2,0.000000168,+0.000000044,0.000002423
89,compute-0-3,0.000000289,-0.000000166,0.000000765
90,compute-0-0,0.000000054,-0.000000061,0.000000609
90,compute-0-1,0.000000345,+0.000000419,0.000000704
90,compute-0-2,0.000000257,-0.000000118,0.000002299
90,compute-0-3,0.000000336,-0.000000173,0.000000728
91,compute-0-0,0.000000009,-0.000000061,0.000000609
91,compute-0-1,0.000000250,+0.000000419,0.000000704
91,compute-0-2,0.000000205,-0.000000118,0.000002299
91,compute-0-3,0.000000294,-0.000000073,0.000000691
92,compute-0-0,0.000000008,-0.000000009,0.000000578
92,compute-0-1,0.000000429,+0.000000425,0.000000681
92,compute-0-2,0.000000128,+0.000000051,0.000002181
92,compute-0-3,0.000000223,-0.000000073,0.000000691
93,compute-0-0,0.000000061,-0.000000071,0.000000548
93,compute-0-1,0.000001109,+0.000001392,0.000000782
93,compute-0-2,0.000000094,+0.000000022,0.000002069
93,compute-0-3,0.000000154,+0.000000379,0.000000666
94,compute-0-0,0.000000008,-0.000000071,0.000000548
94,compute-0-1,0.000000001,+0.000001392,0.000000782
94,compute-0-2,0.000000086,+0.000000022,0.000002069
94,compute-0-3,0.000000359,+0.000000258,0.000000637
95,compute-0-0,0.000000046,+0.000000097,0.000000521
95,compute-0-1,0.000000006,+0.000005918,0.000002013
95,compute-0-2,0.000000085,+0.000000175,0.000001964
95,compute-0-3,0.000000239,+0.000000258,0.000000637
96,compute-0-0,0.000000001,-0.000001173,0.000000618
96,compute-0-1,0.000000819,+0.000000938,0.000001933
96,compute-0-2,0.000000074,-0.000000004,0.000001863
96,compute-0-3,0.000000168,-0.000000030,0.000000605
97,compute-0-0,0.000000001,-0.000001173,0.000000618
97,compute-0-1,0.000000555,+0.000000938,0.000001933
97,compute-0-2,0.000000069,-0.000000004,0.000001863
97,compute-0-3,0.000000439,+0.000000373,0.000000586
98,compute-0-0,0.000000004,+0.000000003,0.000000586
98,compute-0-1,0.000000509,+0.000000080,0.000001834
98,compute-0-2,0.000000047,-0.000000117,0.000001768
98,compute-0-3,0.000000223,+0.000000373,0.000000586
99,compute-0-0,0.000000079,+0.000000107,0.000000557
99,compute-0-1,0.000000362,-0.000000835,0.000001759
99,compute-0-2,0.000000426,-0.000000466,0.000001684
99,compute-0-3,0.000000123,-0.000000071,0.000000556
100,compute-0-0,0.000000068,+0.000000051,0.000000529
100,compute-0-1,0.000001116,-0.000000833,0.000001690
100,compute-0-2,0.000000215,-0.000000466,0.000001684
100,compute-0-3,0.000000409,+0.000000390,0.000000542
101,compute-0-0,0.000000043,+0.000000051,0.000000529
101,compute-0-1,0.000000607,-0.000000833,0.000001690
101,compute-0-2,0.000000219,-0.000000066,0.000001597
101,compute-0-3,0.000000292,+0.000000069,0.000000514
102,compute-0-0,0.000000001,+0.000000773,0.000000558
102,compute-0-1,0.000000006,-0.000005448,0.000002353
102,compute-0-2,0.000000005,-0.000005090,0.000002211
102,compute-0-3,0.000000227,+0.000000069,0.000000514
103,compute-0-0,0.000000245,+0.000000269,0.000000536
103,compute-0-1,0.000000196,+0.000000193,0.000002233
103,compute-0-2,0.000001604,+0.000001631,0.000002160
103,compute-0-3,0.000000203,+0.000000028,0.000000488
104,compute-0-0,0.000000040,+0.000000269,0.000000536
104,compute-0-1,0.000000180,+0.000000193,0.000002233
104,compute-0-2,0.000000774,+0.000001631,0.000002160
104,compute-0-3,0.000000004,-0.000000164,0.000000466
105,compute-0-0,0.000000095,+0.000000124,0.000000510
105,compute-0-1,0.000000011,-0.000000163,0.000002119
105,compute-0-2,0.000000370,-0.000000025,0.000002049
105,compute-0-3,0.000000004,-0.000000164,0.000000466
106,compute-0-0,0.000000204,+0.000000179,0.000000487
106,compute-0-1,0.000000432,-0.000000463,0.000002016
106,compute-0-2,0.000000274,-0.000000043,0.000001944
106,compute-0-3,0.000000051,+0.000000049,0.000000442
107,compute-0-0,0.000000018,+0.000000179,0.000000487
107,compute-0-1,0.000000342,-0.000000463,0.000002016
107,compute-0-2,0.000000248,-0.000000043,0.000001944
107,compute-0-3,0.000000084,+0.000000035,0.000000420
108,compute-0-0,0.000000001,-0.000000761,0.000000521
108,compute-0-1,0.000000218,+0.000000084,0.000001913
108,compute-0-2,0.000000658,+0.000000570,0.000001853
108,compute-0-3,0.000000078,+0.000000035,0.000000420
109,compute-0-0,0.000000081,+0.000000085,0.000000495
109,compute-0-1,0.000001460,-0.000002401,0.000001967
109,compute-0-2,0.000000871,+0.000000458,0.000001764
109,compute-0-3,0.000000011,-0.000000087,0.000000399
110,compute-0-0,0.000000062,+0.000000085,0.000000495
110,compute-0-1,0.000000001,-0.000002401,0.000001967
110,compute-0-2,0.000000546,+0.000000458,0.000001764
110,compute-0-3,0.000000088,-0.000000079,0.000000380
111,compute-0-0,0.000000065,+0.000000018,0.000000470
111,compute-0-1,0.000000747,+0.000001240,0.000001907
111,compute-0-2,0.000000318,-0.000000122,0.000001674
111,compute-0-3,0.000000081,-0.000000079,0.000000380
112,compute-0-0,0.000000122,+0.000000084,0.000000447
112,compute-0-1,0.000000273,-0.000000142,0.000001809
112,compute-0-2,0.000000739,+0.000000545,0.000001597
112,compute-0-3,0.000000120,-0.000000053,0.000000360
113,compute-0-0,0.000000075,+0.000000084,0.000000447
113,compute-0-1,0.000000235,-0.000000142,0.000001809
113,compute-0-2,0.000000446,+0.000000545,0.000001597
113,compute-0-3,0.000000092,+0.000000015,0.000000342
114,compute-0-0,0.000000113,+0.000000208,0.000000429
114,compute-0-1,0.000000594,-0.000001384,0.000001772
114,compute-0-2,0.000000042,-0.000000458,0.000001522
114,compute-0-3,0.000000084,+0.000000015,0.000000342
115,compute-0-0,0.000000154,+0.000000178,0.000000411
115,compute-0-1,0.000000128,+0.000000188,0.000001682
115,compute-0-2,0.000000444,-0.000000481,0.000001452
115,compute-0-3,0.000000283,-0.000000689,0.000000391
116,compute-0-0,0.000000100,+0.000000037,0.000000390
116,compute-0-1,0.000000567,+0.000000697,0.000001611
116,compute-0-2,0.000000260,-0.000000481,0.000001452
116,compute-0-3,0.000000022,-0.000000005,0.000000371
117,compute-0-0,0.000000075,+0.000000037,0.000000390
117,compute-0-1,0.000000406,+0.000000697,0.000001611
117,compute-0-2,0.000000208,+0.000000006,0.000001377
117,compute-0-3,0.000000017,+0.000000005,0.000000352
118,compute-0-0,0.000000084,+0.000000032,0.000000370
118,compute-0-1,0.000000157,-0.000000511,0.000001536
118,compute-0-2,0.000000325,+0.000000555,0.000001319
118,compute-0-3,0.000000017,+0.000000005,0.000000352
119,compute-0-0,0.000000255,+0.000000200,0.000000357
119,compute-0-1,0.000000060,+0.000000084,0.000001458
119,compute-0-2,0.000000933,-0.000001205,0.000001308
119,compute-0-3,0.000000054,+0.000000072,0.000000334
120,compute-0-0,0.000000102,+0.000000200,0.000000357
120,compute-0-1,0.000000058,+0.000000084,0.000001458
120,compute-0-2,0.000000265,-0.000001205,0.000001308
120,compute-0-3,0.000000441,-0.000000514,0.000000356
121,compute-0-0,0.000000169,+0.000000205,0.000000344
121,compute-0-1,0.000000114,+0.000000177,0.000001384
121,compute-0-2,0.000000161,+0.000000175,0.000001242
121,compute-0-3,0.000000254,-0.000000514,0.000000356
122,compute-0-0,0.000000464,+0.000000920,0.000000437
122,compute-0-1,0.000000157,-0.000000268,0.000001316
122,compute-0-2,0.000000148,+0.000000010,0.000001178
122,compute-0-3,0.000000165,+0.000000009,0.000000338
123,compute-0-0,0.000000000,+0.000000920,0.000000437
123,compute-0-1,0.000000139,-0.000000268,0.000001316
123,compute-0-2,0.000000130,+0.000000010,0.000001178
123,compute-0-3,0.000000049,+0.000000091,0.000000322
124,compute-0-0,0.000000025,+0.000000028,0.000000415
124,compute-0-1,0.000000033,+0.000000101,0.000001249
124,compute-0-2,0.000000201,+0.000000105,0.000001118
124,compute-0-3,0.000000047,+0.000000091,0.000000322
125,compute-0-0,0.000000103,+0.000000098,0.000000395
125,compute-0-1,0.000001019,+0.000001424,0.000001267
125,compute-0-2,0.000000210,-0.000000387,0.000001068
125,compute-0-3,0.000000019,+0.000000065,0.000000306
126,compute-0-0,0.000000029,+0.000000098,0.000000395
126,compute-0-1,0.000000001,+0.000001424,0.000001267
126,compute-0-2,0.000000171,-0.000000387,0.000001068
126,compute-0-3,0.000000155,-0.000000180,0.000000296
127,compute-0-0,0.000000043,+0.000000041,0.000000375
127,compute-0-1,0.000000805,+0.000001619,0.000001307
127,compute-0-2,0.000000151,-0.000000007,0.000001013
127,compute-0-3,0.000000134,-0.000000180,0.000000296
128,compute-0-0,0.000000177,+0.000000236,0.000000363
128,compute-0-1,0.000001637,+0.000002349,0.000001445
128,compute-0-2,0.000000381,-0.000000299,0.000000966
128,compute-0-3,0.000000111,+0.000000010,0.000000281
129,compute-0-0,0.000000000,+0.000000236,0.000000363
129,compute-0-1,0.000000002,+0.000002349,0.000001445
129,compute-0-2,0.000000224,-0.000000299,0.000000966
129,compute-0-3,0.000000080,+0.000000186,0.000000273
130,compute-0-0,0.000000001,+0.000001626,0.000000619
130,compute-0-1,0.000000328,-0.000000370,0.000001376
130,compute-0-2,0.000000112,+0.000000082,0.000000916
130,compute-0-3,0.000000074,+0.000000186,0.000000273
131,compute-0-0,0.000000015,+0.000000017,0.000000587
131,compute-0-1,0.000000250,+0.000000571,0.000001318
131,compute-0-2,0.000000102,+0.000000211,0.000000872
131,compute-0-3,0.000000198,+0.000000172,0.000000265
132,compute-0-0,0.000000014,+0.000000017,0.000000587
132,compute-0-1,0.000000012,-0.000000204,0.000001252
132,compute-0-2,0.000000094,+0.000000001,0.000000827
132,compute-0-3,0.000000411,+0.000000352,0.000000275
133,compute-0-0,0.000000055,+0.000000074,0.000000558
133,compute-0-1,0.000000012,-0.000000204,0.000001252
133,compute-0-2,0.000000086,+0.000000001,0.000000827
133,compute-0-3,0.000000266,+0.000000075,0.000000262
134,compute-0-0,0.000000048,+0.000000018,0.000000529
134,compute-0-1,0.000000140,+0.000000135,0.000001188
134,compute-0-2,0.000000195,+0.000000137,0.000000786
134,compute-0-3,0.000000204,+0.000000075,0.000000262
135,compute-0-0,0.000000021,-0.000000012,0.000000502
135,compute-0-1,0.000000135,-0.000000266,0.000001131
135,compute-0-2,0.000000392,+0.000000249,0.000000750
135,compute-0-3,0.000000071,-0.000000253,0.000000261
136,compute-0-0,0.000000019,-0.000000012,0.000000502
136,compute-0-1,0.000000126,-0.000000266,0.000001131
136,compute-0-2,0.000000254,+0.000000249,0.000000750
136,compute-0-3,0.000000164,+0.000000235,0.000000258
137,compute-0-0,0.000000012,-0.000000006,0.000000476
137,compute-0-1,0.000000569,-0.000000602,0.000001089
137,compute-0-2,0.000000151,-0.000000036,0.000000711
137,compute-0-3,0.000000141,+0.000000235,0.000000258
138,compute-0-0,0.000000010,-0.000000001,0.000000452
138,compute-0-1,0.000001296,-0.000001119,0.000001092
138,compute-0-2,0.000000281,+0.000000163,0.000000677
138,compute-0-3,0.000000298,+0.000000247,0.000000257
139,compute-0-0,0.000000009,-0.000000001,0.000000452
139,compute-0-1,0.000000313,-0.000001119,0.000001092
139,compute-0-2,0.000000204,+0.000000163,0.000000677
139,compute-0-3,0.000000638,+0.000000530,0.000000296
140,compute-0-0,0.000000000,-0.000000987,0.000000530
140,compute-0-1,0.000000340,-0.000000313,0.000001041
140,compute-0-2,0.000000123,-0.000000046,0.000000642
140,compute-0-3,0.000000203,+0.000000530,0.000000296
141,compute-0-0,0.000000116,+0.000000141,0.000000505
141,compute-0-1,0.000000982,-0.000000846,0.000001023
141,compute-0-2,0.000000075,-0.000000187,0.000000612
141,compute-0-3,0.000000121,+0.000000031,0.000000281
142,compute-0-0,0.000000011,+0.000000141,0.000000505
142,compute-0-1,0.000000427,-0.000000846,0.000001023
142,compute-0-2,0.000000070,-0.000000187,0.000000612
142,compute-0-3,0.000000091,-0.000000017,0.000000267
143,compute-0-0,0.000000038,+0.000000047,0.000000479
143,compute-0-1,0.000000561,-0.000000465,0.000000982
143,compute-0-2,0.000000081,-0.000000018,0.000000581
143,compute-0-3,0.000000083,-0.000000017,0.000000267
144,compute-0-0,0.000000019,-0.000000010,0.000000455
144,compute-0-1,0.000000658,-0.000000389,0.000000939
144,compute-0-2,0.000000116,-0.000000044,0.000000551
144,compute-0-3,0.000000201,+0.000000164,0.000000258
145,compute-0-0,0.000000017,-0.000000010,0.000000455
145,compute-0-1,0.000000345,-0.000000389,0.000000939
145,compute-0-2,0.000000101,-0.000000044,0.000000551
145,compute-0-3,0.000000178,+0.000000022,0.000000245
146,compute-0-0,0.000000040,+0.000000043,0.000000432
146,compute-0-1,0.000000002,-0.000001876,0.000001071
146,compute-0-2,0.000000010,+0.000000089,0.000000524
146,compute-0-3,0.000000146,+0.000000022,0.000000245
147,compute-0-0,0.000000156,+0.000000260,0.000000418
147,compute-0-1,0.000001036,-0.000001508,0.000001122
147,compute-0-2,0.000000055,-0.000000046,0.000000497
147,compute-0-3,0.000000035,-0.000000182,0.000000240
148,compute-0-0,0.000000154,+0.000000154,0.000000399
148,compute-0-1,0.000000083,+0.000000004,0.000001065
148,compute-0-2,0.000000052,-0.000000046,0.000000497
148,compute-0-3,0.000000193,+0.000000250,0.000000241
149,compute-0-0,0.000000107,+0.000000154,0.000000399
149,compute-0-1,0.000000079,+0.000000004,0.000001065
149,compute-0-2,0.000000044,+0.000000006,0.000000471
149,compute-0-3,0.000000195,+0.000000042,0.000000229
150,compute-0-0,0.000000159,+0.000000128,0.000000381
150,compute-0-1,0.000000288,-0.000000250,0.000001013
150,compute-0-2,0.000000091,-0.000000054,0.000000448
150,compute-0-3,0.000000161,+0.000000042,0.000000229
151,compute-0-0,0.000000381,+0.000000392,0.000000382
151,compute-0-1,0.000000312,-0.000000089,0.000000961
151,compute-0-2,0.000000039,+0.000000121,0.000000426
151,compute-0-3,0.000000135,-0.000000001,0.000000217
152,compute-0-0,0.000000000,+0.000000392,0.000000382
152,compute-0-1,0.000000250,-0.000000089,0.000000961
152,compute-0-2,0.000000037,+0.000000121,0.000000426
152,compute-0-3,0.000000180,+0.000000066,0.000000207
153,compute-0-0,0.000000047,-0.000000052,0.000000363
153,compute-0-1,0.000000176,+0.000000038,0.000000912
153,compute-0-2,0.000000097,-0.000000140,0.000000407
153,compute-0-3,0.000000150,+0.000000066,0.000000207
154,compute-0-0,0.000000133,-0.000000106,0.000000346
154,compute-0-1,0.000000066,+0.000000092,0.000000866
154,compute-0-2,0.000000084,+0.000000002,0.000000386
154,compute-0-3,0.000000321,+0.000000298,0.000000218
155,compute-0-0,0.000000044,-0.000000106,0.000000346
155,compute-0-1,0.000000063,+0.000000092,0.000000866
155,compute-0-2,0.000000077,+0.000000002,0.000000386
155,compute-0-3,0.000000416,+0.000000268,0.000000223
156,compute-0-0,0.000000098,-0.000000175,0.000000333
156,compute-0-1,0.000000036,+0.000000026,0.000000821
156,compute-0-2,0.000000128,-0.000000069,0.000000367
156,compute-0-3,0.000000228,+0.000000268,0.000000223
157,compute-0-0,0.000000032,+0.000000033,0.000000316
157,compute-0-1,0.000000187,+0.000000231,0.000000783
157,compute-0-2,0.000000219,+0.000000343,0.000000365
157,compute-0-3,0.000000002,+0.000001791,0.000000605
158,compute-0-0,0.000000027,+0.000000033,0.000000316
158,compute-0-1,0.000000157,+0.000000231,0.000000783
158,compute-0-2,0.000000161,+0.000000343,0.000000365
158,compute-0-3,0.000000178,+0.000003501,0.000001247
159,compute-0-0,0.000000009,-0.000000035,0.000000300
159,compute-0-1,0.000000191,+0.000000071,0.000000743
159,compute-0-2,0.000000137,+0.000000012,0.000000346
159,compute-0-3,0.000000000,+0.000003501,0.000001247
160,compute-0-0,0.000000063,+0.000000079,0.000000286
160,compute-0-1,0.000000408,+0.000000320,0.000000712
160,compute-0-2,0.000000115,+0.000000003,0.000000328
160,compute-0-3,0.000000027,+0.000000028,0.000001183
161,compute-0-0,0.000000039,+0.000000079,0.000000286
161,compute-0-1,0.000000184,+0.000000320,0.000000712
161,compute-0-2,0.000000099,+0.000000003,0.000000328
161,compute-0-3,0.000000013,-0.000000013,0.000001122
162,compute-0-0,0.000000000,-0.000001543,0.000000558
162,compute-0-1,0.000000123,-0.000000014,0.000000675
162,compute-0-2,0.000000176,-0.000000321,0.000000327
162,compute-0-3,0.000000013,-0.000000013,0.000001122
163,compute-0-0,0.000000072,-0.000000092,0.000000530
163,compute-0-1,0.000000155,-0.000000279,0.000000647
163,compute-0-2,0.000000279,-0.000000186,0.000000316
163,compute-0-3,0.000000226,-0.000000313,0.000001069
164,compute-0-0,0.000000026,-0.000000092,0.000000530
164,compute-0-1,0.000000128,-0.000000279,0.000000647
164,compute-0-2,0.000000154,-0.000000186,0.000000316
164,compute-0-3,0.000000428,-0.000000403,0.000001022
165,compute-0-0,0.000000052,-0.000000076,0.000000504
165,compute-0-1,0.000000234,-0.000000227,0.000000618
165,compute-0-2,0.000000243,-0.000000376,0.000000323
165,compute-0-3,0.000000568,-0.000000480,0.000000982
166,compute-0-0,0.000000037,-0.000000014,0.000000478
166,compute-0-1,0.000000209,-0.000000062,0.000000586
166,compute-0-2,0.000000148,-0.000000053,0.000000307
166,compute-0-3,0.000000280,-0.000000480,0.000000982
167,compute-0-0,0.000000077,-0.000000050,0.000000454
167,compute-0-1,0.000000110,+0.000000264,0.000000563
167,compute-0-2,0.000000332,-0.000000221,0.000000299
167,compute-0-3,0.000000148,-0.000000008,0.000000931
168,compute-0-0,0.000000047,-0.000000050,0.000000454
168,compute-0-1,0.000000101,+0.000000264,0.000000563
168,compute-0-2,0.000000204,-0.000000221,0.000000299
168,compute-0-3,0.000000063,+0.000000065,0.000000884
169,compute-0-0,0.000000065,-0.000000056,0.000000431
169,compute-0-1,0.000000004,-0.000000102,0.000000535
169,compute-0-2,0.000000217,-0.000000111,0.000000286
169,compute-0-3,0.000000059,+0.000000065,0.000000884
170,compute-0-0,0.000000058,-0.000000029,0.000000409
170,compute-0-1,0.000000293,+0.000000313,0.000000517
170,compute-0-2,0.000000132,+0.000000016,0.000000271
170,compute-0-3,0.000000104,-0.000000054,0.000000839
171,compute-0-0,0.000000038,-0.000000029,0.000000409
171,compute-0-1,0.000000217,+0.000000313,0.000000517
171,compute-0-2,0.000000111,+0.000000016,0.000000271
171,compute-0-3,0.000000218,-0.000000134,0.000000797
172,compute-0-0,0.000000070,-0.000000159,0.000000391
172,compute-0-1,0.000000321,+0.000000250,0.000000497
172,compute-0-2,0.000000196,-0.000000142,0.000000261
172,compute-0-3,0.000000169,-0.000000134,0.000000797
173,compute-0-0,0.000000016,-0.000000017,0.000000371
173,compute-0-1,0.000000303,-0.000000526,0.000000500
173,compute-0-2,0.000000229,-0.000000106,0.000000250
173,compute-0-3,0.000000262,-0.000000208,0.000000759
174,compute-0-0,0.000000015,-0.000000017,0.000000371
174,compute-0-1,0.000000214,-0.000000526,0.000000500
174,compute-0-2,0.000000155,-0.000000106,0.000000250
174,compute-0-3,0.000000270,-0.000000128,0.000000721
175,compute-0-0,0.000000003,+0.000000012,0.000000352
175,compute-0-1,0.000000010,+0.000000189,0.000000478
175,compute-0-2,0.000000117,+0.000000008,0.000000237
175,compute-0-3,0.000000185,-0.000000128,0.000000721
176,compute-0-0,0.000000003,+0.000000012,0.000000352
176,compute-0-1,0.000000413,+0.000000498,0.000000480
176,compute-0-2,0.000000012,+0.000000092,0.000000227
176,compute-0-3,0.000000252,-0.000001272,0.000000793
177,compute-0-0,0.000000003,+0.000000012,0.000000352
177,compute-0-1,0.000000205,+0.000000498,0.000000480
177,compute-0-2,0.000000012,+0.000000092,0.000000227
177,compute-0-3,0.000000668,-0.000000798,0.000000794
178,compute-0-0,0.000000015,+0.000000019,0.000000334
178,compute-0-1,0.000000342,+0.000000841,0.000000527
178,compute-0-2,0.000000030,+0.000000043,0.000000216
178,compute-0-3,0.000000327,-0.000000798,0.000000794
179,compute-0-0,0.000000022,+0.000000009,0.000000317
179,compute-0-1,0.000000217,-0.000000235,0.000000506
179,compute-0-2,0.000000042,+0.000000014,0.000000205
179,compute-0-3,0.000000231,+0.000000034,0.000000753
180,compute-0-0,0.000000044,+0.000000025,0.000000301
180,compute-0-1,0.000000176,-0.000000235,0.000000506
180,compute-0-2,0.000000032,-0.000000007,0.000000194
180,compute-0-3,0.000000766,-0.000001548,0.000000866
181,compute-0-0,0.000000031,+0.000000025,0.000000301
181,compute-0-1,0.000000361,-0.000000456,0.000000501
181,compute-0-2,0.000000031,-0.000000007,0.000000194
181,compute-0-3,0.000000848,-0.000000858,0.000000865
182,compute-0-0,0.000000018,+0.000000025,0.000000301
182,compute-0-1,0.000000235,-0.000000033,0.000000475
182,compute-0-2,0.000000020,-0.000000010,0.000000184
182,compute-0-3,0.000000386,-0.000000858,0.000000865
183,compute-0-0,0.000000063,+0.000000057,0.000000286
183,compute-0-1,0.000000525,-0.000000349,0.000000464
183,compute-0-2,0.000000061,-0.000000081,0.000000177
183,compute-0-3,0.000000023,+0.000000161,0.000000822
184,compute-0-0,0.000000050,+0.000000057,0.000000286
184,compute-0-1,0.000000314,-0.000000349,0.000000464
184,compute-0-2,0.000000056,-0.000000081,0.000000177
184,compute-0-3,0.000000068,+0.000000091,0.000000781
185,compute-0-0,0.000000023,-0.000000019,0.000000271
185,compute-0-1,0.000000271,-0.000000089,0.000000441
185,compute-0-2,0.000000004,+0.000000051,0.000000168
185,compute-0-3,0.000000065,+0.000000091,0.000000781
186,compute-0-0,0.000000026,-0.000000047,0.000000258
186,compute-0-1,0.000000363,-0.000000175,0.000000422
186,compute-0-2,0.000000009,+0.000000012,0.000000160
186,compute-0-3,0.000000620,+0.000000766,0.000000779
187,compute-0-0,0.000000022,-0.000000047,0.000000258
187,compute-0-1,0.000000243,-0.000000175,0.000000422
187,compute-0-2,0.000000008,+0.000000012,0.000000160
187,compute-0-3,0.000000121,-0.000000221,0.000000743
188,compute-0-0,0.000000035,-0.000000024,0.000000245
188,compute-0-1,0.000000279,-0.000000149,0.000000403
188,compute-0-2,0.000000038,+0.000000031,0.000000152
188,compute-0-3,0.000000113,-0.000000221,0.000000743
189,compute-0-0,0.000000006,+0.000000031,0.000000232
189,compute-0-1,0.000000219,+0.000000425,0.000000406
189,compute-0-2,0.000000020,-0.000000016,0.000000144
189,compute-0-3,0.000000096,-0.000000211,0.000000708
190,compute-0-0,0.000000006,+0.000000031,0.000000232
190,compute-0-1,0.000000169,+0.000000425,0.000000406
190,compute-0-2,0.000000020,-0.000000016,0.000000144
190,compute-0-3,0.000000215,-0.000000133,0.000000673
191,compute-0-0,0.000000010,+0.000000005,0.000000220
191,compute-0-1,0.000000429,+0.000001032,0.000000505
191,compute-0-2,0.000000128,+0.000000133,0.000000143
191,compute-0-3,0.000000182,-0.000000133,0.000000673
192,compute-0-0,0.000000036,+0.000000031,0.000000209
192,compute-0-1,0.000000871,+0.000003008,0.000001065
192,compute-0-2,0.000000146,+0.000000049,0.000000137
192,compute-0-3,0.000000270,-0.000000153,0.000000640
193,compute-0-0,0.000000024,+0.000000031,0.000000209
193,compute-0-1,0.000000001,+0.000003008,0.000001065
193,compute-0-2,0.000000114,+0.000000049,0.000000137
193,compute-0-3,0.000000249,-0.000000043,0.000000607
194,compute-0-0,0.000000028,+0.000000015,0.000000199
194,compute-0-1,0.000000003,+0.000003419,0.000001480
194,compute-0-2,0.000000045,-0.000000066,0.000000131
194,compute-0-3,0.000000204,-0.000000043,0.000000607
195,compute-0-0,0.000000025,+0.000000006,0.000000188
195,compute-0-1,0.000000068,+0.000000073,0.000001404
195,compute-0-2,0.000000002,-0.000002322,0.000000745
195,compute-0-3,0.000000370,+0.000001296,0.000000707
196,compute-0-0,0.000000014,-0.000000004,0.000000179
196,compute-0-1,0.000000064,+0.000000073,0.000001404
196,compute-0-2,0.000000090,+0.000000089,0.000000707
196,compute-0-3,0.000000059,-0.000000060,0.000000671
197,compute-0-0,0.000000013,-0.000000004,0.000000179
197,compute-0-1,0.000000315,-0.000001415,0.000001405
197,compute-0-2,0.000000080,+0.000000089,0.000000707
197,compute-0-3,0.000000400,+0.000000463,0.000000653
198,compute-0-0,0.000000038,+0.000000038,0.000000170
198,compute-0-1,0.000000108,-0.000003897,0.000001815
198,compute-0-2,0.000000258,+0.000000275,0.000000676
198,compute-0-3,0.000000278,+0.000000463,0.000000653
199,compute-0-0,0.000000021,+0.000000001,0.000000161
199,compute-0-1,0.000000707,-0.000000741,0.000001738
199,compute-0-2,0.000000456,+0.000000384,0.000000653
199,compute-0-3,0.000000185,-0.000000032,0.000000620
200,compute-0-0,0.000000017,+0.000000001,0.000000161
200,compute-0-1,0.000000447,-0.000000741,0.000001738
200,compute-0-2,0.000000134,+0.000000384,0.000000653
200,compute-0-3,0.000000250,+0.000000098,0.000000589
201,compute-0-0,0.000000040,-0.000000071,0.000000155
201,compute-0-1,0.000000117,+0.000000241,0.000001651
201,compute-0-2,0.000000139,-0.000000224,0.000000624
201,compute-0-3,0.000000202,+0.000000098,0.000000589
202,compute-0-0,0.000000006,+0.000000029,0.000000147
202,compute-0-1,0.000000278,-0.000000171,0.000001567
202,compute-0-2,0.000000073,+0.000000196,0.000000595
202,compute-0-3,0.000000002,-0.000001915,0.000000824
203,compute-0-0,0.000000005,+0.000000029,0.000000147
203,compute-0-1,0.000000246,-0.000000171,0.000001567
203,compute-0-2,0.000000067,+0.000000196,0.000000595
203,compute-0-3,0.000000008,-0.000000009,0.000000782
204,compute-0-0,0.000000001,-0.000000004,0.000000139
204,compute-0-1,0.000000926,+0.000001696,0.000001580
204,compute-0-2,0.000000193,-0.000000314,0.000000573
204,compute-0-3,0.000000008,-0.000000009,0.000000782
205,compute-0-0,0.000000010,-0.000000011,0.000000132
205,compute-0-1,0.000001943,+0.000002576,0.000001706
205,compute-0-2,0.000000544,+0.000000994,0.000000628
205,compute-0-3,0.000000227,+0.000000292,0.000000747
206,compute-0-0,0.000000009,-0.000000011,0.000000132
206,compute-0-1,0.000000002,+0.000002576,0.000001706
206,compute-0-2,0.000000001,+0.000000994,0.000000628
206,compute-0-3,0.000000145,-0.000000033,0.000000709
207,compute-0-0,0.000000005,+0.000000004,0.000000126
207,compute-0-1,0.000000575,-0.000000753,0.000001636
207,compute-0-2,0.000000008,+0.000000008,0.000000596
207,compute-0-3,0.000000125,-0.000000033,0.000000709
208,compute-0-0,0.000000003,+0.000000008,0.000000119
208,compute-0-1,0.000000993,-0.000000801,0.000001573
208,compute-0-2,0.000000030,+0.000000023,0.000000565
208,compute-0-3,0.000000132,+0.000000027,0.000000673
209,compute-0-0,0.000000040,-0.000000044,0.000000114
209,compute-0-1,0.000000324,-0.000000801,0.000001573
209,compute-0-2,0.000000080,+0.000000052,0.000000536
209,compute-0-3,0.000000189,+0.000000087,0.000000639
210,compute-0-0,0.000000029,-0.000000044,0.000000114
210,compute-0-1,0.000000230,+0.000000011,0.000001492
210,compute-0-2,0.000000074,+0.000000052,0.000000536
210,compute-0-3,0.000000099,-0.000000051,0.000000606
211,compute-0-0,0.000000058,-0.000000053,0.000000109
211,compute-0-1,0.000000563,+0.000000876,0.000001442
211,compute-0-2,0.000000143,+0.000000085,0.000000510
211,compute-0-3,0.000000090,-0.000000051,0.000000606
212,compute-0-0,0.000000041,-0.000000017,0.000000104
212,compute-0-1,0.000000347,+0.000000876,0.000001442
212,compute-0-2,0.000002478,+0.000002802,0.000001009
212,compute-0-3,0.000000128,+0.000000051,0.000000575
213,compute-0-0,0.000000030,-0.000000017,0.000000104
213,compute-0-1,0.000000303,+0.000000021,0.000001368
213,compute-0-2,0.000000002,+0.000002802,0.000001009
213,compute-0-3,0.000000430,-0.000000563,0.000000574
214,compute-0-0,0.000000001,-0.000000992,0.000000329
214,compute-0-1,0.000000172,-0.000000093,0.000001298
214,compute-0-2,0.000000698,+0.000001163,0.000001026
214,compute-0-3,0.000000250,-0.000000563,0.000000574
215,compute-0-0,0.000000446,+0.000000991,0.000000442
215,compute-0-1,0.000000083,-0.000000241,0.000001234
215,compute-0-2,0.000000651,+0.000000573,0.000000990
215,compute-0-3,0.000000174,+0.000000379,0.000000558
216,compute-0-0,0.000000000,+0.000000991,0.000000442
216,compute-0-1,0.000000080,-0.000000241,0.000001234
216,compute-0-2,0.000000382,+0.000000573,0.000000990
216,compute-0-3,0.000000468,+0.000000358,0.000000541
217,compute-0-0,0.000000140,-0.000000282,0.000000429
217,compute-0-1,0.000000522,-0.000000602,0.000001186
217,compute-0-2,0.000000055,-0.000000258,0.000000943
217,compute-0-3,0.000000258,+0.000000358,0.000000541
218,compute-0-0,0.000000136,+0.000000157,0.000000410
218,compute-0-1,0.000000035,+0.000000279,0.000001129
218,compute-0-2,0.000000076,-0.000000130,0.000000895
218,compute-0-3,0.000000340,+0.000000275,0.000000521
219,compute-0-0,0.000000071,+0.000000157,0.000000410
219,compute-0-1,0.000000034,+0.000000279,0.000001129
219,compute-0-2,0.000000072,-0.000000130,0.000000895
219,compute-0-3,0.000000343,+0.000000173,0.000000497
220,compute-0-0,0.000000070,-0.000000159,0.000000392
220,compute-0-1,0.000000325,+0.000001685,0.000001196
220,compute-0-2,0.000000277,-0.000000269,0.000000853
220,compute-0-3,0.000000226,+0.000000173,0.000000497
221,compute-0-0,0.000000135,-0.000000142,0.000000375
221,compute-0-1,0.000000107,+0.000000109,0.000001135
221,compute-0-2,0.000000519,-0.000000386,0.000000819
221,compute-0-3,0.000000309,+0.000000242,0.000000478
222,compute-0-0,0.000000000,-0.000000142,0.000000375
222,compute-0-1,0.000000098,+0.000000109,0.000001135
222,compute-0-2,0.000000260,-0.000000386,0.000000819
222,compute-0-3,0.000000066,-0.000000132,0.000000455
223,compute-0-0,0.000000016,-0.000000017,0.000000355
223,compute-0-1,0.000000330,+0.000000371,0.000001083
223,compute-0-2,0.000000294,-0.000000144,0.000000778
223,compute-0-3,0.000000062,-0.000000132,0.000000455
224,compute-0-0,0.000000069,-0.000000067,0.000000338
224,compute-0-1,0.000000685,+0.000000708,0.000001052
224,compute-0-2,0.000000157,+0.000000409,0.000000749
224,compute-0-3,0.000000116,-0.000001360,0.000000609
225,compute-0-0,0.000000161,-0.000000120,0.000000323
225,compute-0-1,0.000000019,+0.000000708,0.000001052
225,compute-0-2,0.000000968,+0.000000864,0.000000762
225,compute-0-3,0.000000065,+0.000000066,0.000000578
226,compute-0-0,0.000000043,-0.000000120,0.000000323
226,compute-0-1,0.000000064,+0.000000067,0.000000998
226,compute-0-2,0.000000243,+0.000000864,0.000000762
226,compute-0-3,0.000000061,+0.000000066,0.000000578
227,compute-0-0,0.000000108,-0.000000327,0.000000323
227,compute-0-1,0.000000588,+0.000002813,0.000001299
227,compute-0-2,0.000000593,+0.000001533,0.000000870
227,compute-0-3,0.000000198,+0.000000180,0.000000552
228,compute-0-0,0.000000515,+0.000000723,0.000000383
228,compute-0-1,0.000000069,-0.000000068,0.000001233
228,compute-0-2,0.000002487,+0.000003721,0.000001437
228,compute-0-3,0.000000279,+0.000000145,0.000000525
229,compute-0-0,0.000000001,+0.000000723,0.000000383
229,compute-0-1,0.000000066,-0.000000068,0.000001233
229,compute-0-2,0.000000002,+0.000003721,0.000001437
229,compute-0-3,0.000000126,-0.000000076,0.000000499
230,compute-0-0,0.000000000,-0.000000609,0.000000411
230,compute-0-1,0.000000246,-0.000000209,0.000001171
230,compute-0-2,0.000000340,+0.000002802,0.000001626
230,compute-0-3,0.000000113,-0.000000076,0.000000499
231,compute-0-0,0.000000046,+0.000000047,0.000000390
231,compute-0-1,0.000000952,-0.000000805,0.000001140
231,compute-0-2,0.000000893,-0.000000968,0.000001573
231,compute-0-3,0.000000240,+0.000000166,0.000000476
232,compute-0-0,0.000000038,+0.000000047,0.000000390
232,compute-0-1,0.000000302,-0.000000805,0.000001140
232,compute-0-2,0.000000554,-0.000000968,0.000001573
232,compute-0-3,0.000000392,+0.000000218,0.000000457
233,compute-0-0,0.000000066,+0.000000046,0.000000370
233,compute-0-1,0.000000609,-0.000000898,0.000001118
233,compute-0-2,0.000000607,-0.000003343,0.000001829
233,compute-0-3,0.000000264,+0.000000218,0.000000457
234,compute-0-0,0.000000072,+0.000000025,0.000000351
234,compute-0-1,0.000001445,-0.000001512,0.000001164
234,compute-0-2,0.000000871,-0.000000969,0.000001762
234,compute-0-3,0.000000275,+0.000000113,0.000000435
235,compute-0-0,0.000000056,+0.000000025,0.000000351
235,compute-0-1,0.000000115,-0.000001512,0.000001164
235,compute-0-2,0.000000536,-0.000000969,0.000001762
235,compute-0-3,0.000000420,+0.000000249,0.000000420
236,compute-0-0,0.000000100,+0.000000229,0.000000341
236,compute-0-1,0.000000052,-0.000000053,0.000001104
236,compute-0-2,0.000000533,-0.000000160,0.000001672
236,compute-0-3,0.000000256,+0.000000249,0.000000420
237,compute-0-0,0.000000081,+0.000000091,0.000000325
237,compute-0-1,0.000000627,-0.000000656,0.000001068
237,compute-0-2,0.000002022,+0.000003160,0.000001875
237,compute-0-3,0.000000000,-0.000000219,0.000000405
238,compute-0-0,0.000000053,+0.000000091,0.000000325
238,compute-0-1,0.000000292,-0.000000656,0.000001068
238,compute-0-2,0.000000083,+0.000003160,0.000001875
238,compute-0-3,0.000000073,+0.000000075,0.000000385
239,compute-0-0,0.000000066,+0.000000095,0.000000310
239,compute-0-1,0.000000296,-0.000000142,0.000001014
239,compute-0-2,0.000000975,+0.000002706,0.000001974
239,compute-0-3,0.000000068,+0.000000075,0.000000385
240,compute-0-0,0.000000034,+0.000000023,0.000000294
240,compute-0-1,0.000000443,+0.000000730,0.000000989
240,compute-0-2,0.000002000,-0.000003822,0.000002229
240,compute-0-3,0.000000160,+0.000000117,0.000000367
241,compute-0-0,0.000000028,+0.000000023,0.000000294
241,compute-0-1,0.000000286,+0.000000730,0.000000989
241,compute-0-2,0.000001159,-0.000001161,0.000002146
241,compute-0-3,0.000000291,+0.000000187,0.000000353
242,compute-0-0,0.000000022,-0.000000002,0.000000279
242,compute-0-1,0.000000069,-0.000000193,0.000000940
242,compute-0-2,0.000000759,-0.000001161,0.000002146
242,compute-0-3,0.000000199,+0.000000187,0.000000353
243,compute-0-0,0.000000009,-0.000000030,0.000000265
243,compute-0-1,0.000000158,-0.000000232,0.000000895
243,compute-0-2,0.000001358,-0.000001374,0.000002082
243,compute-0-3,0.000000173,+0.000000012,0.000000335
244,compute-0-0,0.000000042,-0.000000033,0.000000251
244,compute-0-1,0.000000140,-0.000000232,0.000000895
244,compute-0-2,0.000000589,-0.000000253,0.000001976
244,compute-0-3,0.000000189,+0.000000054,0.000000318
245,compute-0-0,0.000000033,-0.000000033,0.000000251
245,compute-0-1,0.000000048,+0.000000090,0.000000850
245,compute-0-2,0.000000491,-0.000000253,0.000001976
245,compute-0-3,0.000000261,+0.000000111,0.000000304
246,compute-0-0,0.000000016,+0.000000013,0.000000239
246,compute-0-1,0.000000458,+0.000000599,0.000000828
246,compute-0-2,0.000001133,-0.000001425,0.000001928
246,compute-0-3,0.000000199,+0.000000111,0.000000304
247,compute-0-0,0.000000067,-0.000000055,0.000000227
247,compute-0-1,0.000000164,-0.000000111,0.000000786
247,compute-0-2,0.000000371,-0.000000212,0.000001831
247,compute-0-3,0.000000332,+0.000000263,0.000000300
248,compute-0-0,0.000000042,-0.000000055,0.000000227
248,compute-0-1,0.000000147,-0.000000111,0.000000786
248,compute-0-2,0.000000317,-0.000000212,0.000001831
248,compute-0-3,0.000000389,+0.000000228,0.000000294
249,compute-0-0,0.000000072,-0.000000082,0.000000217
249,compute-0-1,0.000000123,-0.000000012,0.000000746
249,compute-0-2,0.000000552,-0.000000380,0.000001741
249,compute-0-3,0.000000230,+0.000000228,0.000000294
250,compute-0-0,0.000000022,-0.000000007,0.000000206
250,compute-0-1,0.000000074,-0.000000039,0.000000708
250,compute-0-2,0.000000639,-0.000000268,0.000001654
250,compute-0-3,0.000000101,-0.000000071,0.000000279
251,compute-0-0,0.000000020,-0.000000007,0.000000206
251,compute-0-1,0.000000070,-0.000000039,0.000000708
251,compute-0-2,0.000000452,-0.000000268,0.000001654
251,compute-0-3,0.000000117,+0.000000028,0.000000265
252,compute-0-0,0.000000067,-0.000000093,0.000000197
252,compute-0-1,0.000000002,-0.000000067,0.000000672
252,compute-0-2,0.000000697,-0.000000603,0.000001580
252,compute-0-3,0.000000103,+0.000000028,0.000000265
253,compute-0-0,0.000000084,-0.000000070,0.000000189
253,compute-0-1,0.000000021,+0.000000019,0.000000637
253,compute-0-2,0.000000379,+0.000000042,0.000001499
253,compute-0-3,0.000000210,+0.000000165,0.000000257
254,compute-0-0,0.000000042,-0.000000070,0.000000189
254,compute-0-1,0.000000021,+0.000000019,0.000000637
254,compute-0-2,0.000000313,+0.000000042,0.000001499
254,compute-0-3,0.000000245,+0.000000104,0.000000246
255,compute-0-0,0.000000015,-0.000000315,0.000000205
255,compute-0-1,0.000000046,-0.000000068,0.000000605
255,compute-0-2,0.000000357,-0.000000121,0.000001423
255,compute-0-3,0.000000173,+0.000000104,0.000000246
256,compute-0-0,0.000000144,-0.000000182,0.000000203
256,compute-0-1,0.000000192,-0.000000155,0.000000576
256,compute-0-2,0.000000933,-0.000001365,0.000001417
256,compute-0-3,0.000000254,+0.000000210,0.000000243
257,compute-0-0,0.000000052,-0.000000182,0.000000203
257,compute-0-1,0.000000164,-0.000000155,0.000000576
257,compute-0-2,0.000001162,-0.000001168,0.000001394
257,compute-0-3,0.000000782,+0.000000970,0.000000383
258,compute-0-0,0.000000054,+0.000000204,0.000000203
258,compute-0-1,0.000000139,+0.000000007,0.000000547
258,compute-0-2,0.000000182,-0.000001168,0.000001394
258,compute-0-3,0.000000031,+0.000000032,0.000000364
259,compute-0-0,0.000000131,-0.000000213,0.000000204
259,compute-0-1,0.000000110,+0.000000016,0.000000519
259,compute-0-2,0.000000003,+0.000003361,0.000001697
259,compute-0-3,0.000000031,+0.000000032,0.000000364
260,compute-0-0,0.000000023,-0.000000023,0.000000194
260,compute-0-1,0.000000101,+0.000000016,0.000000519
260,compute-0-2,0.000000027,+0.000000031,0.000001610
260,compute-0-3,0.000000090,-0.000000125,0.000000348
261,compute-0-0,0.000000021,-0.000000023,0.000000194
261,compute-0-1,0.000000117,-0.000000027,0.000000492
261,compute-0-2,0.000000027,+0.000000031,0.000001610
261,compute-0-3,0.000000754,-0.000000710,0.000000399
262,compute-0-0,0.000000081,+0.000000117,0.000000187
262,compute-0-1,0.000000436,-0.000000420,0.000000485
262,compute-0-2,0.000000451,+0.000000592,0.000001539
262,compute-0-3,0.000000305,-0.000000710,0.000000399
263,compute-0-0,0.000000093,+0.000000037,0.000000178
263,compute-0-1,0.000000230,-0.000000420,0.000000485
263,compute-0-2,0.000000995,+0.000000906,0.000001488
263,compute-0-3,0.000000490,-0.000000561,0.000000418
264,compute-0-0,0.000000076,+0.000000037,0.000000178
264,compute-0-1,0.000000168,+0.000000033,0.000000460
264,compute-0-2,0.000000197,+0.000000906,0.000001488
264,compute-0-3,0.000001295,-0.000001532,0.000000626
265,compute-0-0,0.000000049,-0.000000015,0.000000169
265,compute-0-1,0.000000161,-0.000000018,0.000000437
265,compute-0-2,0.000000004,-0.000000004,0.000001411
265,compute-0-3,0.000000001,-0.000001532,0.000000626
266,compute-0-0,0.000000059,+0.000000018,0.000000160
266,compute-0-1,0.000000271,-0.000000133,0.000000417
266,compute-0-2,0.000000149,+0.000000158,0.000001340
266,compute-0-3,0.000000641,+0.000000974,0.000000669
267,compute-0-0,0.000000048,+0.000000018,0.000000160
267,compute-0-1,0.000000215,-0.000000133,0.000000417
267,compute-0-2,0.000000132,+0.000000158,0.000001340
267,compute-0-3,0.000001391,+0.000001902,0.000000874
268,compute-0-0,0.000000079,+0.000000052,0.000000153
268,compute-0-1,0.000000317,-0.000000194,0.000000400
268,compute-0-2,0.000000097,-0.000000233,0.000001273
268,compute-0-3,0.000000001,+0.000001902,0.000000874
269,compute-0-0,0.000000074,+0.000000019,0.000000145
269,compute-0-1,0.000000312,-0.000000103,0.000000381
269,compute-0-2,0.000000165,+0.000000267,0.000001211
269,compute-0-3,0.000000140,-0.000000149,0.000000831
270,compute-0-0,0.000000055,+0.000000019,0.000000145
270,compute-0-1,0.000000230,-0.000000103,0.000000381
270,compute-0-2,0.000000141,+0.000000267,0.000001211
270,compute-0-3,0.000000768,-0.000000900,0.000000838
271,compute-0-0,0.000000007,-0.000000044,0.000000139
271,compute-0-1,0.000000199,+0.000000439,0.000000387
271,compute-0-2,0.000000284,+0.000000244,0.000001151
271,compute-0-3,0.000000079,-0.000000900,0.000000838
272,compute-0-0,0.000000062,+0.000000062,0.000000133
272,compute-0-1,0.000000071,-0.000000094,0.000000368
272,compute-0-2,0.000000260,+0.000000067,0.000001092
272,compute-0-3,0.000000072,+0.000000099,0.000000796
273,compute-0-0,0.000000045,+0.000000062,0.000000133
273,compute-0-1,0.000000066,-0.000000094,0.000000368
273,compute-0-2,0.000000296,-0.000000482,0.000001047
273,compute-0-3,0.000000839,+0.000001245,0.000000851
274,compute-0-0,0.000000039,+0.000000004,0.000000126
274,compute-0-1,0.000000089,-0.000000160,0.000000353
274,compute-0-2,0.000000227,-0.000000482,0.000001047
274,compute-0-3,0.000000001,+0.000001245,0.000000851
275,compute-0-0,0.000000023,-0.000000010,0.000000120
275,compute-0-1,0.000000287,-0.000000231,0.000000343
275,compute-0-2,0.000000583,-0.000000783,0.000001024
275,compute-0-3,0.000000082,+0.000000087,0.000000808
276,compute-0-0,0.000000021,-0.000000010,0.000000120
276,compute-0-1,0.000000203,-0.000000231,0.000000343
276,compute-0-2,0.000000319,-0.000000326,0.000000977
276,compute-0-3,0.000000743,+0.000000971,0.000000826
277,compute-0-0,0.000000007,-0.000000014,0.000000114
277,compute-0-1,0.000000162,+0.000000005,0.000000325
277,compute-0-2,0.000000243,-0.000000326,0.000000977
277,compute-0-3,0.000000641,+0.000000453,0.000000796
278,compute-0-0,0.000000018,-0.000000026,0.000000108
278,compute-0-1,0.000000327,-0.000000236,0.000000317
278,compute-0-2,0.000000324,-0.000000187,0.000000929
278,compute-0-3,0.000000452,+0.000000453,0.000000796
279,compute-0-0,0.000000126,-0.000000112,0.000000108
279,compute-0-1,0.000000200,-0.000000236,0.000000317
279,compute-0-2,0.000000361,+0.000000606,0.000000902
279,compute-0-3,0.000000899,+0.000001678,0.000000923
280,compute-0-0,0.000000060,-0.000000112,0.000000108
280,compute-0-1,0.000000109,+0.000000077,0.000000302
280,compute-0-2,0.000000242,+0.000000606,0.000000902
280,compute-0-3,0.000000156,+0.000000159,0.000000877
281,compute-0-0,0.000000042,-0.000000015,0.000000103
281,compute-0-1,0.000000206,-0.000000132,0.000000290
281,compute-0-2,0.000000028,-0.000000238,0.000000859
281,compute-0-3,0.000000143,+0.000000159,0.000000877
282,compute-0-0,0.000000029,+0.000000004,0.000000098
282,compute-0-1,0.000000099,+0.000000058,0.000000275
282,compute-0-2,0.000000846,-0.000001026,0.000000877
282,compute-0-3,0.000000451,+0.000000433,0.000000843
283,compute-0-0,0.000000025,+0.000000004,0.000000098
283,compute-0-1,0.000000090,+0.000000058,0.000000275
283,compute-0-2,0.000000086,-0.000001026,0.000000877
283,compute-0-3,0.000000531,+0.000000253,0.000000804
284,compute-0-0,0.000000057,-0.000000051,0.000000094
284,compute-0-1,0.000000130,-0.000000056,0.000000262
284,compute-0-2,0.000000117,-0.000000126,0.000000833
284,compute-0-3,0.000000347,+0.000000253,0.000000804
285,compute-0-0,0.000000081,-0.000000053,0.000000091
285,compute-0-1,0.000000078,+0.000000034,0.000000249
285,compute-0-2,0.000000487,-0.000000447,0.000000803
285,compute-0-3,0.000000056,-0.000000253,0.000000767
286,compute-0-0,0.000000042,-0.000000053,0.000000091
286,compute-0-1,0.000000073,+0.000000034,0.000000249
286,compute-0-2,0.000000292,-0.000000447,0.000000803
286,compute-0-3,0.000000083,-0.000000140,0.000000729
287,compute-0-0,0.000000016,+0.000000018,0.000000086
287,compute-0-1,0.000000081,-0.000000015,0.000000236
287,compute-0-2,0.000000004,-0.000003543,0.000001355
287,compute-0-3,0.000000079,-0.000000140,0.000000729
288,compute-0-0,0.000000006,+0.000000009,0.000000082
288,compute-0-1,0.000000079,-0.000000004,0.000000224
288,compute-0-2,0.000000850,+0.000001033,0.000001326
288,compute-0-3,0.000000384,-0.000000474,0.000000708
289,compute-0-0,0.000000006,+0.000000009,0.000000082
289,compute-0-1,0.000000073,-0.000000004,0.000000224
289,compute-0-2,0.000002838,+0.000002390,0.000001467
289,compute-0-3,0.000000333,-0.000000086,0.000000672
290,compute-0-0,0.000000004,+0.000000011,0.000000078
290,compute-0-1,0.000000352,-0.000000648,0.000000295
290,compute-0-2,0.000000003,+0.000002390,0.000001467
290,compute-0-3,0.000000875,-0.000000655,0.000000670
291,compute-0-0,0.000000062,+0.000000070,0.000000077
291,compute-0-1,0.000000617,-0.000000783,0.000000374
291,compute-0-2,0.000000588,-0.000000688,0.000001409
291,compute-0-3,0.000000403,-0.000000655,0.000000670
292,compute-0-0,0.000000745,+0.000000792,0.000000261
292,compute-0-1,0.000000001,-0.000000783,0.000000374
292,compute-0-2,0.000000733,-0.000000335,0.000001341
292,compute-0-3,0.000000081,+0.000000133,0.000000637
293,compute-0-0,0.000000001,+0.000000792,0.000000261
293,compute-0-1,0.000000000,-0.000000000,0.000000355
293,compute-0-2,0.000000500,-0.000000335,0.000001341
293,compute-0-3,0.000001008,-0.000001059,0.000000691
294,compute-0-0,0.000000000,+0.000001658,0.000000580
294,compute-0-1,0.000000037,-0.000000038,0.000000337
294,compute-0-2,0.000000344,+0.000000041,0.000001272
294,compute-0-3,0.000000237,-0.000001059,0.000000691
295,compute-0-0,0.000000160,+0.000000180,0.000000553
295,compute-0-1,0.000000114,+0.000000150,0.000000323
295,compute-0-2,0.000000368,-0.000000087,0.000001207
295,compute-0-3,0.000000251,+0.000002197,0.000000955
296,compute-0-0,0.000000034,+0.000000180,0.000000553
296,compute-0-1,0.000000102,+0.000000150,0.000000323
296,compute-0-2,0.000000293,-0.000000087,0.000001207
296,compute-0-3,0.000000464,+0.000000509,0.000000920
297,compute-0-0,0.000000014,+0.000000015,0.000000525
297,compute-0-1,0.000000074,-0.000000174,0.000000311
297,compute-0-2,0.000000183,+0.000000079,0.000001146
297,compute-0-3,0.000000290,+0.000000509,0.000000920
298,compute-0-0,0.000000082,+0.000000083,0.000000498
298,compute-0-1,0.000000250,-0.000000186,0.000000301
298,compute-0-2,0.000001047,-0.000001239,0.000001155
298,compute-0-3,0.000000335,+0.000000184,0.000000875
299,compute-0-0,0.000000021,+0.000000083,0.000000498
299,compute-0-1,0.000000191,-0.000000186,0.000000301
299,compute-0-2,0.000000001,-0.000001239,0.000001155
299,compute-0-3,0.000000234,-0.000000003,0.000000830
300,compute-0-0,0.000000024,+0.000000019,0.000000473
300,compute-0-1,0.000000065,+0.000000237,0.000000295
300,compute-0-2,0.000000101,+0.000000105,0.000001096
300,compute-0-3,0.000000194,-0.000000003,0.000000830
301,compute-0-0,0.000000065,+0.000000058,0.000000449
301,compute-0-1,0.000000185,+0.000000130,0.000000283
301,compute-0-2,0.000000110,+0.000000016,0.000001040
301,compute-0-3,0.000000099,-0.000000084,0.000000788
302,compute-0-0,0.000000026,+0.000000058,0.000000449
302,compute-0-1,0.000000151,+0.000000130,0.000000283
302,compute-0-2,0.000000102,+0.000000016,0.000001040
302,compute-0-3,0.000000149,+0.000000061,0.000000748
303,compute-0-0,0.000000033,+0.000000023,0.000000426
303,compute-0-1,0.000000137,-0.000000293,0.000000284
303,compute-0-2,0.000000196,+0.000000120,0.000000988
303,compute-0-3,0.000000132,+0.000000061,0.000000748
304,compute-0-0,0.000000017,-0.000000009,0.000000404
304,compute-0-1,0.000000437,-0.000000368,0.000000294
304,compute-0-2,0.000000160,-0.000000013,0.000000937
304,compute-0-3,0.000000183,+0.000000081,0.000000710
305,compute-0-0,0.000000015,-0.000000009,0.000000404
305,compute-0-1,0.000000197,-0.000000368,0.000000294
305,compute-0-2,0.000000044,-0.000000098,0.000000889
305,compute-0-3,0.000000048,-0.000000119,0.000000675
306,compute-0-0,0.000000000,-0.000000282,0.000000394
306,compute-0-1,0.000000418,-0.000000910,0.000000401
306,compute-0-2,0.000000042,-0.000000098,0.000000889
306,compute-0-3,0.000000074,+0.000000029,0.000000640
307,compute-0-0,0.000000061,+0.000000384,0.000000393
307,compute-0-1,0.000000619,+0.000000759,0.000000450
307,compute-0-2,0.000000117,+0.000000081,0.000000844
307,compute-0-3,0.000000070,+0.000000029,0.000000640
308,compute-0-0,0.000000079,+0.000000080,0.000000373
308,compute-0-1,0.000000190,+0.000000759,0.000000450
308,compute-0-2,0.000000245,+0.000000142,0.000000802
308,compute-0-3,0.000000112,+0.000000051,0.000000607
309,compute-0-0,0.000000052,+0.000000080,0.000000373
309,compute-0-1,0.000000557,-0.000001120,0.000000554
309,compute-0-2,0.000000202,+0.000000142,0.000000802
309,compute-0-3,0.000000546,-0.000000716,0.000000619
310,compute-0-0,0.000000002,-0.000000042,0.000000355
310,compute-0-1,0.000000322,+0.000000660,0.000000566
310,compute-0-2,0.000000547,+0.000000891,0.000000811
310,compute-0-3,0.000000262,-0.000000716,0.000000619
311,compute-0-0,0.000000010,-0.000000008,0.000000336
311,compute-0-1,0.000000240,+0.000000047,0.000000537
311,compute-0-2,0.000000334,-0.000000356,0.000000778
311,compute-0-3,0.000000177,-0.000000006,0.000000587
312,compute-0-0,0.000000010,-0.000000008,0.000000336
312,compute-0-1,0.000000199,+0.000000047,0.000000537
312,compute-0-2,0.000000246,-0.000000356,0.000000778
312,compute-0-3,0.000000917,-0.000002147,0.000000878
313,compute-0-0,0.000000094,+0.000000226,0.000000327
313,compute-0-1,0.000000130,-0.000000043,0.000000510
313,compute-0-2,0.000000142,+0.000000075,0.000000738
313,compute-0-3,0.000000001,-0.000002147,0.000000878
314,compute-0-0,0.000000133,+0.000000220,0.000000318
314,compute-0-1,0.000000186,+0.000000073,0.000000484
314,compute-0-2,0.000000453,-0.000000435,0.000000714
314,compute-0-3,0.000000210,-0.000000262,0.000000837
315,compute-0-0,0.000000000,+0.000000220,0.000000318
315,compute-0-1,0.000000163,+0.000000073,0.000000484
315,compute-0-2,0.000000204,-0.000000435,0.000000714
315,compute-0-3,0.000000152,+0.000000021,0.000000794
316,compute-0-0,0.000000047,+0.000000070,0.000000302
316,compute-0-1,0.000000423,+0.000000735,0.000000515
316,compute-0-2,0.000000002,-0.000001789,0.000000882
316,compute-0-3,0.000000221,-0.000000091,0.000000754
317,compute-0-0,0.000000054,+0.000000038,0.000000287
317,compute-0-1,0.000001889,-0.000003121,0.000001101
317,compute-0-2,0.000000549,-0.000000837,0.000000878
317,compute-0-3,0.000000180,-0.000000091,0.000000754
318,compute-0-0,0.000000002,-0.000000015,0.000000272
318,compute-0-1,0.000000002,-0.000003121,0.000001101
318,compute-0-2,0.000000205,-0.000000168,0.000000835
318,compute-0-3,0.000000121,+0.000000034,0.000000716
319,compute-0-0,0.000000002,-0.000000015,0.000000272
319,compute-0-1,0.000000394,+0.000000463,0.000001055
319,compute-0-2,0.000000167,-0.000000168,0.000000835
319,compute-0-3,0.000000124,-0.000000017,0.000000679
320,compute-0-0,0.000000039,+0.000000045,0.000000259
320,compute-0-1,0.000000951,+0.000000810,0.000001033
320,compute-0-2,0.000000147,-0.000000007,0.000000792
320,compute-0-3,0.000000110,-0.000000017,0.000000679
321,compute-0-0,0.000000145,+0.000000138,0.000000249
321,compute-0-1,0.000000433,+0.000000810,0.000001033
321,compute-0-2,0.000000237,-0.000000119,0.000000752
321,compute-0-3,0.000000135,+0.000000256,0.000000649
322,compute-0-0,0.000000000,+0.000000138,0.000000249
322,compute-0-1,0.000000474,+0.000000195,0.000000982
322,compute-0-2,0.000000184,-0.000000119,0.000000752
322,compute-0-3,0.000000502,+0.000000469,0.000000633
323,compute-0-0,0.000000041,+0.000000052,0.000000237
323,compute-0-1,0.000000437,+0.000000081,0.000000932
323,compute-0-2,0.000000190,-0.000000053,0.000000714
323,compute-0-3,0.000000200,+0.000000469,0.000000633
324,compute-0-0,0.000000248,+0.000000516,0.000000278
324,compute-0-1,0.000000560,+0.000000227,0.000000887
324,compute-0-2,0.000000174,-0.000000027,0.000000677
324,compute-0-3,0.000000092,-0.000000249,0.000000606
325,compute-0-0,0.000000000,+0.000000516,0.000000278
325,compute-0-1,0.000000410,+0.000000227,0.000000887
325,compute-0-2,0.000000140,-0.000000027,0.000000677
325,compute-0-3,0.000000251,-0.000000190,0.000000578
326,compute-0-0,0.000000000,+0.000000353,0.000000286
326,compute-0-1,0.000000042,-0.000000305,0.000000847
326,compute-0-2,0.000000122,-0.000000003,0.000000642
326,compute-0-3,0.000000185,-0.000000190,0.000000578
327,compute-0-0,0.000000121,+0.000000146,0.000000276
327,compute-0-1,0.000000086,-0.000000128,0.000000805
327,compute-0-2,0.000000039,+0.000000072,0.000000610
327,compute-0-3,0.000000150,+0.000000008,0.000000548
328,compute-0-0,0.000000051,+0.000000146,0.000000276
328,compute-0-1,0.000000083,-0.000000128,0.000000805
328,compute-0-2,0.000000037,+0.000000072,0.000000610
328,compute-0-3,0.000000110,+0.000000250,0.000000526
329,compute-0-0,0.000000013,-0.000000029,0.000000262
329,compute-0-1,0.000000546,+0.000000853,0.000000809
329,compute-0-2,0.000000068,-0.000000036,0.000000579
329,compute-0-3,0.000000064,-0.000000166,0.000000502
330,compute-0-0,0.000000008,-0.000000021,0.000000248
330,compute-0-1,0.000000255,-0.000000023,0.000000768
330,compute-0-2,0.000000143,-0.000000089,0.000000550
330,compute-0-3,0.000000061,-0.000000166,0.000000502
331,compute-0-0,0.000000001,+0.000000007,0.000000236
331,compute-0-1,0.000000217,-0.000000023,0.000000768
331,compute-0-2,0.000000120,-0.000000089,0.000000550
331,compute-0-3,0.000000755,+0.000001607,0.000000696
332,compute-0-0,0.000000001,+0.000000007,0.000000236
332,compute-0-1,0.000000179,-0.000000403,0.000000740
332,compute-0-2,0.000000128,-0.000000030,0.000000522
332,compute-0-3,0.000000324,-0.000000334,0.000000669
333,compute-0-0,0.000000089,-0.000000131,0.000000227
333,compute-0-1,0.000000463,-0.000000349,0.000000710
333,compute-0-2,0.000000164,-0.000000065,0.000000495
333,compute-0-3,0.000000253,-0.000000334,0.000000669
334,compute-0-0,0.000000052,-0.000000036,0.000000216
334,compute-0-1,0.000000298,-0.000000349,0.000000710
334,compute-0-2,0.000000100,+0.000000033,0.000000470
334,compute-0-3,0.000000381,-0.000000247,0.000000640
335,compute-0-0,0.000000021,-0.000000036,0.000000216
335,compute-0-1,0.000000173,+0.000000084,0.000000674
335,compute-0-2,0.000000090,+0.000000033,0.000000470
335,compute-0-3,0.000001333,-0.000002922,0.000001105
336,compute-0-0,0.000000024,-0.000000020,0.000000205
336,compute-0-1,0.000000758,-0.000000994,0.000000713
336,compute-0-2,0.000000077,+0.000000005,0.000000446
336,compute-0-3,0.000000001,-0.000002922,0.000001105
337,compute-0-0,0.000000170,-0.000000240,0.000000209
337,compute-0-1,0.000000001,-0.000000994,0.000000713
337,compute-0-2,0.000000039,+0.000000034,0.000000423
337,compute-0-3,0.000000225,-0.000000263,0.000001052
338,compute-0-0,0.000000000,-0.000000240,0.000000209
338,compute-0-1,0.000000007,+0.000000006,0.000000676
338,compute-0-2,0.000000037,+0.000000034,0.000000423
338,compute-0-3,0.000000108,+0.000000085,0.000000998
339,compute-0-0,0.000000000,+0.000000509,0.000000255
339,compute-0-1,0.000000425,-0.000000520,0.000000662
339,compute-0-2,0.000000058,-0.000000023,0.000000401
339,compute-0-3,0.000000099,+0.000000085,0.000000998
340,compute-0-0,0.000000054,-0.000000058,0.000000243
340,compute-0-1,0.000000247,-0.000000006,0.000000628
340,compute-0-2,0.000000206,+0.000000274,0.000000391
340,compute-0-3,0.000000155,-0.000000075,0.000000947
341,compute-0-0,0.000000042,-0.000000058,0.000000243
341,compute-0-1,0.000000204,-0.000000006,0.000000628
341,compute-0-2,0.000000161,+0.000000274,0.000000391
341,compute-0-3,0.000000316,-0.000000215,0.000000901
342,compute-0-0,0.000000099,+0.000000198,0.000000239
342,compute-0-1,0.000000463,-0.000000420,0.000000611
342,compute-0-2,0.000000092,-0.000000053,0.000000371
342,compute-0-3,0.000000215,-0.000000215,0.000000901
343,compute-0-0,0.000000146,+0.000000130,0.000000230
343,compute-0-1,0.000001125,-0.000000999,0.000000660
343,compute-0-2,0.000000291,+0.000000244,0.000000360
343,compute-0-3,0.000000236,-0.000000085,0.000000855
344,compute-0-0,0.000000048,+0.000000130,0.000000230
344,compute-0-1,0.000000019,-0.000000999,0.000000660
344,compute-0-2,0.000000188,+0.000000244,0.000000360
344,compute-0-3,0.000000509,-0.000000460,0.000000824
345,compute-0-0,0.000000054,-0.000000110,0.000000221
345,compute-0-1,0.000000059,-0.000000060,0.000000626
345,compute-0-2,0.000000081,-0.000000090,0.000000343
345,compute-0-3,0.000002098,-0.000001998,0.000001005
346,compute-0-0,0.000000190,+0.000000307,0.000000231
346,compute-0-1,0.000000030,+0.000000027,0.000000594
346,compute-0-2,0.000000041,-0.000000119,0.000000327
346,compute-0-3,0.000000002,-0.000001998,0.000001005
347,compute-0-0,0.000000036,+0.000000307,0.000000231
347,compute-0-1,0.000000029,+0.000000027,0.000000594
347,compute-0-2,0.000000040,-0.000000119,0.000000327
347,compute-0-3,0.000000778,-0.000001264,0.000001034
348,compute-0-0,0.000000132,+0.000000327,0.000000242
348,compute-0-1,0.000000067,+0.000000098,0.000000565
348,compute-0-2,0.000000063,-0.000000027,0.000000311
348,compute-0-3,0.000001595,-0.000001999,0.000001167
349,compute-0-0,0.000000279,+0.000000343,0.000000254
349,compute-0-1,0.000000009,-0.000000073,0.000000536
349,compute-0-2,0.000000122,-0.000000070,0.000000296
349,compute-0-3,0.000000002,-0.000001999,0.000001167
350,compute-0-0,0.000000030,-0.000000101,0.000000243
350,compute-0-1,0.000000009,-0.000000073,0.000000536
350,compute-0-2,0.000000144,-0.000000039,0.000000281
350,compute-0-3,0.000000828,+0.000001955,0.000001268
351,compute-0-0,0.000000028,-0.000000101,0.000000243
351,compute-0-1,0.000000156,+0.000000187,0.000000512
351,compute-0-2,0.000000122,-0.000000039,0.000000281
351,compute-0-3,0.000002031,+0.000003073,0.000001547
352,compute-0-0,0.000000030,-0.000000059,0.000000232
352,compute-0-1,0.000000133,+0.000000001,0.000000486
352,compute-0-2,0.000000177,-0.000000089,0.000000268
352,compute-0-3,0.000000002,+0.000003073,0.000001547
353,compute-0-0,0.000000034,-0.000000007,0.000000220
353,compute-0-1,0.000000115,+0.000000001,0.000000486
353,compute-0-2,0.000000244,-0.000000111,0.000000257
353,compute-0-3,0.000000317,+0.000000367,0.000001472
354,compute-0-0,0.000000032,-0.000000007,0.000000220
354,compute-0-1,0.000000125,+0.000000027,0.000000461
354,compute-0-2,0.000000179,-0.000000111,0.000000257
354,compute-0-3,0.000000403,+0.000000160,0.000001397
355,compute-0-0,0.000000002,-0.000002463,0.000000806
355,compute-0-1,0.000000091,-0.000000208,0.000000442
355,compute-0-2,0.000000325,-0.000000302,0.000000261
355,compute-0-3,0.000000302,+0.000000160,0.000001397
356,compute-0-0,0.000000067,-0.000000073,0.000000765
356,compute-0-1,0.000000083,-0.000000208,0.000000442
356,compute-0-2,0.000000600,-0.000000501,0.000000294
356,compute-0-3,0.000000183,-0.000000088,0.000001326
357,compute-0-0,0.000000052,-0.000000073,0.000000765
357,compute-0-1,0.000000364,-0.000000467,0.000000445
357,compute-0-2,0.000000287,-0.000000501,0.000000294
357,compute-0-3,0.000000028,-0.000000142,0.000001259
358,compute-0-0,0.000000097,-0.000000096,0.000000726
358,compute-0-1,0.000000095,+0.000000366,0.000000437
358,compute-0-2,0.000000214,-0.000000054,0.000000280
358,compute-0-3,0.000000027,-0.000000142,0.000001259
359,compute-0-0,0.000000113,-0.000000071,0.000000690
359,compute-0-1,0.000000038,-0.000000050,0.000000415
359,compute-0-2,0.000000659,-0.000000590,0.000000324
359,compute-0-3,0.000000094,-0.000000126,0.000001195
360,compute-0-0,0.000000064,-0.000000071,0.000000690
360,compute-0-1,0.000000037,-0.000000050,0.000000415
360,compute-0-2,0.000000213,-0.000000590,0.000000324
360,compute-0-3,0.000000013,+0.000000078,0.000001134
361,compute-0-0,0.000000000,-0.000000246,0.000000659
361,compute-0-1,0.000000166,+0.000000143,0.000000397
361,compute-0-2,0.000000003,-0.000003373,0.000001110
361,compute-0-3,0.000001215,-0.000001213,0.000001142
362,compute-0-0,0.000000034,+0.000000038,0.000000625
362,compute-0-1,0.000000501,+0.000000387,0.000000396
362,compute-0-2,0.000000004,+0.000003989,0.000001643
362,compute-0-3,0.000000568,-0.000001213,0.000001142
363,compute-0-0,0.000000024,+0.000000038,0.000000625
363,compute-0-1,0.000000276,+0.000000387,0.000000396
363,compute-0-2,0.000000004,+0.000003989,0.000001643
363,compute-0-3,0.000000321,-0.000000069,0.000001083
364,compute-0-0,0.000000038,+0.000000075,0.000000594
364,compute-0-1,0.000000241,-0.000000491,0.000000406
364,compute-0-2,0.000000156,+0.000000180,0.000001560
364,compute-0-3,0.000002772,-0.000003164,0.000001434
365,compute-0-0,0.000000043,-0.000000059,0.000000563
365,compute-0-1,0.000000115,+0.000000080,0.000000386
365,compute-0-2,0.000000270,+0.000000158,0.000001481
365,compute-0-3,0.000000003,-0.000003164,0.000001434
366,compute-0-0,0.000000064,+0.000000094,0.000000535
366,compute-0-1,0.000000104,+0.000000080,0.000000386
366,compute-0-2,0.000000196,+0.000000158,0.000001481
366,compute-0-3,0.000000237,+0.000003436,0.000001741
367,compute-0-0,0.000000040,+0.000000094,0.000000535
367,compute-0-1,0.000000165,+0.000000286,0.000000377
367,compute-0-2,0.000000246,-0.000000483,0.000001413
367,compute-0-3,0.000000830,+0.000000888,0.000001676
368,compute-0-0,0.000000043,+0.000000022,0.000000508
368,compute-0-1,0.000000269,+0.000000142,0.000000361
368,compute-0-2,0.000000417,+0.000000708,0.000001359
368,compute-0-3,0.000000509,+0.000000888,0.000001676
369,compute-0-0,0.000000035,+0.000000008,0.000000482
369,compute-0-1,0.000000201,+0.000000142,0.000000361
369,compute-0-2,0.000000557,+0.000000288,0.000001293
369,compute-0-3,0.000000494,+0.000000194,0.000001591
370,compute-0-0,0.000000026,+0.000000008,0.000000482
370,compute-0-1,0.000000220,+0.000000075,0.000000343
370,compute-0-2,0.000000359,+0.000000288,0.000001293
370,compute-0-3,0.000000309,-0.000000062,0.000001509
371,compute-0-0,0.000000035,-0.000000069,0.000000458
371,compute-0-1,0.000000027,-0.000000218,0.000000333
371,compute-0-2,0.000000549,+0.000000510,0.000001237
371,compute-0-3,0.000000255,-0.000000062,0.000001509
372,compute-0-0,0.000000062,+0.000000096,0.000000435
372,compute-0-1,0.000000027,-0.000000218,0.000000333
372,compute-0-2,0.000001585,+0.000002254,0.000001373
372,compute-0-3,0.000000479,+0.000000423,0.000001438
373,compute-0-0,0.000000032,+0.000000096,0.000000435
373,compute-0-1,0.000000298,-0.000000413,0.000000342
373,compute-0-2,0.000000002,+0.000002254,0.000001373
373,compute-0-3,0.000000093,-0.000000438,0.000001371
374,compute-0-0,0.000000013,-0.000000041,0.000000413
374,compute-0-1,0.000000279,-0.000000092,0.000000325
374,compute-0-2,0.000000077,-0.000000079,0.000001303
374,compute-0-3,0.000000088,-0.000000438,0.000001371
375,compute-0-0,0.000000030,-0.000000020,0.000000392
375,compute-0-1,0.000000201,-0.000000003,0.000000309
375,compute-0-2,0.000000298,+0.000000405,0.000001243
375,compute-0-3,0.000000193,+0.000000304,0.000001305
376,compute-0-0,0.000000024,-0.000000020,0.000000392
376,compute-0-1,0.000000167,-0.000000003,0.000000309
376,compute-0-2,0.000000195,+0.000000405,0.000001243
376,compute-0-3,0.000000695,+0.000000749,0.000001260
377,compute-0-0,0.000000049,-0.000000067,0.000000372
377,compute-0-1,0.000000133,+0.000000301,0.000000308
377,compute-0-2,0.000000110,-0.000000301,0.000001183
377,compute-0-3,0.000000298,+0.000000041,0.000001195
378,compute-0-0,0.000000015,+0.000000011,0.000000353
378,compute-0-1,0.000000283,+0.000000183,0.000000298
378,compute-0-2,0.000000361,-0.000000316,0.000001126
378,compute-0-3,0.000000250,+0.000000041,0.000001195
379,compute-0-0,0.000000019,+0.000000033,0.000000335
379,compute-0-1,0.000000206,+0.000000183,0.000000298
379,compute-0-2,0.000000215,-0.000000316,0.000001126
379,compute-0-3,0.000000351,+0.000000175,0.000001135
380,compute-0-0,0.000000017,+0.000000033,0.000000335
380,compute-0-1,0.000000133,-0.000000042,0.000000283
380,compute-0-2,0.000000193,-0.000000026,0.000001069
380,compute-0-3,0.000000330,-0.000000613,0.000001094
381,compute-0-0,0.000000017,+0.000000002,0.000000318
381,compute-0-1,0.000000012,-0.000000132,0.000000271
381,compute-0-2,0.000000333,+0.000002890,0.000001365
381,compute-0-3,0.000000266,-0.000000613,0.000001094
382,compute-0-0,0.000000031,+0.000000017,0.000000302
382,compute-0-1,0.000000012,-0.000000132,0.000000271
382,compute-0-2,0.000000080,-0.000000080,0.000001295
382,compute-0-3,0.000000133,+0.000000105,0.000001039
383,compute-0-0,0.000000025,+0.000000017,0.000000302
383,compute-0-1,0.000000044,+0.000000057,0.000000258
383,compute-0-2,0.000000076,-0.000000080,0.000001295
383,compute-0-3,0.000000136,+0.000000264,0.000000989
384,compute-0-0,0.000000045,+0.000000040,0.000000287
384,compute-0-1,0.000000056,+0.000000014,0.000000245
384,compute-0-2,0.000000458,-0.000000509,0.000001239
384,compute-0-3,0.000000125,+0.000000264,0.000000989
385,compute-0-0,0.000000058,+0.000000039,0.000000272
385,compute-0-1,0.000000053,+0.000000014,0.000000245
385,compute-0-2,0.000000542,-0.000000292,0.000001179
385,compute-0-3,0.000000183,+0.000000083,0.000000939
386,compute-0-0,0.000000031,+0.000000039,0.000000272
386,compute-0-1,0.000000043,-0.000000008,0.000000232
386,compute-0-2,0.000000331,-0.000000292,0.000001179
386,compute-0-3,0.000000320,+0.000000186,0.000000892
387,compute-0-0,0.000000033,+0.000000018,0.000000258
387,compute-0-1,0.000000601,-0.000001062,0.000000402
387,compute-0-2,0.000000534,-0.000000783,0.000001146
387,compute-0-3,0.000000235,+0.000000186,0.000000892
388,compute-0-0,0.000000038,+0.000000017,0.000000245
388,compute-0-1,0.000000001,-0.000001062,0.000000402
388,compute-0-2,0.000000588,-0.000000633,0.000001105
388,compute-0-3,0.000000233,+0.000000053,0.000000847
389,compute-0-0,0.000000026,+0.000000017,0.000000245
389,compute-0-1,0.000000131,-0.000000150,0.000000384
389,compute-0-2,0.000000379,-0.000000633,0.000001105
389,compute-0-3,0.000000126,-0.000000073,0.000000804
390,compute-0-0,0.000000017,-0.000000005,0.000000233
390,compute-0-1,0.000000433,+0.000002280,0.000000808
390,compute-0-2,0.000000140,+0.000000490,0.000001060
390,compute-0-3,0.000000112,-0.000000073,0.000000804
391,compute-0-0,0.000000003,-0.000000011,0.000000221
391,compute-0-1,0.000000110,+0.000000111,0.000000767
391,compute-0-2,0.000000628,+0.000000594,0.000001023
391,compute-0-3,0.000000143,+0.000000050,0.000000763
392,compute-0-0,0.000000003,-0.000000011,0.000000221
392,compute-0-1,0.000000102,+0.000000111,0.000000767
392,compute-0-2,0.000000320,+0.000000594,0.000001023
392,compute-0-3,0.000000279,+0.000000188,0.000000726
393,compute-0-0,0.000000012,+0.000000011,0.000000209
393,compute-0-1,0.000000283,-0.000000428,0.000000740
393,compute-0-2,0.000000560,+0.000000735,0.000000998
393,compute-0-3,0.000000439,+0.000000242,0.000000693
394,compute-0-0,0.000000011,-0.000000023,0.000000199
394,compute-0-1,0.000000658,-0.000000501,0.000000720
394,compute-0-2,0.000000712,+0.000000723,0.000000974
394,compute-0-3,0.000000284,+0.000000242,0.000000693
395,compute-0-0,0.000000048,+0.000000059,0.000000189
395,compute-0-1,0.000000314,-0.000000501,0.000000720
395,compute-0-2,0.000000075,+0.000000723,0.000000974
395,compute-0-3,0.000000380,+0.000000258,0.000000662
396,compute-0-0,0.000000032,+0.000000059,0.000000189
396,compute-0-1,0.000000532,-0.000001061,0.000000761
396,compute-0-2,0.000000254,+0.000000260,0.000000928
396,compute-0-3,0.000000145,-0.000000093,0.000000629
397,compute-0-0,0.000000060,+0.000000090,0.000000182
397,compute-0-1,0.000000371,+0.000000399,0.000000733
397,compute-0-2,0.000000427,-0.000000809,0.000000916
397,compute-0-3,0.000000129,-0.000000093,0.000000629
398,compute-0-0,0.000000129,+0.000000151,0.000000179
398,compute-0-1,0.000000269,+0.000000399,0.000000733
398,compute-0-2,0.000001725,-0.000001714,0.000001025
398,compute-0-3,0.000000311,+0.000000268,0.000000603
399,compute-0-0,0.000000000,+0.000000151,0.000000179
399,compute-0-1,0.000000258,+0.000000055,0.000000695
399,compute-0-2,0.000000002,-0.000001714,0.000001025
399,compute-0-3,0.000000204,-0.000000009,0.000000572
400,compute-0-0,0.000000043,+0.000000058,0.000000171
400,compute-0-1,0.000000040,-0.000000179,0.000000662
400,compute-0-2,0.000000083,-0.000000088,0.000000972
400,compute-0-3,0.000000169,-0.000000009,0.000000572
401,compute-0-0,0.000000069,+0.000000051,0.000000163
401,compute-0-1,0.000000039,-0.000000179,0.000000662
401,compute-0-2,0.000000038,+0.000000116,0.000000923
401,compute-0-3,0.000000257,+0.000000155,0.000000545
402,compute-0-0,0.000000032,+0.000000051,0.000000163
402,compute-0-1,0.000000027,-0.000000011,0.000000628
402,compute-0-2,0.000000036,+0.000000116,0.000000923
402,compute-0-3,0.000000360,+0.000000197,0.000000521
403,compute-0-0,0.000000049,+0.000000057,0.000000156
403,compute-0-1,0.000000263,-0.000000319,0.000000604
403,compute-0-2,0.000000019,-0.000000017,0.000000876
403,compute-0-3,0.000000229,+0.000000197,0.000000521
404,compute-0-0,0.000000167,+0.000000716,0.000000270
404,compute-0-1,0.000000060,+0.000000143,0.000000575
404,compute-0-2,0.000000221,-0.000000251,0.000000835
404,compute-0-3,0.000000246,+0.000000118,0.000000495
405,compute-0-0,0.000000000,+0.000000716,0.000000270
405,compute-0-1,0.000000058,+0.000000143,0.000000575
405,compute-0-2,0.000000179,-0.000000251,0.000000835
405,compute-0-3,0.000000315,+0.000000177,0.000000473
406,compute-0-0,0.000000001,+0.000000980,0.000000402
406,compute-0-1,0.000000683,+0.000001217,0.000000668
406,compute-0-2,0.000000149,+0.000000003,0.000000792
406,compute-0-3,0.000000194,+0.000000177,0.000000473
407,compute-0-0,0.000000095,+0.000000111,0.000000383
407,compute-0-1,0.000000049,-0.000000048,0.000000634
407,compute-0-2,0.000000815,+0.000001266,0.000000851
407,compute-0-3,0.000000195,+0.000000058,0.000000449
408,compute-0-0,0.000000060,+0.000000111,0.000000383
408,compute-0-1,0.000000047,-0.000000048,0.000000634
408,compute-0-2,0.000000001,+0.000001266,0.000000851
408,compute-0-3,0.000000171,+0.000000020,0.000000426
409,compute-0-0,0.000000082,+0.000000156,0.000000367
409,compute-0-1,0.000000245,-0.000000231,0.000000606
409,compute-0-2,0.000000223,+0.000000267,0.000000812
409,compute-0-3,0.000000546,+0.000000426,0.000000426
410,compute-0-0,0.000000054,-0.000000073,0.000000349
410,compute-0-1,0.000000197,+0.000000402,0.000000588
410,compute-0-2,0.000001030,+0.000001222,0.000000862
410,compute-0-3,0.000000242,+0.000000426,0.000000426
411,compute-0-0,0.000000023,+0.000000067,0.000000332
411,compute-0-1,0.000000170,+0.000000402,0.000000588
411,compute-0-2,0.000000036,+0.000001222,0.000000862
411,compute-0-3,0.000000099,-0.000000021,0.000000404
412,compute-0-0,0.000000021,+0.000000067,0.000000332
412,compute-0-1,0.000000191,+0.000000051,0.000000558
412,compute-0-2,0.000000543,-0.000000791,0.000000855
412,compute-0-3,0.000000237,+0.000000157,0.000000387
413,compute-0-0,0.000000003,-0.000000023,0.000000315
413,compute-0-1,0.000000245,+0.000000089,0.000000530
413,compute-0-2,0.000000582,-0.000000282,0.000000816
413,compute-0-3,0.000000181,+0.000000157,0.000000387
414,compute-0-0,0.000000171,-0.000000184,0.000000304
414,compute-0-1,0.000000199,+0.000000089,0.000000530
414,compute-0-2,0.000000887,-0.000000535,0.000000792
414,compute-0-3,0.000000125,-0.000000028,0.000000367
415,compute-0-0,0.000000066,-0.000000184,0.000000304
415,compute-0-1,0.000000167,-0.000000003,0.000000503
415,compute-0-2,0.000000497,-0.000000535,0.000000792
415,compute-0-3,0.000000203,+0.000000102,0.000000350
416,compute-0-0,0.000000060,-0.000000038,0.000000289
416,compute-0-1,0.000000678,+0.000000737,0.000000531
416,compute-0-2,0.000000759,-0.000000781,0.000000791
416,compute-0-3,0.000000161,+0.000000102,0.000000350
417,compute-0-0,0.000000022,+0.000000026,0.000000274
417,compute-0-1,0.000000088,+0.000000737,0.000000531
417,compute-0-2,0.000000701,-0.000000516,0.000000768
417,compute-0-3,0.000000196,+0.000000085,0.000000333
418,compute-0-0,0.000000020,+0.000000026,0.000000274
418,compute-0-1,0.000000007,-0.000000037,0.000000504
418,compute-0-2,0.000000436,-0.000000516,0.000000768
418,compute-0-3,0.000000071,-0.000000235,0.000000324
419,compute-0-0,0.000000002,+0.000000021,0.000000260
419,compute-0-1,0.000000250,+0.000000285,0.000000487
419,compute-0-2,0.000000030,+0.000000374,0.000000738
419,compute-0-3,0.000000066,-0.000000235,0.000000324
420,compute-0-0,0.000000051,+0.000000053,0.000000247
420,compute-0-1,0.000000081,-0.000000107,0.000000463
420,compute-0-2,0.000000237,-0.000000273,0.000000706
420,compute-0-3,0.000000041,+0.000000024,0.000000308
421,compute-0-0,0.000000040,+0.000000053,0.000000247
421,compute-0-1,0.000000076,-0.000000107,0.000000463
421,compute-0-2,0.000000205,-0.000000273,0.000000706
421,compute-0-3,0.000000008,+0.000000032,0.000000292
422,compute-0-0,0.000000070,-0.000000133,0.000000238
422,compute-0-1,0.000000088,+0.000000017,0.000000439
422,compute-0-2,0.000000233,-0.000000065,0.000000670
422,compute-0-3,0.000000008,+0.000000032,0.000000292
423,compute-0-0,0.000000071,-0.000000028,0.000000226
423,compute-0-1,0.000000094,+0.000000013,0.000000417
423,compute-0-2,0.000000135,+0.000000068,0.000000636
423,compute-0-3,0.000000001,+0.000000007,0.000000277
424,compute-0-0,0.000000049,-0.000000028,0.000000226
424,compute-0-1,0.000000087,+0.000000013,0.000000417
424,compute-0-2,0.000000123,+0.000000068,0.000000636
424,compute-0-3,0.000000052,+0.000000055,0.000000264
425,compute-0-0,0.000000008,+0.000000039,0.000000215
425,compute-0-1,0.000000126,+0.000000052,0.000000396
425,compute-0-2,0.000000417,-0.000000490,0.000000623
425,compute-0-3,0.000000171,-0.000000221,0.000000260
426,compute-0-0,0.000000001,+0.000000007,0.000000204
426,compute-0-1,0.000000666,+0.000000618,0.000000423
426,compute-0-2,0.000000431,-0.000000227,0.000000595
426,compute-0-3,0.000000143,-0.000000221,0.000000260
427,compute-0-0,0.000000001,+0.000000007,0.000000204
427,compute-0-1,0.000000232,+0.000000618,0.000000423
427,compute-0-2,0.000000263,-0.000000227,0.000000595
427,compute-0-3,0.000000081,+0.000000046,0.000000247
428,compute-0-0,0.000000034,+0.000000041,0.000000194
428,compute-0-1,0.000000190,+0.000000121,0.000000403
428,compute-0-2,0.000000122,+0.000000115,0.000000566
428,compute-0-3,0.000000179,-0.000000107,0.000000237
429,compute-0-0,0.000000031,+0.000000002,0.000000184
429,compute-0-1,0.000000129,-0.000000026,0.000000383
429,compute-0-2,0.000000073,+0.000000041,0.000000537
429,compute-0-3,0.000000148,-0.000000107,0.000000237
430,compute-0-0,0.000000022,-0.000000005,0.000000175
430,compute-0-1,0.000000114,-0.000000026,0.000000383
430,compute-0-2,0.000000069,+0.000000041,0.000000537
430,compute-0-3,0.000000059,+0.000000075,0.000000226
431,compute-0-0,0.000000020,-0.000000005,0.000000175
431,compute-0-1,0.000000135,+0.000000040,0.000000363
431,compute-0-2,0.000000063,+0.000000135,0.000000511
431,compute-0-3,0.000000070,-0.000000015,0.000000214
432,compute-0-0,0.000000007,-0.000000026,0.000000166
432,compute-0-1,0.000000236,+0.000000137,0.000000347
432,compute-0-2,0.000000086,+0.000000028,0.000000485
432,compute-0-3,0.000000065,-0.000000015,0.000000214
433,compute-0-0,0.000000025,-0.000000020,0.000000157
433,compute-0-1,0.000000175,+0.000000137,0.000000347
433,compute-0-2,0.000000144,-0.000000226,0.000000466
433,compute-0-3,0.000000018,+0.000000082,0.000000205
434,compute-0-0,0.000000022,-0.000000020,0.000000157
434,compute-0-1,0.000000121,-0.000000033,0.000000330
434,compute-0-2,0.000000128,-0.000000226,0.000000466
434,compute-0-3,0.000000187,+0.000000183,0.000000203
435,compute-0-0,0.000000076,-0.000000108,0.000000153
435,compute-0-1,0.000000094,-0.000000013,0.000000313
435,compute-0-2,0.000000087,+0.000000031,0.000000442
435,compute-0-3,0.000000146,+0.000000183,0.000000203
436,compute-0-0,0.000000019,+0.000000006,0.000000145
436,compute-0-1,0.000000085,-0.000000013,0.000000313
436,compute-0-2,0.000000274,+0.000000367,0.000000435
436,compute-0-3,0.000000144,+0.000000029,0.000000192
437,compute-0-0,0.000000017,+0.000000006,0.000000145
437,compute-0-1,0.000000061,-0.000000021,0.000000297
437,compute-0-2,0.000000208,+0.000000367,0.000000435
437,compute-0-3,0.000000209,+0.000000106,0.000000186
438,compute-0-0,0.000000041,+0.000000069,0.000000140
438,compute-0-1,0.000000314,+0.000000330,0.000000300
438,compute-0-2,0.000000214,+0.000000062,0.000000413
438,compute-0-3,0.000000154,+0.000000106,0.000000186
439,compute-0-0,0.000000058,+0.000000034,0.000000133
439,compute-0-1,0.000000486,+0.000000317,0.000000302
439,compute-0-2,0.000000203,+0.000000039,0.000000392
439,compute-0-3,0.000000175,+0.000000073,0.000000178
440,compute-0-0,0.000000037,+0.000000034,0.000000133
440,compute-0-1,0.000000254,+0.000000317,0.000000302
440,compute-0-2,0.000000162,+0.000000039,0.000000392
440,compute-0-3,0.000000110,-0.000000031,0.000000169
441,compute-0-0,0.000000019,-0.000000057,0.000000127
441,compute-0-1,0.000000102,-0.000000061,0.000000287
441,compute-0-2,0.000000105,-0.000000042,0.000000372
441,compute-0-3,0.000000096,+0.000000001,0.000000160
442,compute-0-0,0.000000015,+0.000000003,0.000000121
442,compute-0-1,0.000000130,-0.000000225,0.000000282
442,compute-0-2,0.000000314,+0.000000261,0.000000363
442,compute-0-3,0.000000086,+0.000000001,0.000000160
443,compute-0-0,0.000000015,-0.000000002,0.000000115
443,compute-0-1,0.000000113,-0.000000225,0.000000282
443,compute-0-2,0.000000194,+0.000000261,0.000000363
443,compute-0-3,0.000000072,-0.000000007,0.000000152
444,compute-0-0,0.000000014,-0.000000002,0.000000115
444,compute-0-1,0.000000247,-0.000000211,0.000000275
444,compute-0-2,0.000000160,+0.000000008,0.000000344
444,compute-0-3,0.000000107,-0.000000175,0.000000154
445,compute-0-0,0.000000009,+0.000000005,0.000000109
445,compute-0-1,0.000000463,+0.000000708,0.000000344
445,compute-0-2,0.000000338,+0.000000275,0.000000338
445,compute-0-3,0.000000095,-0.000000175,0.000000154
446,compute-0-0,0.000000005,+0.000000004,0.000000103
446,compute-0-1,0.000000197,+0.000000708,0.000000344
446,compute-0-2,0.000000171,+0.000000275,0.000000338
446,compute-0-3,0.000000012,+0.000000103,0.000000150
447,compute-0-0,0.000000005,+0.000000004,0.000000103
447,compute-0-1,0.000000098,-0.000000040,0.000000327
447,compute-0-2,0.000000195,+0.000000087,0.000000322
447,compute-0-3,0.000000304,+0.000000316,0.000000174
448,compute-0-0,0.000000025,+0.000000032,0.000000098
448,compute-0-1,0.000000013,-0.000000078,0.000000311
448,compute-0-2,0.000000051,-0.000000113,0.000000307
448,compute-0-3,0.000000184,+0.000000316,0.000000174
449,compute-0-0,0.000000037,+0.000000017,0.000000094
449,compute-0-1,0.000000012,-0.000000078,0.000000311
449,compute-0-2,0.000000005,-0.000000043,0.000000292
449,compute-0-3,0.000000135,+0.000000003,0.000000165
450,compute-0-0,0.000000029,+0.000000017,0.000000094
450,compute-0-1,0.000000016,-0.000000029,0.000000295
450,compute-0-2,0.000000005,-0.000000043,0.000000292
450,compute-0-3,0.000000148,+0.000000040,0.000000157
451,compute-0-0,0.000000046,+0.000000034,0.000000089
451,compute-0-1,0.000000162,+0.000000192,0.000000287
451,compute-0-2,0.000000188,-0.000000221,0.000000285
451,compute-0-3,0.000000120,+0.000000040,0.000000157
452,compute-0-0,0.000000029,-0.000000003,0.000000085
452,compute-0-1,0.000000094,-0.000000038,0.000000272
452,compute-0-2,0.000000190,-0.000000046,0.000000271
452,compute-0-3,0.000000112,+0.000000012,0.000000149
453,compute-0-0,0.000000024,-0.000000003,0.000000085
453,compute-0-1,0.000000086,-0.000000038,0.000000272
453,compute-0-2,0.000000153,-0.000000046,0.000000271
453,compute-0-3,0.000000241,+0.000000173,0.000000152
454,compute-0-0,0.000000000,-0.000000473,0.000000170
454,compute-0-1,0.000000166,+0.000000103,0.000000260
454,compute-0-2,0.000000199,-0.000000096,0.000000259
454,compute-0-3,0.000000154,+0.000000173,0.000000152
455,compute-0-0,0.000000002,-0.000000002,0.000000161
455,compute-0-1,0.000000146,+0.000000013,0.000000247
455,compute-0-2,0.000000352,-0.000000228,0.000000256
455,compute-0-3,0.000000065,-0.000000217,0.000000159
456,compute-0-0,0.000000002,-0.000000002,0.000000161
456,compute-0-1,0.000000125,+0.000000013,0.000000247
456,compute-0-2,0.000000208,-0.000000228,0.000000256
456,compute-0-3,0.000000096,-0.000001715,0.000000563
457,compute-0-0,0.000000008,-0.000000005,0.000000153
457,compute-0-1,0.000000123,+0.000000018,0.000000234
457,compute-0-2,0.000000173,-0.000000032,0.000000243
457,compute-0-3,0.000000097,-0.000000097,0.000000535
458,compute-0-0,0.000000032,-0.000000029,0.000000145
458,compute-0-1,0.000000128,+0.000000023,0.000000222
458,compute-0-2,0.000000368,-0.000000277,0.000000247
458,compute-0-3,0.000000086,-0.000000097,0.000000535
459,compute-0-0,0.000000066,-0.000000042,0.000000139
459,compute-0-1,0.000000110,+0.000000023,0.000000222
459,compute-0-2,0.000000191,-0.000000277,0.000000247
459,compute-0-3,0.000000028,+0.000000053,0.000000508
460,compute-0-0,0.000000038,-0.000000042,0.000000139
460,compute-0-1,0.000000174,+0.000000100,0.000000213
460,compute-0-2,0.000000147,-0.000000013,0.000000234
460,compute-0-3,0.000000277,-0.000000258,0.000000489
461,compute-0-0,0.000000034,-0.000000013,0.000000131
461,compute-0-1,0.000000174,+0.000000042,0.000000203
461,compute-0-2,0.000000115,+0.000000249,0.000000236
461,compute-0-3,0.000000186,-0.000000258,0.000000489
462,compute-0-0,0.000000019,+0.000000006,0.000000125
462,compute-0-1,0.000000138,+0.000000042,0.000000203
462,compute-0-2,0.000000100,+0.000000249,0.000000236
462,compute-0-3,0.000000138,-0.000000002,0.000000464
463,compute-0-0,0.000000016,+0.000000006,0.000000125
463,compute-0-1,0.000000277,+0.000000301,0.000000215
463,compute-0-2,0.000000099,+0.000000012,0.000000224
463,compute-0-3,0.000000181,-0.000000072,0.000000440
464,compute-0-0,0.000000035,-0.000000028,0.000000119
464,compute-0-1,0.000000211,+0.000000089,0.000000206
464,compute-0-2,0.000000004,-0.000000095,0.000000214
464,compute-0-3,0.000000141,-0.000000072,0.000000440
465,compute-0-0,0.000000092,-0.000000080,0.000000115
465,compute-0-1,0.000000156,+0.000000089,0.000000206
465,compute-0-2,0.000000004,-0.000000095,0.000000214
465,compute-0-3,0.000000101,+0.000000020,0.000000418
466,compute-0-0,0.000000025,-0.000000080,0.000000115
466,compute-0-1,0.000000115,-0.000000017,0.000000195
466,compute-0-2,0.000000095,+0.000000111,0.000000206
466,compute-0-3,0.000000305,-0.000000249,0.000000404
467,compute-0-0,0.000000073,-0.000000110,0.000000115
467,compute-0-1,0.000000281,+0.000000218,0.000000197
467,compute-0-2,0.000000555,-0.000000910,0.000000348
467,compute-0-3,0.000000175,-0.000000249,0.000000404
468,compute-0-0,0.000000030,-0.000000001,0.000000109
468,compute-0-1,0.000000173,+0.000000218,0.000000197
468,compute-0-2,0.000002362,+0.000002762,0.000000934
468,compute-0-3,0.000000052,+0.000000096,0.000000385
469,compute-0-0,0.000000026,-0.000000001,0.000000109
469,compute-0-1,0.000000155,+0.000000026,0.000000187
469,compute-0-2,0.000000002,+0.000002762,0.000000934
469,compute-0-3,0.000000166,-0.000000128,0.000000367
470,compute-0-0,0.000000010,+0.000000035,0.000000104
470,compute-0-1,0.000000216,+0.000000111,0.000000181
470,compute-0-2,0.000000296,+0.000000400,0.000000895
470,compute-0-3,0.000000130,-0.000000128,0.000000367
471,compute-0-0,0.000000041,+0.000000035,0.000000099
471,compute-0-1,0.000000150,+0.000000111,0.000000181
471,compute-0-2,0.000000227,-0.000000386,0.000000858
471,compute-0-3,0.000000104,+0.000000008,0.000000348
472,compute-0-0,0.000000032,+0.000000035,0.000000099
472,compute-0-1,0.000000165,+0.000000065,0.000000173
472,compute-0-2,0.000000168,-0.000000386,0.000000858
472,compute-0-3,0.000000049,+0.000000146,0.000000334
473,compute-0-0,0.000000038,+0.000000017,0.000000094
473,compute-0-1,0.000000033,-0.000000107,0.000000168
473,compute-0-2,0.000000119,+0.000000017,0.000000814
473,compute-0-3,0.000000046,+0.000000146,0.000000334
474,compute-0-0,0.000000011,-0.000000020,0.000000090
474,compute-0-1,0.000000129,+0.000000098,0.000000162
474,compute-0-2,0.000000211,+0.000000326,0.000000779
474,compute-0-3,0.000000048,-0.000000096,0.000000318
475,compute-0-0,0.000000011,-0.000000020,0.000000090
475,compute-0-1,0.000000111,+0.000000098,0.000000162
475,compute-0-2,0.000000159,+0.000000326,0.000000779
475,compute-0-3,0.000000021,+0.000000068,0.000000302
476,compute-0-0,0.000000050,+0.000000073,0.000000088
476,compute-0-1,0.000000544,+0.000000978,0.000000345
476,compute-0-2,0.000000100,-0.000000256,0.000000743
476,compute-0-3,0.000000168,+0.000000150,0.000000291
477,compute-0-0,0.000000046,+0.000000020,0.000000084
477,compute-0-1,0.000000129,-0.000000130,0.000000330
477,compute-0-2,0.000000522,+0.000000736,0.000000742
477,compute-0-3,0.000000136,+0.000000150,0.000000291
478,compute-0-0,0.000000110,+0.000000081,0.000000084
478,compute-0-1,0.000000115,-0.000000130,0.000000330
478,compute-0-2,0.000000113,+0.000000736,0.000000742
478,compute-0-3,0.000000163,+0.000000064,0.000000277
479,compute-0-0,0.000000053,+0.000000081,0.000000084
479,compute-0-1,0.000000179,-0.000000091,0.000000315
479,compute-0-2,0.000000171,+0.000000152,0.000000706
479,compute-0-3,0.000000180,+0.000000055,0.000000263
480,compute-0-0,0.000000042,+0.000000019,0.000000080
480,compute-0-1,0.000000170,-0.000000023,0.000000299
480,compute-0-2,0.000000195,+0.000000057,0.000000670
480,compute-0-3,0.000000142,+0.000000055,0.000000263
481,compute-0-0,0.000000007,-0.000000026,0.000000076
481,compute-0-1,0.000000144,-0.000000023,0.000000299
481,compute-0-2,0.000000159,+0.000000057,0.000000670
481,compute-0-3,0.000000077,-0.000000049,0.000000250
482,compute-0-0,0.000000007,-0.000000026,0.000000076
482,compute-0-1,0.000000034,+0.000000172,0.000000288
482,compute-0-2,0.000000273,-0.000000506,0.000000655
482,compute-0-3,0.000000100,+0.000000032,0.000000237
483,compute-0-0,0.000000042,+0.000000044,0.000000073
483,compute-0-1,0.000000033,-0.000000066,0.000000274
483,compute-0-2,0.000000280,-0.000000086,0.000000622
483,compute-0-3,0.000000088,+0.000000032,0.000000237
484,compute-0-0,0.000000077,+0.000000052,0.000000071
484,compute-0-1,0.000000032,-0.000000066,0.000000274
484,compute-0-2,0.000000004,+0.000000213,0.000000594
484,compute-0-3,0.000000036,-0.000000048,0.000000226
485,compute-0-0,0.000000045,+0.000000052,0.000000071
485,compute-0-1,0.000000061,-0.000000032,0.000000261
485,compute-0-2,0.000000004,+0.000000213,0.000000594
485,compute-0-3,0.000000289,+0.000000295,0.000000233
486,compute-0-0,0.000000000,+0.000000569,0.000000192
486,compute-0-1,0.000000009,+0.000000050,0.000000248
486,compute-0-2,0.000000271,-0.000000313,0.000000572
486,compute-0-3,0.000000167,+0.000000295,0.000000233
487,compute-0-0,0.000000193,+0.000000746,0.000000298
487,compute-0-1,0.000000009,+0.000000050,0.000000248
487,compute-0-2,0.000000427,-0.000000233,0.000000548
487,compute-0-3,0.000000171,+0.000000065,0.000000222
488,compute-0-0,0.000000000,+0.000000746,0.000000298
488,compute-0-1,0.000000125,-0.000000134,0.000000239
488,compute-0-2,0.000000271,-0.000000233,0.000000548
488,compute-0-3,0.000000219,+0.000000104,0.000000214
489,compute-0-0,0.000000009,-0.000000009,0.000000283
489,compute-0-1,0.000000031,+0.000000084,0.000000228
489,compute-0-2,0.000000347,-0.000000234,0.000000525
489,compute-0-3,0.000000152,+0.000000104,0.000000214
490,compute-0-0,0.000000022,+0.000000032,0.000000268
490,compute-0-1,0.000000030,+0.000000084,0.000000228
490,compute-0-2,0.000000184,+0.000000024,0.000000498
490,compute-0-3,0.000000112,-0.000000019,0.000000203
491,compute-0-0,0.000000020,+0.000000032,0.000000268
491,compute-0-1,0.000000050,-0.000000022,0.000000216
491,compute-0-2,0.000000155,+0.000000024,0.000000498
491,compute-0-3,0.000000194,+0.000000115,0.000000196
492,compute-0-0,0.000000099,+0.000000161,0.000000260
492,compute-0-1,0.000000036,+0.000000085,0.000000207
492,compute-0-2,0.000000188,-0.000000065,0.000000473
492,compute-0-3,0.000000143,+0.000000115,0.000000196
493,compute-0-0,0.000000114,+0.000000087,0.000000248
493,compute-0-1,0.000000105,+0.000000071,0.000000198
493,compute-0-2,0.000000196,-0.000000041,0.000000449
493,compute-0-3,0.000000102,-0.000000027,0.000000186
494,compute-0-0,0.000000613,+0.000000555,0.000000293
494,compute-0-1,0.000000094,+0.000000071,0.000000198
494,compute-0-2,0.000000162,-0.000000041,0.000000449
494,compute-0-3,0.000000213,+0.000000152,0.000000183
495,compute-0-0,0.000000000,+0.000000555,0.000000293
495,compute-0-1,0.000000326,+0.000000314,0.000000212
495,compute-0-2,0.000000147,-0.000000010,0.000000426
495,compute-0-3,0.000000248,+0.000000099,0.000000176
496,compute-0-0,0.000000018,+0.000000019,0.000000278
496,compute-0-1,0.000001330,+0.000001445,0.000000499
496,compute-0-2,0.000000455,-0.000000391,0.000000423
496,compute-0-3,0.000000183,+0.000000099,0.000000176
497,compute-0-0,0.000000040,-0.000000057,0.000000265
497,compute-0-1,0.000000001,+0.000001445,0.000000499
497,compute-0-2,0.000000230,-0.000000391,0.000000423
497,compute-0-3,0.000000230,+0.000000121,0.000000171
498,compute-0-0,0.000000034,-0.000000057,0.000000265
498,compute-0-1,0.000000112,+0.000000121,0.000000475
498,compute-0-2,0.000000114,+0.000000072,0.000000402
498,compute-0-3,0.000000261,+0.000000110,0.000000166
499,compute-0-0,0.000000034,-0.000000005,0.000000251
499,compute-0-1,0.000000003,+0.000003276,0.000001130
499,compute-0-2,0.000000307,-0.000000238,0.000000388
499,compute-0-3,0.000000186,+0.000000110,0.000000166
500,compute-0-0,0.000000004,+0.000000025,0.000000238
500,compute-0-1,0.000000003,+0.000003276,0.000001130
500,compute-0-2,0.000000210,-0.000000238,0.000000388
500,compute-0-3,0.000000164,+0.000000027,0.000000158
501,compute-0-0,0.000000004,+0.000000025,0.000000238
501,compute-0-1,0.000000002,+0.000001842,0.000001220
501,compute-0-2,0.000000179,-0.000000009,0.000000368
501,compute-0-3,0.000000299,+0.000000186,0.000000161
502,compute-0-0,0.000000087,-0.000000204,0.000000235
502,compute-0-1,0.000000252,+0.000000323,0.000001162
502,compute-0-2,0.000000379,-0.000000312,0.000000363
502,compute-0-3,0.000000193,+0.000000186,0.000000161
503,compute-0-0,0.000000056,-0.000000060,0.000000224
503,compute-0-1,0.000000026,+0.000000323,0.000001162
503,compute-0-2,0.000000067,+0.000000254,0.000000354
503,compute-0-3,0.000000236,+0.000000141,0.000000159
504,compute-0-0,0.000000043,-0.000000060,0.000000224
504,compute-0-1,0.000000111,+0.000000155,0.000001103
504,compute-0-2,0.000000063,+0.000000254,0.000000354
504,compute-0-3,0.000000763,+0.000001633,0.000000538
505,compute-0-0,0.000000068,-0.000000055,0.000000213
505,compute-0-1,0.000000323,-0.000000584,0.000001063
505,compute-0-2,0.000000197,-0.000000280,0.000000347
505,compute-0-3,0.000000001,+0.000001633,0.000000538
506,compute-0-0,0.000000072,-0.000000034,0.000000202
506,compute-0-1,0.000000000,-0.000000584,0.000001063
506,compute-0-2,0.000000260,-0.000000103,0.000000331
506,compute-0-3,0.000000091,-0.000000101,0.000000512
507,compute-0-0,0.000000047,-0.000000034,0.000000202
507,compute-0-1,0.000000018,+0.000000018,0.000001008
507,compute-0-2,0.000000205,-0.000000103,0.000000331
507,compute-0-3,0.000000270,-0.000000230,0.000000491
508,compute-0-0,0.000000035,+0.000000004,0.000000192
508,compute-0-1,0.000000261,-0.000000352,0.000000963
508,compute-0-2,0.000000495,-0.000000496,0.000000351
508,compute-0-3,0.000000150,-0.000000230,0.000000491
509,compute-0-0,0.000000002,+0.000000030,0.000000182
509,compute-0-1,0.000001906,-0.000001823,0.000001080
509,compute-0-2,0.000000242,+0.000000496,0.000000368
509,compute-0-3,0.000000224,-0.000000199,0.000000470
510,compute-0-0,0.000000002,+0.000000030,0.000000182
510,compute-0-1,0.000000002,-0.000001823,0.000001080
510,compute-0-2,0.000000198,+0.000000496,0.000000368
510,compute-0-3,0.000000131,+0.000000012,0.000000446
511,compute-0-0,0.000000001,-0.000000882,0.000000328
511,compute-0-1,0.000000002,-0.000001532,0.000001134
511,compute-0-2,0.000000217,+0.000000062,0.000000350
511,compute-0-3,0.000000109,+0.000000012,0.000000446
512,compute-0-0,0.000000001,+0.000000001,0.000000311
512,compute-0-1,0.000000176,+0.000000178,0.000001077
512,compute-0-2,0.000000136,-0.000000323,0.000000347
512,compute-0-3,0.000000186,-0.000000148,0.000000425
513,compute-0-0,0.000000008,+0.000000007,0.000000296
513,compute-0-1,0.000000146,+0.000000178,0.000001077
513,compute-0-2,0.000000121,-0.000000323,0.000000347
513,compute-0-3,0.000000384,-0.000000396,0.000000423
514,compute-0-0,0.000000008,+0.000000007,0.000000296
514,compute-0-1,0.000000382,+0.000000416,0.000001030
514,compute-0-2,0.000000004,+0.000000122,0.000000332
514,compute-0-3,0.000000043,+0.000000041,0.000000401
515,compute-0-0,0.000000012,+0.000000005,0.000000280
515,compute-0-1,0.000000679,+0.000000598,0.000000995
515,compute-0-2,0.000000194,-0.000000211,0.000000322
515,compute-0-3,0.000000041,+0.000000041,0.000000401
516,compute-0-0,0.000000027,-0.000000038,0.000000266
516,compute-0-1,0.000000215,+0.000000598,0.000000995
516,compute-0-2,0.000000152,-0.000000211,0.000000322
516,compute-0-3,0.000000102,-0.000000069,0.000000381
517,compute-0-0,0.000000023,-0.000000038,0.000000266
517,compute-0-1,0.000000276,+0.000001443,0.000001049
517,compute-0-2,0.000000086,+0.000000054,0.000000306
517,compute-0-3,0.000000294,-0.000000215,0.000000368
518,compute-0-0,0.000000083,-0.000000116,0.000000255
518,compute-0-1,0.000000748,+0.000000890,0.000001034
518,compute-0-2,0.000000121,-0.000000045,0.000000290
518,compute-0-3,0.000000201,-0.000000215,0.000000368
519,compute-0-0,0.000000024,+0.000000039,0.000000242
519,compute-0-1,0.000000239,+0.000000890,0.000001034
519,compute-0-2,0.000000107,-0.000000045,0.000000290
519,compute-0-3,0.000000266,-0.000000173,0.000000353
520,compute-0-0,0.000000021,+0.000000039,0.000000242
520,compute-0-1,0.000000001,+0.000001311,0.000001065
520,compute-0-2,0.000000135,-0.000000048,0.000000276
520,compute-0-3,0.000000328,-0.000000181,0.000000340
521,compute-0-0,0.000000042,+0.000000031,0.000000230
521,compute-0-1,0.000000354,+0.000000429,0.000001019
521,compute-0-2,0.000000748,-0.000001228,0.000000468
521,compute-0-3,0.000000200,-0.000000181,0.000000340
522,compute-0-0,0.000000047,+0.000000017,0.000000218
522,compute-0-1,0.000000135,+0.000000429,0.000001019
522,compute-0-2,0.000000001,-0.000001228,0.000000468
522,compute-0-3,0.000000152,-0.000000007,0.000000323
523,compute-0-0,0.000000034,+0.000000017,0.000000218
523,compute-0-1,0.000000250,-0.000000438,0.000000977
523,compute-0-2,0.000000323,-0.000000452,0.000000467
523,compute-0-3,0.000000235,-0.000000127,0.000000309
524,compute-0-0,0.000000052,+0.000000043,0.000000208
524,compute-0-1,0.000000784,-0.000001014,0.000000981
524,compute-0-2,0.000000203,+0.000000041,0.000000443
524,compute-0-3,0.000000161,-0.000000127,0.000000309
525,compute-0-0,0.000000062,+0.000000037,0.000000197
525,compute-0-1,0.000000001,-0.000001014,0.000000981
525,compute-0-2,0.000000115,+0.000000056,0.000000421
525,compute-0-3,0.000000116,+0.000000282,0.000000306
526,compute-0-0,0.000000037,+0.000000037,0.000000197
526,compute-0-1,0.000000406,-0.000000663,0.000000954
526,compute-0-2,0.000000105,+0.000000056,0.000000421
526,compute-0-3,0.000000049,-0.000000153,0.000000294
527,compute-0-0,0.000000049,+0.000000037,0.000000188
527,compute-0-1,0.000000002,-0.000001792,0.000001068
527,compute-0-2,0.000000227,-0.000000156,0.000000402
527,compute-0-3,0.000000046,-0.000000153,0.000000294
528,compute-0-0,0.000000068,+0.000000048,0.000000179
528,compute-0-1,0.000000283,-0.000000287,0.000001017
528,compute-0-2,0.000001682,-0.000002689,0.000000932
528,compute-0-3,0.000000056,-0.000000014,0.000000279
529,compute-0-0,0.000000034,+0.000000048,0.000000179
529,compute-0-1,0.000000209,-0.000000287,0.000001017
529,compute-0-2,0.000000002,-0.000002689,0.000000932
529,compute-0-3,0.000000006,+0.000000059,0.000000266
530,compute-0-0,0.000000030,+0.000000005,0.000000169
530,compute-0-1,0.000000833,+0.000003592,0.000001490
530,compute-0-2,0.000000311,+0.000000405,0.000000893
530,compute-0-3,0.000000020,-0.000000025,0.000000252
531,compute-0-0,0.000000078,+0.000000072,0.000000162
531,compute-0-1,0.000000133,-0.000000133,0.000001414
531,compute-0-2,0.000000330,-0.000000554,0.000000865
531,compute-0-3,0.000000020,-0.000000025,0.000000252
532,compute-0-0,0.000000028,-0.000000067,0.000000155
532,compute-0-1,0.000000125,-0.000000133,0.000001414
532,compute-0-2,0.000000263,-0.000000554,0.000000865
532,compute-0-3,0.000000048,-0.000000031,0.000000239
533,compute-0-0,0.000000025,-0.000000067,0.000000155
533,compute-0-1,0.000000381,-0.000000299,0.000001345
533,compute-0-2,0.000000020,+0.000000229,0.000000824
533,compute-0-3,0.000000257,-0.000000218,0.000000237
534,compute-0-0,0.000000016,+0.000000040,0.000000148
534,compute-0-1,0.000000392,-0.000000073,0.000001276
534,compute-0-2,0.000000587,+0.000000699,0.000000813
534,compute-0-3,0.000000178,-0.000000218,0.000000237
535,compute-0-0,0.000000070,+0.000000058,0.000000142
535,compute-0-1,0.000000333,-0.000000073,0.000001276
535,compute-0-2,0.000000311,+0.000000699,0.000000813
535,compute-0-3,0.000000171,-0.000000050,0.000000226
536,compute-0-0,0.000000049,+0.000000058,0.000000142
536,compute-0-1,0.000000540,-0.000000619,0.000001227
536,compute-0-2,0.000000254,+0.000000028,0.000000771
536,compute-0-3,0.000000279,-0.000000162,0.000000220
537,compute-0-0,0.000000077,+0.000000066,0.000000136
537,compute-0-1,0.000000585,-0.000000494,0.000001174
537,compute-0-2,0.000000342,+0.000000155,0.000000733
537,compute-0-3,0.000000180,-0.000000162,0.000000220
538,compute-0-0,0.000000314,+0.000000346,0.000000169
538,compute-0-1,0.000000291,-0.000000494,0.000001174
538,compute-0-2,0.000000252,+0.000000155,0.000000733
538,compute-0-3,0.000000178,-0.000000063,0.000000210
539,compute-0-0,0.000000000,+0.000000346,0.000000169
539,compute-0-1,0.000000545,-0.000000699,0.000001136
539,compute-0-2,0.000000144,-0.000000088,0.000000696
539,compute-0-3,0.000000457,-0.000000394,0.000000235
540,compute-0-0,0.000000002,+0.000002024,0.000000660
540,compute-0-1,0.000001186,+0.000002036,0.000001255
540,compute-0-2,0.000000582,+0.000000618,0.000000688
540,compute-0-3,0.000000132,-0.000000394,0.000000235
541,compute-0-0,0.000000001,-0.000000139,0.000000627
541,compute-0-1,0.000000001,+0.000002036,0.000001255
541,compute-0-2,0.000000576,+0.000000342,0.000000662
541,compute-0-3,0.000000053,+0.000000112,0.000000226
542,compute-0-0,0.000000000,-0.000000139,0.000000627
542,compute-0-1,0.000000364,+0.000000441,0.000001199
542,compute-0-2,0.000000395,+0.000000342,0.000000662
542,compute-0-3,0.000000295,+0.000000282,0.000000232
543,compute-0-0,0.000000000,+0.000000477,0.000000614
543,compute-0-1,0.000001227,+0.000001798,0.000001272
543,compute-0-2,0.000001099,+0.000001583,0.000000803
543,compute-0-3,0.000000167,+0.000000282,0.000000232
544,compute-0-0,0.000000145,-0.000000180,0.000000585
544,compute-0-1,0.000000001,+0.000001798,0.000001272
544,compute-0-2,0.000001548,+0.000001662,0.000000926
544,compute-0-3,0.000000171,+0.000000070,0.000000221
545,compute-0-0,0.000000051,-0.000000180,0.000000585
545,compute-0-1,0.000000550,+0.000000736,0.000001228
545,compute-0-2,0.000000371,+0.000001662,0.000000926
545,compute-0-3,0.000000298,+0.000000211,0.000000220
546,compute-0-0,0.000000116,-0.000000142,0.000000557
546,compute-0-1,0.000001693,-0.000002920,0.000001487
546,compute-0-2,0.000000702,+0.000001193,0.000000956
546,compute-0-3,0.000000160,+0.000000211,0.000000220
547,compute-0-0,0.000000143,+0.000000282,0.000000536
547,compute-0-1,0.000001129,-0.000000707,0.000001428
547,compute-0-2,0.000001296,-0.000001673,0.000001050
547,compute-0-3,0.000000002,-0.000000145,0.000000214
548,compute-0-0,0.000000018,+0.000000002,0.000000509
548,compute-0-1,0.000000828,-0.000000707,0.000001428
548,compute-0-2,0.000000001,-0.000001673,0.000001050
548,compute-0-3,0.000000017,+0.000000015,0.000000203
549,compute-0-0,0.000000017,+0.000000002,0.000000509
549,compute-0-1,0.000001333,-0.000001180,0.000001405
549,compute-0-2,0.000000522,+0.000000708,0.000001021
549,compute-0-3,0.000000016,+0.000000015,0.000000203
550,compute-0-0,0.000000056,+0.000000256,0.000000489
550,compute-0-1,0.000001104,-0.000000547,0.000001345
550,compute-0-2,0.000000053,-0.000000384,0.000000976
550,compute-0-3,0.000000105,+0.000000105,0.000000195
551,compute-0-0,0.000000253,-0.000000283,0.000000473
551,compute-0-1,0.000000731,-0.000000547,0.000001345
551,compute-0-2,0.000000051,-0.000000384,0.000000976
551,compute-0-3,0.000000194,+0.000000123,0.000000189
552,compute-0-0,0.000000000,-0.000000283,0.000000473
552,compute-0-1,0.000000004,-0.000002977,0.000001585
552,compute-0-2,0.000000043,+0.000000007,0.000000926
552,compute-0-3,0.000000009,-0.000000137,0.000000185
553,compute-0-0,0.000000000,-0.000000475,0.000000473
553,compute-0-1,0.000000029,+0.000000025,0.000001504
553,compute-0-2,0.000000973,-0.000001168,0.000000953
553,compute-0-3,0.000000009,-0.000000137,0.000000185
554,compute-0-0,0.000000093,-0.000000104,0.000000450
554,compute-0-1,0.000000028,+0.000000025,0.000001504
554,compute-0-2,0.000000232,-0.000001168,0.000000953
554,compute-0-3,0.000000008,-0.000000001,0.000000175
555,compute-0-0,0.000000035,-0.000000104,0.000000450
555,compute-0-1,0.000000194,-0.000000925,0.000001456
555,compute-0-2,0.000000627,-0.000000877,0.000000945
555,compute-0-3,0.000000157,+0.000000152,0.000000173
556,compute-0-0,0.000000002,-0.000002675,0.000000947
556,compute-0-1,0.000000258,+0.000000280,0.000001385
556,compute-0-2,0.000000006,-0.000006324,0.000002192
556,compute-0-3,0.000000130,+0.000000152,0.000000173
557,compute-0-0,0.000000190,+0.000000246,0.000000902
557,compute-0-1,0.000000194,+0.000000280,0.000001385
557,compute-0-2,0.000000006,-0.000006324,0.000002192
557,compute-0-3,0.000000072,-0.000000045,0.000000165
558,compute-0-0,0.000000000,+0.000000246,0.000000902
558,compute-0-1,0.000000296,-0.000000577,0.000001326
558,compute-0-2,0.000000180,+0.000001220,0.000002115
558,compute-0-3,0.000000171,-0.000000246,0.000000175
559,compute-0-0,0.000000022,+0.000000024,0.000000856
559,compute-0-1,0.000000716,-0.000000930,0.000001292
559,compute-0-2,0.000001135,+0.000001928,0.000002097
559,compute-0-3,0.000000136,-0.000000246,0.000000175
560,compute-0-0,0.000000050,+0.000000034,0.000000812
560,compute-0-1,0.000000001,-0.000000930,0.000001292
560,compute-0-2,0.000001492,+0.000001498,0.000002045
560,compute-0-3,0.000000132,-0.000000025,0.000000166
561,compute-0-0,0.000000038,+0.000000034,0.000000812
561,compute-0-1,0.000000003,-0.000002913,0.000001533
561,compute-0-2,0.000000676,+0.000001498,0.000002045
561,compute-0-3,0.000000145,-0.000000039,0.000000158
562,compute-0-0,0.000000066,-0.000000139,0.000000772
562,compute-0-1,0.000000249,+0.000000274,0.000001457
562,compute-0-2,0.000000975,+0.000001524,0.000001999
562,compute-0-3,0.000000119,-0.000000039,0.000000158
563,compute-0-0,0.000000003,+0.000000040,0.000000732
563,compute-0-1,0.000000080,-0.000000278,0.000001385
563,compute-0-2,0.000000202,-0.000000203,0.000001897
563,compute-0-3,0.000000189,-0.000000135,0.000000156
564,compute-0-0,0.000000003,+0.000000040,0.000000732
564,compute-0-1,0.000000076,-0.000000278,0.000001385
564,compute-0-2,0.000000178,-0.000000203,0.000001897
564,compute-0-3,0.000000192,-0.000000066,0.000000149
565,compute-0-0,0.000000027,-0.000000029,0.000000695
565,compute-0-1,0.000000110,+0.000000189,0.000001316
565,compute-0-2,0.000000626,+0.000001525,0.000001864
565,compute-0-3,0.000000143,-0.000000066,0.000000149
566,compute-0-0,0.000000078,-0.000000082,0.000000659
566,compute-0-1,0.000000249,+0.000000153,0.000001249
566,compute-0-2,0.000000792,+0.000000960,0.000001794
566,compute-0-3,0.000000123,-0.000000004,0.000000141
567,compute-0-0,0.000000160,-0.000000141,0.000000627
567,compute-0-1,0.000000203,+0.000000153,0.000001249
567,compute-0-2,0.000000001,+0.000000960,0.000001794
567,compute-0-3,0.000000151,-0.000000054,0.000000135
568,compute-0-0,0.000000017,-0.000000141,0.000000627
568,compute-0-1,0.000000320,+0.000000213,0.000001187
568,compute-0-2,0.000000203,-0.000000236,0.000001703
568,compute-0-3,0.000000275,-0.000000154,0.000000137
569,compute-0-0,0.000000087,+0.000000133,0.000000597
569,compute-0-1,0.000000210,-0.000000010,0.000001126
569,compute-0-2,0.000000229,-0.000000073,0.000001616
569,compute-0-3,0.000000209,-0.000000154,0.000000137
570,compute-0-0,0.000000108,+0.000000093,0.000000567
570,compute-0-1,0.000000173,-0.000000010,0.000001126
570,compute-0-2,0.000000175,-0.000000073,0.000001616
570,compute-0-3,0.000000230,-0.000000083,0.000000133
571,compute-0-0,0.000000052,+0.000000093,0.000000567
571,compute-0-1,0.000000438,+0.000000566,0.000001083
571,compute-0-2,0.000000212,-0.000000090,0.000001533
571,compute-0-3,0.000000012,+0.000000163,0.000000136
572,compute-0-0,0.000000042,+0.000000015,0.000000538
572,compute-0-1,0.000000401,+0.000000269,0.000001031
572,compute-0-2,0.000000774,-0.000001194,0.000001503
572,compute-0-3,0.000000012,+0.000000163,0.000000136
573,compute-0-0,0.000000053,-0.000000089,0.000000511
573,compute-0-1,0.000000259,+0.000000269,0.000001031
573,compute-0-2,0.000000001,-0.000001194,0.000001503
573,compute-0-3,0.000000005,+0.000000007,0.000000129
574,compute-0-0,0.000000040,-0.000000089,0.000000511
574,compute-0-1,0.000000164,-0.000000052,0.000000978
574,compute-0-2,0.000000016,-0.000000017,0.000001426
574,compute-0-3,0.000000000,+0.000000005,0.000000123
575,compute-0-0,0.000000026,-0.000000089,0.000000511
575,compute-0-1,0.000000399,+0.000000308,0.000000933
575,compute-0-2,0.000000158,+0.000000187,0.000001354
575,compute-0-3,0.000000000,+0.000000005,0.000000123
576,compute-0-0,0.000000077,-0.000000064,0.000000485
576,compute-0-1,0.000000246,+0.000000308,0.000000933
576,compute-0-2,0.000000130,+0.000000187,0.000001354
576,compute-0-3,0.000000009,-0.000000009,0.000000116
577,compute-0-0,0.000000063,-0.000000064,0.000000485
577,compute-0-1,0.000000230,+0.000000052,0.000000885
577,compute-0-2,0.000000022,-0.000000108,0.000001285
577,compute-0-3,0.000000010,-0.000000001,0.000000110
578,compute-0-0,0.000000053,-0.000000011,0.000000460
578,compute-0-1,0.000000936,+0.000001600,0.000000980
578,compute-0-2,0.000000038,+0.000000017,0.000001219
578,compute-0-3,0.000000010,-0.000000001,0.000000110
579,compute-0-0,0.000000013,+0.000000025,0.000000437
579,compute-0-1,0.000000001,+0.000001600,0.000000980
579,compute-0-2,0.000000742,+0.000000736,0.000001180
579,compute-0-3,0.000000188,-0.000000222,0.000000126
580,compute-0-0,0.000000012,+0.000000025,0.000000437
580,compute-0-1,0.000000002,+0.000000003,0.000000930
580,compute-0-2,0.000000348,+0.000000736,0.000001180
580,compute-0-3,0.000000036,+0.000000116,0.000000125
581,compute-0-0,0.000000057,-0.000000101,0.000000415
581,compute-0-1,0.000000209,+0.000000223,0.000000885
581,compute-0-2,0.000000001,-0.000000201,0.000001121
581,compute-0-3,0.000000034,+0.000000116,0.000000125
582,compute-0-0,0.000000074,-0.000000069,0.000000395
582,compute-0-1,0.000000328,+0.000000152,0.000000841
582,compute-0-2,0.000000257,-0.000000264,0.000001067
582,compute-0-3,0.000000032,+0.000000001,0.000000119
583,compute-0-0,0.000000035,-0.000000069,0.000000395
583,compute-0-1,0.000000259,+0.000000152,0.000000841
583,compute-0-2,0.000000206,-0.000000264,0.000001067
583,compute-0-3,0.000000026,+0.000000057,0.000000114
584,compute-0-0,0.000000043,-0.000000027,0.000000375
584,compute-0-1,0.000000089,+0.000003441,0.000001349
584,compute-0-2,0.000000205,-0.000000043,0.000001012
584,compute-0-3,0.000000025,+0.000000057,0.000000114
585,compute-0-0,0.000000001,+0.000000035,0.000000356
585,compute-0-1,0.000000646,+0.000000681,0.000001298
585,compute-0-2,0.000001150,-0.000001485,0.000001069
585,compute-0-3,0.000000007,-0.000000032,0.000000109
586,compute-0-0,0.000000146,-0.000000152,0.000000341
586,compute-0-1,0.000000433,+0.000000681,0.000001298
586,compute-0-2,0.000000001,-0.000001485,0.000001069
586,compute-0-3,0.000000021,-0.000000014,0.000000103
587,compute-0-0,0.000000052,-0.000000152,0.000000341
587,compute-0-1,0.000000463,+0.000000226,0.000001234
587,compute-0-2,0.000000013,-0.000000014,0.000001014
587,compute-0-3,0.000000106,-0.000000086,0.000000102
588,compute-0-0,0.000000058,-0.000000054,0.000000324
588,compute-0-1,0.000000022,-0.000000301,0.000001174
588,compute-0-2,0.000000196,-0.000000194,0.000000964
588,compute-0-3,0.000000094,-0.000000086,0.000000102
589,compute-0-0,0.000000089,-0.000000055,0.000000308
589,compute-0-1,0.000000022,-0.000000301,0.000001174
589,compute-0-2,0.000000160,-0.000000194,0.000000964
589,compute-0-3,0.000000094,-0.000000011,0.000000096
590,compute-0-0,0.000000051,-0.000000055,0.000000308
590,compute-0-1,0.000000361,-0.000000461,0.000001123
590,compute-0-2,0.000000215,-0.000000110,0.000000915
590,compute-0-3,0.000000052,+0.000000033,0.000000092
591,compute-0-0,0.000000119,-0.000000203,0.000000299
591,compute-0-1,0.000000211,+0.000000079,0.000001066
591,compute-0-2,0.000000240,-0.000000082,0.000000868
591,compute-0-3,0.000000049,+0.000000033,0.000000092
592,compute-0-0,0.000000103,-0.000000111,0.000000286
592,compute-0-1,0.000000186,+0.000000079,0.000001066
592,compute-0-2,0.000000182,-0.000000082,0.000000868
592,compute-0-3,0.000000064,+0.000000115,0.000000095
593,compute-0-0,0.000000067,-0.000000111,0.000000286
593,compute-0-1,0.000000283,-0.000000152,0.000001012
593,compute-0-2,0.000000308,-0.000000305,0.000000830
593,compute-0-3,0.000000075,+0.000000016,0.000000090
594,compute-0-0,0.000000000,-0.000000928,0.000000399
594,compute-0-1,0.000000792,-0.000000749,0.000000989
594,compute-0-2,0.000000329,-0.000000179,0.000000789
594,compute-0-3,0.000000069,+0.000000016,0.000000090
595,compute-0-0,0.000000002,+0.000002538,0.000000887
595,compute-0-1,0.000000300,-0.000000749,0.000000989
595,compute-0-2,0.000000208,-0.000000179,0.000000789
595,compute-0-3,0.000000032,-0.000000034,0.000000086
596,compute-0-0,0.000000002,+0.000002538,0.000000887
596,compute-0-1,0.000000002,-0.000001932,0.000001120
596,compute-0-2,0.000000097,+0.000000101,0.000000749
596,compute-0-3,0.000000188,+0.000000168,0.000000097
597,compute-0-0,0.000000114,+0.000000199,0.000000844
597,compute-0-1,0.000000150,-0.000000158,0.000001064
597,compute-0-2,0.000000251,+0.000000367,0.000000720
597,compute-0-3,0.000000147,+0.000000168,0.000000097
598,compute-0-0,0.000000102,+0.000000048,0.000000801
598,compute-0-1,0.000000100,+0.000000238,0.000001012
598,compute-0-2,0.000000594,+0.000000398,0.000000695
598,compute-0-3,0.000000230,+0.000000169,0.000000107
599,compute-0-0,0.000000084,+0.000000048,0.000000801
599,compute-0-1,0.000000095,+0.000000238,0.000001012
599,compute-0-2,0.000000383,+0.000000398,0.000000695
599,compute-0-3,0.000000252,+0.000000111,0.000000107
600,compute-0-0,0.000000072,-0.000000004,0.000000760
600,compute-0-1,0.000000189,+0.000000110,0.000000961
600,compute-0-2,0.000000106,-0.000000192,0.000000662
600,compute-0-3,0.000000179,+0.000000111,0.000000107
601,compute-0-0,0.000000136,+0.000000564,0.000000743
601,compute-0-1,0.000000681,+0.000000545,0.000000927
601,compute-0-2,0.000000101,+0.000000002,0.000000628
601,compute-0-3,0.000000205,+0.000000087,0.000000105
602,compute-0-0,0.000000260,-0.000000277,0.000000710
602,compute-0-1,0.000000407,+0.000000545,0.000000927
602,compute-0-2,0.000000094,+0.000000002,0.000000628
602,compute-0-3,0.000000336,+0.000000217,0.000000121
603,compute-0-0,0.000000000,-0.000000277,0.000000710
603,compute-0-1,0.000000359,+0.000000114,0.000000881
603,compute-0-2,0.000000176,+0.000000102,0.000000597
603,compute-0-3,0.000000215,+0.000000217,0.000000121
604,compute-0-0,0.000000024,-0.000000025,0.000000674
604,compute-0-1,0.000000276,+0.000000009,0.000000835
604,compute-0-2,0.000000381,+0.000000255,0.000000572
604,compute-0-3,0.000000005,+0.000001045,0.000000350
605,compute-0-0,0.000000165,-0.000000157,0.000000641
605,compute-0-1,0.000000229,+0.000000009,0.000000835
605,compute-0-2,0.000000257,+0.000000255,0.000000572
605,compute-0-3,0.000000102,+0.000000106,0.000000334
606,compute-0-0,0.000000059,-0.000000157,0.000000641
606,compute-0-1,0.000000465,+0.000000440,0.000000805
606,compute-0-2,0.000000163,-0.000000047,0.000000542
606,compute-0-3,0.000000176,+0.000000084,0.000000318
607,compute-0-0,0.000000011,-0.000000105,0.000000609
607,compute-0-1,0.000000140,-0.000000128,0.000000764
607,compute-0-2,0.000000136,-0.000000003,0.000000515
607,compute-0-3,0.000000150,+0.000000084,0.000000318
608,compute-0-0,0.000000025,-0.000000026,0.000000578
608,compute-0-1,0.000000127,-0.000000128,0.000000764
608,compute-0-2,0.000000120,-0.000000003,0.000000515
608,compute-0-3,0.000000370,+0.000002533,0.000000856
609,compute-0-0,0.000000017,-0.000000026,0.000000578
609,compute-0-1,0.000000255,+0.000000180,0.000000727
609,compute-0-2,0.000000062,-0.000000182,0.000000492
609,compute-0-3,0.000000352,-0.000000359,0.000000820
610,compute-0-0,0.000000007,+0.000000008,0.000000548
610,compute-0-1,0.000000124,-0.000000085,0.000000691
610,compute-0-2,0.000000537,+0.000000738,0.000000522
610,compute-0-3,0.000000268,-0.000000359,0.000000820
611,compute-0-0,0.000000047,-0.000000123,0.000000521
611,compute-0-1,0.000000113,-0.000000085,0.000000691
611,compute-0-2,0.000000197,+0.000000738,0.000000522
611,compute-0-3,0.000000786,+0.000002645,0.000001142
612,compute-0-0,0.000000000,-0.000000123,0.000000521
612,compute-0-1,0.000000204,+0.000000128,0.000000656
612,compute-0-2,0.000000004,+0.000003719,0.000001276
612,compute-0-3,0.000000186,+0.000000190,0.000001085
613,compute-0-0,0.000000018,-0.000000024,0.000000495
613,compute-0-1,0.000000544,+0.000000504,0.000000643
613,compute-0-2,0.000000587,-0.000000652,0.000001228
613,compute-0-3,0.000000168,+0.000000190,0.000001085
614,compute-0-0,0.000000082,+0.000000136,0.000000471
614,compute-0-1,0.000000203,+0.000000504,0.000000643
614,compute-0-2,0.000007571,-0.000008997,0.000003074
614,compute-0-3,0.000000322,+0.000000212,0.000001032
615,compute-0-0,0.000000000,+0.000000136,0.000000471
615,compute-0-1,0.000000093,-0.000000089,0.000000610
615,compute-0-2,0.000000007,-0.000008997,0.000003074
615,compute-0-3,0.000000419,+0.000000178,0.000000980
616,compute-0-0,0.000000001,+0.000000001,0.000000447
616,compute-0-1,0.000000046,-0.000000042,0.000000579
616,compute-0-2,0.000000139,-0.000000151,0.000002917
616,compute-0-3,0.000000315,+0.000000178,0.000000980
617,compute-0-0,0.000000039,+0.000000048,0.000000424
617,compute-0-1,0.000000284,+0.000000242,0.000000555
617,compute-0-2,0.000000560,-0.000000443,0.000002771
617,compute-0-3,0.000000171,-0.000000110,0.000000931
618,compute-0-0,0.000000030,+0.000000008,0.000000403
618,compute-0-1,0.000000224,+0.000000242,0.000000555
618,compute-0-2,0.000000428,-0.000000443,0.000002771
618,compute-0-3,0.000000388,+0.000000269,0.000000887
619,compute-0-0,0.000000023,+0.000000008,0.000000403
619,compute-0-1,0.000000058,-0.000000138,0.000000528
619,compute-0-2,0.000000675,-0.000000512,0.000002633
619,compute-0-3,0.000000282,+0.000000269,0.000000887
620,compute-0-0,0.000000022,-0.000000046,0.000000382
620,compute-0-1,0.000000128,-0.000000185,0.000000505
620,compute-0-2,0.000000565,-0.000000198,0.000002499
620,compute-0-3,0.000000223,-0.000000015,0.000000842
621,compute-0-0,0.000000035,-0.000000019,0.000000363
621,compute-0-1,0.000000116,-0.000000185,0.000000505
621,compute-0-2,0.000000404,-0.000000198,0.000002499
621,compute-0-3,0.000000188,-0.000000003,0.000000798
622,compute-0-0,0.000000024,-0.000000019,0.000000363
622,compute-0-1,0.000000104,+0.000000002,0.000000479
622,compute-0-2,0.000000915,-0.000001404,0.000002412
622,compute-0-3,0.000000165,-0.000000003,0.000000798
623,compute-0-0,0.000000028,-0.000000015,0.000000344
623,compute-0-1,0.000000163,+0.000000265,0.000000462
623,compute-0-2,0.000000746,+0.000001106,0.000002315
623,compute-0-3,0.000000218,-0.000000418,0.000000769
624,compute-0-0,0.000000025,+0.000000046,0.000000327
624,compute-0-1,0.000000140,+0.000000265,0.000000462
624,compute-0-2,0.000000001,+0.000001106,0.000002315
624,compute-0-3,0.000000084,+0.000000115,0.000000730
625,compute-0-0,0.000000020,+0.000000046,0.000000327
625,compute-0-1,0.000000091,-0.000000036,0.000000438
625,compute-0-2,0.000000116,+0.000000805,0.000002211
625,compute-0-3,0.000000111,-0.000000031,0.000000693
626,compute-0-0,0.000000040,+0.000000043,0.000000310
626,compute-0-1,0.000000377,+0.000000334,0.000000429
626,compute-0-2,0.000000542,-0.000000722,0.000002110
626,compute-0-3,0.000000104,-0.000000031,0.000000693
627,compute-0-0,0.000000021,+0.000000004,0.000000294
627,compute-0-1,0.000000218,+0.000000334,0.000000429
627,compute-0-2,0.000000001,-0.000000722,0.000002110
627,compute-0-3,0.000000173,+0.000000287,0.000000664
628,compute-0-0,0.000000017,+0.000000004,0.000000294
628,compute-0-1,0.000000241,+0.000000130,0.000000409
628,compute-0-2,0.000000012,+0.000000012,0.000002002
628,compute-0-3,0.000000266,-0.000000427,0.000000644
629,compute-0-0,0.000000041,+0.000000074,0.000000280
629,compute-0-1,0.000000143,-0.000000027,0.000000388
629,compute-0-2,0.000000184,+0.000000194,0.000001900
629,compute-0-3,0.000000220,-0.000000427,0.000000644
630,compute-0-0,0.000000035,+0.000000039,0.000000266
630,compute-0-1,0.000000120,-0.000000027,0.000000388
630,compute-0-2,0.000000130,+0.000000194,0.000001900
630,compute-0-3,0.000000133,+0.000000064,0.000000611
631,compute-0-0,0.000000023,+0.000000039,0.000000266
631,compute-0-1,0.000000103,-0.000000232,0.000000375
631,compute-0-2,0.000000155,+0.000000083,0.000001802
631,compute-0-3,0.000000008,+0.000000115,0.000000581
632,compute-0-0,0.000000034,+0.000000117,0.000000255
632,compute-0-1,0.000000231,-0.000000165,0.000000360
632,compute-0-2,0.000000192,+0.000000105,0.000001710
632,compute-0-3,0.000000008,+0.000000115,0.000000581
633,compute-0-0,0.000000011,+0.000000011,0.000000242
633,compute-0-1,0.000000161,-0.000000165,0.000000360
633,compute-0-2,0.000000074,-0.000000044,0.000001623
633,compute-0-3,0.000000416,-0.000000569,0.000000580
634,compute-0-0,0.000000010,+0.000000011,0.000000242
634,compute-0-1,0.000000154,-0.000000029,0.000000342
634,compute-0-2,0.000000066,-0.000000044,0.000001623
634,compute-0-3,0.000000084,+0.000000171,0.000000553
635,compute-0-0,0.000000001,-0.000001114,0.000000421
635,compute-0-1,0.000000292,-0.000000217,0.000000331
635,compute-0-2,0.000000226,-0.000000348,0.000001543
635,compute-0-3,0.000000079,+0.000000171,0.000000553
636,compute-0-0,0.000000010,-0.000000012,0.000000399
636,compute-0-1,0.000000203,-0.000000031,0.000000314
636,compute-0-2,0.000000118,-0.000000348,0.000001543
636,compute-0-3,0.000000082,-0.000000009,0.000000524
637,compute-0-0,0.000000076,-0.000000069,0.000000379
637,compute-0-1,0.000000161,-0.000000031,0.000000314
637,compute-0-2,0.000000009,-0.000000348,0.000001543
637,compute-0-3,0.000000200,-0.000000132,0.000000499
638,compute-0-0,0.000000034,-0.000000069,0.000000379
638,compute-0-1,0.000000227,-0.000000125,0.000000301
638,compute-0-2,0.000000829,-0.000001144,0.000001508
638,compute-0-3,0.000000166,-0.000000132,0.000000499
639,compute-0-0,0.000000016,-0.000000000,0.000000360
639,compute-0-1,0.000000359,-0.000000217,0.000000294
639,compute-0-2,0.000000160,+0.000000594,0.000001443
639,compute-0-3,0.000000239,-0.000000138,0.000000476
640,compute-0-0,0.000000012,+0.000000002,0.000000341
640,compute-0-1,0.000000217,-0.000000217,0.000000294
640,compute-0-2,0.000000137,+0.000000594,0.000001443
640,compute-0-3,0.000000303,-0.000000136,0.000000453
641,compute-0-0,0.000000011,+0.000000002,0.000000341
641,compute-0-1,0.000000271,-0.000000185,0.000000285
641,compute-0-2,0.000000350,+0.000000600,0.000001382
641,compute-0-3,0.000000226,-0.000000136,0.000000453
642,compute-0-0,0.000000027,-0.000000021,0.000000324
642,compute-0-1,0.000000440,-0.000000325,0.000000289
642,compute-0-2,0.000000413,-0.000000488,0.000001320
642,compute-0-3,0.000000355,-0.000000318,0.000000442
643,compute-0-0,0.000000018,+0.000000004,0.000000307
643,compute-0-1,0.000000193,-0.000000325,0.000000289
643,compute-0-2,0.000000151,-0.000000488,0.000001320
643,compute-0-3,0.000000107,+0.000000149,0.000000421
644,compute-0-0,0.000000016,+0.000000004,0.000000307
644,compute-0-1,0.000000079,+0.000000058,0.000000275
644,compute-0-2,0.000000106,-0.000000011,0.000001252
644,compute-0-3,0.000000146,+0.000000245,0.000000407
645,compute-0-0,0.000000045,-0.000000057,0.000000292
645,compute-0-1,0.000000042,+0.000000032,0.000000261
645,compute-0-2,0.000000397,-0.000000426,0.000001196
645,compute-0-3,0.000000131,+0.000000245,0.000000407
646,compute-0-0,0.000000076,-0.000000077,0.000000278
646,compute-0-1,0.000000040,+0.000000032,0.000000261
646,compute-0-2,0.000000062,-0.000000426,0.000001196
646,compute-0-3,0.000000239,+0.000000143,0.000000389
647,compute-0-0,0.000000010,-0.000000077,0.000000278
647,compute-0-1,0.000000059,-0.000000023,0.000000247
647,compute-0-2,0.000000142,+0.000000217,0.000001136
647,compute-0-3,0.000000647,-0.000000894,0.000000465
648,compute-0-0,0.000000033,-0.000000039,0.000000264
648,compute-0-1,0.000000046,+0.000000010,0.000000235
648,compute-0-2,0.000000343,-0.000000624,0.000001096
648,compute-0-3,0.000000295,-0.000000894,0.000000465
649,compute-0-0,0.000000110,-0.000000256,0.000000263
649,compute-0-1,0.000000044,+0.000000010,0.000000235
649,compute-0-2,0.000000000,-0.000000624,0.000001096
649,compute-0-3,0.000000111,+0.000000068,0.000000442
650,compute-0-0,0.000000000,-0.000000256,0.000000263
650,compute-0-1,0.000000169,-0.000000173,0.000000229
650,compute-0-2,0.000000199,+0.000000361,0.000001046
650,compute-0-3,0.000000085,+0.000000189,0.000000423
651,compute-0-0,0.000000000,-0.000000194,0.000000257
651,compute-0-1,0.000000142,-0.000000010,0.000000218
651,compute-0-2,0.000000480,+0.000000905,0.000001033
651,compute-0-3,0.000000079,+0.000000189,0.000000423
652,compute-0-0,0.000000100,+0.000000131,0.000000247
652,compute-0-1,0.000000158,-0.000000041,0.000000207
652,compute-0-2,0.000000087,-0.000000087,0.000000980
652,compute-0-3,0.000000256,-0.000000395,0.000000420
653,compute-0-0,0.000000140,+0.000000101,0.000000237
653,compute-0-1,0.000000131,-0.000000041,0.000000207
653,compute-0-2,0.000000079,-0.000000087,0.000000980
653,compute-0-3,0.000000035,+0.000000239,0.000000406
654,compute-0-0,0.000000059,+0.000000101,0.000000237
654,compute-0-1,0.000000281,-0.000000938,0.000000356
654,compute-0-2,0.000000006,+0.000000070,0.000000930
654,compute-0-3,0.000000034,+0.000000239,0.000000406
655,compute-0-0,0.000000119,+0.000000181,0.000000232
655,compute-0-1,0.000000079,-0.000000080,0.000000338
655,compute-0-2,0.000002917,+0.000003928,0.000001524
655,compute-0-3,0.000000012,-0.000000021,0.000000385
656,compute-0-0,0.000000433,+0.000001196,0.000000438
656,compute-0-1,0.000000072,-0.000000080,0.000000338
656,compute-0-2,0.000000003,+0.000003928,0.000001524
656,compute-0-3,0.000000260,-0.000000297,0.000000377
657,compute-0-0,0.000000001,+0.000001196,0.000000438
657,compute-0-1,0.000000199,+0.000000319,0.000000337
657,compute-0-2,0.000000005,+0.000004939,0.000002128
657,compute-0-3,0.000000197,-0.000000297,0.000000377
658,compute-0-0,0.000000052,-0.000000063,0.000000416
658,compute-0-1,0.000000058,-0.000000202,0.000000326
658,compute-0-2,0.000002484,-0.000003914,0.000002368
658,compute-0-3,0.000000090,+0.000000096,0.000000359
659,compute-0-0,0.000000126,-0.000000109,0.000000396
659,compute-0-1,0.000000054,-0.000000202,0.000000326
659,compute-0-2,0.000000002,-0.000003914,0.000002368
659,compute-0-3,0.000000033,+0.000000119,0.000000343
660,compute-0-0,0.000000012,-0.000000109,0.000000396
660,compute-0-1,0.000000300,+0.000000551,0.000000355
660,compute-0-2,0.000000287,+0.000000312,0.000002249
660,compute-0-3,0.000000363,+0.000000334,0.000000342
661,compute-0-0,0.000000048,+0.000000214,0.000000382
661,compute-0-1,0.000000143,+0.000000025,0.000000337
661,compute-0-2,0.000000008,-0.000000273,0.000002135
661,compute-0-3,0.000000249,+0.000000334,0.000000342
662,compute-0-0,0.000000033,-0.000000034,0.000000362
662,compute-0-1,0.000000119,+0.000000025,0.000000337
662,compute-0-2,0.000000008,-0.000000273,0.000002135
662,compute-0-3,0.000000332,+0.000000209,0.000000331
663,compute-0-0,0.000000028,-0.000000034,0.000000362
663,compute-0-1,0.000000022,-0.000000138,0.000000322
663,compute-0-2,0.000000175,-0.000000177,0.000002026
663,compute-0-3,0.000000358,+0.000000158,0.000000318
664,compute-0-0,0.000000002,+0.000000029,0.000000344
664,compute-0-1,0.000000035,+0.000000057,0.000000306
664,compute-0-2,0.000000338,-0.000000190,0.000001923
664,compute-0-3,0.000000250,+0.000000158,0.000000318
665,compute-0-0,0.000000090,+0.000000110,0.000000328
665,compute-0-1,0.000000034,+0.000000057,0.000000306
665,compute-0-2,0.000000287,-0.000000190,0.000001923
665,compute-0-3,0.000000134,-0.000000064,0.000000302
666,compute-0-0,0.000000029,+0.000000110,0.000000328
666,compute-0-1,0.000000768,+0.000001173,0.000000471
666,compute-0-2,0.000000414,-0.000000257,0.000001826
666,compute-0-3,0.000000122,+0.000000005,0.000000287
667,compute-0-0,0.000000059,+0.000000071,0.000000312
667,compute-0-1,0.000000789,+0.000000380,0.000000463
667,compute-0-2,0.000000158,+0.000000180,0.000001733
667,compute-0-3,0.000000109,+0.000000005,0.000000287
668,compute-0-0,0.000000022,-0.000000014,0.000000296
668,compute-0-1,0.000002867,+0.000002449,0.000000890
668,compute-0-2,0.000000439,-0.000000295,0.000001647
668,compute-0-3,0.000000111,+0.000000015,0.000000272
669,compute-0-0,0.000000019,-0.000000014,0.000000296
669,compute-0-1,0.000000003,+0.000002449,0.000000890
669,compute-0-2,0.000000338,-0.000000295,0.000001647
669,compute-0-3,0.000000694,-0.000000967,0.000000400
670,compute-0-0,0.000000032,+0.000000021,0.000000281
670,compute-0-1,0.000000638,-0.000001066,0.000000909
670,compute-0-2,0.000000004,+0.000000288,0.000001565
670,compute-0-3,0.000000001,-0.000000967,0.000000400
671,compute-0-0,0.000000038,+0.000000014,0.000000266
671,compute-0-1,0.000001248,+0.000001337,0.000000961
671,compute-0-2,0.000000065,-0.000000062,0.000001485
671,compute-0-3,0.000000301,-0.000000442,0.000000404
672,compute-0-0,0.000000020,-0.000000009,0.000000253
672,compute-0-1,0.000000377,+0.000001337,0.000000961
672,compute-0-2,0.000000063,-0.000000062,0.000001485
672,compute-0-3,0.000000149,+0.000000334,0.000000398
673,compute-0-0,0.000000018,-0.000000009,0.000000253
673,compute-0-1,0.000000003,+0.000003004,0.000001316
673,compute-0-2,0.000000000,+0.000000063,0.000001409
673,compute-0-3,0.000000126,+0.000000334,0.000000398
674,compute-0-0,0.000000067,+0.000000077,0.000000241
674,compute-0-1,0.000000035,+0.000000038,0.000001249
674,compute-0-2,0.000000203,-0.000000207,0.000001338
674,compute-0-3,0.000000161,+0.000000070,0.000000378
675,compute-0-0,0.000000038,+0.000000011,0.000000229
675,compute-0-1,0.000000034,+0.000000038,0.000001249
675,compute-0-2,0.000000179,-0.000000207,0.000001338
675,compute-0-3,0.000000091,-0.000000044,0.000000359
676,compute-0-0,0.000000030,+0.000000011,0.000000229
676,compute-0-1,0.000000064,-0.000000101,0.000001185
676,compute-0-2,0.000000686,+0.000001481,0.000001353
676,compute-0-3,0.000000082,-0.000000044,0.000000359
677,compute-0-0,0.000000020,-0.000000050,0.000000218
677,compute-0-1,0.000000527,-0.000000577,0.000001139
677,compute-0-2,0.000000130,+0.000000133,0.000001285
677,compute-0-3,0.000000075,+0.000000001,0.000000341
678,compute-0-0,0.000000026,-0.000000009,0.000000206
678,compute-0-1,0.000000105,-0.000000577,0.000001139
678,compute-0-2,0.000000120,+0.000000133,0.000001285
678,compute-0-3,0.000000103,+0.000000038,0.000000323
679,compute-0-0,0.000000023,-0.000000009,0.000000206
679,compute-0-1,0.000000103,-0.000000088,0.000001081
679,compute-0-2,0.000000415,+0.000000416,0.000001226
679,compute-0-3,0.000000021,-0.000000112,0.000000309
680,compute-0-0,0.000000050,-0.000000047,0.000000196
680,compute-0-1,0.000000338,-0.000000297,0.000001030
680,compute-0-2,0.000000340,+0.000000056,0.000001163
680,compute-0-3,0.000000020,-0.000000112,0.000000309
681,compute-0-0,0.000000049,-0.000000019,0.000000186
681,compute-0-1,0.000000187,-0.000000297,0.000001030
681,compute-0-2,0.000000271,+0.000000056,0.000001163
681,compute-0-3,0.000000149,+0.000000187,0.000000299
682,compute-0-0,0.000000034,-0.000000019,0.000000186
682,compute-0-1,0.000000211,-0.000000098,0.000000978
682,compute-0-2,0.000000361,+0.000000187,0.000001105
682,compute-0-3,0.000000105,-0.000000018,0.000000284
683,compute-0-0,0.000000057,-0.000000060,0.000000178
683,compute-0-1,0.000000048,+0.000000224,0.000000930
683,compute-0-2,0.000000960,+0.000002865,0.000001385
683,compute-0-3,0.000000093,-0.000000018,0.000000284
684,compute-0-0,0.000000057,-0.000000032,0.000000169
684,compute-0-1,0.000000046,+0.000000224,0.000000930
684,compute-0-2,0.000000001,+0.000002865,0.000001385
684,compute-0-3,0.000000408,+0.000000548,0.000000320
685,compute-0-0,0.000000037,-0.000000032,0.000000169
685,compute-0-1,0.000000082,+0.000000044,0.000000882
685,compute-0-2,0.000000190,+0.000000213,0.000001316
685,compute-0-3,0.000000278,+0.000000151,0.000000307
686,compute-0-0,0.000000055,-0.000000056,0.000000161
686,compute-0-1,0.000000142,+0.000000076,0.000000837
686,compute-0-2,0.000000578,-0.000000863,0.000001278
686,compute-0-3,0.000000205,+0.000000151,0.000000307
687,compute-0-0,0.000000071,-0.000000054,0.000000154
687,compute-0-1,0.000000712,+0.000000620,0.000000818
687,compute-0-2,0.000000937,-0.000000589,0.000001227
687,compute-0-3,0.000000197,+0.000000045,0.000000292
688,compute-0-0,0.000000059,-0.000000024,0.000000146
688,compute-0-1,0.000000210,+0.000000620,0.000000818
688,compute-0-2,0.000000532,-0.000000589,0.000001227
688,compute-0-3,0.000000360,+0.000000235,0.000000287
689,compute-0-0,0.000000043,-0.000000024,0.000000146
689,compute-0-1,0.000000004,-0.000000018,0.000000776
689,compute-0-2,0.000000808,-0.000000800,0.000001191
689,compute-0-3,0.000000222,+0.000000235,0.000000287
690,compute-0-0,0.000000098,-0.000000106,0.000000143
690,compute-0-1,0.000000635,+0.000000717,0.000000771
690,compute-0-2,0.000000762,-0.000000523,0.000001142
690,compute-0-3,0.000000232,+0.000000095,0.000000274
691,compute-0-0,0.000000326,+0.000000426,0.000000191
691,compute-0-1,0.000000099,+0.000000717,0.000000771
691,compute-0-2,0.000000494,-0.000000523,0.000001142
691,compute-0-3,0.000000249,+0.000000088,0.000000261
692,compute-0-0,0.000000000,+0.000000426,0.000000191
692,compute-0-1,0.000000002,-0.000000002,0.000000731
692,compute-0-2,0.000000795,-0.000001569,0.000001191
692,compute-0-3,0.000000183,+0.000000088,0.000000261
693,compute-0-0,0.000000010,-0.000000010,0.000000181
693,compute-0-1,0.000000904,+0.000001171,0.000000786
693,compute-0-2,0.000001956,-0.000002511,0.000001381
693,compute-0-3,0.000000158,+0.000000008,0.000000248
694,compute-0-0,0.000000043,+0.000000054,0.000000173
694,compute-0-1,0.000000001,+0.000001171,0.000000786
694,compute-0-2,0.000000002,-0.000002511,0.000001381
694,compute-0-3,0.000000168,+0.000000040,0.000000235
695,compute-0-0,0.000000032,+0.000000054,0.000000173
695,compute-0-1,0.000000043,-0.000000043,0.000000746
695,compute-0-2,0.000000271,-0.000001571,0.000001402
695,compute-0-3,0.000000114,-0.000000025,0.000000223
696,compute-0-0,0.000000040,+0.000000022,0.000000164
696,compute-0-1,0.000000192,+0.000000244,0.000000712
696,compute-0-2,0.000001371,+0.000002052,0.000001480
696,compute-0-3,0.000000102,-0.000000025,0.000000223
697,compute-0-0,0.000000189,+0.000000315,0.000000185
697,compute-0-1,0.000000157,+0.000000244,0.000000712
697,compute-0-2,0.000000001,+0.000002052,0.000001480
697,compute-0-3,0.000000188,+0.000000112,0.000000215
698,compute-0-0,0.000000000,+0.000000315,0.000000185
698,compute-0-1,0.000000016,-0.000000168,0.000000677
698,compute-0-2,0.000000303,+0.000000365,0.000001408
698,compute-0-3,0.000000372,+0.000000230,0.000000216
699,compute-0-0,0.000000002,+0.000000261,0.000000194
699,compute-0-1,0.000000368,-0.000000417,0.000000656
699,compute-0-2,0.000001118,+0.000001279,0.000001396
699,compute-0-3,0.000000242,+0.000000230,0.000000216
700,compute-0-0,0.000000015,-0.000000016,0.000000184
700,compute-0-1,0.000000205,-0.000000417,0.000000656
700,compute-0-2,0.000000001,+0.000001279,0.000001396
700,compute-0-3,0.000000268,+0.000000133,0.000000210
701,compute-0-0,0.000000014,-0.000000016,0.000000184
701,compute-0-1,0.000000099,+0.000000087,0.000000623
701,compute-0-2,0.000000213,-0.000000238,0.000001326
701,compute-0-3,0.000000590,-0.000000846,0.000000333
702,compute-0-0,0.000000052,+0.000000088,0.000000177
702,compute-0-1,0.000000037,+0.000000056,0.000000591
702,compute-0-2,0.000001142,+0.000001974,0.000001405
702,compute-0-3,0.000000181,-0.000000846,0.000000333
703,compute-0-0,0.000000108,+0.000000113,0.000000171
703,compute-0-1,0.000000569,-0.000000540,0.000000586
703,compute-0-2,0.000000425,+0.000000427,0.000001339
703,compute-0-3,0.000000053,-0.000000000,0.000000316
704,compute-0-0,0.000000008,+0.000000113,0.000000171
704,compute-0-1,0.000000226,-0.000000540,0.000000586
704,compute-0-2,0.000000346,+0.000000427,0.000001339
704,compute-0-3,0.000000016,+0.000000067,0.000000301
705,compute-0-0,0.000000026,+0.000000024,0.000000163
705,compute-0-1,0.000000386,-0.000000517,0.000000580
705,compute-0-2,0.000000119,-0.000000436,0.000001278
705,compute-0-3,0.000000016,+0.000000067,0.000000301
706,compute-0-0,0.000000006,-0.000000030,0.000000155
706,compute-0-1,0.000000129,-0.000000058,0.000000550
706,compute-0-2,0.000000108,-0.000000000,0.000001213
706,compute-0-3,0.000000083,+0.000000073,0.000000286
707,compute-0-0,0.000000258,-0.000000300,0.000000175
707,compute-0-1,0.000000112,-0.000000058,0.000000550
707,compute-0-2,0.000000099,-0.000000000,0.000001213
707,compute-0-3,0.000000090,+0.000000015,0.000000272
708,compute-0-0,0.000000000,-0.000000300,0.000000175
708,compute-0-1,0.000000264,-0.000000236,0.000000527
708,compute-0-2,0.000000385,-0.000000375,0.000001156
708,compute-0-3,0.000000082,+0.000000015,0.000000272
709,compute-0-0,0.000000003,+0.000000003,0.000000166
709,compute-0-1,0.000000168,-0.000000003,0.000000500
709,compute-0-2,0.000000486,-0.000000258,0.000001100
709,compute-0-3,0.000000038,-0.000000041,0.000000258
710,compute-0-0,0.000000015,+0.000000012,0.000000157
710,compute-0-1,0.000000138,-0.000000003,0.000000500
710,compute-0-2,0.000000225,-0.000000258,0.000001100
710,compute-0-3,0.000000144,+0.000000116,0.000000247
711,compute-0-0,0.000000013,+0.000000012,0.000000157
711,compute-0-1,0.000000102,+0.000000019,0.000000475
711,compute-0-2,0.000000367,+0.000001174,0.000001108
711,compute-0-3,0.000000121,+0.000000116,0.000000247
712,compute-0-0,0.000000010,-0.000000192,0.000000161
712,compute-0-1,0.000000071,+0.000000021,0.000000450
712,compute-0-2,0.000000104,-0.000000106,0.000001051
712,compute-0-3,0.000000075,+0.000001361,0.000000490
713,compute-0-0,0.000000098,+0.000000110,0.000000157
713,compute-0-1,0.000000066,+0.000000021,0.000000450
713,compute-0-2,0.000000095,-0.000000106,0.000001051
713,compute-0-3,0.000000418,-0.000000500,0.000000491
714,compute-0-0,0.000000043,+0.000000110,0.000000157
714,compute-0-1,0.000000067,-0.000000007,0.000000427
714,compute-0-2,0.000000291,-0.000000309,0.000001002
714,compute-0-3,0.000000259,-0.000000010,0.000000466
715,compute-0-0,0.000000002,-0.000002141,0.000000693
715,compute-0-1,0.000000564,-0.000000761,0.000000471
715,compute-0-2,0.000000836,-0.000000945,0.000000997
715,compute-0-3,0.000000212,-0.000000010,0.000000466
716,compute-0-0,0.000000132,-0.000000269,0.000000663
716,compute-0-1,0.000000001,-0.000000761,0.000000471
716,compute-0-2,0.000000001,-0.000000945,0.000000997
716,compute-0-3,0.000000310,-0.000000171,0.000000445
717,compute-0-0,0.000000000,-0.000000269,0.000000663
717,compute-0-1,0.000000003,-0.000003178,0.000001100
717,compute-0-2,0.000000458,-0.000000841,0.000000982
717,compute-0-3,0.000000158,+0.000000067,0.000000423
718,compute-0-0,0.000000003,+0.000000003,0.000000629
718,compute-0-1,0.000000321,-0.000000358,0.000001050
718,compute-0-2,0.000000427,-0.000000267,0.000000936
718,compute-0-3,0.000000139,+0.000000067,0.000000423
719,compute-0-0,0.000000003,+0.000000003,0.000000629
719,compute-0-1,0.000000243,-0.000000358,0.000001050
719,compute-0-2,0.000000272,-0.000000267,0.000000936
719,compute-0-3,0.000000130,-0.000000008,0.000000401
720,compute-0-0,0.000000003,+0.000000003,0.000000629
720,compute-0-1,0.000000341,-0.000000223,0.000000998
720,compute-0-2,0.000000309,-0.000000140,0.000000889
720,compute-0-3,0.000000403,-0.000000308,0.000000393
