sample_id,hostname,instant_offset_sec,last_offset_sec,jitter_sec
1,compute-0-0,0.000000005,+0.000000001,0.000000369
1,compute-0-1,0.000000020,-0.000000021,0.000000632
1,compute-0-2,0.000000049,+0.000000045,0.000000331
1,compute-0-3,0.000000017,+0.000000038,0.000001459
2,compute-0-0,0.000000041,-0.000000051,0.000000350
2,compute-0-1,0.000000016,-0.000000021,0.000000632
2,compute-0-2,0.000000029,+0.000000045,0.000000331
2,compute-0-3,0.000000011,-0.000000004,0.000001384
3,compute-0-0,0.000000021,-0.000000051,0.000000350
3,compute-0-1,0.000000001,-0.000000509,0.000000621
3,compute-0-2,0.000000042,+0.000000033,0.000000314
3,compute-0-3,0.000000006,-0.000000015,0.000001313
4,compute-0-0,0.000000023,-0.000000013,0.000000332
4,compute-0-1,0.000000043,+0.000000044,0.000000589
4,compute-0-2,0.000000091,+0.000000237,0.000000307
4,compute-0-3,0.000000044,-0.000000039,0.000001245
5,compute-0-0,0.000000008,+0.000000009,0.000000315
5,compute-0-1,0.000000038,+0.000000044,0.000000589
5,compute-0-2,0.000000000,+0.000000237,0.000000307
5,compute-0-3,0.000000032,-0.000000039,0.000001245
6,compute-0-0,0.000000008,+0.000000009,0.000000315
6,compute-0-1,0.000000079,-0.000000128,0.000000561
6,compute-0-2,0.000000006,+0.000000302,0.000000307
6,compute-0-3,0.000000053,-0.000000043,0.000001182
7,compute-0-0,0.000000011,-0.000000005,0.000000299
7,compute-0-1,0.000000192,+0.000000289,0.000000540
7,compute-0-2,0.000000133,-0.000000255,0.000000302
7,compute-0-3,0.000000010,+0.000000036,0.000001121
8,compute-0-0,0.000000018,-0.000000008,0.000000284
8,compute-0-1,0.000000118,+0.000000289,0.000000540
8,compute-0-2,0.000000000,-0.000000255,0.000000302
8,compute-0-3,0.000000009,+0.000000036,0.000001121
9,compute-0-0,0.000000015,-0.000000008,0.000000284
9,compute-0-1,0.000000001,+0.000000851,0.000000578
9,compute-0-2,0.000000111,+0.000000382,0.000000311
9,compute-0-3,0.000000021,-0.000000032,0.000001064
10,compute-0-0,0.000000016,-0.000000004,0.000000269
10,compute-0-1,0.000000097,+0.000000110,0.000000550
10,compute-0-2,0.000000178,+0.000000213,0.000000303
10,compute-0-3,0.000000008,+0.000000026,0.000001009
11,compute-0-0,0.000000025,-0.000000014,0.000000256
11,compute-0-1,0.000000069,+0.000000110,0.000000550
11,compute-0-2,0.000000261,+0.000000158,0.000000292
11,compute-0-3,0.000000008,+0.000000026,0.000001009
12,compute-0-0,0.000000019,-0.000000014,0.000000256
12,compute-0-1,0.000000001,+0.000000469,0.000000542
12,compute-0-2,0.000000068,+0.000000158,0.000000292
12,compute-0-3,0.000000004,-0.000000011,0.000000957
13,compute-0-0,0.000000021,-0.000000008,0.000000242
13,compute-0-1,0.000000073,-0.000000082,0.000000515
13,compute-0-2,0.000000052,+0.000000057,0.000000277
13,compute-0-3,0.000000017,-0.000000014,0.000000908
14,compute-0-0,0.000000039,-0.000000030,0.000000230
14,compute-0-1,0.000000094,+0.000000150,0.000000491
14,compute-0-2,0.000000006,-0.000000050,0.000000263
14,compute-0-3,0.000000015,-0.000000014,0.000000908
15,compute-0-0,0.000000030,-0.000000009,0.000000218
15,compute-0-1,0.000000078,+0.000000150,0.000000491
15,compute-0-2,0.000000006,-0.000000050,0.000000263
15,compute-0-3,0.000000001,+0.000000013,0.000000862
16,compute-0-0,0.000000023,-0.000000009,0.000000218
16,compute-0-1,0.000000198,-0.000000340,0.000000478
16,compute-0-2,0.000000001,-0.000000620,0.000000318
16,compute-0-3,0.000000012,+0.000000014,0.000000817
17,compute-0-0,0.000000029,-0.000000014,0.000000207
17,compute-0-1,0.000000118,-0.000000031,0.000000454
17,compute-0-2,0.000000150,-0.000000189,0.000000307
17,compute-0-3,0.000000010,+0.000000014,0.000000817
18,compute-0-0,0.000000056,-0.000000037,0.000000197
18,compute-0-1,0.000000090,-0.000000031,0.000000454
18,compute-0-2,0.000000000,-0.000000189,0.000000307
18,compute-0-3,0.000000006,-0.000000016,0.000000775
19,compute-0-0,0.000000031,-0.000000037,0.000000197
19,compute-0-1,0.000000099,-0.000000038,0.000000430
19,compute-0-2,0.000000001,+0.000000586,0.000000345
19,compute-0-3,0.000000064,+0.000000089,0.000000736
20,compute-0-0,0.000000049,-0.000000049,0.000000187
20,compute-0-1,0.000000210,-0.000000157,0.000000411
20,compute-0-2,0.000000117,+0.000000133,0.000000330
20,compute-0-3,0.000000001,+0.000000089,0.000000736
21,compute-0-0,0.000000065,-0.000000049,0.000000179
21,compute-0-1,0.000000092,-0.000000157,0.000000411
21,compute-0-2,0.000000047,+0.000000133,0.000000330
21,compute-0-3,0.000000007,-0.000000007,0.000000698
22,compute-0-0,0.000000033,-0.000000049,0.000000179
22,compute-0-1,0.000000157,-0.000000201,0.000000395
22,compute-0-2,0.000000012,-0.000000044,0.000000314
22,compute-0-3,0.000000000,+0.000000006,0.000000663
23,compute-0-0,0.000000054,-0.000000063,0.000000171
23,compute-0-1,0.000000089,-0.000000047,0.000000375
23,compute-0-2,0.000000239,-0.000000368,0.000000320
23,compute-0-3,0.000000000,+0.000000006,0.000000663
24,compute-0-0,0.000000094,-0.000000091,0.000000164
24,compute-0-1,0.000000070,-0.000000047,0.000000375
24,compute-0-2,0.000000000,-0.000000368,0.000000320
24,compute-0-3,0.000000014,+0.000000017,0.000000629
25,compute-0-0,0.000000022,-0.000000091,0.000000164
25,compute-0-1,0.000000093,-0.000000054,0.000000357
25,compute-0-2,0.000000036,-0.000000041,0.000000303
25,compute-0-3,0.000000015,+0.000000004,0.000000596
26,compute-0-0,0.000000000,-0.000000434,0.000000208
26,compute-0-1,0.000000018,+0.000000049,0.000000339
26,compute-0-2,0.000000011,+0.000000044,0.000000288
26,compute-0-3,0.000000013,+0.000000004,0.000000596
27,compute-0-0,0.000000035,-0.000000037,0.000000197
27,compute-0-1,0.000000017,+0.000000049,0.000000339
27,compute-0-2,0.000000010,+0.000000044,0.000000288
27,compute-0-3,0.000000018,+0.000000079,0.000000566
28,compute-0-0,0.000000027,-0.000000037,0.000000197
28,compute-0-1,0.000000002,+0.000000015,0.000000321
28,compute-0-2,0.000000097,+0.000000195,0.000000280
28,compute-0-3,0.000000007,+0.000000007,0.000000537
29,compute-0-0,0.000000045,-0.000000045,0.000000188
29,compute-0-1,0.000000024,+0.000000026,0.000000305
29,compute-0-2,0.000000118,-0.000000172,0.000000271
29,compute-0-3,0.000000004,-0.000000003,0.000000510
30,compute-0-0,0.000000021,+0.000000002,0.000000178
30,compute-0-1,0.000000022,+0.000000026,0.000000305
30,compute-0-2,0.000000022,-0.000000172,0.000000271
30,compute-0-3,0.000000003,-0.000000003,0.000000510
31,compute-0-0,0.000000018,+0.000000002,0.000000178
31,compute-0-1,0.000000043,+0.000000030,0.000000289
31,compute-0-2,0.000000059,+0.000000096,0.000000259
31,compute-0-3,0.000000000,-0.000000003,0.000000483
32,compute-0-0,0.000000003,+0.000000020,0.000000169
32,compute-0-1,0.000000092,-0.000000143,0.000000278
32,compute-0-2,0.000000059,-0.000000111,0.000000248
32,compute-0-3,0.000000015,-0.000000015,0.000000459
33,compute-0-0,0.000000013,-0.000000016,0.000000161
33,compute-0-1,0.000000061,-0.000000143,0.000000278
33,compute-0-2,0.000000041,-0.000000111,0.000000248
33,compute-0-3,0.000000012,-0.000000015,0.000000459
34,compute-0-0,0.000000012,-0.000000016,0.000000161
34,compute-0-1,0.000000077,-0.000000045,0.000000264
34,compute-0-2,0.000000062,-0.000000080,0.000000237
34,compute-0-3,0.000000020,-0.000000012,0.000000435
35,compute-0-0,0.000000003,+0.000000015,0.000000152
35,compute-0-1,0.000000171,-0.000000172,0.000000257
35,compute-0-2,0.000000068,-0.000000053,0.000000226
35,compute-0-3,0.000000027,-0.000000013,0.000000413
36,compute-0-0,0.000000022,+0.000000021,0.000000145
36,compute-0-1,0.000000034,-0.000000172,0.000000257
36,compute-0-2,0.000000031,+0.000000066,0.000000215
36,compute-0-3,0.000000019,-0.000000013,0.000000413
37,compute-0-0,0.000000018,+0.000000021,0.000000145
37,compute-0-1,0.000000113,-0.000000233,0.000000254
37,compute-0-2,0.000000027,+0.000000066,0.000000215
37,compute-0-3,0.000000031,-0.000000027,0.000000392
38,compute-0-0,0.000000020,+0.000000006,0.000000137
38,compute-0-1,0.000000209,+0.000000415,0.000000275
38,compute-0-2,0.000000026,+0.000000004,0.000000204
38,compute-0-3,0.000000068,-0.000000067,0.000000372
39,compute-0-0,0.000000034,+0.000000023,0.000000131
39,compute-0-1,0.000000231,+0.000000241,0.000000271
39,compute-0-2,0.000000085,+0.000000067,0.000000195
39,compute-0-3,0.000000002,-0.000000067,0.000000372
40,compute-0-0,0.000000082,+0.000000061,0.000000125
40,compute-0-1,0.000000000,+0.000000241,0.000000271
40,compute-0-2,0.000000046,+0.000000067,0.000000195
40,compute-0-3,0.000000027,-0.000000035,0.000000353
41,compute-0-0,0.000000034,+0.000000061,0.000000125
41,compute-0-1,0.000000143,-0.000000208,0.000000266
41,compute-0-2,0.000000040,+0.000000016,0.000000185
41,compute-0-3,0.000000065,-0.000000061,0.000000336
42,compute-0-0,0.000000027,+0.000000018,0.000000119
42,compute-0-1,0.000000996,-0.000001271,0.000000475
42,compute-0-2,0.000000055,-0.000000089,0.000000177
42,compute-0-3,0.000000016,-0.000000061,0.000000336
43,compute-0-0,0.000000045,+0.000000026,0.000000113
43,compute-0-1,0.000000001,-0.000001271,0.000000475
43,compute-0-2,0.000000038,-0.000000089,0.000000177
43,compute-0-3,0.000000041,-0.000000062,0.000000319
44,compute-0-0,0.000000030,+0.000000026,0.000000113
44,compute-0-1,0.000000049,+0.000000052,0.000000450
44,compute-0-2,0.000000015,+0.000000049,0.000000169
44,compute-0-3,0.000000049,-0.000000038,0.000000303
45,compute-0-0,0.000000043,+0.000000034,0.000000108
45,compute-0-1,0.000000012,-0.000000055,0.000000428
45,compute-0-2,0.000000035,+0.000000022,0.000000161
45,compute-0-3,0.000000027,-0.000000038,0.000000303
46,compute-0-0,0.000000017,-0.000000007,0.000000102
46,compute-0-1,0.000000012,-0.000000055,0.000000428
46,compute-0-2,0.000000028,+0.000000022,0.000000161
46,compute-0-3,0.000000033,-0.000000021,0.000000288
47,compute-0-0,0.000000015,-0.000000007,0.000000102
47,compute-0-1,0.000000060,+0.000000077,0.000000407
47,compute-0-2,0.000000040,+0.000000024,0.000000152
47,compute-0-3,0.000000001,-0.000000895,0.000000393
48,compute-0-0,0.000000036,+0.000000033,0.000000098
48,compute-0-1,0.000000365,+0.000000443,0.000000410
48,compute-0-2,0.000000017,-0.000000012,0.000000145
48,compute-0-3,0.000000001,-0.000000895,0.000000393
49,compute-0-0,0.000000046,+0.000000025,0.000000093
49,compute-0-1,0.000000000,+0.000000443,0.000000410
49,compute-0-2,0.000000015,-0.000000012,0.000000145
49,compute-0-3,0.000000003,+0.000003383,0.000001133
50,compute-0-0,0.000000029,+0.000000025,0.000000093
50,compute-0-1,0.000000162,-0.000000277,0.000000399
50,compute-0-2,0.000000065,+0.000000157,0.000000146
50,compute-0-3,0.000000085,+0.000000143,0.000001076
51,compute-0-0,0.000000040,+0.000000031,0.000000089
51,compute-0-1,0.000000397,-0.000000589,0.000000422
51,compute-0-2,0.000000002,+0.000001885,0.000000612
51,compute-0-3,0.000000007,+0.000000007,0.000001021
52,compute-0-0,0.000000062,+0.000000046,0.000000085
52,compute-0-1,0.000000000,-0.000000589,0.000000422
52,compute-0-2,0.000000002,+0.000001885,0.000000612
52,compute-0-3,0.000000007,+0.000000007,0.000001021
53,compute-0-0,0.000000029,+0.000000046,0.000000085
53,compute-0-1,0.000000015,-0.000000016,0.000000400
53,compute-0-2,0.000000073,-0.000000139,0.000000582
53,compute-0-3,0.000000030,-0.000000040,0.000000968
54,compute-0-0,0.000000018,-0.000000001,0.000000081
54,compute-0-1,0.000000006,+0.000000009,0.000000380
54,compute-0-2,0.000000065,-0.000000058,0.000000553
54,compute-0-3,0.000000016,+0.000000007,0.000000919
55,compute-0-0,0.000000101,+0.000000493,0.000000174
55,compute-0-1,0.000000006,+0.000000009,0.000000380
55,compute-0-2,0.000000034,-0.000000058,0.000000553
55,compute-0-3,0.000000015,+0.000000007,0.000000919
56,compute-0-0,0.000000000,+0.000000493,0.000000174
56,compute-0-1,0.000000031,+0.000000042,0.000000360
56,compute-0-2,0.000000045,-0.000000027,0.000000524
56,compute-0-3,0.000000001,-0.000000655,0.000000896
57,compute-0-0,0.000000001,+0.000001534,0.000000512
57,compute-0-1,0.000000068,+0.000000050,0.000000342
57,compute-0-2,0.000000079,-0.000000058,0.000000498
57,compute-0-3,0.000000045,+0.000000046,0.000000850
58,compute-0-0,0.000000001,+0.000000789,0.000000546
58,compute-0-1,0.000000039,+0.000000050,0.000000342
58,compute-0-2,0.000000044,-0.000000058,0.000000498
58,compute-0-3,0.000000029,+0.000000046,0.000000850
59,compute-0-0,0.000000001,+0.000000789,0.000000546
59,compute-0-1,0.000000067,+0.000000094,0.000000326
59,compute-0-2,0.000000001,-0.000000514,0.000000500
59,compute-0-3,0.000000014,-0.000000039,0.000000806
60,compute-0-0,0.000000045,+0.000000073,0.000000519
60,compute-0-1,0.000000162,-0.000000361,0.000000330
60,compute-0-2,0.000000063,-0.000000090,0.000000475
60,compute-0-3,0.000000047,-0.000000038,0.000000765
61,compute-0-0,0.000000032,+0.000000008,0.000000492
61,compute-0-1,0.000000000,-0.000000361,0.000000330
61,compute-0-2,0.000000007,-0.000000090,0.000000475
61,compute-0-3,0.000000030,-0.000000038,0.000000765
62,compute-0-0,0.000000024,+0.000000008,0.000000492
62,compute-0-1,0.000000052,-0.000000068,0.000000314
62,compute-0-2,0.000000066,-0.000000112,0.000000452
62,compute-0-3,0.000000052,-0.000000056,0.000000726
63,compute-0-0,0.000000007,-0.000000015,0.000000467
63,compute-0-1,0.000000049,-0.000000011,0.000000298
63,compute-0-2,0.000000079,+0.000000128,0.000000430
63,compute-0-3,0.000000043,-0.000000026,0.000000689
64,compute-0-0,0.000000018,+0.000000013,0.000000443
64,compute-0-1,0.000000038,-0.000000011,0.000000298
64,compute-0-2,0.000000186,+0.000000126,0.000000410
64,compute-0-3,0.000000029,-0.000000026,0.000000689
65,compute-0-0,0.000000015,+0.000000013,0.000000443
65,compute-0-1,0.000000010,+0.000000027,0.000000282
65,compute-0-2,0.000000116,+0.000000126,0.000000410
65,compute-0-3,0.000000050,-0.000000061,0.000000654
66,compute-0-0,0.000000027,+0.000000017,0.000000420
66,compute-0-1,0.000000049,-0.000000044,0.000000268
66,compute-0-2,0.000000047,-0.000000036,0.000000389
66,compute-0-3,0.000000065,-0.000000061,0.000000621
67,compute-0-0,0.000000059,+0.000000050,0.000000399
67,compute-0-1,0.000000222,-0.000000186,0.000000261
67,compute-0-2,0.000000088,+0.000000049,0.000000370
67,compute-0-3,0.000000027,-0.000000061,0.000000621
68,compute-0-0,0.000000031,+0.000000000,0.000000379
68,compute-0-1,0.000000065,-0.000000186,0.000000261
68,compute-0-2,0.000000069,+0.000000049,0.000000370
68,compute-0-3,0.000000000,-0.000000227,0.000000593
69,compute-0-0,0.000000025,+0.000000000,0.000000379
69,compute-0-1,0.000000207,-0.000000365,0.000000273
69,compute-0-2,0.000000120,-0.000000225,0.000000358
69,compute-0-3,0.000000127,-0.000000172,0.000000565
70,compute-0-0,0.000000001,-0.000001539,0.000000605
70,compute-0-1,0.000000007,-0.000000007,0.000000259
70,compute-0-2,0.000000038,+0.000000022,0.000000340
70,compute-0-3,0.000000000,-0.000000172,0.000000565
71,compute-0-0,0.000000115,+0.000000126,0.000000575
71,compute-0-1,0.000000007,-0.000000007,0.000000259
71,compute-0-2,0.000000034,+0.000000022,0.000000340
71,compute-0-3,0.000000004,-0.000000146,0.000000538
72,compute-0-0,0.000000012,+0.000000126,0.000000575
72,compute-0-1,0.000000031,-0.000000417,0.000000279
72,compute-0-2,0.000000114,-0.000000259,0.000000332
72,compute-0-3,0.000000035,-0.000000037,0.000000511
73,compute-0-0,0.000000082,+0.000000150,0.000000548
73,compute-0-1,0.000000010,-0.000000010,0.000000265
73,compute-0-2,0.000000030,-0.000000031,0.000000316
73,compute-0-3,0.000000028,-0.000000037,0.000000511
74,compute-0-0,0.000000020,-0.000000020,0.000000520
74,compute-0-1,0.000000009,-0.000000010,0.000000265
74,compute-0-2,0.000000027,-0.000000031,0.000000316
74,compute-0-3,0.000000022,+0.000000051,0.000000485
75,compute-0-0,0.000000018,-0.000000020,0.000000520
75,compute-0-1,0.000000050,-0.000000050,0.000000252
75,compute-0-2,0.000000053,-0.000000036,0.000000300
75,compute-0-3,0.000000001,+0.000001075,0.000000572
76,compute-0-0,0.000000012,+0.000000030,0.000000493
76,compute-0-1,0.000000042,-0.000000004,0.000000239
76,compute-0-2,0.000000082,-0.000000385,0.000000309
76,compute-0-3,0.000000001,+0.000001075,0.000000572
77,compute-0-0,0.000000026,+0.000000015,0.000000468
77,compute-0-1,0.000000034,-0.000000004,0.000000239
77,compute-0-2,0.000000000,-0.000000385,0.000000309
77,compute-0-3,0.000000002,-0.000000001,0.000000543
78,compute-0-0,0.000000022,+0.000000015,0.000000468
78,compute-0-1,0.000000047,-0.000000026,0.000000227
78,compute-0-2,0.000000014,+0.000000016,0.000000293
78,compute-0-3,0.000000079,-0.000000095,0.000000516
79,compute-0-0,0.000000011,-0.000000010,0.000000444
79,compute-0-1,0.000000070,+0.000000112,0.000000218
79,compute-0-2,0.000000031,+0.000000020,0.000000278
79,compute-0-3,0.000000043,-0.000000095,0.000000516
80,compute-0-0,0.000000013,-0.000000024,0.000000421
80,compute-0-1,0.000000048,+0.000000112,0.000000218
80,compute-0-2,0.000000024,+0.000000020,0.000000278
80,compute-0-3,0.000000045,-0.000000020,0.000000489
81,compute-0-0,0.000000012,-0.000000024,0.000000421
81,compute-0-1,0.000000065,+0.000000049,0.000000207
81,compute-0-2,0.000000032,+0.000000149,0.000000268
81,compute-0-3,0.000000001,-0.000001435,0.000000649
82,compute-0-0,0.000000030,-0.000000025,0.000000400
82,compute-0-1,0.000000133,+0.000000140,0.000000202
82,compute-0-2,0.000000001,-0.000000938,0.000000391
82,compute-0-3,0.000000031,-0.000000033,0.000000616
83,compute-0-0,0.000000019,+0.000000004,0.000000379
83,compute-0-1,0.000000000,+0.000000140,0.000000202
83,compute-0-2,0.000000001,-0.000000938,0.000000391
83,compute-0-3,0.000000026,-0.000000033,0.000000616
84,compute-0-0,0.000000016,+0.000000004,0.000000379
84,compute-0-1,0.000000061,-0.000000165,0.000000198
84,compute-0-2,0.000000038,-0.000000055,0.000000371
84,compute-0-3,0.000000080,-0.000000112,0.000000585
85,compute-0-0,0.000000023,-0.000000011,0.000000360
85,compute-0-1,0.000000028,+0.000000030,0.000000188
85,compute-0-2,0.000000035,-0.000000009,0.000000352
85,compute-0-3,0.000000035,+0.000000037,0.000000555
86,compute-0-0,0.000000011,+0.000000009,0.000000341
86,compute-0-1,0.000000024,+0.000000030,0.000000188
86,compute-0-2,0.000000041,-0.000000015,0.000000334
86,compute-0-3,0.000000029,+0.000000037,0.000000555
87,compute-0-0,0.000000010,+0.000000009,0.000000341
87,compute-0-1,0.000000030,+0.000000012,0.000000179
87,compute-0-2,0.000000031,-0.000000015,0.000000334
87,compute-0-3,0.000000073,+0.000000100,0.000000528
88,compute-0-0,0.000000029,-0.000000041,0.000000324
88,compute-0-1,0.000000067,-0.000000109,0.000000173
88,compute-0-2,0.000000009,+0.000000018,0.000000317
88,compute-0-3,0.000000019,+0.000000007,0.000000501
89,compute-0-0,0.000000002,+0.000000015,0.000000307
89,compute-0-1,0.000000626,-0.000000596,0.000000250
89,compute-0-2,0.000000122,+0.000000136,0.000000304
89,compute-0-3,0.000000017,+0.000000007,0.000000501
90,compute-0-0,0.000000002,+0.000000015,0.000000307
90,compute-0-1,0.000000001,-0.000000596,0.000000250
90,compute-0-2,0.000000041,+0.000000136,0.000000304
90,compute-0-3,0.000000034,+0.000000025,0.000000475
91,compute-0-0,0.000000016,+0.000000022,0.000000292
91,compute-0-1,0.000000001,+0.000001131,0.000000429
91,compute-0-2,0.000000066,-0.000000198,0.000000295
91,compute-0-3,0.000000004,-0.000000031,0.000000451
92,compute-0-0,0.000000024,+0.000000013,0.000000277
92,compute-0-1,0.000000261,-0.000000284,0.000000417
92,compute-0-2,0.000000000,+0.000000000,0.000000280
92,compute-0-3,0.000000004,-0.000000031,0.000000451
93,compute-0-0,0.000000038,+0.000000022,0.000000263
93,compute-0-1,0.000000000,-0.000000284,0.000000417
93,compute-0-2,0.000000000,+0.000000000,0.000000280
93,compute-0-3,0.000000026,-0.000000029,0.000000428
94,compute-0-0,0.000000024,+0.000000022,0.000000263
94,compute-0-1,0.000000071,-0.000000105,0.000000397
94,compute-0-2,0.000000030,+0.000000035,0.000000266
94,compute-0-3,0.000000085,-0.000000122,0.000000408
95,compute-0-0,0.000000024,+0.000000011,0.000000249
95,compute-0-1,0.000000315,-0.000000350,0.000000392
95,compute-0-2,0.000000030,+0.000000007,0.000000252
95,compute-0-3,0.000000000,-0.000000122,0.000000408
96,compute-0-0,0.000000041,+0.000000027,0.000000237
96,compute-0-1,0.000000000,-0.000000350,0.000000392
96,compute-0-2,0.000000024,+0.000000007,0.000000252
96,compute-0-3,0.000000025,-0.000000050,0.000000387
97,compute-0-0,0.000000023,+0.000000027,0.000000237
97,compute-0-1,0.000000090,-0.000000115,0.000000374
97,compute-0-2,0.000000012,-0.000000035,0.000000239
97,compute-0-3,0.000000063,-0.000000081,0.000000368
98,compute-0-0,0.000000042,+0.000000052,0.000000225
98,compute-0-1,0.000000175,-0.000000133,0.000000357
98,compute-0-2,0.000000041,-0.000000031,0.000000227
98,compute-0-3,0.000000001,-0.000000081,0.000000368
99,compute-0-0,0.000000006,+0.000000000,0.000000213
99,compute-0-1,0.000000088,-0.000000133,0.000000357
99,compute-0-2,0.000000034,-0.000000031,0.000000227
99,compute-0-3,0.000000031,+0.000000040,0.000000349
100,compute-0-0,0.000000005,+0.000000000,0.000000213
100,compute-0-1,0.000000001,-0.000000554,0.000000382
100,compute-0-2,0.000000012,+0.000000045,0.000000216
100,compute-0-3,0.000000001,-0.000000826,0.000000422
101,compute-0-0,0.000000016,+0.000000013,0.000000203
101,compute-0-1,0.000000349,-0.000000910,0.000000462
101,compute-0-2,0.000000038,+0.000000028,0.000000205
101,compute-0-3,0.000000037,+0.000000037,0.000000401
102,compute-0-0,0.000000148,+0.000000198,0.000000202
102,compute-0-1,0.000000000,-0.000000910,0.000000462
102,compute-0-2,0.000000032,+0.000000028,0.000000205
102,compute-0-3,0.000000027,+0.000000037,0.000000401
103,compute-0-0,0.000000000,+0.000000198,0.000000202
103,compute-0-1,0.000000020,-0.000000021,0.000000439
103,compute-0-2,0.000000040,+0.000000018,0.000000195
103,compute-0-3,0.000000005,-0.000000018,0.000000380
104,compute-0-0,0.000000103,+0.000000194,0.000000201
104,compute-0-1,0.000000157,-0.000000158,0.000000419
104,compute-0-2,0.000000037,+0.000000005,0.000000185
104,compute-0-3,0.000000012,+0.000000008,0.000000361
105,compute-0-0,0.000000001,+0.000001057,0.000000385
105,compute-0-1,0.000000083,-0.000000158,0.000000419
105,compute-0-2,0.000000030,+0.000000005,0.000000185
105,compute-0-3,0.000000011,+0.000000008,0.000000361
106,compute-0-0,0.000000001,+0.000001057,0.000000385
106,compute-0-1,0.000000175,-0.000000450,0.000000422
106,compute-0-2,0.000000037,-0.000000075,0.000000177
106,compute-0-3,0.000000010,+0.000000001,0.000000342
107,compute-0-0,0.000000000,+0.000000327,0.000000380
107,compute-0-1,0.000000189,-0.000000219,0.000000407
107,compute-0-2,0.000000103,-0.000000110,0.000000171
107,compute-0-3,0.000000026,-0.000000037,0.000000325
108,compute-0-0,0.000000042,-0.000000043,0.000000360
108,compute-0-1,0.000000098,-0.000000219,0.000000407
108,compute-0-2,0.000000008,-0.000000110,0.000000171
108,compute-0-3,0.000000020,-0.000000037,0.000000325
109,compute-0-0,0.000000036,-0.000000043,0.000000360
109,compute-0-1,0.000000178,+0.000000398,0.000000406
109,compute-0-2,0.000000012,+0.000000016,0.000000163
109,compute-0-3,0.000000024,-0.000000011,0.000000308
110,compute-0-0,0.000000046,-0.000000017,0.000000342
110,compute-0-1,0.000000403,+0.000000606,0.000000430
110,compute-0-2,0.000000017,-0.000000029,0.000000155
110,compute-0-3,0.000000090,-0.000000083,0.000000293
111,compute-0-0,0.000000103,-0.000000077,0.000000325
111,compute-0-1,0.000000000,+0.000000606,0.000000430
111,compute-0-2,0.000000074,-0.000000059,0.000000148
111,compute-0-3,0.000000026,-0.000000083,0.000000293
112,compute-0-0,0.000000059,-0.000000077,0.000000325
112,compute-0-1,0.000000096,+0.000000119,0.000000410
112,compute-0-2,0.000000048,-0.000000059,0.000000148
112,compute-0-3,0.000000000,-0.000000264,0.000000291
113,compute-0-0,0.000000073,-0.000000047,0.000000309
113,compute-0-1,0.000000220,+0.000000240,0.000000396
113,compute-0-2,0.000000048,-0.000000020,0.000000140
113,compute-0-3,0.000000063,+0.000000068,0.000000277
114,compute-0-0,0.000000140,-0.000000128,0.000000296
114,compute-0-1,0.000000000,+0.000000240,0.000000396
114,compute-0-2,0.000000309,-0.000000318,0.000000167
114,compute-0-3,0.000000039,+0.000000068,0.000000277
115,compute-0-0,0.000000035,-0.000000128,0.000000296
115,compute-0-1,0.000000110,+0.000000148,0.000000412
115,compute-0-2,0.000000000,-0.000000318,0.000000167
115,compute-0-3,0.000000048,+0.000000034,0.000000263
116,compute-0-0,0.000000031,-0.000000008,0.000000281
116,compute-0-1,0.000000042,-0.000000095,0.000000392
116,compute-0-2,0.000000000,-0.000000270,0.000000180
116,compute-0-3,0.000000042,-0.000000076,0.000000250
117,compute-0-0,0.000000067,-0.000000053,0.000000267
117,compute-0-1,0.000000128,-0.000000085,0.000000355
117,compute-0-2,0.000000191,-0.000000388,0.000000210
117,compute-0-3,0.000000031,-0.000000076,0.000000250
118,compute-0-0,0.000000037,-0.000000053,0.000000267
118,compute-0-1,0.000000130,-0.000000163,0.000000341
118,compute-0-2,0.000000000,-0.000000388,0.000000210
118,compute-0-3,0.000000024,+0.000000056,0.000000238
119,compute-0-0,0.000000051,-0.000000041,0.000000253
119,compute-0-1,0.000000000,-0.000000163,0.000000341
119,compute-0-2,0.000000044,+0.000000060,0.000000200
119,compute-0-3,0.000000057,+0.000000045,0.000000226
120,compute-0-0,0.000000059,-0.000000039,0.000000241
120,compute-0-1,0.000000061,-0.000000073,0.000000324
120,compute-0-2,0.000000067,+0.000000050,0.000000191
120,compute-0-3,0.000000032,+0.000000045,0.000000226
121,compute-0-0,0.000000057,-0.000000033,0.000000229
121,compute-0-1,0.000000186,-0.000000164,0.000000312
121,compute-0-2,0.000000028,+0.000000050,0.000000191
121,compute-0-3,0.000000029,+0.000000008,0.000000215
122,compute-0-0,0.000000037,-0.000000033,0.000000229
122,compute-0-1,0.000000106,-0.000000164,0.000000312
122,compute-0-2,0.000000051,+0.000000060,0.000000182
122,compute-0-3,0.000000006,-0.000000018,0.000000204
123,compute-0-0,0.000000057,-0.000000049,0.000000217
123,compute-0-1,0.000000109,-0.000000122,0.000000456
123,compute-0-2,0.000000086,+0.000000077,0.000000174
123,compute-0-3,0.000000005,-0.000000018,0.000000204
124,compute-0-0,0.000000050,-0.000000025,0.000000206
124,compute-0-1,0.000000092,-0.000000183,0.000000437
124,compute-0-2,0.000000023,+0.000000077,0.000000174
124,compute-0-3,0.000000013,-0.000000021,0.000000193
125,compute-0-0,0.000000034,-0.000000025,0.000000206
125,compute-0-1,0.000000029,+0.000000035,0.000000414
125,compute-0-2,0.000000006,-0.000000001,0.000000165
125,compute-0-3,0.000000024,-0.000000015,0.000000184
126,compute-0-0,0.000000030,-0.000000006,0.000000196
126,compute-0-1,0.000000035,-0.000000057,0.000000393
126,compute-0-2,0.000000002,-0.000000008,0.000000157
126,compute-0-3,0.000000028,-0.000000010,0.000000174
127,compute-0-0,0.000000015,+0.000000008,0.000000186
127,compute-0-1,0.000000030,-0.000000057,0.000000393
127,compute-0-2,0.000000002,-0.000000008,0.000000157
127,compute-0-3,0.000000021,-0.000000010,0.000000174
128,compute-0-0,0.000000014,+0.000000008,0.000000186
128,compute-0-1,0.000000055,-0.000000040,0.000000373
128,compute-0-2,0.000000009,-0.000000007,0.000000149
128,compute-0-3,0.000000028,-0.000000016,0.000000165
129,compute-0-0,0.000000020,-0.000000009,0.000000176
129,compute-0-1,0.000000176,-0.000000178,0.000000359
129,compute-0-2,0.000000047,+0.000000061,0.000000142
129,compute-0-3,0.000000088,-0.000000076,0.000000159
130,compute-0-0,0.000000025,-0.000000008,0.000000167
130,compute-0-1,0.000000009,-0.000000178,0.000000359
130,compute-0-2,0.000000031,+0.000000061,0.000000142
130,compute-0-3,0.000000018,-0.000000076,0.000000159
131,compute-0-0,0.000000020,-0.000000008,0.000000167
131,compute-0-1,0.000000030,-0.000000298,0.000000353
131,compute-0-2,0.000000010,-0.000000019,0.000000135
131,compute-0-3,0.000000000,-0.000000066,0.000000152
132,compute-0-0,0.000000027,-0.000000013,0.000000159
132,compute-0-1,0.000000132,-0.000000272,0.000000346
132,compute-0-2,0.000000009,+0.000000000,0.000000128
132,compute-0-3,0.000000002,+0.000001825,0.000000595
133,compute-0-0,0.000000007,+0.000000015,0.000000151
133,compute-0-1,0.000000000,-0.000000272,0.000000346
133,compute-0-2,0.000000009,+0.000000000,0.000000128
133,compute-0-3,0.000000002,+0.000001825,0.000000595
134,compute-0-0,0.000000007,+0.000000015,0.000000151
134,compute-0-1,0.000000045,-0.000000063,0.000000329
134,compute-0-2,0.000000039,+0.000000125,0.000000128
134,compute-0-3,0.000000040,+0.000000047,0.000000565
135,compute-0-0,0.000000003,+0.000000004,0.000000143
135,compute-0-1,0.000000096,-0.000000131,0.000000315
135,compute-0-2,0.000000019,+0.000000020,0.000000122
135,compute-0-3,0.000000039,+0.000000007,0.000000536
136,compute-0-0,0.000000002,+0.000000001,0.000000136
136,compute-0-1,0.000000000,-0.000000131,0.000000315
136,compute-0-2,0.000000060,+0.000000044,0.000000116
136,compute-0-3,0.000000032,+0.000000007,0.000000536
137,compute-0-0,0.000000002,+0.000000001,0.000000136
137,compute-0-1,0.000000001,+0.000001013,0.000000438
137,compute-0-2,0.000000040,+0.000000044,0.000000116
137,compute-0-3,0.000000063,+0.000000057,0.000000508
138,compute-0-0,0.000000018,+0.000000023,0.000000129
138,compute-0-1,0.000000003,+0.000000004,0.000000415
138,compute-0-2,0.000000047,+0.000000025,0.000000111
138,compute-0-3,0.000000133,+0.000000150,0.000000485
139,compute-0-0,0.000000012,-0.000000003,0.000000122
139,compute-0-1,0.000000003,+0.000000004,0.000000415
139,compute-0-2,0.000000245,+0.000000232,0.000000128
139,compute-0-3,0.000000000,+0.000000150,0.000000485
140,compute-0-0,0.000000011,-0.000000003,0.000000122
140,compute-0-1,0.000000027,-0.000000043,0.000000394
140,compute-0-2,0.000000000,+0.000000232,0.000000128
140,compute-0-3,0.000000000,-0.000000225,0.000000465
141,compute-0-0,0.000000025,+0.000000022,0.000000116
141,compute-0-1,0.000000000,-0.000000235,0.000000381
141,compute-0-2,0.000000092,-0.000000112,0.000000127
141,compute-0-3,0.000000006,-0.000000006,0.000000441
142,compute-0-0,0.000000060,+0.000000070,0.000000112
142,compute-0-1,0.000000001,-0.000000001,0.000000362
142,compute-0-2,0.000000032,+0.000000030,0.000000120
142,compute-0-3,0.000000006,-0.000000006,0.000000441
143,compute-0-0,0.000000002,+0.000000002,0.000000107
143,compute-0-1,0.000000001,-0.000000001,0.000000362
143,compute-0-2,0.000000029,+0.000000030,0.000000120
143,compute-0-3,0.000000037,+0.000000052,0.000000419
144,compute-0-0,0.000000001,+0.000000002,0.000000107
144,compute-0-1,0.000000085,-0.000000225,0.000000350
144,compute-0-2,0.000000093,-0.000000153,0.000000124
144,compute-0-3,0.000000081,-0.000000136,0.000000400
145,compute-0-0,0.000000039,+0.000000047,0.000000102
145,compute-0-1,0.000000035,-0.000000036,0.000000333
145,compute-0-2,0.000000033,-0.000000034,0.000000118
145,compute-0-3,0.000000000,-0.000000136,0.000000400
146,compute-0-0,0.000000350,+0.000000423,0.000000165
146,compute-0-1,0.000000029,-0.000000036,0.000000333
146,compute-0-2,0.000000028,-0.000000034,0.000000118
146,compute-0-3,0.000000031,+0.000000039,0.000000380
147,compute-0-0,0.000000000,+0.000000423,0.000000165
147,compute-0-1,0.000000093,+0.000000310,0.000000330
147,compute-0-2,0.000000051,-0.000000040,0.000000113
147,compute-0-3,0.000000009,-0.000000015,0.000000360
148,compute-0-0,0.000000001,+0.000001242,0.000000423
148,compute-0-1,0.000000098,+0.000000102,0.000000315
148,compute-0-2,0.000000005,+0.000000040,0.000000108
148,compute-0-3,0.000000008,-0.000000015,0.000000360
149,compute-0-0,0.000000047,+0.000000051,0.000000401
149,compute-0-1,0.000000061,+0.000000102,0.000000315
149,compute-0-2,0.000000005,+0.000000040,0.000000108
149,compute-0-3,0.000000023,-0.000000035,0.000000342
150,compute-0-0,0.000000029,+0.000000051,0.000000401
150,compute-0-1,0.000000050,+0.000000013,0.000000299
150,compute-0-2,0.000000001,-0.000000006,0.000000102
150,compute-0-3,0.000000023,-0.000000004,0.000000324
151,compute-0-0,0.000000037,+0.000000027,0.000000381
151,compute-0-1,0.000000013,-0.000001519,0.000000558
151,compute-0-2,0.000000008,-0.000000007,0.000000097
151,compute-0-3,0.000000018,-0.000000004,0.000000324
152,compute-0-0,0.000000105,+0.000000104,0.000000363
152,compute-0-1,0.000000000,-0.000001519,0.000000558
152,compute-0-2,0.000000007,-0.000000007,0.000000097
152,compute-0-3,0.000000038,-0.000000065,0.000000308
153,compute-0-0,0.000000006,+0.000000104,0.000000363
153,compute-0-1,0.000000125,+0.000000208,0.000000533
153,compute-0-2,0.000000007,+0.000000015,0.000000092
153,compute-0-3,0.000000024,+0.000000037,0.000000293
154,compute-0-0,0.000000048,-0.000000075,0.000000345
154,compute-0-1,0.000000374,+0.000000448,0.000000525
154,compute-0-2,0.000000007,+0.000000000,0.000000087
154,compute-0-3,0.000000019,+0.000000037,0.000000293
155,compute-0-0,0.000000003,+0.000000017,0.000000327
155,compute-0-1,0.000000000,+0.000000448,0.000000525
155,compute-0-2,0.000000007,+0.000000000,0.000000087
155,compute-0-3,0.000000007,-0.000000011,0.000000278
156,compute-0-0,0.000000003,+0.000000017,0.000000327
156,compute-0-1,0.000000142,+0.000000336,0.000000510
156,compute-0-2,0.000000036,+0.000000041,0.000000084
156,compute-0-3,0.000000036,+0.000000036,0.000000264
157,compute-0-0,0.000000008,+0.000000011,0.000000311
157,compute-0-1,0.000000011,+0.000000012,0.000000483
157,compute-0-2,0.000000082,+0.000000080,0.000000084
157,compute-0-3,0.000000027,+0.000000005,0.000000250
158,compute-0-0,0.000000011,-0.000000019,0.000000295
158,compute-0-1,0.000000011,+0.000000012,0.000000483
158,compute-0-2,0.000000019,+0.000000080,0.000000084
158,compute-0-3,0.000000021,+0.000000005,0.000000250
159,compute-0-0,0.000000010,-0.000000019,0.000000295
159,compute-0-1,0.000000073,-0.000000103,0.000000460
159,compute-0-2,0.000000020,+0.000000008,0.000000079
159,compute-0-3,0.000000015,-0.000000002,0.000000237
160,compute-0-0,0.000000029,-0.000000031,0.000000280
160,compute-0-1,0.000000264,+0.000000419,0.000000456
160,compute-0-2,0.000000126,+0.000000194,0.000000097
160,compute-0-3,0.000000082,+0.000000073,0.000000226
161,compute-0-0,0.000000019,+0.000000039,0.000000266
161,compute-0-1,0.000000000,+0.000000419,0.000000456
161,compute-0-2,0.000000058,+0.000000059,0.000000094
161,compute-0-3,0.000000024,+0.000000073,0.000000226
162,compute-0-0,0.000000015,+0.000000039,0.000000266
162,compute-0-1,0.000000003,+0.000000003,0.000000433
162,compute-0-2,0.000000045,+0.000000059,0.000000094
162,compute-0-3,0.000000016,-0.000000018,0.000000215
163,compute-0-0,0.000000017,+0.000000006,0.000000252
163,compute-0-1,0.000000019,+0.000000017,0.000000410
163,compute-0-2,0.000000035,-0.000000001,0.000000089
163,compute-0-3,0.000000035,-0.000000023,0.000000204
164,compute-0-0,0.000000035,+0.000000026,0.000000239
164,compute-0-1,0.000000018,+0.000000017,0.000000410
164,compute-0-2,0.000000025,-0.000000005,0.000000085
164,compute-0-3,0.000000024,-0.000000023,0.000000204
165,compute-0-0,0.000000020,+0.000000026,0.000000239
165,compute-0-1,0.000000061,-0.000000090,0.000000390
165,compute-0-2,0.000000022,-0.000000005,0.000000085
165,compute-0-3,0.000000041,-0.000000114,0.000000197
166,compute-0-0,0.000000023,+0.000000017,0.000000227
166,compute-0-1,0.000000068,+0.000000129,0.000000373
166,compute-0-2,0.000000034,+0.000000017,0.000000080
166,compute-0-3,0.000000101,-0.000000413,0.000000228
167,compute-0-0,0.000000025,+0.000000013,0.000000215
167,compute-0-1,0.000000053,+0.000000129,0.000000373
167,compute-0-2,0.000000045,+0.000000017,0.000000076
167,compute-0-3,0.000000000,-0.000000413,0.000000228
168,compute-0-0,0.000001647,-0.000001940,0.000000647
168,compute-0-1,0.000000063,+0.000000027,0.000000354
168,compute-0-2,0.000000036,+0.000000017,0.000000076
168,compute-0-3,0.000000007,+0.000000008,0.000000216
169,compute-0-0,0.000000001,-0.000001940,0.000000647
169,compute-0-1,0.000000034,+0.000000831,0.000000426
169,compute-0-2,0.000000041,+0.000000496,0.000000173
169,compute-0-3,0.000000012,+0.000000005,0.000000205
170,compute-0-0,0.000000114,-0.000000330,0.000000622
170,compute-0-1,0.000000664,+0.000000686,0.000000459
170,compute-0-2,0.000000001,+0.000001484,0.000000497
170,compute-0-3,0.000000011,+0.000000005,0.000000205
171,compute-0-0,0.000000039,-0.000000040,0.000000591
171,compute-0-1,0.000000001,+0.000000686,0.000000459
171,compute-0-2,0.000000002,+0.000001484,0.000000497
171,compute-0-3,0.000000013,-0.000000025,0.000000195
172,compute-0-0,0.000000032,-0.000000040,0.000000591
172,compute-0-1,0.000000002,+0.000001627,0.000000674
172,compute-0-2,0.000000026,-0.000000026,0.000000472
172,compute-0-3,0.000000026,-0.000000016,0.000000185
173,compute-0-0,0.000000005,+0.000000034,0.000000560
173,compute-0-1,0.000000000,+0.000000001,0.000000639
173,compute-0-2,0.000000015,+0.000000040,0.000000448
173,compute-0-3,0.000000019,-0.000000016,0.000000185
174,compute-0-0,0.000000132,+0.000000157,0.000000534
174,compute-0-1,0.000000000,+0.000000001,0.000000639
174,compute-0-2,0.000000014,+0.000000040,0.000000448
174,compute-0-3,0.000000031,-0.000000027,0.000000175
175,compute-0-0,0.000000000,+0.000000157,0.000000534
175,compute-0-1,0.000000163,-0.000000425,0.000000621
175,compute-0-2,0.000000042,-0.000000061,0.000000425
175,compute-0-3,0.000000037,-0.000000022,0.000000167
176,compute-0-0,0.000000008,+0.000000008,0.000000507
176,compute-0-1,0.000000028,+0.000000028,0.000000589
176,compute-0-2,0.000000143,-0.000000137,0.000000406
176,compute-0-3,0.000000022,-0.000000022,0.000000167
177,compute-0-0,0.000000144,+0.000000174,0.000000484
177,compute-0-1,0.000000027,+0.000000028,0.000000589
177,compute-0-2,0.000000030,-0.000000137,0.000000406
177,compute-0-3,0.000000021,-0.000000005,0.000000158
178,compute-0-0,0.000000000,+0.000000174,0.000000484
178,compute-0-1,0.000000084,+0.000000072,0.000000560
178,compute-0-2,0.000000060,-0.000000083,0.000000386
178,compute-0-3,0.000000045,-0.000000035,0.000000150
179,compute-0-0,0.000000087,-0.000000310,0.000000469
179,compute-0-1,0.000000013,-0.000000081,0.000000532
179,compute-0-2,0.000000027,+0.000000006,0.000000366
179,compute-0-3,0.000000023,-0.000000035,0.000000150
180,compute-0-0,0.000000101,-0.000000113,0.000000447
180,compute-0-1,0.000000013,-0.000000081,0.000000532
180,compute-0-2,0.000000023,+0.000000006,0.000000366
180,compute-0-3,0.000000037,-0.000000044,0.000000143
181,compute-0-0,0.000000062,-0.000000113,0.000000447
181,compute-0-1,0.000000037,+0.000000052,0.000000505
181,compute-0-2,0.000000008,+0.000000015,0.000000347
181,compute-0-3,0.000000024,-0.000000007,0.000000136
182,compute-0-0,0.000000077,-0.000000053,0.000000424
182,compute-0-1,0.000000046,-0.000000082,0.000000479
182,compute-0-2,0.000000108,+0.000000144,0.000000333
182,compute-0-3,0.000000019,-0.000000007,0.000000136
183,compute-0-0,0.000000067,-0.000000022,0.000000402
183,compute-0-1,0.000000042,-0.000000082,0.000000479
183,compute-0-2,0.000000035,+0.000000144,0.000000333
183,compute-0-3,0.000000001,+0.000000017,0.000000129
184,compute-0-0,0.000000047,-0.000000022,0.000000402
184,compute-0-1,0.000000081,-0.000000055,0.000000455
184,compute-0-2,0.000000023,-0.000000004,0.000000315
184,compute-0-3,0.000000068,-0.000000122,0.000000128
185,compute-0-0,0.000000017,+0.000000027,0.000000382
185,compute-0-1,0.000000292,-0.000000406,0.000000450
185,compute-0-2,0.000000100,-0.000000207,0.000000306
185,compute-0-3,0.000000256,-0.000000274,0.000000149
186,compute-0-0,0.000000029,-0.000000015,0.000000362
186,compute-0-1,0.000000000,-0.000000406,0.000000450
186,compute-0-2,0.000000000,-0.000000207,0.000000306
186,compute-0-3,0.000000000,-0.000000274,0.000000149
187,compute-0-0,0.000000025,-0.000000015,0.000000362
187,compute-0-1,0.000000106,-0.000000179,0.000000431
187,compute-0-2,0.000000055,+0.000000126,0.000000293
187,compute-0-3,0.000000009,-0.000000009,0.000000142
188,compute-0-0,0.000000059,-0.000000078,0.000000344
188,compute-0-1,0.000000078,-0.000000038,0.000000409
188,compute-0-2,0.000000004,-0.000000017,0.000000278
188,compute-0-3,0.000000015,+0.000000024,0.000000135
189,compute-0-0,0.000000009,+0.000000026,0.000000327
189,compute-0-1,0.000000058,-0.000000038,0.000000409
189,compute-0-2,0.000000089,-0.000000095,0.000000266
189,compute-0-3,0.000000013,+0.000000024,0.000000135
190,compute-0-0,0.000000030,+0.000000039,0.000000310
190,compute-0-1,0.000000075,-0.000000039,0.000000388
190,compute-0-2,0.000000048,-0.000000095,0.000000266
190,compute-0-3,0.000000042,+0.000000049,0.000000129
191,compute-0-0,0.000000025,+0.000000039,0.000000310
191,compute-0-1,0.000000281,-0.000000609,0.000000416
191,compute-0-2,0.000000007,+0.000000023,0.000000252
191,compute-0-3,0.000000065,+0.000000056,0.000000123
192,compute-0-0,0.000000052,-0.000000086,0.000000296
192,compute-0-1,0.000000000,-0.000000609,0.000000416
192,compute-0-2,0.000000185,+0.000000215,0.000000249
192,compute-0-3,0.000000023,+0.000000056,0.000000123
193,compute-0-0,0.000000601,-0.000000867,0.000000392
193,compute-0-1,0.000000000,-0.000000429,0.000000417
193,compute-0-2,0.000000011,+0.000000215,0.000000249
193,compute-0-3,0.000000004,-0.000000004,0.000000117
194,compute-0-0,0.000000001,-0.000000867,0.000000392
194,compute-0-1,0.000000036,+0.000000038,0.000000396
194,compute-0-2,0.000000006,+0.000000006,0.000000236
194,compute-0-3,0.000000077,+0.000000082,0.000000114
195,compute-0-0,0.000000011,+0.000000011,0.000000372
195,compute-0-1,0.000000031,+0.000000038,0.000000396
195,compute-0-2,0.000000010,+0.000000004,0.000000224
195,compute-0-3,0.000000024,+0.000000082,0.000000114
196,compute-0-0,0.000000023,-0.000000033,0.000000353
196,compute-0-1,0.000000000,-0.000000468,0.000000404
196,compute-0-2,0.000000009,+0.000000004,0.000000224
196,compute-0-3,0.000000010,+0.000000266,0.000000137
197,compute-0-0,0.000000019,-0.000000033,0.000000353
197,compute-0-1,0.000000045,-0.000000051,0.000000383
197,compute-0-2,0.000000008,-0.000000000,0.000000212
197,compute-0-3,0.000000001,-0.000000678,0.000000251
198,compute-0-0,0.000000032,-0.000000022,0.000000335
198,compute-0-1,0.000000332,-0.000000301,0.000000376
198,compute-0-2,0.000000013,+0.000000005,0.000000201
198,compute-0-3,0.000000001,-0.000000678,0.000000251
199,compute-0-0,0.000000015,+0.000000008,0.000000318
199,compute-0-1,0.000000000,-0.000000301,0.000000376
199,compute-0-2,0.000000012,+0.000000005,0.000000201
199,compute-0-3,0.000000016,+0.000000018,0.000000238
200,compute-0-0,0.000000013,+0.000000008,0.000000318
200,compute-0-1,0.000000001,-0.000000692,0.000000418
200,compute-0-2,0.000000008,-0.000000004,0.000000191
200,compute-0-3,0.000000015,+0.000000002,0.000000226
201,compute-0-0,0.000000009,+0.000000022,0.000000302
201,compute-0-1,0.000000191,-0.000000200,0.000000402
201,compute-0-2,0.000000061,+0.000000059,0.000000182
201,compute-0-3,0.000000013,+0.000000002,0.000000226
202,compute-0-0,0.000000010,+0.000000002,0.000000286
202,compute-0-1,0.000000012,-0.000000200,0.000000402
202,compute-0-2,0.000000041,+0.000000059,0.000000182
202,compute-0-3,0.000000076,+0.000000239,0.000000227
203,compute-0-0,0.000000009,+0.000000002,0.000000286
203,compute-0-1,0.000000073,-0.000000100,0.000000382
203,compute-0-2,0.000000061,+0.000000056,0.000000174
203,compute-0-3,0.000000028,-0.000000029,0.000000216
204,compute-0-0,0.000000042,-0.000000067,0.000000272
204,compute-0-1,0.000000146,+0.000000186,0.000000368
204,compute-0-2,0.000000034,-0.000000001,0.000000165
204,compute-0-3,0.000000025,-0.000000029,0.000000216
205,compute-0-0,0.000000058,-0.000000039,0.000000259
205,compute-0-1,0.000000078,+0.000000186,0.000000368
205,compute-0-2,0.000000028,-0.000000001,0.000000165
205,compute-0-3,0.000000004,+0.000000021,0.000000205
206,compute-0-0,0.000000032,-0.000000039,0.000000259
206,compute-0-1,0.000000062,+0.000000018,0.000000349
206,compute-0-2,0.000000032,+0.000000010,0.000000156
206,compute-0-3,0.000000004,+0.000000008,0.000000194
207,compute-0-0,0.000000031,-0.000000011,0.000000245
207,compute-0-1,0.000000096,+0.000000053,0.000000331
207,compute-0-2,0.000000024,-0.000000003,0.000000148
207,compute-0-3,0.000000004,+0.000000008,0.000000194
208,compute-0-0,0.000000034,-0.000000012,0.000000233
208,compute-0-1,0.000000064,+0.000000053,0.000000331
208,compute-0-2,0.000000021,-0.000000003,0.000000148
208,compute-0-3,0.000000011,+0.000000008,0.000000184
209,compute-0-0,0.000000025,-0.000000012,0.000000233
209,compute-0-1,0.000000016,-0.000000037,0.000000314
209,compute-0-2,0.000000044,+0.000000040,0.000000141
209,compute-0-3,0.000000068,-0.000000101,0.000000178
210,compute-0-0,0.000000018,+0.000000045,0.000000221
210,compute-0-1,0.000000002,-0.000002314,0.000000790
210,compute-0-2,0.000000046,+0.000000017,0.000000134
210,compute-0-3,0.000000021,-0.000000101,0.000000178
211,compute-0-0,0.000000017,-0.000000034,0.000000210
211,compute-0-1,0.000000002,-0.000002314,0.000000790
211,compute-0-2,0.000000068,+0.000000034,0.000000128
211,compute-0-3,0.000000039,+0.000000080,0.000000171
212,compute-0-0,0.000000015,-0.000000034,0.000000210
212,compute-0-1,0.000000026,-0.000000031,0.000000750
212,compute-0-2,0.000000046,+0.000000034,0.000000128
212,compute-0-3,0.000000019,-0.000000049,0.000000163
213,compute-0-0,0.000000041,-0.000000058,0.000000200
213,compute-0-1,0.000000068,-0.000000052,0.000000711
213,compute-0-2,0.000000023,-0.000000061,0.000000123
213,compute-0-3,0.000000014,+0.000000002,0.000000154
214,compute-0-0,0.000000053,-0.000000044,0.000000191
214,compute-0-1,0.000000045,-0.000000052,0.000000711
214,compute-0-2,0.000000043,-0.000000024,0.000000117
214,compute-0-3,0.000000013,+0.000000002,0.000000154
215,compute-0-0,0.000000025,-0.000000044,0.000000191
215,compute-0-1,0.000000000,-0.000000295,0.000000681
215,compute-0-2,0.000000035,-0.000000024,0.000000117
215,compute-0-3,0.000000051,-0.000000054,0.000000147
216,compute-0-0,0.000000030,+0.000000067,0.000000182
216,compute-0-1,0.000000108,-0.000000166,0.000000648
216,compute-0-2,0.000000085,-0.000000096,0.000000115
216,compute-0-3,0.000000078,-0.000000054,0.000000141
217,compute-0-0,0.000000006,-0.000000018,0.000000173
217,compute-0-1,0.000000000,-0.000000166,0.000000648
217,compute-0-2,0.000000017,+0.000000008,0.000000109
217,compute-0-3,0.000000038,-0.000000054,0.000000141
218,compute-0-0,0.000000014,+0.000000009,0.000000164
218,compute-0-1,0.000000050,+0.000000107,0.000000616
218,compute-0-2,0.000000016,+0.000000008,0.000000109
218,compute-0-3,0.000000034,-0.000000016,0.000000134
219,compute-0-0,0.000000013,+0.000000009,0.000000164
219,compute-0-1,0.000000012,-0.000000001,0.000000585
219,compute-0-2,0.000000001,+0.000000016,0.000000103
219,compute-0-3,0.000000063,-0.000000042,0.000000127
220,compute-0-0,0.000000011,-0.000000023,0.000000156
220,compute-0-1,0.000000011,-0.000000001,0.000000585
220,compute-0-2,0.000000005,-0.000000006,0.000000098
220,compute-0-3,0.000000035,-0.000000042,0.000000127
221,compute-0-0,0.000000064,-0.000000057,0.000000149
221,compute-0-1,0.000000040,+0.000000063,0.000000555
221,compute-0-2,0.000000005,-0.000000006,0.000000098
221,compute-0-3,0.000000055,-0.000000088,0.000000124
222,compute-0-0,0.000000036,-0.000000057,0.000000149
222,compute-0-1,0.000000114,+0.000000184,0.000000530
222,compute-0-2,0.000000025,+0.000000033,0.000000094
222,compute-0-3,0.000000008,-0.000000009,0.000000118
223,compute-0-0,0.000000028,-0.000000007,0.000000141
223,compute-0-1,0.000000000,+0.000000184,0.000000530
223,compute-0-2,0.000000031,+0.000000010,0.000000089
223,compute-0-3,0.000000008,-0.000000009,0.000000118
224,compute-0-0,0.000000071,-0.000000055,0.000000135
224,compute-0-1,0.000000001,+0.000000859,0.000000571
224,compute-0-2,0.000000026,+0.000000010,0.000000089
224,compute-0-3,0.000000048,-0.000000068,0.000000114
225,compute-0-0,0.000000035,-0.000000055,0.000000135
225,compute-0-1,0.000000065,+0.000000801,0.000000598
225,compute-0-2,0.000000026,+0.000000004,0.000000084
225,compute-0-3,0.000000025,-0.000000003,0.000000108
226,compute-0-0,0.000000041,-0.000000030,0.000000129
226,compute-0-1,0.000000249,+0.000000254,0.000000573
226,compute-0-2,0.000000112,+0.000000122,0.000000089
226,compute-0-3,0.000000020,-0.000000003,0.000000108
227,compute-0-0,0.000000040,-0.000000016,0.000000122
227,compute-0-1,0.000000144,+0.000000254,0.000000573
227,compute-0-2,0.000000011,+0.000000122,0.000000089
227,compute-0-3,0.000000035,-0.000000029,0.000000103
228,compute-0-0,0.000000028,-0.000000016,0.000000122
228,compute-0-1,0.000000076,-0.000000020,0.000000544
228,compute-0-2,0.000000012,-0.000000013,0.000000084
228,compute-0-3,0.000000014,+0.000000040,0.000000098
229,compute-0-0,0.000000030,-0.000000011,0.000000116
229,compute-0-1,0.000000412,-0.000000562,0.000000546
229,compute-0-2,0.000000033,-0.000000023,0.000000080
229,compute-0-3,0.000000013,+0.000000040,0.000000098
230,compute-0-0,0.000000023,-0.000000000,0.000000110
230,compute-0-1,0.000000000,-0.000000562,0.000000546
230,compute-0-2,0.000000027,-0.000000023,0.000000080
230,compute-0-3,0.000000007,-0.000000005,0.000000093
231,compute-0-0,0.000000019,-0.000000000,0.000000110
231,compute-0-1,0.000000003,+0.000002781,0.000001020
231,compute-0-2,0.000000034,-0.000000015,0.000000076
231,compute-0-3,0.000000007,+0.000000001,0.000000089
232,compute-0-0,0.000000046,-0.000000063,0.000000106
232,compute-0-1,0.000000006,-0.000000003,0.000000968
232,compute-0-2,0.000000067,-0.000000051,0.000000074
232,compute-0-3,0.000000006,+0.000000001,0.000000089
233,compute-0-0,0.000000025,-0.000000009,0.000000101
233,compute-0-1,0.000000006,-0.000000003,0.000000968
233,compute-0-2,0.000000037,-0.000000051,0.000000074
233,compute-0-3,0.000000007,+0.000000002,0.000000084
234,compute-0-0,0.000000020,-0.000000009,0.000000101
234,compute-0-1,0.000000002,-0.000001999,0.000001115
234,compute-0-2,0.000000015,+0.000000020,0.000000071
234,compute-0-3,0.000000009,+0.000000002,0.000000080
235,compute-0-0,0.000000031,-0.000000021,0.000000096
235,compute-0-1,0.000000008,-0.000000010,0.000001058
235,compute-0-2,0.000000037,-0.000000026,0.000000068
235,compute-0-3,0.000000020,+0.000000012,0.000000076
236,compute-0-0,0.000000019,+0.000000003,0.000000091
236,compute-0-1,0.000000008,-0.000000010,0.000001058
236,compute-0-2,0.000000051,-0.000000022,0.000000065
236,compute-0-3,0.000000017,+0.000000012,0.000000076
237,compute-0-0,0.000000017,+0.000000003,0.000000091
237,compute-0-1,0.000000040,-0.000000041,0.000001004
237,compute-0-2,0.000000038,-0.000000022,0.000000065
237,compute-0-3,0.000000031,+0.000000021,0.000000072
238,compute-0-0,0.000000030,-0.000000025,0.000000087
238,compute-0-1,0.000000040,-0.000000010,0.000000952
238,compute-0-2,0.000000064,-0.000000052,0.000000063
238,compute-0-3,0.000000038,+0.000000017,0.000000069
239,compute-0-0,0.000000039,-0.000000023,0.000000082
239,compute-0-1,0.000000032,-0.000000010,0.000000952
239,compute-0-2,0.000000053,-0.000000021,0.000000060
239,compute-0-3,0.000000027,+0.000000017,0.000000069
240,compute-0-0,0.000000024,-0.000000023,0.000000082
240,compute-0-1,0.000000086,-0.000000152,0.000000904
240,compute-0-2,0.000000039,-0.000000021,0.000000060
240,compute-0-3,0.000000040,+0.000000030,0.000000066
241,compute-0-0,0.000000029,-0.000000018,0.000000078
241,compute-0-1,0.000000063,-0.000000063,0.000000858
241,compute-0-2,0.000000080,-0.000000110,0.000000067
241,compute-0-3,0.000000048,+0.000000029,0.000000063
242,compute-0-0,0.000000060,-0.000000067,0.000000077
242,compute-0-1,0.000000046,-0.000000063,0.000000858
242,compute-0-2,0.000000364,-0.000000588,0.000000196
242,compute-0-3,0.000000029,+0.000000029,0.000000063
243,compute-0-0,0.000000013,+0.000000019,0.000000074
243,compute-0-1,0.000000071,-0.000000067,0.000000815
243,compute-0-2,0.000000000,-0.000000588,0.000000196
243,compute-0-3,0.000000044,+0.000000041,0.000000061
244,compute-0-0,0.000000012,+0.000000019,0.000000074
244,compute-0-1,0.000000152,-0.000000296,0.000000778
244,compute-0-2,0.000000081,+0.000000159,0.000000193
244,compute-0-3,0.000000038,+0.000000020,0.000000058
245,compute-0-0,0.000000041,-0.000000063,0.000000073
245,compute-0-1,0.000000000,-0.000000296,0.000000778
245,compute-0-2,0.000000000,-0.000000002,0.000000183
245,compute-0-3,0.000000027,+0.000000020,0.000000058
246,compute-0-0,0.000000206,-0.000000230,0.000000100
246,compute-0-1,0.000000058,+0.000000084,0.000000739
246,compute-0-2,0.000000000,-0.000000002,0.000000183
246,compute-0-3,0.000000033,+0.000000019,0.000000056
247,compute-0-0,0.000000000,-0.000000230,0.000000100
247,compute-0-1,0.000000159,-0.000000247,0.000000705
247,compute-0-2,0.000000004,-0.000000005,0.000000174
247,compute-0-3,0.000000026,+0.000000319,0.000000114
248,compute-0-0,0.000000011,-0.000000012,0.000000095
248,compute-0-1,0.000000058,-0.000000247,0.000000705
248,compute-0-2,0.000000057,-0.000000059,0.000000166
248,compute-0-3,0.000000000,+0.000000319,0.000000114
249,compute-0-0,0.000000096,-0.000000098,0.000000095
249,compute-0-1,0.000000000,-0.000000451,0.000000684
249,compute-0-2,0.000000036,-0.000000059,0.000000166
249,compute-0-3,0.000000001,-0.000001002,0.000000335
250,compute-0-0,0.000000024,-0.000000098,0.000000095
250,compute-0-1,0.000000043,-0.000000047,0.000000649
250,compute-0-2,0.000000018,+0.000000014,0.000000157
250,compute-0-3,0.000000040,-0.000000050,0.000000318
251,compute-0-0,0.000000002,+0.000001592,0.000000511
251,compute-0-1,0.000000126,-0.000000092,0.000000617
251,compute-0-2,0.000000053,+0.000000075,0.000000151
251,compute-0-3,0.000000012,-0.000000050,0.000000318
252,compute-0-0,0.000000027,-0.000000026,0.000000485
252,compute-0-1,0.000000065,-0.000000092,0.000000617
252,compute-0-2,0.000000038,+0.000000075,0.000000151
252,compute-0-3,0.000000007,+0.000000000,0.000000302
253,compute-0-0,0.000000022,-0.000000026,0.000000485
253,compute-0-1,0.000000080,+0.000000140,0.000000587
253,compute-0-2,0.000000042,+0.000000016,0.000000144
253,compute-0-3,0.000000034,+0.000000048,0.000000287
254,compute-0-0,0.000000027,+0.000000052,0.000000461
254,compute-0-1,0.000000099,+0.000000058,0.000000557
254,compute-0-2,0.000000071,+0.000000052,0.000000137
254,compute-0-3,0.000000015,+0.000000048,0.000000287
255,compute-0-0,0.000000002,-0.000002425,0.000000883
255,compute-0-1,0.000000062,+0.000000058,0.000000557
255,compute-0-2,0.000000033,+0.000000052,0.000000137
255,compute-0-3,0.000000000,-0.000000014,0.000000272
256,compute-0-0,0.000000002,-0.000002425,0.000000883
256,compute-0-1,0.000000025,-0.000000075,0.000000529
256,compute-0-2,0.000000060,+0.000000079,0.000000132
256,compute-0-3,0.000000018,-0.000000020,0.000000258
257,compute-0-0,0.000000037,+0.000000052,0.000000838
257,compute-0-1,0.000000054,-0.000000032,0.000000502
257,compute-0-2,0.000000037,+0.000000007,0.000000126
257,compute-0-3,0.000000013,-0.000000020,0.000000258
258,compute-0-0,0.000000054,+0.000000040,0.000000795
258,compute-0-1,0.000000043,-0.000000032,0.000000502
258,compute-0-2,0.000000079,+0.000000049,0.000000120
258,compute-0-3,0.000000017,+0.000000038,0.000000245
259,compute-0-0,0.000000027,+0.000000040,0.000000795
259,compute-0-1,0.000000010,+0.000000050,0.000000476
259,compute-0-2,0.000000054,+0.000000049,0.000000120
259,compute-0-3,0.000000050,+0.000000072,0.000000234
260,compute-0-0,0.000000037,+0.000000031,0.000000754
260,compute-0-1,0.000000015,+0.000000006,0.000000452
260,compute-0-2,0.000000092,+0.000000096,0.000000118
260,compute-0-3,0.000000077,+0.000000081,0.000000223
261,compute-0-0,0.000000038,+0.000000017,0.000000715
261,compute-0-1,0.000000014,+0.000000006,0.000000452
261,compute-0-2,0.000000033,+0.000000019,0.000000112
261,compute-0-3,0.000000022,+0.000000081,0.000000223
262,compute-0-0,0.000000026,+0.000000017,0.000000715
262,compute-0-1,0.000000025,-0.000000041,0.000000429
262,compute-0-2,0.000000028,+0.000000019,0.000000112
262,compute-0-3,0.000000041,+0.000000054,0.000000212
263,compute-0-0,0.000000023,+0.000000002,0.000000679
263,compute-0-1,0.000000001,+0.000000024,0.000000407
263,compute-0-2,0.000000007,-0.000000019,0.000000107
263,compute-0-3,0.000000253,+0.000000345,0.000000229
264,compute-0-0,0.000000070,+0.000000101,0.000000645
264,compute-0-1,0.000000001,+0.000000024,0.000000407
264,compute-0-2,0.000000024,+0.000000017,0.000000101
264,compute-0-3,0.000000000,+0.000000345,0.000000229
265,compute-0-0,0.000000031,-0.000000031,0.000000612
265,compute-0-1,0.000000033,+0.000000038,0.000000386
265,compute-0-2,0.000000021,+0.000000017,0.000000101
265,compute-0-3,0.000000042,+0.000000057,0.000000218
266,compute-0-0,0.000000023,-0.000000031,0.000000612
266,compute-0-1,0.000000175,+0.000000268,0.000000376
266,compute-0-2,0.000000069,+0.000000087,0.000000100
266,compute-0-3,0.000000041,+0.000000020,0.000000207
267,compute-0-0,0.000000038,-0.000000030,0.000000580
267,compute-0-1,0.000000000,+0.000000268,0.000000376
267,compute-0-2,0.000000289,+0.000000342,0.000000144
267,compute-0-3,0.000000027,+0.000000020,0.000000207
268,compute-0-0,0.000000010,+0.000000010,0.000000550
268,compute-0-1,0.000000010,+0.000000010,0.000000357
268,compute-0-2,0.000000000,+0.000000342,0.000000144
268,compute-0-3,0.000000004,-0.000000027,0.000000197
269,compute-0-0,0.000000009,+0.000000010,0.000000550
269,compute-0-1,0.000000009,+0.000000000,0.000000338
269,compute-0-2,0.000000001,+0.000000713,0.000000263
269,compute-0-3,0.000000024,-0.000000022,0.000000187
270,compute-0-0,0.000000013,-0.000000005,0.000000522
270,compute-0-1,0.000000009,+0.000000000,0.000000338
270,compute-0-2,0.000000074,-0.000000078,0.000000251
270,compute-0-3,0.000000019,-0.000000022,0.000000187
271,compute-0-0,0.000000009,+0.000000021,0.000000495
271,compute-0-1,0.000000000,+0.000000229,0.000000329
271,compute-0-2,0.000000057,-0.000000078,0.000000251
271,compute-0-3,0.000000018,-0.000000003,0.000000177
272,compute-0-0,0.000000008,+0.000000021,0.000000495
272,compute-0-1,0.000000043,+0.000000049,0.000000313
272,compute-0-2,0.000000033,+0.000000018,0.000000238
272,compute-0-3,0.000000015,-0.000000000,0.000000168
273,compute-0-0,0.000000011,+0.000000004,0.000000470
273,compute-0-1,0.000000030,+0.000000049,0.000000313
273,compute-0-2,0.000000054,-0.000000025,0.000000226
273,compute-0-3,0.000000013,-0.000000000,0.000000168
274,compute-0-0,0.000000004,-0.000000006,0.000000446
274,compute-0-1,0.000000043,+0.000000033,0.000000297
274,compute-0-2,0.000000048,-0.000000025,0.000000226
274,compute-0-3,0.000000000,-0.000000218,0.000000174
275,compute-0-0,0.000000003,-0.000000006,0.000000446
275,compute-0-1,0.000000061,+0.000000043,0.000000282
275,compute-0-2,0.000000020,+0.000000026,0.000000215
275,compute-0-3,0.000000009,+0.000000009,0.000000165
276,compute-0-0,0.000000024,+0.000000025,0.000000423
276,compute-0-1,0.000000326,+0.000000328,0.000000287
276,compute-0-2,0.000000071,+0.000000095,0.000000206
276,compute-0-3,0.000000008,+0.000000009,0.000000165
277,compute-0-0,0.000000053,+0.000000041,0.000000402
277,compute-0-1,0.000000000,+0.000000328,0.000000287
277,compute-0-2,0.000000054,+0.000000095,0.000000206
277,compute-0-3,0.000000029,+0.000000055,0.000000157
278,compute-0-0,0.000000023,+0.000000041,0.000000402
278,compute-0-1,0.000000070,+0.000000110,0.000000274
278,compute-0-2,0.000000078,-0.000000258,0.000000212
278,compute-0-3,0.000000016,-0.000000028,0.000000149
279,compute-0-0,0.000000008,-0.000000011,0.000000381
279,compute-0-1,0.000000049,+0.000000026,0.000000260
279,compute-0-2,0.000000022,-0.000000012,0.000000201
279,compute-0-3,0.000000074,-0.000000060,0.000000143
280,compute-0-0,0.000000008,-0.000000015,0.000000361
280,compute-0-1,0.000000039,+0.000000026,0.000000260
280,compute-0-2,0.000000093,+0.000000114,0.000000194
280,compute-0-3,0.000000019,-0.000000060,0.000000143
281,compute-0-0,0.000000007,-0.000000015,0.000000361
281,compute-0-1,0.000000025,-0.000000064,0.000000248
281,compute-0-2,0.000000064,+0.000000114,0.000000194
281,compute-0-3,0.000000039,-0.000000071,0.000000138
282,compute-0-0,0.000000019,-0.000000016,0.000000343
282,compute-0-1,0.000000094,-0.000000080,0.000000236
282,compute-0-2,0.000000056,+0.000000013,0.000000184
282,compute-0-3,0.000000006,-0.000000006,0.000000130
283,compute-0-0,0.000000028,-0.000000016,0.000000325
283,compute-0-1,0.000000060,-0.000000080,0.000000236
283,compute-0-2,0.000000071,+0.000000029,0.000000175
283,compute-0-3,0.000000006,-0.000000006,0.000000130
284,compute-0-0,0.000000020,-0.000000016,0.000000325
284,compute-0-1,0.000000081,+0.000000170,0.000000231
284,compute-0-2,0.000000053,+0.000000029,0.000000175
284,compute-0-3,0.000000013,-0.000000008,0.000000124
285,compute-0-0,0.000000000,+0.000000172,0.000000313
285,compute-0-1,0.000000015,-0.000000064,0.000000220
285,compute-0-2,0.000000038,-0.000000005,0.000000166
285,compute-0-3,0.000000112,-0.000000110,0.000000122
286,compute-0-0,0.000000090,+0.000000120,0.000000300
286,compute-0-1,0.000000014,-0.000000064,0.000000220
286,compute-0-2,0.000000045,+0.000000014,0.000000157
286,compute-0-3,0.000000034,-0.000000110,0.000000122
287,compute-0-0,0.000000117,-0.000000157,0.000000289
287,compute-0-1,0.000000051,-0.000000050,0.000000209
287,compute-0-2,0.000000037,+0.000000014,0.000000157
287,compute-0-3,0.000000002,+0.000002003,0.000000644
288,compute-0-0,0.000000062,-0.000000157,0.000000289
288,compute-0-1,0.000000080,-0.000000049,0.000000199
288,compute-0-2,0.000000059,+0.000000038,0.000000150
288,compute-0-3,0.000000027,-0.000000026,0.000000611
289,compute-0-0,0.000000054,-0.000000023,0.000000274
289,compute-0-1,0.000000049,-0.000000049,0.000000199
289,compute-0-2,0.000000080,+0.000000044,0.000000143
289,compute-0-3,0.000000020,-0.000000026,0.000000611
290,compute-0-0,0.000000011,+0.000000029,0.000000260
290,compute-0-1,0.000000066,-0.000000054,0.000000189
290,compute-0-2,0.000000050,+0.000000044,0.000000143
290,compute-0-3,0.000000030,+0.000000055,0.000000580
291,compute-0-0,0.000000011,+0.000000029,0.000000260
291,compute-0-1,0.000000057,-0.000000020,0.000000180
291,compute-0-2,0.000000065,+0.000000047,0.000000136
291,compute-0-3,0.000000037,-0.000000061,0.000000550
292,compute-0-0,0.000000038,-0.000000032,0.000000247
292,compute-0-1,0.000000041,-0.000000020,0.000000180
292,compute-0-2,0.000000159,-0.000000649,0.000000243
292,compute-0-3,0.000000025,-0.000000061,0.000000550
293,compute-0-0,0.000000042,-0.000000010,0.000000234
293,compute-0-1,0.000000017,+0.000000021,0.000000171
293,compute-0-2,0.000000000,-0.000000649,0.000000243
293,compute-0-3,0.000000006,+0.000000015,0.000000522
294,compute-0-0,0.000000035,-0.000000010,0.000000234
294,compute-0-1,0.000000070,+0.000000101,0.000000165
294,compute-0-2,0.000000022,+0.000000025,0.000000230
294,compute-0-3,0.000000034,-0.000000031,0.000000495
295,compute-0-0,0.000000054,-0.000000034,0.000000223
295,compute-0-1,0.000000057,+0.000000018,0.000000157
295,compute-0-2,0.000000007,-0.000000012,0.000000219
295,compute-0-3,0.000000022,-0.000000031,0.000000495
296,compute-0-0,0.000000041,-0.000000002,0.000000211
296,compute-0-1,0.000000042,+0.000000018,0.000000157
296,compute-0-2,0.000000007,-0.000000012,0.000000219
296,compute-0-3,0.000000027,-0.000000015,0.000000470
297,compute-0-0,0.000000034,-0.000000002,0.000000211
297,compute-0-1,0.000000048,-0.000000091,0.000000151
297,compute-0-2,0.000000012,-0.000000019,0.000000207
297,compute-0-3,0.000000051,-0.000000042,0.000000446
298,compute-0-0,0.000000033,-0.000000005,0.000000200
298,compute-0-1,0.000000081,-0.000000049,0.000000145
298,compute-0-2,0.000000034,-0.000000025,0.000000197
298,compute-0-3,0.000000018,-0.000000042,0.000000446
299,compute-0-0,0.000000044,-0.000000019,0.000000190
299,compute-0-1,0.000000050,-0.000000049,0.000000145
299,compute-0-2,0.000000026,-0.000000025,0.000000197
299,compute-0-3,0.000000011,+0.000000001,0.000000423
300,compute-0-0,0.000000034,-0.000000019,0.000000190
300,compute-0-1,0.000000047,-0.000000384,0.000000183
300,compute-0-2,0.000000029,-0.000000011,0.000000187
300,compute-0-3,0.000000088,-0.000000194,0.000000406
301,compute-0-0,0.000000044,-0.000000024,0.000000180
301,compute-0-1,0.000000063,-0.000000065,0.000000175
301,compute-0-2,0.000000057,+0.000000091,0.000000180
301,compute-0-3,0.000000000,-0.000000194,0.000000406
302,compute-0-0,0.000000055,-0.000000028,0.000000171
302,compute-0-1,0.000000047,-0.000000065,0.000000175
302,compute-0-2,0.000000030,+0.000000091,0.000000180
302,compute-0-3,0.000000020,-0.000000023,0.000000385
303,compute-0-0,0.000000036,-0.000000028,0.000000171
303,compute-0-1,0.000000100,-0.000000119,0.000000170
303,compute-0-2,0.000000005,-0.000000023,0.000000171
303,compute-0-3,0.000000022,-0.000000007,0.000000366
304,compute-0-0,0.000000000,-0.000000189,0.000000173
304,compute-0-1,0.000000438,-0.000000722,0.000000280
304,compute-0-2,0.000000019,-0.000000025,0.000000162
304,compute-0-3,0.000000017,-0.000000007,0.000000366
305,compute-0-0,0.000000111,+0.000000160,0.000000172
305,compute-0-1,0.000000000,-0.000000722,0.000000280
305,compute-0-2,0.000000017,-0.000000025,0.000000162
305,compute-0-3,0.000000017,-0.000000004,0.000000347
306,compute-0-0,0.000000000,+0.000000160,0.000000172
306,compute-0-1,0.000000001,+0.000001381,0.000000511
306,compute-0-2,0.000000020,-0.000000006,0.000000154
306,compute-0-3,0.000000032,-0.000000023,0.000000329
307,compute-0-0,0.000000053,+0.000000080,0.000000165
307,compute-0-1,0.000000068,+0.000000072,0.000000485
307,compute-0-2,0.000000039,-0.000000026,0.000000146
307,compute-0-3,0.000000039,-0.000000020,0.000000312
308,compute-0-0,0.000000047,+0.000000015,0.000000157
308,compute-0-1,0.000000055,+0.000000072,0.000000485
308,compute-0-2,0.000000031,-0.000000004,0.000000139
308,compute-0-3,0.000000028,-0.000000020,0.000000312
309,compute-0-0,0.000000034,+0.000000015,0.000000157
309,compute-0-1,0.000000138,+0.000000201,0.000000465
309,compute-0-2,0.000000025,-0.000000004,0.000000139
309,compute-0-3,0.000000019,+0.000000044,0.000000297
310,compute-0-0,0.000000036,+0.000000013,0.000000149
310,compute-0-1,0.000000040,-0.000000074,0.000000442
310,compute-0-2,0.000000045,+0.000000080,0.000000134
310,compute-0-3,0.000000074,+0.000000063,0.000000282
311,compute-0-0,0.000000043,+0.000000018,0.000000141
311,compute-0-1,0.000000036,-0.000000074,0.000000442
311,compute-0-2,0.000000031,+0.000000006,0.000000127
311,compute-0-3,0.000000033,+0.000000063,0.000000282
312,compute-0-0,0.000000057,+0.000000026,0.000000134
312,compute-0-1,0.000000053,-0.000000025,0.000000419
312,compute-0-2,0.000000024,+0.000000006,0.000000127
312,compute-0-3,0.000000029,+0.000000145,0.000000272
313,compute-0-0,0.000000042,+0.000000026,0.000000134
313,compute-0-1,0.000000089,-0.000000051,0.000000398
313,compute-0-2,0.000000046,+0.000000044,0.000000121
313,compute-0-3,0.000000001,+0.000000874,0.000000378
314,compute-0-0,0.000000045,+0.000000017,0.000000127
314,compute-0-1,0.000000062,-0.000000051,0.000000398
314,compute-0-2,0.000000104,-0.000000136,0.000000123
314,compute-0-3,0.000000001,+0.000000874,0.000000378
315,compute-0-0,0.000000049,+0.000000018,0.000000121
315,compute-0-1,0.000000003,+0.000000055,0.000000378
315,compute-0-2,0.000000030,-0.000000136,0.000000123
315,compute-0-3,0.000000035,+0.000000102,0.000000360
316,compute-0-0,0.000000037,+0.000000018,0.000000121
316,compute-0-1,0.000000038,+0.000000044,0.000000359
316,compute-0-2,0.000000084,+0.000000201,0.000000133
316,compute-0-3,0.000000091,-0.000000105,0.000000343
317,compute-0-0,0.000000001,-0.000000032,0.000000115
317,compute-0-1,0.000000033,+0.000000044,0.000000359
317,compute-0-2,0.000000192,-0.000000218,0.000000144
317,compute-0-3,0.000000031,-0.000000105,0.000000343
318,compute-0-0,0.000000003,-0.000000004,0.000000109
318,compute-0-1,0.000000088,+0.000000107,0.000000342
318,compute-0-2,0.000000076,-0.000000218,0.000000144
318,compute-0-3,0.000000038,-0.000000030,0.000000326
319,compute-0-0,0.000000003,-0.000000004,0.000000109
319,compute-0-1,0.000000126,+0.000000118,0.000000327
319,compute-0-2,0.000000042,+0.000000094,0.000000139
319,compute-0-3,0.000000028,+0.000000000,0.000000309
320,compute-0-0,0.000000038,-0.000000042,0.000000105
320,compute-0-1,0.000000018,+0.000000118,0.000000327
320,compute-0-2,0.000000074,-0.000000117,0.000000137
320,compute-0-3,0.000000023,+0.000000000,0.000000309
321,compute-0-0,0.000000078,-0.000000056,0.000000101
321,compute-0-1,0.000000024,-0.000000043,0.000000310
321,compute-0-2,0.000000058,-0.000000117,0.000000137
321,compute-0-3,0.000000052,+0.000000148,0.000000297
322,compute-0-0,0.000000041,-0.000000056,0.000000101
322,compute-0-1,0.000000031,-0.000000010,0.000000294
322,compute-0-2,0.000000041,+0.000000010,0.000000130
322,compute-0-3,0.000000011,-0.000000011,0.000000281
323,compute-0-0,0.000000050,-0.000000037,0.000000096
323,compute-0-1,0.000000040,-0.000000013,0.000000279
323,compute-0-2,0.000000460,-0.000000728,0.000000261
323,compute-0-3,0.000000010,-0.000000011,0.000000281
324,compute-0-0,0.000000005,+0.000000027,0.000000092
324,compute-0-1,0.000000035,-0.000000013,0.000000279
324,compute-0-2,0.000000000,-0.000000728,0.000000261
324,compute-0-3,0.000000004,+0.000000007,0.000000267
325,compute-0-0,0.000000005,+0.000000027,0.000000092
325,compute-0-1,0.000000069,-0.000000051,0.000000265
325,compute-0-2,0.000000035,+0.000000037,0.000000248
325,compute-0-3,0.000000000,-0.000000521,0.000000302
326,compute-0-0,0.000000013,+0.000000019,0.000000087
326,compute-0-1,0.000000064,-0.000000019,0.000000252
326,compute-0-2,0.000000258,+0.000000325,0.000000257
326,compute-0-3,0.000000000,-0.000000521,0.000000302
327,compute-0-0,0.000000047,+0.000000040,0.000000084
327,compute-0-1,0.000000048,-0.000000019,0.000000252
327,compute-0-2,0.000000000,+0.000000325,0.000000257
327,compute-0-3,0.000000002,+0.000000001,0.000000287
328,compute-0-0,0.000000033,+0.000000040,0.000000084
328,compute-0-1,0.000000056,-0.000000025,0.000000239
328,compute-0-2,0.000000096,+0.000000129,0.000000247
328,compute-0-3,0.000000022,+0.000000023,0.000000272
329,compute-0-0,0.000000028,+0.000000003,0.000000080
329,compute-0-1,0.000000035,+0.000000005,0.000000227
329,compute-0-2,0.000000105,+0.000000042,0.000000235
329,compute-0-3,0.000000017,+0.000000023,0.000000272
330,compute-0-0,0.000000099,+0.000000108,0.000000083
330,compute-0-1,0.000000030,+0.000000005,0.000000227
330,compute-0-2,0.000000076,+0.000000042,0.000000235
330,compute-0-3,0.000000020,+0.000000084,0.000000259
331,compute-0-0,0.000000022,+0.000000108,0.000000083
331,compute-0-1,0.000000012,+0.000000016,0.000000215
331,compute-0-2,0.000000072,+0.000000013,0.000000223
331,compute-0-3,0.000000025,+0.000000028,0.000000246
332,compute-0-0,0.000000048,-0.000000099,0.000000085
332,compute-0-1,0.000000064,-0.000000057,0.000000205
332,compute-0-2,0.000000086,+0.000000032,0.000000212
332,compute-0-3,0.000000006,-0.000000012,0.000000234
333,compute-0-0,0.000000030,+0.000000000,0.000000080
333,compute-0-1,0.000000042,-0.000000057,0.000000205
333,compute-0-2,0.000000096,+0.000000031,0.000000201
333,compute-0-3,0.000000006,-0.000000012,0.000000234
334,compute-0-0,0.000000026,-0.000000001,0.000000076
334,compute-0-1,0.000000067,-0.000000065,0.000000195
334,compute-0-2,0.000000075,+0.000000031,0.000000201
334,compute-0-3,0.000000009,-0.000000015,0.000000222
335,compute-0-0,0.000000022,-0.000000001,0.000000076
335,compute-0-1,0.000000011,+0.000000022,0.000000186
335,compute-0-2,0.000000139,+0.000000117,0.000000194
335,compute-0-3,0.000000015,-0.000000006,0.000000210
336,compute-0-0,0.000000011,+0.000000010,0.000000072
336,compute-0-1,0.000000010,+0.000000022,0.000000186
336,compute-0-2,0.000000143,+0.000000081,0.000000186
336,compute-0-3,0.000000013,-0.000000006,0.000000210
337,compute-0-0,0.000000093,+0.000000113,0.000000077
337,compute-0-1,0.000000000,+0.000000010,0.000000176
337,compute-0-2,0.000000091,+0.000000081,0.000000186
337,compute-0-3,0.000000030,-0.000000026,0.000000200
338,compute-0-0,0.000000018,+0.000000113,0.000000077
338,compute-0-1,0.000000003,+0.000000003,0.000000167
338,compute-0-2,0.000000048,+0.000000186,0.000000186
338,compute-0-3,0.000000067,-0.000000691,0.000000289
339,compute-0-0,0.000000027,+0.000000136,0.000000085
339,compute-0-1,0.000000002,+0.000000003,0.000000167
339,compute-0-2,0.000000065,-0.000000069,0.000000178
339,compute-0-3,0.000000000,-0.000000691,0.000000289
340,compute-0-0,0.000000148,+0.000000500,0.000000177
340,compute-0-1,0.000000011,+0.000000009,0.000000159
340,compute-0-2,0.000000030,-0.000000069,0.000000178
340,compute-0-3,0.000000003,-0.000000003,0.000000274
341,compute-0-0,0.000000000,+0.000000500,0.000000177
341,compute-0-1,0.000000024,+0.000000015,0.000000150
341,compute-0-2,0.000000076,-0.000000118,0.000000173
341,compute-0-3,0.000000019,-0.000000016,0.000000260
342,compute-0-0,0.000000028,+0.000000035,0.000000169
342,compute-0-1,0.000000020,+0.000000015,0.000000150
342,compute-0-2,0.000000290,-0.000000374,0.000000202
342,compute-0-3,0.000000015,-0.000000016,0.000000260
343,compute-0-0,0.000000048,-0.000000074,0.000000162
343,compute-0-1,0.000000051,+0.000000059,0.000000144
343,compute-0-2,0.000000000,-0.000000374,0.000000202
343,compute-0-3,0.000000005,+0.000000008,0.000000247
344,compute-0-0,0.000000024,-0.000000074,0.000000162
344,compute-0-1,0.000000100,+0.000000106,0.000000141
344,compute-0-2,0.000000001,+0.000000715,0.000000297
344,compute-0-3,0.000000000,-0.000000485,0.000000280
345,compute-0-0,0.000000008,+0.000000027,0.000000154
345,compute-0-1,0.000000011,+0.000000106,0.000000141
345,compute-0-2,0.000000207,+0.000000245,0.000000292
345,compute-0-3,0.000000000,-0.000000485,0.000000280
346,compute-0-0,0.000000027,-0.000000037,0.000000146
346,compute-0-1,0.000000001,+0.000000694,0.000000257
346,compute-0-2,0.000000058,+0.000000245,0.000000292
346,compute-0-3,0.000000026,-0.000000037,0.000000266
347,compute-0-0,0.000000020,-0.000000037,0.000000146
347,compute-0-1,0.000000001,+0.000001078,0.000000419
347,compute-0-2,0.000000101,+0.000000116,0.000000279
347,compute-0-3,0.000000001,-0.000000919,0.000000385
348,compute-0-0,0.000000035,-0.000000039,0.000000139
348,compute-0-1,0.000000071,+0.000000073,0.000000398
348,compute-0-2,0.000000163,+0.000000138,0.000000268
348,compute-0-3,0.000000001,-0.000000919,0.000000385
349,compute-0-0,0.000000068,-0.000000072,0.000000134
349,compute-0-1,0.000000053,+0.000000073,0.000000398
349,compute-0-2,0.000000024,+0.000000138,0.000000268
349,compute-0-3,0.000000007,-0.000000008,0.000000365
350,compute-0-0,0.000000008,-0.000000072,0.000000134
350,compute-0-1,0.000000070,+0.000000045,0.000000378
350,compute-0-2,0.000000040,+0.000000381,0.000000282
350,compute-0-3,0.000000008,+0.000000015,0.000000346
351,compute-0-0,0.000000014,-0.000000015,0.000000127
351,compute-0-1,0.000000730,-0.000001100,0.000000500
351,compute-0-2,0.000000081,+0.000000090,0.000000269
351,compute-0-3,0.000000007,+0.000000015,0.000000346
352,compute-0-0,0.000000008,+0.000000005,0.000000121
352,compute-0-1,0.000000001,-0.000001100,0.000000500
352,compute-0-2,0.000000056,+0.000000090,0.000000269
352,compute-0-3,0.000000000,-0.000000006,0.000000329
353,compute-0-0,0.000000008,+0.000000005,0.000000121
353,compute-0-1,0.000000085,-0.000000101,0.000000475
353,compute-0-2,0.000000001,-0.000001184,0.000000453
353,compute-0-3,0.000000001,-0.000000002,0.000000312
354,compute-0-0,0.000000002,+0.000000009,0.000000115
354,compute-0-1,0.000000057,+0.000000006,0.000000451
354,compute-0-2,0.000000009,-0.000000010,0.000000430
354,compute-0-3,0.000000001,-0.000000002,0.000000312
355,compute-0-0,0.000000009,-0.000000011,0.000000109
355,compute-0-1,0.000000051,+0.000000006,0.000000451
355,compute-0-2,0.000000009,-0.000000010,0.000000430
355,compute-0-3,0.000000005,-0.000000004,0.000000296
356,compute-0-0,0.000000033,-0.000000025,0.000000103
356,compute-0-1,0.000000061,+0.000000116,0.000000429
356,compute-0-2,0.000000055,-0.000000068,0.000000408
356,compute-0-3,0.000000014,-0.000000010,0.000000281
357,compute-0-0,0.000000025,-0.000000025,0.000000103
357,compute-0-1,0.000000399,+0.000000420,0.000000428
357,compute-0-2,0.000000001,-0.000000842,0.000000470
357,compute-0-3,0.000000011,+0.000000001,0.000000266
358,compute-0-0,0.000000044,-0.000000037,0.000000099
358,compute-0-1,0.000000094,+0.000000420,0.000000428
358,compute-0-2,0.000000216,-0.000000217,0.000000451
358,compute-0-3,0.000000009,+0.000000001,0.000000266
359,compute-0-0,0.000000097,-0.000000082,0.000000097
359,compute-0-1,0.000000000,+0.000000481,0.000000434
359,compute-0-2,0.000000049,-0.000000217,0.000000451
359,compute-0-3,0.000000006,+0.000000002,0.000000252
360,compute-0-0,0.000000028,-0.000000082,0.000000097
360,compute-0-1,0.000000041,+0.000000045,0.000000412
360,compute-0-2,0.000000068,+0.000000078,0.000000429
360,compute-0-3,0.000000002,+0.000000004,0.000000240
361,compute-0-0,0.000000000,-0.000000436,0.000000166
361,compute-0-1,0.000000032,+0.000000045,0.000000412
361,compute-0-2,0.000000132,+0.000000084,0.000000408
361,compute-0-3,0.000000002,+0.000000004,0.000000240
362,compute-0-0,0.000000293,+0.000000693,0.000000270
362,compute-0-1,0.000000044,+0.000000033,0.000000391
362,compute-0-2,0.000000092,+0.000000084,0.000000408
362,compute-0-3,0.000000005,-0.000000003,0.000000227
363,compute-0-0,0.000000000,+0.000000693,0.000000270
363,compute-0-1,0.000000126,+0.000000157,0.000000374
363,compute-0-2,0.000000180,+0.000000378,0.000000405
363,compute-0-3,0.000000008,-0.000000003,0.000000216
364,compute-0-0,0.000000002,+0.000001564,0.000000557
364,compute-0-1,0.000000000,+0.000000157,0.000000374
364,compute-0-2,0.000000078,+0.000000081,0.000000385
364,compute-0-3,0.000000007,-0.000000003,0.000000216
365,compute-0-0,0.000000051,+0.000000058,0.000000529
365,compute-0-1,0.000000021,-0.000000276,0.000000365
365,compute-0-2,0.000000059,+0.000000081,0.000000385
365,compute-0-3,0.000000026,+0.000000046,0.000000205
366,compute-0-0,0.000000029,+0.000000058,0.000000529
366,compute-0-1,0.000000211,+0.000000364,0.000000365
366,compute-0-2,0.000000000,+0.000000163,0.000000369
366,compute-0-3,0.000000035,+0.000000027,0.000000195
367,compute-0-0,0.000000042,-0.000000082,0.000000502
367,compute-0-1,0.000000000,+0.000000364,0.000000365
367,compute-0-2,0.000000041,+0.000000045,0.000000350
367,compute-0-3,0.000000018,+0.000000027,0.000000195
368,compute-0-0,0.000000016,+0.000000009,0.000000476
368,compute-0-1,0.000000063,-0.000000079,0.000000347
368,compute-0-2,0.000000025,+0.000000045,0.000000350
368,compute-0-3,0.000000000,+0.000000366,0.000000218
369,compute-0-0,0.000000014,+0.000000009,0.000000476
369,compute-0-1,0.000000151,-0.000000139,0.000000332
369,compute-0-2,0.000000016,-0.000000003,0.000000332
369,compute-0-3,0.000000001,+0.000000681,0.000000299
370,compute-0-0,0.000000009,+0.000000023,0.000000452
370,compute-0-1,0.000000055,-0.000000139,0.000000332
370,compute-0-2,0.000000059,+0.000000057,0.000000316
370,compute-0-3,0.000000001,+0.000000681,0.000000299
371,compute-0-0,0.000000028,-0.000000038,0.000000429
371,compute-0-1,0.000000012,+0.000000040,0.000000316
371,compute-0-2,0.000000016,+0.000000057,0.000000316
371,compute-0-3,0.000000025,+0.000000033,0.000000283
372,compute-0-0,0.000000022,-0.000000038,0.000000429
372,compute-0-1,0.000000085,-0.000000091,0.000000301
372,compute-0-2,0.000000015,-0.000000025,0.000000300
372,compute-0-3,0.000000056,+0.000000048,0.000000269
373,compute-0-0,0.000000013,+0.000000035,0.000000407
373,compute-0-1,0.000000070,-0.000000020,0.000000285
373,compute-0-2,0.000000032,+0.000000050,0.000000285
373,compute-0-3,0.000000024,+0.000000048,0.000000269
374,compute-0-0,0.000000031,-0.000000045,0.000000387
374,compute-0-1,0.000000052,-0.000000020,0.000000285
374,compute-0-2,0.000000021,+0.000000050,0.000000285
374,compute-0-3,0.000000032,+0.000000051,0.000000256
375,compute-0-0,0.000000023,-0.000000045,0.000000387
375,compute-0-1,0.000000072,-0.000000042,0.000000271
375,compute-0-2,0.000000024,-0.000000052,0.000000271
375,compute-0-3,0.000000067,+0.000000075,0.000000244
376,compute-0-0,0.000000033,-0.000000029,0.000000367
376,compute-0-1,0.000000126,-0.000000084,0.000000259
376,compute-0-2,0.000000051,-0.000000047,0.000000257
376,compute-0-3,0.000000031,+0.000000075,0.000000244
377,compute-0-0,0.000000012,+0.000000034,0.000000348
377,compute-0-1,0.000000067,-0.000000084,0.000000259
377,compute-0-2,0.000000015,-0.000000047,0.000000257
377,compute-0-3,0.000000023,-0.000000003,0.000000232
378,compute-0-0,0.000000011,+0.000000034,0.000000348
378,compute-0-1,0.000000026,+0.000000072,0.000000246
378,compute-0-2,0.000000010,+0.000000023,0.000000244
378,compute-0-3,0.000000062,+0.000000057,0.000000220
379,compute-0-0,0.000000037,+0.000000052,0.000000331
379,compute-0-1,0.000000076,+0.000000057,0.000000234
379,compute-0-2,0.000000003,-0.000000012,0.000000231
379,compute-0-3,0.000000028,+0.000000057,0.000000220
380,compute-0-0,0.000000038,+0.000000021,0.000000314
380,compute-0-1,0.000000052,+0.000000057,0.000000234
380,compute-0-2,0.000000003,-0.000000012,0.000000231
380,compute-0-3,0.000000001,+0.000000461,0.000000255
381,compute-0-0,0.000000031,+0.000000007,0.000000298
381,compute-0-1,0.000000042,+0.000000003,0.000000222
381,compute-0-2,0.000000035,+0.000000064,0.000000221
381,compute-0-3,0.000000080,+0.000000189,0.000000249
382,compute-0-0,0.000000024,+0.000000007,0.000000298
382,compute-0-1,0.000000002,-0.000002194,0.000000725
382,compute-0-2,0.000000001,-0.000000023,0.000000209
382,compute-0-3,0.000000065,-0.000000066,0.000000237
383,compute-0-0,0.000000033,+0.000000021,0.000000282
383,compute-0-1,0.000000002,-0.000002194,0.000000725
383,compute-0-2,0.000000106,+0.000000109,0.000000202
383,compute-0-3,0.000000044,-0.000000066,0.000000237
384,compute-0-0,0.000000050,+0.000000034,0.000000268
384,compute-0-1,0.000000010,-0.000000012,0.000000688
384,compute-0-2,0.000000044,+0.000000109,0.000000202
384,compute-0-3,0.000000039,-0.000000011,0.000000225
385,compute-0-0,0.000000027,+0.000000034,0.000000268
385,compute-0-1,0.000000022,-0.000000013,0.000000653
385,compute-0-2,0.000000000,+0.000000109,0.000000202
385,compute-0-3,0.000000085,-0.000000062,0.000000214
386,compute-0-0,0.000000036,+0.000000032,0.000000255
386,compute-0-1,0.000000020,-0.000000013,0.000000653
386,compute-0-2,0.000000142,+0.000000147,0.000000197
386,compute-0-3,0.000000040,-0.000000062,0.000000214
387,compute-0-0,0.000000022,+0.000000006,0.000000242
387,compute-0-1,0.000000030,-0.000000017,0.000000619
387,compute-0-2,0.000000097,+0.000000147,0.000000197
387,compute-0-3,0.000000058,-0.000000060,0.000000204
388,compute-0-0,0.000000017,+0.000000006,0.000000242
388,compute-0-1,0.000000033,-0.000000010,0.000000587
388,compute-0-2,0.000000100,+0.000000139,0.000000192
388,compute-0-3,0.000000051,-0.000000027,0.000000194
389,compute-0-0,0.000000050,+0.000000087,0.000000231
389,compute-0-1,0.000000027,-0.000000010,0.000000587
389,compute-0-2,0.000000378,+0.000000553,0.000000252
389,compute-0-3,0.000000033,-0.000000027,0.000000194
390,compute-0-0,0.000000033,+0.000000036,0.000000219
390,compute-0-1,0.000000058,-0.000000127,0.000000559
390,compute-0-2,0.000000000,+0.000000553,0.000000252
390,compute-0-3,0.000000041,-0.000000025,0.000000184
391,compute-0-0,0.000000024,+0.000000036,0.000000219
391,compute-0-1,0.000000027,-0.000000029,0.000000530
391,compute-0-2,0.000000001,+0.000000569,0.000000299
391,compute-0-3,0.000000076,-0.000000061,0.000000176
392,compute-0-0,0.000000019,-0.000000000,0.000000208
392,compute-0-1,0.000000024,-0.000000029,0.000000530
392,compute-0-2,0.000000019,-0.000000019,0.000000284
392,compute-0-3,0.000000028,-0.000000061,0.000000176
393,compute-0-0,0.000000012,-0.000000004,0.000000197
393,compute-0-1,0.000000056,+0.000000168,0.000000506
393,compute-0-2,0.000000018,-0.000000019,0.000000284
393,compute-0-3,0.000000042,-0.000000041,0.000000167
394,compute-0-0,0.000000011,-0.000000004,0.000000197
394,compute-0-1,0.000000011,+0.000000004,0.000000480
394,compute-0-2,0.000000120,-0.000000219,0.000000278
394,compute-0-3,0.000000009,+0.000000018,0.000000159
395,compute-0-0,0.000000034,+0.000000038,0.000000188
395,compute-0-1,0.000000030,-0.000000040,0.000000455
395,compute-0-2,0.000000089,-0.000000079,0.000000265
395,compute-0-3,0.000000008,+0.000000018,0.000000159
396,compute-0-0,0.000000015,-0.000000007,0.000000178
396,compute-0-1,0.000000026,-0.000000040,0.000000455
396,compute-0-2,0.000000066,-0.000000079,0.000000265
396,compute-0-3,0.000000025,+0.000000041,0.000000151
397,compute-0-0,0.000000013,-0.000000007,0.000000178
397,compute-0-1,0.000000001,+0.000000023,0.000000432
397,compute-0-2,0.000000129,-0.000000155,0.000000256
397,compute-0-3,0.000000076,-0.000000129,0.000000149
398,compute-0-0,0.000000027,+0.000000022,0.000000169
398,compute-0-1,0.000000012,+0.000000013,0.000000410
398,compute-0-2,0.000000108,-0.000000056,0.000000244
398,compute-0-3,0.000000000,-0.000000129,0.000000149
399,compute-0-0,0.000000075,-0.000000175,0.000000170
399,compute-0-1,0.000000011,+0.000000013,0.000000410
399,compute-0-2,0.000000073,-0.000000056,0.000000244
399,compute-0-3,0.000000007,+0.000000008,0.000000142
400,compute-0-0,0.000000000,-0.000000175,0.000000170
400,compute-0-1,0.000000003,-0.000000008,0.000000389
400,compute-0-2,0.000000000,-0.000000357,0.000000257
400,compute-0-3,0.000000006,-0.000000000,0.000000134
401,compute-0-0,0.000000002,-0.000001765,0.000000581
401,compute-0-1,0.000000067,+0.000000067,0.000000369
401,compute-0-2,0.000000127,+0.000000207,0.000000253
401,compute-0-3,0.000000006,-0.000000000,0.000000134
402,compute-0-0,0.000000023,-0.000000027,0.000000551
402,compute-0-1,0.000000044,+0.000000067,0.000000369
402,compute-0-2,0.000000000,+0.000000207,0.000000253
402,compute-0-3,0.000000005,-0.000000001,0.000000127
403,compute-0-0,0.000000099,-0.000000082,0.000000524
403,compute-0-1,0.000000011,-0.000000024,0.000000351
403,compute-0-2,0.000000033,+0.000000038,0.000000240
403,compute-0-3,0.000000007,-0.000000012,0.000000121
404,compute-0-0,0.000000019,-0.000000082,0.000000524
404,compute-0-1,0.000000026,+0.000000016,0.000000333
404,compute-0-2,0.000000007,-0.000000037,0.000000228
404,compute-0-3,0.000000033,-0.000000026,0.000000115
405,compute-0-0,0.000000013,+0.000000014,0.000000497
405,compute-0-1,0.000000023,+0.000000016,0.000000333
405,compute-0-2,0.000000024,+0.000000031,0.000000217
405,compute-0-3,0.000000025,-0.000000026,0.000000115
406,compute-0-0,0.000000016,+0.000000004,0.000000471
406,compute-0-1,0.000000029,+0.000000011,0.000000316
406,compute-0-2,0.000000022,+0.000000031,0.000000217
406,compute-0-3,0.000000016,+0.000000004,0.000000109
407,compute-0-0,0.000000013,+0.000000004,0.000000471
407,compute-0-1,0.000000024,+0.000000000,0.000000299
407,compute-0-2,0.000000018,-0.000000001,0.000000206
407,compute-0-3,0.000000050,+0.000000067,0.000000106
408,compute-0-0,0.000000017,+0.000000007,0.000000447
408,compute-0-1,0.000000020,+0.000000000,0.000000299
408,compute-0-2,0.000000034,+0.000000019,0.000000195
408,compute-0-3,0.000000028,+0.000000067,0.000000106
409,compute-0-0,0.000000047,+0.000000035,0.000000424
409,compute-0-1,0.000000040,+0.000000032,0.000000284
409,compute-0-2,0.000000027,+0.000000019,0.000000195
409,compute-0-3,0.000000002,-0.000000017,0.000000100
410,compute-0-0,0.000000028,+0.000000035,0.000000424
410,compute-0-1,0.000000055,+0.000000032,0.000000270
410,compute-0-2,0.000000043,+0.000000029,0.000000185
410,compute-0-3,0.000000002,-0.000000004,0.000000095
411,compute-0-0,0.000000027,+0.000000012,0.000000402
411,compute-0-1,0.000000034,+0.000000032,0.000000270
411,compute-0-2,0.000000031,+0.000000003,0.000000176
411,compute-0-3,0.000000002,-0.000000004,0.000000095
412,compute-0-0,0.000000026,+0.000000007,0.000000382
412,compute-0-1,0.000000045,+0.000000032,0.000000256
412,compute-0-2,0.000000025,+0.000000003,0.000000176
412,compute-0-3,0.000000009,+0.000000012,0.000000090
413,compute-0-0,0.000000020,+0.000000007,0.000000382
413,compute-0-1,0.000000041,+0.000000014,0.000000243
413,compute-0-2,0.000000023,+0.000000004,0.000000167
413,compute-0-3,0.000000004,-0.000000012,0.000000086
414,compute-0-0,0.000000018,+0.000000002,0.000000362
414,compute-0-1,0.000000029,+0.000000014,0.000000243
414,compute-0-2,0.000000017,-0.000000037,0.000000159
414,compute-0-3,0.000000004,-0.000000012,0.000000086
415,compute-0-0,0.000000029,+0.000000016,0.000000344
415,compute-0-1,0.000000063,+0.000000078,0.000000232
415,compute-0-2,0.000000015,-0.000000037,0.000000159
415,compute-0-3,0.000000001,+0.000000005,0.000000081
416,compute-0-0,0.000000021,+0.000000016,0.000000344
416,compute-0-1,0.000000020,-0.000000015,0.000000220
416,compute-0-2,0.000000009,+0.000000005,0.000000150
416,compute-0-3,0.000000009,+0.000000009,0.000000077
417,compute-0-0,0.000000010,-0.000000008,0.000000326
417,compute-0-1,0.000000019,-0.000000015,0.000000220
417,compute-0-2,0.000000178,+0.000000264,0.000000165
417,compute-0-3,0.000000008,+0.000000009,0.000000077
418,compute-0-0,0.000000000,-0.000000010,0.000000309
418,compute-0-1,0.000000001,+0.000000607,0.000000284
418,compute-0-2,0.000000000,+0.000000264,0.000000165
418,compute-0-3,0.000000002,-0.000000010,0.000000073
419,compute-0-0,0.000000000,-0.000000010,0.000000309
419,compute-0-1,0.000000003,+0.000003108,0.000001019
419,compute-0-2,0.000000017,-0.000000018,0.000000157
419,compute-0-3,0.000000018,-0.000000018,0.000000070
420,compute-0-0,0.000000007,-0.000000008,0.000000293
420,compute-0-1,0.000000190,+0.000000199,0.000000969
420,compute-0-2,0.000000009,+0.000000025,0.000000149
420,compute-0-3,0.000000015,-0.000000018,0.000000070
421,compute-0-0,0.000000016,-0.000000010,0.000000278
421,compute-0-1,0.000000039,+0.000000199,0.000000969
421,compute-0-2,0.000000009,+0.000000025,0.000000149
421,compute-0-3,0.000000024,-0.000000019,0.000000067
422,compute-0-0,0.000000014,-0.000000010,0.000000278
422,compute-0-1,0.000000060,-0.000000072,0.000000919
422,compute-0-2,0.000000001,-0.000001289,0.000000431
422,compute-0-3,0.000000001,-0.000000791,0.000000258
423,compute-0-0,0.000000028,-0.000000028,0.000000264
423,compute-0-1,0.000000078,-0.000000039,0.000000872
423,compute-0-2,0.000000047,-0.000000055,0.000000410
423,compute-0-3,0.000000001,-0.000000791,0.000000258
424,compute-0-0,0.000000012,+0.000000007,0.000000251
424,compute-0-1,0.000000048,-0.000000039,0.000000872
424,compute-0-2,0.000000029,-0.000000055,0.000000410
424,compute-0-3,0.000000004,+0.000000003,0.000000245
425,compute-0-0,0.000000011,+0.000000007,0.000000251
425,compute-0-1,0.000000072,-0.000000070,0.000000828
425,compute-0-2,0.000000016,+0.000000046,0.000000389
425,compute-0-3,0.000000022,+0.000000021,0.000000232
426,compute-0-0,0.000000009,+0.000000001,0.000000238
426,compute-0-1,0.000000127,+0.000000166,0.000000787
426,compute-0-2,0.000000007,-0.000000007,0.000000369
426,compute-0-3,0.000000015,+0.000000021,0.000000232
427,compute-0-0,0.000000012,+0.000000022,0.000000226
427,compute-0-1,0.000000033,+0.000000166,0.000000787
427,compute-0-2,0.000000010,+0.000000003,0.000000350
427,compute-0-3,0.000000010,-0.000000004,0.000000220
428,compute-0-0,0.000000014,+0.000000004,0.000000214
428,compute-0-1,0.000000032,+0.000000031,0.000000747
428,compute-0-2,0.000000009,+0.000000003,0.000000350
428,compute-0-3,0.000000015,+0.000000007,0.000000209
429,compute-0-0,0.000000013,+0.000000004,0.000000214
429,compute-0-1,0.000000037,-0.000000064,0.000000709
429,compute-0-2,0.000000032,+0.000000028,0.000000332
429,compute-0-3,0.000000022,+0.000000010,0.000000198
430,compute-0-0,0.000000026,+0.000000019,0.000000203
430,compute-0-1,0.000000030,-0.000000064,0.000000709
430,compute-0-2,0.000000001,-0.000000026,0.000000315
430,compute-0-3,0.000000017,+0.000000010,0.000000198
431,compute-0-0,0.000000013,-0.000000005,0.000000193
431,compute-0-1,0.000000054,-0.000000228,0.000000676
431,compute-0-2,0.000000001,-0.000000026,0.000000315
431,compute-0-3,0.000000012,-0.000000001,0.000000188
432,compute-0-0,0.000000011,-0.000000005,0.000000193
432,compute-0-1,0.000000054,-0.000000058,0.000000642
432,compute-0-2,0.000000003,-0.000000002,0.000000299
432,compute-0-3,0.000000011,+0.000000001,0.000000179
433,compute-0-0,0.000000019,+0.000000011,0.000000183
433,compute-0-1,0.000000040,-0.000000058,0.000000642
433,compute-0-2,0.000000031,-0.000000029,0.000000284
433,compute-0-3,0.000000010,+0.000000001,0.000000179
434,compute-0-0,0.000000024,+0.000000009,0.000000174
434,compute-0-1,0.000000047,+0.000000095,0.000000609
434,compute-0-2,0.000000025,-0.000000029,0.000000284
434,compute-0-3,0.000000009,+0.000000000,0.000000169
435,compute-0-0,0.000000018,+0.000000009,0.000000174
435,compute-0-1,0.000000084,-0.000000131,0.000000580
435,compute-0-2,0.000000027,-0.000000008,0.000000269
435,compute-0-3,0.000000053,-0.000000069,0.000000162
436,compute-0-0,0.000000023,+0.000000011,0.000000165
436,compute-0-1,0.000000047,-0.000000131,0.000000580
436,compute-0-2,0.000000049,-0.000000030,0.000000256
436,compute-0-3,0.000000012,-0.000000069,0.000000162
437,compute-0-0,0.000000029,+0.000000014,0.000000156
437,compute-0-1,0.000000073,-0.000000078,0.000000550
437,compute-0-2,0.000000032,-0.000000030,0.000000256
437,compute-0-3,0.000000009,-0.000000009,0.000000154
438,compute-0-0,0.000000020,+0.000000014,0.000000156
438,compute-0-1,0.000000084,-0.000000060,0.000000523
438,compute-0-2,0.000000030,-0.000000008,0.000000243
438,compute-0-3,0.000000006,+0.000000002,0.000000146
439,compute-0-0,0.000000010,-0.000000007,0.000000148
439,compute-0-1,0.000000045,-0.000000060,0.000000523
439,compute-0-2,0.000000010,+0.000000014,0.000000230
439,compute-0-3,0.000000006,+0.000000002,0.000000146
440,compute-0-0,0.000000015,+0.000000007,0.000000141
440,compute-0-1,0.000000038,-0.000000004,0.000000496
440,compute-0-2,0.000000009,+0.000000014,0.000000230
440,compute-0-3,0.000000010,-0.000000006,0.000000139
441,compute-0-0,0.000000013,+0.000000007,0.000000141
441,compute-0-1,0.000000017,+0.000000051,0.000000471
441,compute-0-2,0.000000025,-0.000000021,0.000000218
441,compute-0-3,0.000000059,-0.000000070,0.000000133
442,compute-0-0,0.000000010,-0.000000001,0.000000134
442,compute-0-1,0.000000016,+0.000000051,0.000000471
442,compute-0-2,0.000000028,-0.000000009,0.000000207
442,compute-0-3,0.000000000,-0.000000070,0.000000133
443,compute-0-0,0.000000008,-0.000000000,0.000000127
443,compute-0-1,0.000000012,-0.000000003,0.000000446
443,compute-0-2,0.000000022,-0.000000009,0.000000207
443,compute-0-3,0.000000018,-0.000000022,0.000000127
444,compute-0-0,0.000000008,-0.000000000,0.000000127
444,compute-0-1,0.000000023,+0.000000012,0.000000424
444,compute-0-2,0.000000021,-0.000000004,0.000000197
444,compute-0-3,0.000000059,-0.000000065,0.000000122
445,compute-0-0,0.000000003,-0.000000011,0.000000120
445,compute-0-1,0.000000020,+0.000000012,0.000000424
445,compute-0-2,0.000000017,+0.000000001,0.000000187
445,compute-0-3,0.000000003,-0.000000065,0.000000122
446,compute-0-0,0.000000004,+0.000000007,0.000000114
446,compute-0-1,0.000000025,+0.000000008,0.000000402
446,compute-0-2,0.000000015,+0.000000001,0.000000187
446,compute-0-3,0.000000011,-0.000000013,0.000000116
447,compute-0-0,0.000000004,+0.000000007,0.000000114
447,compute-0-1,0.000000113,+0.000000253,0.000000389
447,compute-0-2,0.000000004,+0.000000019,0.000000177
447,compute-0-3,0.000000028,-0.000000021,0.000000110
448,compute-0-0,0.000000001,-0.000000004,0.000000108
448,compute-0-1,0.000000133,+0.000000140,0.000000372
448,compute-0-2,0.000000001,-0.000000003,0.000000168
448,compute-0-3,0.000000019,-0.000000021,0.000000110
449,compute-0-0,0.000000007,-0.000000006,0.000000103
449,compute-0-1,0.000000049,+0.000000140,0.000000372
449,compute-0-2,0.000000021,+0.000000020,0.000000159
449,compute-0-3,0.000000000,-0.000000416,0.000000168
450,compute-0-0,0.000000007,-0.000000006,0.000000103
450,compute-0-1,0.000000068,+0.000000071,0.000000354
450,compute-0-2,0.000000017,+0.000000020,0.000000159
450,compute-0-3,0.000000056,-0.000000069,0.000000161
451,compute-0-0,0.000000006,-0.000000000,0.000000097
451,compute-0-1,0.000000839,+0.000001153,0.000000495
451,compute-0-2,0.000000013,-0.000000002,0.000000151
451,compute-0-3,0.000000056,-0.000000023,0.000000153
452,compute-0-0,0.000000002,+0.000000004,0.000000092
452,compute-0-1,0.000000001,+0.000001153,0.000000495
452,compute-0-2,0.000000016,+0.000000004,0.000000144
452,compute-0-3,0.000000035,-0.000000023,0.000000153
453,compute-0-0,0.000000020,-0.000000018,0.000000088
453,compute-0-1,0.000000001,+0.000001332,0.000000631
453,compute-0-2,0.000000014,+0.000000004,0.000000144
453,compute-0-3,0.000000058,-0.000000057,0.000000146
454,compute-0-0,0.000000016,-0.000000018,0.000000088
454,compute-0-1,0.000000135,+0.000000142,0.000000600
454,compute-0-2,0.000000027,+0.000000018,0.000000136
454,compute-0-3,0.000000031,-0.000000010,0.000000138
455,compute-0-0,0.000000020,-0.000000009,0.000000083
455,compute-0-1,0.000000105,+0.000000142,0.000000600
455,compute-0-2,0.000000039,+0.000000019,0.000000129
455,compute-0-3,0.000000025,-0.000000010,0.000000138
456,compute-0-0,0.000000022,-0.000000008,0.000000079
456,compute-0-1,0.000000204,+0.000000183,0.000000573
456,compute-0-2,0.000000027,+0.000000019,0.000000129
456,compute-0-3,0.000000020,+0.000000045,0.000000132
457,compute-0-0,0.000000017,-0.000000008,0.000000079
457,compute-0-1,0.000000254,-0.000000400,0.000000558
457,compute-0-2,0.000000049,+0.000000048,0.000000124
457,compute-0-3,0.000000188,+0.000000215,0.000000143
458,compute-0-0,0.000000020,-0.000000007,0.000000075
458,compute-0-1,0.000000177,-0.000000400,0.000000558
458,compute-0-2,0.000000064,+0.000000049,0.000000118
458,compute-0-3,0.000000000,+0.000000215,0.000000143
459,compute-0-0,0.000000030,-0.000000016,0.000000071
459,compute-0-1,0.000000001,-0.000000767,0.000000582
459,compute-0-2,0.000000032,+0.000000049,0.000000118
459,compute-0-3,0.000000001,+0.000001387,0.000000459
460,compute-0-0,0.000000021,-0.000000016,0.000000071
460,compute-0-1,0.000000276,+0.000000409,0.000000567
460,compute-0-2,0.000000038,+0.000000026,0.000000113
460,compute-0-3,0.000000080,+0.000000089,0.000000436
461,compute-0-0,0.000000031,-0.000000025,0.000000068
461,compute-0-1,0.000000000,+0.000000409,0.000000567
461,compute-0-2,0.000000282,+0.000000663,0.000000235
461,compute-0-3,0.000000047,+0.000000089,0.000000436
462,compute-0-0,0.000000020,-0.000000004,0.000000065
462,compute-0-1,0.000000072,+0.000000086,0.000000539
462,compute-0-2,0.000000000,+0.000000663,0.000000235
462,compute-0-3,0.000000041,+0.000000010,0.000000414
463,compute-0-0,0.000000016,-0.000000004,0.000000065
463,compute-0-1,0.000000001,-0.000001365,0.000000669
463,compute-0-2,0.000000082,+0.000000268,0.000000239
463,compute-0-3,0.000000002,-0.000000031,0.000000393
464,compute-0-0,0.000000024,-0.000000015,0.000000062
464,compute-0-1,0.000000001,-0.000001365,0.000000669
464,compute-0-2,0.000000001,+0.000001413,0.000000501
464,compute-0-3,0.000000002,-0.000000031,0.000000393
465,compute-0-0,0.000000064,-0.000000060,0.000000062
465,compute-0-1,0.000000015,+0.000000015,0.000000635
465,compute-0-2,0.000000001,+0.000001413,0.000000501
465,compute-0-3,0.000000032,+0.000000037,0.000000373
466,compute-0-0,0.000000007,-0.000000060,0.000000062
466,compute-0-1,0.000000122,-0.000000177,0.000000605
466,compute-0-2,0.000000049,+0.000000061,0.000000476
466,compute-0-3,0.000000061,+0.000000043,0.000000354
467,compute-0-0,0.000000016,-0.000000018,0.000000059
467,compute-0-1,0.000000035,-0.000000177,0.000000605
467,compute-0-2,0.000000012,-0.000000028,0.000000451
467,compute-0-3,0.000000036,+0.000000043,0.000000354
468,compute-0-0,0.000000085,-0.000000113,0.000000066
468,compute-0-1,0.000000020,+0.000000013,0.000000574
468,compute-0-2,0.000000011,-0.000000028,0.000000451
468,compute-0-3,0.000000067,+0.000000071,0.000000337
469,compute-0-0,0.000000000,-0.000000113,0.000000066
469,compute-0-1,0.000000028,+0.000000049,0.000000544
469,compute-0-2,0.000000001,+0.000000532,0.000000460
469,compute-0-3,0.000000080,+0.000000054,0.000000320
470,compute-0-0,0.000000000,-0.000000119,0.000000073
470,compute-0-1,0.000000032,+0.000000008,0.000000516
470,compute-0-2,0.000000001,+0.000001080,0.000000554
470,compute-0-3,0.000000041,+0.000000054,0.000000320
471,compute-0-0,0.000000013,+0.000000014,0.000000069
471,compute-0-1,0.000000028,+0.000000008,0.000000516
471,compute-0-2,0.000000001,+0.000001080,0.000000554
471,compute-0-3,0.000000015,-0.000000024,0.000000303
472,compute-0-0,0.000000011,+0.000000014,0.000000069
472,compute-0-1,0.000000014,-0.000000011,0.000000490
472,compute-0-2,0.000000012,-0.000000011,0.000000526
472,compute-0-3,0.000000049,-0.000000070,0.000000289
473,compute-0-0,0.000000016,+0.000000010,0.000000066
473,compute-0-1,0.000000075,-0.000000092,0.000000466
473,compute-0-2,0.000000140,-0.000000174,0.000000502
473,compute-0-3,0.000000014,+0.000000022,0.000000274
474,compute-0-0,0.000000023,+0.000000015,0.000000063
474,compute-0-1,0.000000052,-0.000000092,0.000000466
474,compute-0-2,0.000000068,-0.000000016,0.000000476
474,compute-0-3,0.000000013,+0.000000022,0.000000274
475,compute-0-0,0.000000014,+0.000000015,0.000000063
475,compute-0-1,0.000000075,-0.000000059,0.000000442
475,compute-0-2,0.000000056,-0.000000016,0.000000476
475,compute-0-3,0.000000047,-0.000000044,0.000000260
476,compute-0-0,0.000000004,-0.000000009,0.000000060
476,compute-0-1,0.000000074,-0.000000035,0.000000420
476,compute-0-2,0.000000101,-0.000000074,0.000000452
476,compute-0-3,0.000000010,+0.000000042,0.000000247
477,compute-0-0,0.000000010,+0.000000007,0.000000057
477,compute-0-1,0.000000050,-0.000000035,0.000000420
477,compute-0-2,0.000000102,-0.000000041,0.000000429
477,compute-0-3,0.000000010,+0.000000042,0.000000247
478,compute-0-0,0.000000005,-0.000000003,0.000000054
478,compute-0-1,0.000000092,-0.000000115,0.000000400
478,compute-0-2,0.000000072,-0.000000041,0.000000429
478,compute-0-3,0.000000011,-0.000000021,0.000000235
479,compute-0-0,0.000000005,-0.000000003,0.000000054
479,compute-0-1,0.000000001,-0.000000538,0.000000416
479,compute-0-2,0.000000001,-0.000000883,0.000000494
479,compute-0-3,0.000000094,+0.000000118,0.000000226
480,compute-0-0,0.000000013,+0.000000010,0.000000051
480,compute-0-1,0.000000001,-0.000000538,0.000000416
480,compute-0-2,0.000000013,-0.000000014,0.000000469
480,compute-0-3,0.000000031,+0.000000118,0.000000226
481,compute-0-0,0.000000036,+0.000000028,0.000000049
481,compute-0-1,0.000000000,-0.000000177,0.000000398
481,compute-0-2,0.000000012,-0.000000014,0.000000469
481,compute-0-3,0.000000003,-0.000000017,0.000000214
482,compute-0-0,0.000000019,+0.000000028,0.000000049
482,compute-0-1,0.000000055,-0.000000159,0.000000381
482,compute-0-2,0.000000067,-0.000000080,0.000000445
482,compute-0-3,0.000000040,+0.000000047,0.000000204
483,compute-0-0,0.000000026,+0.000000023,0.000000047
483,compute-0-1,0.000000000,-0.000000159,0.000000381
483,compute-0-2,0.000000048,-0.000000007,0.000000422
483,compute-0-3,0.000000025,+0.000000047,0.000000204
484,compute-0-0,0.000000031,+0.000000020,0.000000045
484,compute-0-1,0.000000032,+0.000000047,0.000000362
484,compute-0-2,0.000000038,-0.000000007,0.000000422
484,compute-0-3,0.000000025,+0.000000010,0.000000193
485,compute-0-0,0.000000019,+0.000000020,0.000000045
485,compute-0-1,0.000000137,+0.000000275,0.000000354
485,compute-0-2,0.000000075,-0.000000182,0.000000405
485,compute-0-3,0.000000012,-0.000000033,0.000000184
486,compute-0-0,0.000000031,+0.000000033,0.000000044
486,compute-0-1,0.000000000,+0.000000275,0.000000354
486,compute-0-2,0.000000124,-0.000000158,0.000000387
486,compute-0-3,0.000000011,-0.000000033,0.000000184
487,compute-0-0,0.000000002,-0.000000011,0.000000042
487,compute-0-1,0.000000023,+0.000000026,0.000000336
487,compute-0-2,0.000000021,-0.000000158,0.000000387
487,compute-0-3,0.000000001,+0.000000010,0.000000174
488,compute-0-0,0.000000002,-0.000000011,0.000000042
488,compute-0-1,0.000000006,-0.000000027,0.000000319
488,compute-0-2,0.000000033,-0.000000031,0.000000368
488,compute-0-3,0.000000035,-0.000000039,0.000000166
489,compute-0-0,0.000000002,-0.000000004,0.000000040
489,compute-0-1,0.000000006,-0.000000027,0.000000319
489,compute-0-2,0.000000019,+0.000000049,0.000000349
489,compute-0-3,0.000000022,-0.000000039,0.000000166
490,compute-0-0,0.000000008,+0.000000010,0.000000038
490,compute-0-1,0.000000046,+0.000000071,0.000000303
490,compute-0-2,0.000000017,+0.000000049,0.000000349
490,compute-0-3,0.000000023,-0.000000010,0.000000157
491,compute-0-0,0.000000007,+0.000000010,0.000000038
491,compute-0-1,0.000000040,+0.000000547,0.000000336
491,compute-0-2,0.000000020,-0.000000039,0.000000331
491,compute-0-3,0.000000014,+0.000000004,0.000000149
492,compute-0-0,0.000000018,+0.000000016,0.000000036
492,compute-0-1,0.000001591,+0.000002163,0.000000755
492,compute-0-2,0.000000073,-0.000000067,0.000000315
492,compute-0-3,0.000000012,+0.000000004,0.000000149
493,compute-0-0,0.000000008,-0.000000022,0.000000035
493,compute-0-1,0.000000002,+0.000002163,0.000000755
493,compute-0-2,0.000000042,-0.000000067,0.000000315
493,compute-0-3,0.000000006,+0.000000006,0.000000142
494,compute-0-0,0.000000007,-0.000000022,0.000000035
494,compute-0-1,0.000000019,-0.000000018,0.000000716
494,compute-0-2,0.000000012,+0.000000028,0.000000299
494,compute-0-3,0.000000012,-0.000000007,0.000000134
495,compute-0-0,0.000000002,+0.000000009,0.000000034
495,compute-0-1,0.000000003,-0.000003177,0.000001213
495,compute-0-2,0.000000021,-0.000000010,0.000000284
495,compute-0-3,0.000000014,-0.000000004,0.000000128
496,compute-0-0,0.000000040,+0.000000051,0.000000036
496,compute-0-1,0.000000003,-0.000003177,0.000001213
496,compute-0-2,0.000000105,-0.000000087,0.000000271
496,compute-0-3,0.000000012,-0.000000004,0.000000128
497,compute-0-0,0.000000012,+0.000000051,0.000000036
497,compute-0-1,0.000000097,+0.000000175,0.000001152
497,compute-0-2,0.000000053,-0.000000087,0.000000271
497,compute-0-3,0.000000011,-0.000000000,0.000000121
498,compute-0-0,0.000000018,+0.000000012,0.000000034
498,compute-0-1,0.000000057,-0.000000059,0.000001093
498,compute-0-2,0.000000000,-0.000000414,0.000000288
498,compute-0-3,0.000000010,+0.000000001,0.000000115
499,compute-0-0,0.000000024,+0.000000013,0.000000033
499,compute-0-1,0.000000044,-0.000000059,0.000001093
499,compute-0-2,0.000000041,+0.000000041,0.000000274
499,compute-0-3,0.000000009,+0.000000001,0.000000115
500,compute-0-0,0.000000039,+0.000000024,0.000000032
500,compute-0-1,0.000000014,+0.000000026,0.000001037
500,compute-0-2,0.000000032,+0.000000041,0.000000274
500,compute-0-3,0.000000027,-0.000000026,0.000000109
501,compute-0-0,0.000000024,+0.000000024,0.000000032
501,compute-0-1,0.000000024,+0.000000038,0.000000984
501,compute-0-2,0.000000047,+0.000000030,0.000000260
501,compute-0-3,0.000000036,-0.000000022,0.000000104
502,compute-0-0,0.000000024,+0.000000012,0.000000030
502,compute-0-1,0.000000022,+0.000000038,0.000000984
502,compute-0-2,0.000000069,+0.000000041,0.000000247
502,compute-0-3,0.000000022,-0.000000022,0.000000104
503,compute-0-0,0.000000029,+0.000000013,0.000000029
503,compute-0-1,0.000000027,-0.000000050,0.000000933
503,compute-0-2,0.000000039,+0.000000041,0.000000247
503,compute-0-3,0.000000027,-0.000000018,0.000000099
504,compute-0-0,0.000000020,+0.000000013,0.000000029
504,compute-0-1,0.000000010,+0.000000014,0.000000885
504,compute-0-2,0.000000076,+0.000000088,0.000000236
504,compute-0-3,0.000000107,-0.000000125,0.000000102
505,compute-0-0,0.000000038,+0.000000038,0.000000030
505,compute-0-1,0.000000010,+0.000000014,0.000000885
505,compute-0-2,0.000000066,+0.000000043,0.000000224
505,compute-0-3,0.000000000,-0.000000125,0.000000102
506,compute-0-0,0.000000236,+0.000000333,0.000000109
506,compute-0-1,0.000000055,-0.000000060,0.000000840
506,compute-0-2,0.000000043,+0.000000043,0.000000224
506,compute-0-3,0.000000000,-0.000000355,0.000000148
507,compute-0-0,0.000000000,+0.000000333,0.000000109
507,compute-0-1,0.000000092,-0.000000066,0.000000797
507,compute-0-2,0.000000067,+0.000000062,0.000000214
507,compute-0-3,0.000000002,+0.000000002,0.000000140
508,compute-0-0,0.000000030,+0.000000036,0.000000104
508,compute-0-1,0.000000045,-0.000000066,0.000000797
508,compute-0-2,0.000000076,+0.000000050,0.000000203
508,compute-0-3,0.000000002,+0.000000002,0.000000140
509,compute-0-0,0.000000050,+0.000000031,0.000000099
509,compute-0-1,0.000000070,-0.000000079,0.000000757
509,compute-0-2,0.000000041,+0.000000050,0.000000203
509,compute-0-3,0.000000020,-0.000000026,0.000000133
510,compute-0-0,0.000000029,+0.000000031,0.000000099
510,compute-0-1,0.000000109,-0.000000100,0.000000719
510,compute-0-2,0.000000000,+0.000000238,0.000000207
510,compute-0-3,0.000000025,-0.000000011,0.000000127
511,compute-0-0,0.000000050,-0.000000093,0.000000099
511,compute-0-1,0.000000040,-0.000000100,0.000000719
511,compute-0-2,0.000000058,-0.000000063,0.000000197
511,compute-0-3,0.000000019,-0.000000011,0.000000127
512,compute-0-0,0.000000001,+0.000000033,0.000000094
512,compute-0-1,0.000000026,+0.000000006,0.000000682
512,compute-0-2,0.000000042,-0.000000063,0.000000197
512,compute-0-3,0.000000015,+0.000000001,0.000000120
513,compute-0-0,0.000000001,+0.000000033,0.000000094
513,compute-0-1,0.000000143,-0.000000179,0.000000649
513,compute-0-2,0.000000047,-0.000000217,0.000000199
513,compute-0-3,0.000000028,-0.000000019,0.000000114
514,compute-0-0,0.000000060,-0.000000100,0.000000095
514,compute-0-1,0.000000011,-0.000000179,0.000000649
514,compute-0-2,0.000000000,-0.000000514,0.000000249
514,compute-0-3,0.000000020,-0.000000019,0.000000114
515,compute-0-0,0.000000048,-0.000000024,0.000000090
515,compute-0-1,0.000000010,+0.000000018,0.000000616
515,compute-0-2,0.000000000,-0.000000514,0.000000249
515,compute-0-3,0.000000024,-0.000000013,0.000000108
516,compute-0-0,0.000000034,-0.000000024,0.000000090
516,compute-0-1,0.000000137,-0.000000440,0.000000601
516,compute-0-2,0.000000061,+0.000000079,0.000000238
516,compute-0-3,0.000000001,-0.000000622,0.000000222
517,compute-0-0,0.000000057,-0.000000074,0.000000089
517,compute-0-1,0.000000055,+0.000000055,0.000000570
517,compute-0-2,0.000000001,+0.000001042,0.000000399
517,compute-0-3,0.000000004,-0.000000005,0.000000211
518,compute-0-0,0.000000004,+0.000000027,0.000000085
518,compute-0-1,0.000000046,+0.000000055,0.000000570
518,compute-0-2,0.000000001,+0.000001042,0.000000399
518,compute-0-3,0.000000004,-0.000000005,0.000000211
519,compute-0-0,0.000000004,+0.000000027,0.000000085
519,compute-0-1,0.000000066,-0.000000118,0.000000542
519,compute-0-2,0.000000001,-0.000000174,0.000000383
519,compute-0-3,0.000000039,-0.000000038,0.000000200
520,compute-0-0,0.000000054,+0.000000090,0.000000085
520,compute-0-1,0.000000094,-0.000000046,0.000000515
520,compute-0-2,0.000000007,+0.000000007,0.000000363
520,compute-0-3,0.000000044,-0.000000012,0.000000190
521,compute-0-0,0.000000073,+0.000000061,0.000000083
521,compute-0-1,0.000000056,-0.000000046,0.000000515
521,compute-0-2,0.000000006,+0.000000007,0.000000363
521,compute-0-3,0.000000037,-0.000000012,0.000000190
522,compute-0-0,0.000000031,+0.000000061,0.000000083
522,compute-0-1,0.000000027,+0.000000012,0.000000488
522,compute-0-2,0.000000096,+0.000000308,0.000000358
522,compute-0-3,0.000000091,+0.000000169,0.000000188
523,compute-0-0,0.000000033,+0.000000013,0.000000079
523,compute-0-1,0.000000029,-0.000000006,0.000000463
523,compute-0-2,0.000000164,+0.000000194,0.000000345
523,compute-0-3,0.000000079,-0.000000110,0.000000182
524,compute-0-0,0.000000004,-0.000000024,0.000000075
524,compute-0-1,0.000000024,-0.000000006,0.000000463
524,compute-0-2,0.000000169,-0.000000274,0.000000339
524,compute-0-3,0.000000052,-0.000000110,0.000000182
525,compute-0-0,0.000000004,-0.000000024,0.000000075
525,compute-0-1,0.000000054,+0.000000096,0.000000440
525,compute-0-2,0.000000115,-0.000000274,0.000000339
525,compute-0-3,0.000000053,-0.000000020,0.000000172
526,compute-0-0,0.000000045,+0.000000130,0.000000082
526,compute-0-1,0.000000070,-0.000000110,0.000000419
526,compute-0-2,0.000000123,-0.000000054,0.000000322
526,compute-0-3,0.000000081,-0.000000880,0.000000323
527,compute-0-0,0.000000039,-0.000000046,0.000000079
527,compute-0-1,0.000000045,-0.000000110,0.000000419
527,compute-0-2,0.000000708,-0.000000818,0.000000400
527,compute-0-3,0.000000000,-0.000000880,0.000000323
528,compute-0-0,0.000000062,-0.000000033,0.000000076
528,compute-0-1,0.000000029,+0.000000007,0.000000398
528,compute-0-2,0.000000001,-0.000000818,0.000000400
528,compute-0-3,0.000000016,-0.000000017,0.000000306
529,compute-0-0,0.000000042,-0.000000033,0.000000076
529,compute-0-1,0.000000005,+0.000000032,0.000000377
529,compute-0-2,0.000000050,-0.000000055,0.000000380
529,compute-0-3,0.000000064,-0.000000056,0.000000291
530,compute-0-0,0.000000065,-0.000000049,0.000000074
530,compute-0-1,0.000000005,+0.000000032,0.000000377
530,compute-0-2,0.000000106,-0.000000067,0.000000361
530,compute-0-3,0.000000038,-0.000000056,0.000000291
531,compute-0-0,0.000000097,-0.000000064,0.000000073
531,compute-0-1,0.000000021,+0.000000018,0.000000358
531,compute-0-2,0.000000075,-0.000000067,0.000000361
531,compute-0-3,0.000000054,-0.000000045,0.000000277
532,compute-0-0,0.000000053,-0.000000064,0.000000073
532,compute-0-1,0.000000006,-0.000000014,0.000000340
532,compute-0-2,0.000000053,-0.000000384,0.000000363
532,compute-0-3,0.000000065,-0.000000039,0.000000263
533,compute-0-0,0.000000072,-0.000000056,0.000000071
533,compute-0-1,0.000000005,-0.000000014,0.000000340
533,compute-0-2,0.000000012,+0.000000013,0.000000345
533,compute-0-3,0.000000039,-0.000000039,0.000000263
534,compute-0-0,0.000000036,+0.000000009,0.000000068
534,compute-0-1,0.000000046,+0.000000057,0.000000323
534,compute-0-2,0.000000012,+0.000000013,0.000000345
534,compute-0-3,0.000000045,-0.000000025,0.000000249
535,compute-0-0,0.000000031,+0.000000009,0.000000068
535,compute-0-1,0.000000052,-0.000000095,0.000000308
535,compute-0-2,0.000000031,-0.000000046,0.000000327
535,compute-0-3,0.000000083,-0.000000069,0.000000238
536,compute-0-0,0.000000081,-0.000000106,0.000000073
536,compute-0-1,0.000000036,-0.000000095,0.000000308
536,compute-0-2,0.000000182,-0.000000191,0.000000316
536,compute-0-3,0.000000032,-0.000000069,0.000000238
537,compute-0-0,0.000000037,-0.000000008,0.000000069
537,compute-0-1,0.000000016,+0.000000054,0.000000292
537,compute-0-2,0.000000049,-0.000000191,0.000000316
537,compute-0-3,0.000000034,-0.000000015,0.000000225
538,compute-0-0,0.000000031,-0.000000008,0.000000069
538,compute-0-1,0.000000029,+0.000000016,0.000000278
538,compute-0-2,0.000000011,+0.000000012,0.000000300
538,compute-0-3,0.000000050,-0.000000028,0.000000214
539,compute-0-0,0.000000155,-0.000000389,0.000000139
539,compute-0-1,0.000000005,-0.000000029,0.000000263
539,compute-0-2,0.000000047,+0.000000060,0.000000285
539,compute-0-3,0.000000033,-0.000000028,0.000000214
540,compute-0-0,0.000000002,+0.000001638,0.000000535
540,compute-0-1,0.000000004,-0.000000029,0.000000263
540,compute-0-2,0.000000039,+0.000000060,0.000000285
540,compute-0-3,0.000000022,+0.000000009,0.000000203
541,compute-0-0,0.000000002,+0.000001638,0.000000535
541,compute-0-1,0.000000041,-0.000000042,0.000000250
541,compute-0-2,0.000000041,+0.000000010,0.000000271
541,compute-0-3,0.000000068,-0.000000065,0.000000194
542,compute-0-0,0.000000037,-0.000000038,0.000000507
542,compute-0-1,0.000000046,-0.000000016,0.000000237
542,compute-0-2,0.000000054,+0.000000022,0.000000257
542,compute-0-3,0.000000052,-0.000000020,0.000000184
543,compute-0-0,0.000000138,-0.000000136,0.000000483
543,compute-0-1,0.000000035,-0.000000016,0.000000237
543,compute-0-2,0.000000043,+0.000000022,0.000000257
543,compute-0-3,0.000000038,-0.000000020,0.000000184
544,compute-0-0,0.000000058,-0.000000136,0.000000483
544,compute-0-1,0.000000013,+0.000000045,0.000000226
544,compute-0-2,0.000000057,+0.000000031,0.000000244
544,compute-0-3,0.000000067,-0.000000060,0.000000175
545,compute-0-0,0.000000054,-0.000000015,0.000000458
545,compute-0-1,0.000000069,+0.000000060,0.000000215
545,compute-0-2,0.000000005,-0.000000052,0.000000232
545,compute-0-3,0.000000261,-0.000000272,0.000000187
546,compute-0-0,0.000000091,-0.000000074,0.000000436
546,compute-0-1,0.000000043,+0.000000060,0.000000215
546,compute-0-2,0.000000015,-0.000000010,0.000000220
546,compute-0-3,0.000000000,-0.000000272,0.000000187
547,compute-0-0,0.000000034,+0.000000066,0.000000414
547,compute-0-1,0.000000013,-0.000000021,0.000000204
547,compute-0-2,0.000000014,-0.000000010,0.000000220
547,compute-0-3,0.000000000,-0.000000462,0.000000230
548,compute-0-0,0.000000028,+0.000000066,0.000000414
548,compute-0-1,0.000000002,-0.000000011,0.000000194
548,compute-0-2,0.000000079,-0.000000084,0.000000211
548,compute-0-3,0.000000101,-0.000000115,0.000000221
549,compute-0-0,0.000000109,-0.000000300,0.000000404
549,compute-0-1,0.000000001,-0.000000011,0.000000194
549,compute-0-2,0.000000050,-0.000000005,0.000000200
549,compute-0-3,0.000000015,-0.000000115,0.000000221
550,compute-0-0,0.000000007,+0.000000007,0.000000383
550,compute-0-1,0.000000029,+0.000000032,0.000000184
550,compute-0-2,0.000000041,-0.000000005,0.000000200
550,compute-0-3,0.000000032,+0.000000039,0.000000210
551,compute-0-0,0.000000007,+0.000000007,0.000000383
551,compute-0-1,0.000000041,+0.000000020,0.000000175
551,compute-0-2,0.000000018,+0.000000018,0.000000190
551,compute-0-3,0.000000009,-0.000000015,0.000000200
552,compute-0-0,0.000000047,+0.000000049,0.000000364
552,compute-0-1,0.000000030,+0.000000020,0.000000175
552,compute-0-2,0.000000002,+0.000000019,0.000000180
552,compute-0-3,0.000000008,-0.000000015,0.000000200
553,compute-0-0,0.000000069,+0.000000037,0.000000345
553,compute-0-1,0.000000015,-0.000000044,0.000000166
553,compute-0-2,0.000000002,+0.000000019,0.000000180
553,compute-0-3,0.000000010,+0.000000003,0.000000189
554,compute-0-0,0.000000045,+0.000000037,0.000000345
554,compute-0-1,0.000000227,+0.000000806,0.000000300
554,compute-0-2,0.000000054,-0.000000068,0.000000172
554,compute-0-3,0.000000072,+0.000000078,0.000000181
555,compute-0-0,0.000000056,+0.000000033,0.000000328
555,compute-0-1,0.000000000,+0.000000806,0.000000300
555,compute-0-2,0.000000030,+0.000000071,0.000000165
555,compute-0-3,0.000000015,+0.000000078,0.000000181
556,compute-0-0,0.000000089,+0.000000061,0.000000311
556,compute-0-1,0.000000002,+0.000001562,0.000000570
556,compute-0-2,0.000000026,+0.000000071,0.000000165
556,compute-0-3,0.000000027,+0.000000031,0.000000172
557,compute-0-0,0.000000042,+0.000000061,0.000000311
557,compute-0-1,0.000000051,+0.000000055,0.000000541
557,compute-0-2,0.000000060,+0.000000052,0.000000157
557,compute-0-3,0.000000008,-0.000000012,0.000000163
558,compute-0-0,0.000000035,+0.000000013,0.000000295
558,compute-0-1,0.000000041,+0.000000055,0.000000541
558,compute-0-2,0.000000191,+0.000000218,0.000000164
558,compute-0-3,0.000000007,-0.000000012,0.000000163
559,compute-0-0,0.000000057,+0.000000033,0.000000281
559,compute-0-1,0.000000059,+0.000000040,0.000000513
559,compute-0-2,0.000000000,+0.000000218,0.000000164
559,compute-0-3,0.000000020,-0.000000030,0.000000155
560,compute-0-0,0.000000039,+0.000000033,0.000000281
560,compute-0-1,0.000000019,-0.000000025,0.000000487
560,compute-0-2,0.000000034,+0.000000040,0.000000156
560,compute-0-3,0.000000031,-0.000000017,0.000000148
561,compute-0-0,0.000000028,-0.000000004,0.000000266
561,compute-0-1,0.000000018,-0.000000025,0.000000487
561,compute-0-2,0.000000031,+0.000000002,0.000000148
561,compute-0-3,0.000000022,-0.000000017,0.000000148
562,compute-0-0,0.000000036,+0.000000014,0.000000253
562,compute-0-1,0.000000049,+0.000000043,0.000000462
562,compute-0-2,0.000000027,+0.000000002,0.000000148
562,compute-0-3,0.000000029,-0.000000020,0.000000140
563,compute-0-0,0.000000029,+0.000000014,0.000000253
563,compute-0-1,0.000000095,+0.000000078,0.000000439
563,compute-0-2,0.000000021,-0.000000003,0.000000141
563,compute-0-3,0.000000029,-0.000000011,0.000000133
564,compute-0-0,0.000000026,+0.000000001,0.000000240
564,compute-0-1,0.000000029,-0.000000013,0.000000417
564,compute-0-2,0.000000008,-0.000000012,0.000000134
564,compute-0-3,0.000000128,-0.000000108,0.000000131
565,compute-0-0,0.000000012,-0.000000011,0.000000227
565,compute-0-1,0.000000025,-0.000000013,0.000000417
565,compute-0-2,0.000000008,-0.000000012,0.000000134
565,compute-0-3,0.000000021,-0.000000108,0.000000131
566,compute-0-0,0.000000011,-0.000000011,0.000000227
566,compute-0-1,0.000000004,-0.000000019,0.000000395
566,compute-0-2,0.000000003,-0.000000010,0.000000127
566,compute-0-3,0.000000014,-0.000000015,0.000000124
567,compute-0-0,0.000000036,+0.000000035,0.000000216
567,compute-0-1,0.000000008,-0.000000012,0.000000375
567,compute-0-2,0.000000012,+0.000000015,0.000000120
567,compute-0-3,0.000000026,+0.000000040,0.000000118
568,compute-0-0,0.000000048,+0.000000025,0.000000205
568,compute-0-1,0.000000008,-0.000000012,0.000000375
568,compute-0-2,0.000000011,+0.000000015,0.000000120
568,compute-0-3,0.000000022,+0.000000040,0.000000118
569,compute-0-0,0.000000020,-0.000000012,0.000000195
569,compute-0-1,0.000000027,-0.000000021,0.000000356
569,compute-0-2,0.000000005,-0.000000006,0.000000114
569,compute-0-3,0.000000039,-0.000000066,0.000000114
570,compute-0-0,0.000000018,-0.000000012,0.000000195
570,compute-0-1,0.000000172,-0.000000167,0.000000342
570,compute-0-2,0.000000002,-0.000000007,0.000000108
570,compute-0-3,0.000000013,+0.000000017,0.000000109
571,compute-0-0,0.000000010,-0.000000027,0.000000185
571,compute-0-1,0.000000025,-0.000000167,0.000000342
571,compute-0-2,0.000000002,+0.000000004,0.000000103
571,compute-0-3,0.000000012,+0.000000017,0.000000109
572,compute-0-0,0.000000009,+0.000000000,0.000000175
572,compute-0-1,0.000000037,-0.000000042,0.000000324
572,compute-0-2,0.000000002,+0.000000004,0.000000103
572,compute-0-3,0.000000041,-0.000000043,0.000000104
573,compute-0-0,0.000000009,+0.000000000,0.000000175
573,compute-0-1,0.000000109,-0.000000089,0.000000309
573,compute-0-2,0.000000050,+0.000000057,0.000000099
573,compute-0-3,0.000000020,+0.000000005,0.000000099
574,compute-0-0,0.000000063,-0.000000077,0.000000168
574,compute-0-1,0.000000047,-0.000000089,0.000000309
574,compute-0-2,0.000000046,+0.000000011,0.000000094
574,compute-0-3,0.000000017,+0.000000005,0.000000099
575,compute-0-0,0.000000062,-0.000000036,0.000000160
575,compute-0-1,0.000000068,-0.000000066,0.000000294
575,compute-0-2,0.000000036,+0.000000011,0.000000094
575,compute-0-3,0.000000001,+0.000000017,0.000000094
576,compute-0-0,0.000000037,-0.000000036,0.000000160
576,compute-0-1,0.000000001,-0.000001393,0.000000521
576,compute-0-2,0.000000053,+0.000000033,0.000000090
576,compute-0-3,0.000000001,-0.000000002,0.000000089
577,compute-0-0,0.000000041,-0.000000023,0.000000152
577,compute-0-1,0.000000001,-0.000001393,0.000000521
577,compute-0-2,0.000000177,+0.000000172,0.000000101
577,compute-0-3,0.000000001,-0.000000002,0.000000089
578,compute-0-0,0.000000031,-0.000000004,0.000000144
578,compute-0-1,0.000000049,-0.000000065,0.000000495
578,compute-0-2,0.000000000,+0.000000172,0.000000101
578,compute-0-3,0.000000004,+0.000000006,0.000000084
579,compute-0-0,0.000000025,-0.000000004,0.000000144
579,compute-0-1,0.000000089,-0.000000068,0.000000470
579,compute-0-2,0.000000003,-0.000000003,0.000000096
579,compute-0-3,0.000000002,-0.000000002,0.000000080
580,compute-0-0,0.000000020,+0.000000001,0.000000137
580,compute-0-1,0.000000040,-0.000000068,0.000000470
580,compute-0-2,0.000000032,-0.000000030,0.000000092
580,compute-0-3,0.000000002,-0.000000002,0.000000080
581,compute-0-0,0.000000022,-0.000000005,0.000000130
581,compute-0-1,0.000000000,-0.000000418,0.000000465
581,compute-0-2,0.000000027,-0.000000030,0.000000092
581,compute-0-3,0.000000003,-0.000000005,0.000000076
582,compute-0-0,0.000000019,-0.000000005,0.000000130
582,compute-0-1,0.000000316,-0.000000814,0.000000511
582,compute-0-2,0.000000030,-0.000000009,0.000000087
582,compute-0-3,0.000000021,+0.000000026,0.000000072
583,compute-0-0,0.000000011,+0.000000030,0.000000123
583,compute-0-1,0.000000000,-0.000000814,0.000000511
583,compute-0-2,0.000000001,+0.000000024,0.000000083
583,compute-0-3,0.000000016,+0.000000026,0.000000072
584,compute-0-0,0.000000001,-0.000001302,0.000000428
584,compute-0-1,0.000000146,+0.000000211,0.000000489
584,compute-0-2,0.000000002,+0.000000024,0.000000083
584,compute-0-3,0.000000015,+0.000000002,0.000000069
585,compute-0-0,0.000000001,-0.000001302,0.000000428
585,compute-0-1,0.000000109,-0.000000220,0.000000469
585,compute-0-2,0.000000008,-0.000000006,0.000000079
585,compute-0-3,0.000000002,-0.000000015,0.000000065
586,compute-0-0,0.000000012,+0.000000013,0.000000406
586,compute-0-1,0.000000082,-0.000000220,0.000000469
586,compute-0-2,0.000000054,+0.000000067,0.000000078
586,compute-0-3,0.000000008,+0.000000010,0.000000062
587,compute-0-0,0.000000006,-0.000000018,0.000000385
587,compute-0-1,0.000000127,-0.000000081,0.000000446
587,compute-0-2,0.000000035,+0.000000067,0.000000078
587,compute-0-3,0.000000007,+0.000000010,0.000000062
588,compute-0-0,0.000000006,-0.000000018,0.000000385
588,compute-0-1,0.000000006,+0.000000100,0.000000424
588,compute-0-2,0.000000023,-0.000000006,0.000000074
588,compute-0-3,0.000000035,+0.000000037,0.000000060
589,compute-0-0,0.000000007,-0.000000002,0.000000365
589,compute-0-1,0.000000006,+0.000000100,0.000000424
589,compute-0-2,0.000000013,-0.000000035,0.000000071
589,compute-0-3,0.000000048,+0.000000030,0.000000058
590,compute-0-0,0.000000001,+0.000000006,0.000000347
590,compute-0-1,0.000000063,-0.000000225,0.000000409
590,compute-0-2,0.000000013,-0.000000035,0.000000071
590,compute-0-3,0.000000027,+0.000000030,0.000000058
591,compute-0-0,0.000000001,+0.000000006,0.000000347
591,compute-0-1,0.000000095,-0.000000206,0.000000393
591,compute-0-2,0.000000013,-0.000000001,0.000000067
591,compute-0-3,0.000000035,+0.000000025,0.000000055
592,compute-0-0,0.000000003,+0.000000004,0.000000329
592,compute-0-1,0.000000003,+0.000000003,0.000000373
592,compute-0-2,0.000000008,+0.000000005,0.000000064
592,compute-0-3,0.000000037,+0.000000018,0.000000053
593,compute-0-0,0.000000011,+0.000000009,0.000000312
593,compute-0-1,0.000000003,+0.000000003,0.000000373
593,compute-0-2,0.000000007,+0.000000005,0.000000064
593,compute-0-3,0.000000025,+0.000000018,0.000000053
594,compute-0-0,0.000000010,+0.000000009,0.000000312
594,compute-0-1,0.000000004,+0.000000001,0.000000354
594,compute-0-2,0.000000014,-0.000000008,0.000000060
594,compute-0-3,0.000000037,+0.000000030,0.000000051
595,compute-0-0,0.000000025,+0.000000023,0.000000296
595,compute-0-1,0.000000026,+0.000000022,0.000000336
595,compute-0-2,0.000000028,-0.000000017,0.000000058
595,compute-0-3,0.000000137,+0.000000379,0.000000129
596,compute-0-0,0.000000021,+0.000000002,0.000000281
596,compute-0-1,0.000000023,+0.000000022,0.000000336
596,compute-0-2,0.000000025,-0.000000002,0.000000055
596,compute-0-3,0.000000000,+0.000000379,0.000000129
597,compute-0-0,0.000000015,-0.000000001,0.000000267
597,compute-0-1,0.000000022,+0.000000003,0.000000319
597,compute-0-2,0.000000022,-0.000000002,0.000000055
597,compute-0-3,0.000000001,+0.000001058,0.000000356
598,compute-0-0,0.000000014,-0.000000001,0.000000267
598,compute-0-1,0.000000037,+0.000000019,0.000000302
598,compute-0-2,0.000000006,+0.000000026,0.000000052
598,compute-0-3,0.000000157,+0.000000221,0.000000345
599,compute-0-0,0.000000018,+0.000000007,0.000000253
599,compute-0-1,0.000000028,+0.000000019,0.000000302
599,compute-0-2,0.000000031,-0.000000037,0.000000051
599,compute-0-3,0.000000000,+0.000000221,0.000000345
600,compute-0-0,0.000000008,-0.000000008,0.000000240
600,compute-0-1,0.000000061,-0.000000119,0.000000289
600,compute-0-2,0.000000026,-0.000000037,0.000000051
600,compute-0-3,0.000000022,+0.000000159,0.000000331
601,compute-0-0,0.000000007,-0.000000008,0.000000240
601,compute-0-1,0.000000263,-0.000000303,0.000000291
601,compute-0-2,0.000000027,-0.000000006,0.000000049
601,compute-0-3,0.000000001,+0.000001462,0.000000559
602,compute-0-0,0.000000008,+0.000000001,0.000000228
602,compute-0-1,0.000000000,-0.000000303,0.000000291
602,compute-0-2,0.000000072,-0.000000054,0.000000049
602,compute-0-3,0.000000002,+0.000001462,0.000000559
603,compute-0-0,0.000000007,-0.000000001,0.000000216
603,compute-0-1,0.000000001,+0.000000845,0.000000384
603,compute-0-2,0.000000040,-0.000000054,0.000000049
603,compute-0-3,0.000000066,-0.000000118,0.000000532
604,compute-0-0,0.000000006,-0.000000001,0.000000216
604,compute-0-1,0.000000117,-0.000000139,0.000000367
604,compute-0-2,0.000000074,-0.000000134,0.000000063
604,compute-0-3,0.000000083,-0.000000075,0.000000505
605,compute-0-0,0.000000006,+0.000000001,0.000000205
605,compute-0-1,0.000000024,-0.000000139,0.000000367
605,compute-0-2,0.000000063,-0.000000067,0.000000063
605,compute-0-3,0.000000031,-0.000000075,0.000000505
606,compute-0-0,0.000000018,+0.000000013,0.000000194
606,compute-0-1,0.000000031,+0.000000041,0.000000348
606,compute-0-2,0.000000041,-0.000000067,0.000000063
606,compute-0-3,0.000000045,-0.000000035,0.000000479
607,compute-0-0,0.000000015,+0.000000013,0.000000194
607,compute-0-1,0.000000031,+0.000000006,0.000000331
607,compute-0-2,0.000000001,-0.000001338,0.000000427
607,compute-0-3,0.000000088,-0.000000112,0.000000456
608,compute-0-0,0.000000015,+0.000000003,0.000000184
608,compute-0-1,0.000000026,+0.000000006,0.000000331
608,compute-0-2,0.000000001,-0.000000966,0.000000508
608,compute-0-3,0.000000301,-0.000000311,0.000000444
609,compute-0-0,0.000000028,+0.000000017,0.000000175
609,compute-0-1,0.000000045,+0.000000038,0.000000314
609,compute-0-2,0.000000001,-0.000000966,0.000000508
609,compute-0-3,0.000000000,-0.000000311,0.000000444
610,compute-0-0,0.000000020,+0.000000017,0.000000175
610,compute-0-1,0.000000037,-0.000000072,0.000000299
610,compute-0-2,0.000000069,-0.000000136,0.000000483
610,compute-0-3,0.000000008,+0.000000008,0.000000421
611,compute-0-0,0.000000019,+0.000000003,0.000000166
611,compute-0-1,0.000000027,-0.000000072,0.000000299
611,compute-0-2,0.000000005,+0.000000015,0.000000459
611,compute-0-3,0.000000038,+0.000000031,0.000000399
612,compute-0-0,0.000000014,-0.000000002,0.000000158
612,compute-0-1,0.000000045,+0.000000091,0.000000285
612,compute-0-2,0.000000005,+0.000000015,0.000000459
612,compute-0-3,0.000000031,+0.000000031,0.000000399
613,compute-0-0,0.000000012,-0.000000002,0.000000158
613,compute-0-1,0.000000055,-0.000000097,0.000000272
613,compute-0-2,0.000000000,+0.000000222,0.000000441
613,compute-0-3,0.000000039,+0.000000018,0.000000379
614,compute-0-0,0.000000030,+0.000000031,0.000000150
614,compute-0-1,0.000000028,-0.000000097,0.000000272
614,compute-0-2,0.000000032,-0.000000034,0.000000418
614,compute-0-3,0.000000069,+0.000000043,0.000000360
615,compute-0-0,0.000000001,-0.000000953,0.000000333
615,compute-0-1,0.000000041,-0.000000051,0.000000258
615,compute-0-2,0.000000026,-0.000000034,0.000000418
615,compute-0-3,0.000000037,+0.000000043,0.000000360
616,compute-0-0,0.000000001,-0.000000953,0.000000333
616,compute-0-1,0.000000055,-0.000000192,0.000000253
616,compute-0-2,0.000000049,-0.000000135,0.000000399
616,compute-0-3,0.000000000,-0.000000026,0.000000341
617,compute-0-0,0.000000008,-0.000000009,0.000000316
617,compute-0-1,0.000000300,-0.000000300,0.000000258
617,compute-0-2,0.000000047,+0.000000054,0.000000379
617,compute-0-3,0.000000062,+0.000000066,0.000000325
618,compute-0-0,0.000000002,+0.000000005,0.000000300
618,compute-0-1,0.000000000,-0.000000300,0.000000258
618,compute-0-2,0.000000031,+0.000000054,0.000000379
618,compute-0-3,0.000000034,+0.000000066,0.000000325
619,compute-0-0,0.000000002,+0.000000005,0.000000300
619,compute-0-1,0.000000000,+0.000000372,0.000000271
619,compute-0-2,0.000000019,-0.000000008,0.000000360
619,compute-0-3,0.000000044,+0.000000042,0.000000308
620,compute-0-0,0.000000020,+0.000000027,0.000000285
620,compute-0-1,0.000000056,-0.000000057,0.000000258
620,compute-0-2,0.000000071,-0.000000116,0.000000343
620,compute-0-3,0.000000001,-0.000001130,0.000000462
621,compute-0-0,0.000000038,+0.000000029,0.000000270
621,compute-0-1,0.000000030,-0.000000057,0.000000258
621,compute-0-2,0.000000182,-0.000000166,0.000000330
621,compute-0-3,0.000000001,-0.000001130,0.000000462
622,compute-0-0,0.000000019,+0.000000029,0.000000270
622,compute-0-1,0.000000037,-0.000000027,0.000000245
622,compute-0-2,0.000000051,-0.000000166,0.000000330
622,compute-0-3,0.000000038,-0.000000079,0.000000439
623,compute-0-0,0.000000016,+0.000000000,0.000000256
623,compute-0-1,0.000000092,-0.000000079,0.000000234
623,compute-0-2,0.000000075,+0.000000089,0.000000314
623,compute-0-3,0.000000029,-0.000000029,0.000000416
624,compute-0-0,0.000000018,+0.000000005,0.000000243
624,compute-0-1,0.000000000,-0.000000079,0.000000234
624,compute-0-2,0.000000020,-0.000000031,0.000000298
624,compute-0-3,0.000000021,-0.000000029,0.000000416
625,compute-0-0,0.000000012,-0.000000027,0.000000231
625,compute-0-1,0.000000018,+0.000000021,0.000000222
625,compute-0-2,0.000000018,-0.000000031,0.000000298
625,compute-0-3,0.000000002,-0.000002163,0.000000790
626,compute-0-0,0.000000011,-0.000000027,0.000000231
626,compute-0-1,0.000000035,+0.000000022,0.000000211
626,compute-0-2,0.000000023,-0.000000042,0.000000283
626,compute-0-3,0.000000013,-0.000000016,0.000000749
627,compute-0-0,0.000000021,+0.000000378,0.000000249
627,compute-0-1,0.000000022,+0.000000022,0.000000211
627,compute-0-2,0.000000024,-0.000000003,0.000000269
627,compute-0-3,0.000000012,-0.000000016,0.000000749
628,compute-0-0,0.000000065,+0.000000067,0.000000238
628,compute-0-1,0.000000038,+0.000000046,0.000000200
628,compute-0-2,0.000000022,-0.000000003,0.000000269
628,compute-0-3,0.000000006,+0.000000005,0.000000711
629,compute-0-0,0.000000047,+0.000000067,0.000000238
629,compute-0-1,0.000000011,+0.000000002,0.000000190
629,compute-0-2,0.000000020,+0.000000001,0.000000255
629,compute-0-3,0.000000026,-0.000000024,0.000000674
630,compute-0-0,0.000000083,+0.000000109,0.000000228
630,compute-0-1,0.000000010,+0.000000002,0.000000190
630,compute-0-2,0.000000307,-0.000000365,0.000000268
630,compute-0-3,0.000000018,-0.000000024,0.000000674
631,compute-0-0,0.000000121,-0.000000131,0.000000220
631,compute-0-1,0.000000050,-0.000000152,0.000000187
631,compute-0-2,0.000000000,-0.000000365,0.000000268
631,compute-0-3,0.000000031,-0.000000049,0.000000640
632,compute-0-0,0.000000060,-0.000000131,0.000000220
632,compute-0-1,0.000000049,+0.000000054,0.000000178
632,compute-0-2,0.000000016,-0.000000016,0.000000254
632,compute-0-3,0.000000004,+0.000000006,0.000000607
633,compute-0-0,0.000000067,-0.000000044,0.000000209
633,compute-0-1,0.000000033,+0.000000054,0.000000178
633,compute-0-2,0.000000118,-0.000000111,0.000000244
633,compute-0-3,0.000000004,+0.000000006,0.000000607
634,compute-0-0,0.000000019,+0.000000028,0.000000199
634,compute-0-1,0.000000000,-0.000000330,0.000000198
634,compute-0-2,0.000000091,-0.000000111,0.000000244
634,compute-0-3,0.000000016,-0.000000015,0.000000576
635,compute-0-0,0.000000018,+0.000000028,0.000000199
635,compute-0-1,0.000000000,-0.000000437,0.000000234
635,compute-0-2,0.000000002,+0.000002275,0.000000756
635,compute-0-3,0.000000029,-0.000000019,0.000000546
636,compute-0-0,0.000000008,+0.000000025,0.000000189
636,compute-0-1,0.000000000,-0.000000437,0.000000234
636,compute-0-2,0.000000160,-0.000000180,0.000000719
636,compute-0-3,0.000000033,-0.000000014,0.000000518
637,compute-0-0,0.000000016,-0.000000023,0.000000179
637,compute-0-1,0.000000024,-0.000000028,0.000000222
637,compute-0-2,0.000000090,-0.000000180,0.000000719
637,compute-0-3,0.000000023,-0.000000014,0.000000518
638,compute-0-0,0.000000014,-0.000000023,0.000000179
638,compute-0-1,0.000000055,-0.000000046,0.000000211
638,compute-0-2,0.000000055,+0.000000017,0.000000682
638,compute-0-3,0.000000049,-0.000000052,0.000000492
639,compute-0-0,0.000000037,-0.000000034,0.000000170
639,compute-0-1,0.000000028,-0.000000046,0.000000211
639,compute-0-2,0.000000109,-0.000000073,0.000000648
639,compute-0-3,0.000000101,-0.000000096,0.000000468
640,compute-0-0,0.000000008,+0.000000021,0.000000162
640,compute-0-1,0.000000027,-0.000000170,0.000000207
640,compute-0-2,0.000000072,-0.000000073,0.000000648
640,compute-0-3,0.000000023,-0.000000096,0.000000468
641,compute-0-0,0.000000007,+0.000000021,0.000000162
641,compute-0-1,0.000000051,-0.000000059,0.000000197
641,compute-0-2,0.000000084,-0.000000041,0.000000615
641,compute-0-3,0.000000062,-0.000000087,0.000000445
642,compute-0-0,0.000000015,+0.000000024,0.000000154
642,compute-0-1,0.000000004,+0.000000033,0.000000188
642,compute-0-2,0.000000169,-0.000000160,0.000000585
642,compute-0-3,0.000000285,-0.000000388,0.000000439
643,compute-0-0,0.000000061,+0.000000063,0.000000147
643,compute-0-1,0.000000004,+0.000000033,0.000000188
643,compute-0-2,0.000000033,-0.000000160,0.000000585
643,compute-0-3,0.000000000,-0.000000388,0.000000439
644,compute-0-0,0.000000022,+0.000000063,0.000000147
644,compute-0-1,0.000000054,+0.000000072,0.000000179
644,compute-0-2,0.000000020,+0.000000051,0.000000555
644,compute-0-3,0.000000002,+0.000001843,0.000000716
645,compute-0-0,0.000000020,+0.000000005,0.000000140
645,compute-0-1,0.000000122,+0.000000098,0.000000173
645,compute-0-2,0.000000022,+0.000000003,0.000000527
645,compute-0-3,0.000000110,-0.000000125,0.000000681
646,compute-0-0,0.000000052,+0.000000048,0.000000133
646,compute-0-1,0.000000039,+0.000000098,0.000000173
646,compute-0-2,0.000000063,+0.000000043,0.000000500
646,compute-0-3,0.000000012,-0.000000125,0.000000681
647,compute-0-0,0.000000027,+0.000000003,0.000000126
647,compute-0-1,0.000000000,-0.000000011,0.000000164
647,compute-0-2,0.000000052,+0.000000043,0.000000500
647,compute-0-3,0.000000014,+0.000000015,0.000000646
648,compute-0-0,0.000000022,+0.000000003,0.000000126
648,compute-0-1,0.000000258,+0.000000297,0.000000182
648,compute-0-2,0.000000108,-0.000000419,0.000000493
648,compute-0-3,0.000000011,-0.000000001,0.000000613
649,compute-0-0,0.000000026,+0.000000009,0.000000120
649,compute-0-1,0.000000036,+0.000000297,0.000000182
649,compute-0-2,0.000000024,+0.000000024,0.000000467
649,compute-0-3,0.000000010,-0.000000001,0.000000613
650,compute-0-0,0.000000019,-0.000000002,0.000000114
650,compute-0-1,0.000000121,+0.000000304,0.000000197
650,compute-0-2,0.000000022,+0.000000024,0.000000467
650,compute-0-3,0.000000011,-0.000000022,0.000000581
651,compute-0-0,0.000000016,-0.000000002,0.000000114
651,compute-0-1,0.000000122,+0.000000130,0.000000192
651,compute-0-2,0.000000033,+0.000000014,0.000000443
651,compute-0-3,0.000000033,+0.000000046,0.000000552
652,compute-0-0,0.000000008,-0.000000024,0.000000108
652,compute-0-1,0.000000087,+0.000000130,0.000000192
652,compute-0-2,0.000000012,-0.000000041,0.000000421
652,compute-0-3,0.000000024,+0.000000046,0.000000552
653,compute-0-0,0.000000004,+0.000000005,0.000000103
653,compute-0-1,0.000000027,-0.000000052,0.000000183
653,compute-0-2,0.000000012,-0.000000041,0.000000421
653,compute-0-3,0.000000006,-0.000000016,0.000000523
654,compute-0-0,0.000000003,+0.000000005,0.000000103
654,compute-0-1,0.000000022,-0.000000048,0.000000174
654,compute-0-2,0.000000022,+0.000000035,0.000000399
654,compute-0-3,0.000000050,+0.000000053,0.000000497
655,compute-0-0,0.000000006,-0.000000002,0.000000097
655,compute-0-1,0.000000021,-0.000000048,0.000000174
655,compute-0-2,0.000000024,+0.000000004,0.000000379
655,compute-0-3,0.000000026,+0.000000053,0.000000497
656,compute-0-0,0.000000041,-0.000000039,0.000000093
656,compute-0-1,0.000000049,-0.000000032,0.000000165
656,compute-0-2,0.000000021,+0.000000004,0.000000379
656,compute-0-3,0.000000046,+0.000000057,0.000000472
657,compute-0-0,0.000000026,-0.000000039,0.000000093
657,compute-0-1,0.000000053,+0.000000102,0.000000160
657,compute-0-2,0.000000034,+0.000000018,0.000000359
657,compute-0-3,0.000000083,+0.000000094,0.000000448
658,compute-0-0,0.000000011,+0.000000010,0.000000089
658,compute-0-1,0.000000047,+0.000000102,0.000000160
658,compute-0-2,0.000000091,+0.000000072,0.000000342
658,compute-0-3,0.000000001,+0.000000094,0.000000448
659,compute-0-0,0.000000021,-0.000000011,0.000000084
659,compute-0-1,0.000000003,-0.000000050,0.000000153
659,compute-0-2,0.000000048,+0.000000072,0.000000342
659,compute-0-3,0.000000000,-0.000000403,0.000000444
660,compute-0-0,0.000000017,-0.000000011,0.000000084
660,compute-0-1,0.000000032,-0.000000030,0.000000145
660,compute-0-2,0.000000009,-0.000000029,0.000000324
660,compute-0-3,0.000000035,-0.000000041,0.000000422
661,compute-0-0,0.000000009,+0.000000008,0.000000080
661,compute-0-1,0.000000030,-0.000000030,0.000000145
661,compute-0-2,0.000000042,+0.000000036,0.000000308
661,compute-0-3,0.000000040,-0.000000016,0.000000400
662,compute-0-0,0.000000014,-0.000000006,0.000000076
662,compute-0-1,0.000000088,-0.000000091,0.000000141
662,compute-0-2,0.000000032,+0.000000036,0.000000308
662,compute-0-3,0.000000029,-0.000000016,0.000000400
663,compute-0-0,0.000000012,-0.000000006,0.000000076
663,compute-0-1,0.000000158,-0.000000147,0.000000141
663,compute-0-2,0.000000035,+0.000000011,0.000000292
663,compute-0-3,0.000000040,-0.000000026,0.000000379
664,compute-0-0,0.000000030,-0.000000083,0.000000076
664,compute-0-1,0.000000027,+0.000000018,0.000000134
664,compute-0-2,0.000000060,+0.000000039,0.000000277
664,compute-0-3,0.000000039,-0.000000016,0.000000360
665,compute-0-0,0.000000005,-0.000000005,0.000000073
665,compute-0-1,0.000000026,+0.000000018,0.000000134
665,compute-0-2,0.000000037,+0.000000039,0.000000277
665,compute-0-3,0.000000028,-0.000000016,0.000000360
666,compute-0-0,0.000000004,-0.000000005,0.000000073
666,compute-0-1,0.000000067,+0.000000102,0.000000131
666,compute-0-2,0.000000038,+0.000000014,0.000000263
666,compute-0-3,0.000000047,-0.000000041,0.000000342
667,compute-0-0,0.000000009,-0.000000096,0.000000075
667,compute-0-1,0.000000010,-0.000000041,0.000000125
667,compute-0-2,0.000000048,+0.000000023,0.000000250
667,compute-0-3,0.000000089,-0.000000072,0.000000325
668,compute-0-0,0.000000022,-0.000000025,0.000000072
668,compute-0-1,0.000000010,-0.000000041,0.000000125
668,compute-0-2,0.000000033,+0.000000023,0.000000250
668,compute-0-3,0.000000037,-0.000000072,0.000000325
669,compute-0-0,0.000000018,-0.000000002,0.000000068
669,compute-0-1,0.000000006,-0.000000016,0.000000119
669,compute-0-2,0.000000040,+0.000000021,0.000000237
669,compute-0-3,0.000000000,-0.000000337,0.000000326
670,compute-0-0,0.000000015,-0.000000002,0.000000068
670,compute-0-1,0.000000100,+0.000000115,0.000000118
670,compute-0-2,0.000000014,-0.000000018,0.000000225
670,compute-0-3,0.000000021,-0.000000022,0.000000310
671,compute-0-0,0.000000009,+0.000000023,0.000000065
671,compute-0-1,0.000000058,+0.000000115,0.000000118
671,compute-0-2,0.000000013,-0.000000018,0.000000225
671,compute-0-3,0.000000017,-0.000000022,0.000000310
672,compute-0-0,0.000000018,+0.000000010,0.000000062
672,compute-0-1,0.000000005,-0.000000040,0.000000113
672,compute-0-2,0.000000054,+0.000000103,0.000000216
672,compute-0-3,0.000000038,-0.000000039,0.000000294
673,compute-0-0,0.000000014,+0.000000010,0.000000062
673,compute-0-1,0.000000048,+0.000000045,0.000000108
673,compute-0-2,0.000000017,-0.000000006,0.000000205
673,compute-0-3,0.000000017,+0.000000037,0.000000279
674,compute-0-0,0.000000025,+0.000000144,0.000000074
674,compute-0-1,0.000000038,+0.000000045,0.000000108
674,compute-0-2,0.000000008,-0.000000023,0.000000194
674,compute-0-3,0.000000014,+0.000000037,0.000000279
675,compute-0-0,0.000000077,+0.000000084,0.000000075
675,compute-0-1,0.000000052,+0.000000031,0.000000103
675,compute-0-2,0.000000007,-0.000000023,0.000000194
675,compute-0-3,0.000000000,-0.000000231,0.000000275
676,compute-0-0,0.000000020,+0.000000084,0.000000075
676,compute-0-1,0.000000101,+0.000000080,0.000000101
676,compute-0-2,0.000000014,-0.000000008,0.000000185
676,compute-0-3,0.000000007,+0.000000007,0.000000261
677,compute-0-0,0.000000001,+0.000000756,0.000000250
677,compute-0-1,0.000000044,+0.000000080,0.000000101
677,compute-0-2,0.000000036,-0.000000024,0.000000175
677,compute-0-3,0.000000007,+0.000000007,0.000000261
678,compute-0-0,0.000000049,+0.000000056,0.000000237
678,compute-0-1,0.000000035,+0.000000006,0.000000096
678,compute-0-2,0.000000029,-0.000000024,0.000000175
678,compute-0-3,0.000000028,-0.000000044,0.000000248
679,compute-0-0,0.000000008,+0.000000056,0.000000237
679,compute-0-1,0.000000018,-0.000000013,0.000000091
679,compute-0-2,0.000000023,+0.000000002,0.000000166
679,compute-0-3,0.000000075,-0.000000076,0.000000236
680,compute-0-0,0.000000031,+0.000000049,0.000000226
680,compute-0-1,0.000000016,-0.000000013,0.000000091
680,compute-0-2,0.000000007,+0.000000027,0.000000158
680,compute-0-3,0.000000010,-0.000000076,0.000000236
681,compute-0-0,0.000000046,-0.000000060,0.000000215
681,compute-0-1,0.000000016,-0.000000033,0.000000087
681,compute-0-2,0.000000007,+0.000000027,0.000000158
681,compute-0-3,0.000000011,-0.000000009,0.000000224
682,compute-0-0,0.000000028,-0.000000060,0.000000215
682,compute-0-1,0.000000032,+0.000000049,0.000000084
682,compute-0-2,0.000000050,-0.000000076,0.000000152
682,compute-0-3,0.000000034,-0.000000029,0.000000213
683,compute-0-0,0.000000047,-0.000000057,0.000000205
683,compute-0-1,0.000000027,+0.000000049,0.000000084
683,compute-0-2,0.000000039,-0.000000013,0.000000144
683,compute-0-3,0.000000022,-0.000000029,0.000000213
684,compute-0-0,0.000000103,-0.000000119,0.000000198
684,compute-0-1,0.000000022,-0.000000051,0.000000081
684,compute-0-2,0.000000029,-0.000000013,0.000000144
684,compute-0-3,0.000000011,+0.000000010,0.000000202
685,compute-0-0,0.000000000,-0.000000119,0.000000198
685,compute-0-1,0.000000019,+0.000000001,0.000000077
685,compute-0-2,0.000000046,-0.000000037,0.000000137
685,compute-0-3,0.000000057,-0.000000179,0.000000200
686,compute-0-0,0.000000026,+0.000000029,0.000000188
686,compute-0-1,0.000000017,+0.000000001,0.000000077
686,compute-0-2,0.000000120,-0.000000127,0.000000136
686,compute-0-3,0.000000000,-0.000000179,0.000000200
687,compute-0-0,0.000000044,+0.000000025,0.000000178
687,compute-0-1,0.000000048,-0.000000055,0.000000075
687,compute-0-2,0.000000000,-0.000000127,0.000000136
687,compute-0-3,0.000000019,-0.000000023,0.000000190
688,compute-0-0,0.000000033,+0.000000025,0.000000178
688,compute-0-1,0.000000090,-0.000000089,0.000000077
688,compute-0-2,0.000000014,-0.000000015,0.000000129
688,compute-0-3,0.000000002,+0.000000019,0.000000180
689,compute-0-0,0.000000024,-0.000000004,0.000000169
689,compute-0-1,0.000000224,-0.000000203,0.000000097
689,compute-0-2,0.000000086,-0.000000093,0.000000126
689,compute-0-3,0.000000000,-0.000000002,0.000000171
690,compute-0-0,0.000000060,+0.000000049,0.000000161
690,compute-0-1,0.000000013,-0.000000203,0.000000097
690,compute-0-2,0.000000029,-0.000000093,0.000000126
690,compute-0-3,0.000000000,-0.000000002,0.000000171
691,compute-0-0,0.000000033,+0.000000049,0.000000161
691,compute-0-1,0.000000084,-0.000000109,0.000000098
691,compute-0-2,0.000000001,-0.000000756,0.000000267
691,compute-0-3,0.000000046,-0.000000057,0.000000163
692,compute-0-0,0.000000022,-0.000000057,0.000000154
692,compute-0-1,0.000000068,-0.000000029,0.000000094
692,compute-0-2,0.000000254,+0.000000550,0.000000307
692,compute-0-3,0.000000409,+0.000000765,0.000000287
693,compute-0-0,0.000000104,-0.000000131,0.000000152
693,compute-0-1,0.000000049,-0.000000029,0.000000094
693,compute-0-2,0.000000000,+0.000000550,0.000000307
693,compute-0-3,0.000000000,+0.000000765,0.000000287
694,compute-0-0,0.000000002,-0.000000131,0.000000152
694,compute-0-1,0.000000001,-0.000000878,0.000000292
694,compute-0-2,0.000000018,+0.000000019,0.000000292
694,compute-0-3,0.000000028,+0.000000034,0.000000272
695,compute-0-0,0.000000027,+0.000000033,0.000000145
695,compute-0-1,0.000000001,+0.000001254,0.000000484
695,compute-0-2,0.000000035,+0.000000019,0.000000277
695,compute-0-3,0.000000199,+0.000000247,0.000000270
696,compute-0-0,0.000000056,+0.000000042,0.000000138
696,compute-0-1,0.000000001,+0.000001254,0.000000484
696,compute-0-2,0.000000261,+0.000000232,0.000000273
696,compute-0-3,0.000000000,+0.000000247,0.000000270
697,compute-0-0,0.000000046,+0.000000009,0.000000131
697,compute-0-1,0.000000019,+0.000000022,0.000000459
697,compute-0-2,0.000000111,+0.000000232,0.000000273
697,compute-0-3,0.000000001,+0.000000629,0.000000324
698,compute-0-0,0.000000037,+0.000000009,0.000000131
698,compute-0-1,0.000000012,-0.000000005,0.000000435
698,compute-0-2,0.000000052,+0.000000015,0.000000259
698,compute-0-3,0.000000014,-0.000000014,0.000000308
699,compute-0-0,0.000000081,+0.000000091,0.000000127
699,compute-0-1,0.000000011,-0.000000005,0.000000435
699,compute-0-2,0.000000014,-0.000000059,0.000000246
699,compute-0-3,0.000000012,-0.000000014,0.000000308
700,compute-0-0,0.000000043,-0.000000070,0.000000123
700,compute-0-1,0.000000050,+0.000000098,0.000000414
700,compute-0-2,0.000000013,-0.000000059,0.000000246
700,compute-0-3,0.000000014,+0.000000027,0.000000292
701,compute-0-0,0.000000035,-0.000000070,0.000000123
701,compute-0-1,0.000000045,+0.000000050,0.000000393
701,compute-0-2,0.000000146,+0.000000334,0.000000256
701,compute-0-3,0.000000049,-0.000000070,0.000000278
702,compute-0-0,0.000000054,-0.000000040,0.000000117
702,compute-0-1,0.000000023,+0.000000050,0.000000393
702,compute-0-2,0.000000033,+0.000000033,0.000000243
702,compute-0-3,0.000000022,-0.000000070,0.000000278
703,compute-0-0,0.000000003,+0.000000037,0.000000112
703,compute-0-1,0.000000006,-0.000000026,0.000000373
703,compute-0-2,0.000000029,+0.000000033,0.000000243
703,compute-0-3,0.000000037,-0.000000042,0.000000264
704,compute-0-0,0.000000003,+0.000000037,0.000000112
704,compute-0-1,0.000000003,+0.000000003,0.000000354
704,compute-0-2,0.000000103,-0.000000174,0.000000237
704,compute-0-3,0.000000001,-0.000000733,0.000000341
705,compute-0-0,0.000000020,+0.000000019,0.000000106
705,compute-0-1,0.000000003,+0.000000003,0.000000354
705,compute-0-2,0.000000053,-0.000000006,0.000000225
705,compute-0-3,0.000000001,-0.000000733,0.000000341
706,compute-0-0,0.000000062,+0.000000052,0.000000102
706,compute-0-1,0.000000021,+0.000000031,0.000000336
706,compute-0-2,0.000000042,-0.000000006,0.000000225
706,compute-0-3,0.000000000,-0.000000001,0.000000324
707,compute-0-0,0.000000030,+0.000000052,0.000000102
707,compute-0-1,0.000000020,+0.000000006,0.000000319
707,compute-0-2,0.000000100,-0.000000134,0.000000218
707,compute-0-3,0.000000011,-0.000000011,0.000000307
708,compute-0-0,0.000000013,-0.000000010,0.000000097
708,compute-0-1,0.000000015,+0.000000006,0.000000319
708,compute-0-2,0.000000110,-0.000000098,0.000000209
708,compute-0-3,0.000000010,-0.000000011,0.000000307
709,compute-0-0,0.000000010,-0.000000022,0.000000092
709,compute-0-1,0.000000021,+0.000000077,0.000000303
709,compute-0-2,0.000000060,-0.000000098,0.000000209
709,compute-0-3,0.000000006,+0.000000003,0.000000291
710,compute-0-0,0.000000010,-0.000000022,0.000000092
710,compute-0-1,0.000000007,-0.000000007,0.000000288
710,compute-0-2,0.000000048,-0.000000007,0.000000198
710,compute-0-3,0.000000011,+0.000000018,0.000000276
711,compute-0-0,0.000000031,-0.000000030,0.000000088
711,compute-0-1,0.000000007,-0.000000007,0.000000288
711,compute-0-2,0.000000044,-0.000000004,0.000000188
711,compute-0-3,0.000000027,-0.000000037,0.000000263
712,compute-0-0,0.000000032,-0.000000010,0.000000084
712,compute-0-1,0.000000018,-0.000000016,0.000000273
712,compute-0-2,0.000000036,-0.000000004,0.000000188
712,compute-0-3,0.000000021,-0.000000037,0.000000263
713,compute-0-0,0.000000024,-0.000000010,0.000000084
713,compute-0-1,0.000000053,-0.000000056,0.000000260
713,compute-0-2,0.000000031,+0.000000000,0.000000178
713,compute-0-3,0.000000015,+0.000000002,0.000000249
714,compute-0-0,0.000000041,-0.000000049,0.000000081
714,compute-0-1,0.000000035,-0.000000021,0.000000246
714,compute-0-2,0.000000089,-0.000000074,0.000000171
714,compute-0-3,0.000000278,-0.000000745,0.000000334
715,compute-0-0,0.000000051,-0.000000040,0.000000078
715,compute-0-1,0.000000021,-0.000000021,0.000000246
715,compute-0-2,0.000000052,-0.000000074,0.000000171
715,compute-0-3,0.000000000,-0.000000745,0.000000334
716,compute-0-0,0.000000026,-0.000000040,0.000000078
716,compute-0-1,0.000000023,-0.000000014,0.000000234
716,compute-0-2,0.000000035,+0.000000008,0.000000162
716,compute-0-3,0.000000017,-0.000000019,0.000000317
717,compute-0-0,0.000000034,-0.000000029,0.000000074
717,compute-0-1,0.000000000,+0.000000012,0.000000222
717,compute-0-2,0.000000099,-0.000000137,0.000000160
717,compute-0-3,0.000000049,-0.000000038,0.000000301
718,compute-0-0,0.000000036,-0.000000018,0.000000071
718,compute-0-1,0.000000000,+0.000000012,0.000000222
718,compute-0-2,0.000000000,-0.000000137,0.000000160
718,compute-0-3,0.000000026,-0.000000038,0.000000301
719,compute-0-0,0.000000015,+0.000000009,0.000000067
719,compute-0-1,0.000000027,-0.000000038,0.000000211
719,compute-0-2,0.000000023,+0.000000026,0.000000152
719,compute-0-3,0.000000016,+0.000000001,0.000000285
720,compute-0-0,0.000000013,+0.000000009,0.000000067
720,compute-0-1,0.000000037,+0.000000052,0.000000201
720,compute-0-2,0.000000074,+0.000000078,0.000000146
720,compute-0-3,0.000000047,-0.000000038,0.000000271
