sample_id,hostname,instant_offset_sec,last_offset_sec,jitter_sec
1,compute-0-0,0.000646970,-0.000642223,0.001888102
1,compute-0-1,0.000676206,-0.000737541,0.001376921
1,compute-0-2,0.000249722,-0.000384496,0.001020063
1,compute-0-3,0.000000675,-0.000671274,0.000671274
2,compute-0-0,0.000620380,-0.000642223,0.001888102
2,compute-0-1,0.000142681,-0.000737541,0.001376921
2,compute-0-2,0.000204828,-0.000384496,0.001020063
2,compute-0-3,0.000000673,-0.000671274,0.000671274
3,compute-0-0,0.000594635,-0.000642223,0.001888102
3,compute-0-1,0.000000142,-0.000737541,0.001376921
3,compute-0-2,0.000160199,-0.000384496,0.001020063
3,compute-0-3,0.000000672,-0.000671274,0.000671274
4,compute-0-0,0.000618507,-0.000045513,0.001791269
4,compute-0-1,0.000000142,-0.000737541,0.001376921
4,compute-0-2,0.000728934,-0.000729489,0.000994833
4,compute-0-3,0.000000671,-0.000671274,0.000671274
5,compute-0-0,0.000601920,-0.000045513,0.001791269
5,compute-0-1,0.000000142,-0.000737541,0.001376921
5,compute-0-2,0.000414362,-0.000729489,0.000994833
5,compute-0-3,0.000000670,-0.000671274,0.000671274
6,compute-0-0,0.000582967,-0.000045513,0.001791269
6,compute-0-1,0.000000142,-0.000737541,0.001376921
6,compute-0-2,0.000138705,-0.000729489,0.000994833
6,compute-0-3,0.000104671,+0.000110156,0.000637779
7,compute-0-0,0.000566373,-0.000045513,0.001791269
7,compute-0-1,0.000243429,-0.000271874,0.001309088
7,compute-0-2,0.000000138,-0.000729489,0.000994833
7,compute-0-3,0.000091522,+0.000110156,0.000637779
8,compute-0-0,0.000549579,-0.000045513,0.001791269
8,compute-0-1,0.000199769,-0.000271874,0.001309088
8,compute-0-2,0.000000138,-0.000729489,0.000994833
8,compute-0-3,0.000075075,+0.000110156,0.000637779
9,compute-0-0,0.000219792,+0.000314179,0.001702249
9,compute-0-1,0.000163969,-0.000271874,0.001309088
9,compute-0-2,0.000010114,-0.000010263,0.000943787
9,compute-0-3,0.000061893,+0.000110156,0.000637779
10,compute-0-0,0.000217233,+0.000314179,0.001702249
10,compute-0-1,0.000127476,-0.000271874,0.001309088
10,compute-0-2,0.000010080,-0.000010263,0.000943787
10,compute-0-3,0.000048436,+0.000110156,0.000637779
11,compute-0-0,0.000214623,+0.000314179,0.001702249
11,compute-0-1,0.000089437,-0.000271874,0.001309088
11,compute-0-2,0.000010042,-0.000010263,0.000943787
11,compute-0-3,0.000516606,+0.000577542,0.000632013
12,compute-0-0,0.000211743,+0.000314179,0.001702249
12,compute-0-1,0.000321677,+0.000423822,0.001249121
12,compute-0-2,0.000010008,-0.000010263,0.000943787
12,compute-0-3,0.000248265,+0.000577542,0.000632013
13,compute-0-0,0.000209178,+0.000314179,0.001702249
13,compute-0-1,0.000283562,+0.000423822,0.001249121
13,compute-0-2,0.000009974,-0.000010263,0.000943787
13,compute-0-3,0.000000244,+0.000577542,0.000632013
14,compute-0-0,0.000485575,-0.000280338,0.001617327
14,compute-0-1,0.000243268,+0.000423822,0.001249121
14,compute-0-2,0.000252932,-0.000245053,0.000898702
14,compute-0-3,0.000000244,+0.000577542,0.000632013
15,compute-0-0,0.000466905,-0.000280338,0.001617327
15,compute-0-1,0.000204722,+0.000423822,0.001249121
15,compute-0-2,0.000231348,-0.000245053,0.000898702
15,compute-0-3,0.000000244,+0.000577542,0.000632013
16,compute-0-0,0.000449030,-0.000280338,0.001617327
16,compute-0-1,0.000168740,+0.000423822,0.001249121
16,compute-0-2,0.000211204,-0.000245053,0.000898702
16,compute-0-3,0.000000244,+0.000577542,0.000632013
17,compute-0-0,0.000432326,-0.000280338,0.001617327
17,compute-0-1,0.000926305,+0.000905363,0.001219115
17,compute-0-2,0.000188469,-0.000245053,0.000898702
17,compute-0-3,0.000076293,+0.000081343,0.000600132
18,compute-0-0,0.000413496,-0.000280338,0.001617327
18,compute-0-1,0.000495051,+0.000905363,0.001219115
18,compute-0-2,0.000167740,-0.000245053,0.000898702
18,compute-0-3,0.000071211,+0.000081343,0.000600132
19,compute-0-0,0.000396318,-0.000280338,0.001617327
19,compute-0-1,0.000043304,+0.000905363,0.001219115
19,compute-0-2,0.000146008,-0.000245053,0.000898702
19,compute-0-3,0.000065883,+0.000081343,0.000600132
20,compute-0-0,0.001104926,-0.000794954,0.001554788
20,compute-0-1,0.000000040,+0.000905363,0.001219115
20,compute-0-2,0.000472964,-0.000404556,0.000862128
20,compute-0-3,0.000060677,+0.000081343,0.000600132
21,compute-0-0,0.000989101,-0.000794954,0.001554788
21,compute-0-1,0.000000040,+0.000905363,0.001219115
21,compute-0-2,0.000360686,-0.000404556,0.000862128
21,compute-0-3,0.000055344,+0.000081343,0.000600132
22,compute-0-0,0.000865381,-0.000794954,0.001554788
22,compute-0-1,0.000000040,+0.000905363,0.001219115
22,compute-0-2,0.000249215,-0.000404556,0.000862128
22,compute-0-3,0.000210423,-0.000277739,0.000576070
23,compute-0-0,0.000750322,-0.000794954,0.001554788
23,compute-0-1,0.000046496,+0.000050278,0.001156663
23,compute-0-2,0.000112900,-0.000119935,0.000818766
23,compute-0-3,0.000051515,-0.000277739,0.000576070
24,compute-0-0,0.000094214,+0.000642360,0.001488923
24,compute-0-1,0.000161787,+0.000117599,0.001097937
24,compute-0-2,0.000106607,-0.000119935,0.000818766
24,compute-0-3,0.000001618,+0.000027300,0.000546576
25,compute-0-0,0.000093234,+0.000642360,0.001488923
25,compute-0-1,0.000148727,+0.000117599,0.001097937
25,compute-0-2,0.000099735,-0.000119935,0.000818766
25,compute-0-3,0.000001616,+0.000027300,0.000546576
26,compute-0-0,0.000185182,+0.000093067,0.001412823
26,compute-0-1,0.000137625,+0.000117599,0.001097937
26,compute-0-2,0.000150045,+0.000246087,0.000780638
26,compute-0-3,0.000001614,+0.000027300,0.000546576
27,compute-0-0,0.000180627,+0.000093067,0.001412823
27,compute-0-1,0.000128672,+0.000117599,0.001097937
27,compute-0-2,0.000142985,+0.000246087,0.000780638
27,compute-0-3,0.000001612,+0.000027300,0.000546576
28,compute-0-0,0.000176977,+0.000093067,0.001412823
28,compute-0-1,0.000119877,+0.000117599,0.001097937
28,compute-0-2,0.000136070,+0.000246087,0.000780638
28,compute-0-3,0.000178238,+0.000176759,0.000521532
29,compute-0-0,0.000173410,+0.000093067,0.001412823
29,compute-0-1,0.000325112,+0.000229310,0.001044116
29,compute-0-2,0.000129140,+0.000246087,0.000780638
29,compute-0-3,0.000161169,+0.000176759,0.000521532
30,compute-0-0,0.000169835,+0.000093067,0.001412823
30,compute-0-1,0.000287700,+0.000229310,0.001044116
30,compute-0-2,0.000122189,+0.000246087,0.000780638
30,compute-0-3,0.000144053,+0.000176759,0.000521532
31,compute-0-0,0.000166250,+0.000093067,0.001412823
31,compute-0-1,0.000250349,+0.000229310,0.001044116
31,compute-0-2,0.000115247,+0.000246087,0.000780638
31,compute-0-3,0.000126957,+0.000176759,0.000521532
32,compute-0-0,0.000375323,-0.000561413,0.001352028
32,compute-0-1,0.000213114,+0.000229310,0.001044116
32,compute-0-2,0.000293914,+0.000207306,0.000743474
32,compute-0-3,0.000109868,+0.000176759,0.000521532
33,compute-0-0,0.000352890,-0.000561413,0.001352028
33,compute-0-1,0.000175756,+0.000229310,0.001044116
33,compute-0-2,0.000260656,+0.000207306,0.000743474
33,compute-0-3,0.000092762,+0.000176759,0.000521532
34,compute-0-0,0.000330432,-0.000561413,0.001352028
34,compute-0-1,0.000192214,+0.000050868,0.000990666
34,compute-0-2,0.000227422,+0.000207306,0.000743474
34,compute-0-3,0.000152520,+0.000074611,0.000495331
35,compute-0-0,0.000307988,-0.000561413,0.001352028
35,compute-0-1,0.000180877,+0.000050868,0.000990666
35,compute-0-2,0.000194192,+0.000207306,0.000743474
35,compute-0-3,0.000138770,+0.000074611,0.000495331
36,compute-0-0,0.000285513,-0.000561413,0.001352028
36,compute-0-1,0.000169553,+0.000050868,0.000990666
36,compute-0-2,0.000160989,+0.000207306,0.000743474
36,compute-0-3,0.000125081,+0.000074611,0.000495331
37,compute-0-0,0.000273743,+0.000552273,0.001294482
37,compute-0-1,0.000158481,+0.000050868,0.000990666
37,compute-0-2,0.000567041,+0.000489813,0.000722128
37,compute-0-3,0.000111739,+0.000074611,0.000495331
38,compute-0-0,0.000267072,+0.000552273,0.001294482
38,compute-0-1,0.000147120,+0.000050868,0.000990666
38,compute-0-2,0.000421764,+0.000489813,0.000722128
38,compute-0-3,0.000098292,+0.000074611,0.000495331
39,compute-0-0,0.000260340,+0.000552273,0.001294482
39,compute-0-1,0.000136381,+0.000050868,0.000990666
39,compute-0-2,0.000282258,+0.000489813,0.000722128
39,compute-0-3,0.000701448,+0.000651975,0.000513151
40,compute-0-0,0.000253893,+0.000552273,0.001294482
40,compute-0-1,0.000607196,+0.000620171,0.000960072
40,compute-0-2,0.000144167,+0.000489813,0.000722128
40,compute-0-3,0.000434705,+0.000651975,0.000513151
41,compute-0-0,0.000247446,+0.000552273,0.001294482
41,compute-0-1,0.000388652,+0.000620171,0.000960072
41,compute-0-2,0.000005963,+0.000489813,0.000722128
41,compute-0-3,0.000167782,+0.000651975,0.000513151
42,compute-0-0,0.000240996,+0.000552273,0.001294482
42,compute-0-1,0.000170122,+0.000620171,0.000960072
42,compute-0-2,0.000000006,+0.000489813,0.000722128
42,compute-0-3,0.000000168,+0.000651975,0.000513151
43,compute-0-0,0.000234546,+0.000552273,0.001294482
43,compute-0-1,0.000000168,+0.000620171,0.000960072
43,compute-0-2,0.000288787,+0.000322809,0.000692635
43,compute-0-3,0.000000168,+0.000651975,0.000513151
44,compute-0-0,0.000228100,+0.000552273,0.001294482
44,compute-0-1,0.000000168,+0.000620171,0.000960072
44,compute-0-2,0.000243841,+0.000322809,0.000692635
44,compute-0-3,0.000000168,+0.000651975,0.000513151
45,compute-0-0,0.000221655,+0.000552273,0.001294482
45,compute-0-1,0.000000168,+0.000620171,0.000960072
45,compute-0-2,0.000198948,+0.000322809,0.000692635
45,compute-0-3,0.000368564,+0.000412274,0.000503973
46,compute-0-0,0.000215039,+0.000552273,0.001294482
46,compute-0-1,0.000208146,+0.000231586,0.000913744
46,compute-0-2,0.000149077,+0.000322809,0.000692635
46,compute-0-3,0.000254817,+0.000412274,0.000503973
47,compute-0-0,0.000207596,+0.000552273,0.001294482
47,compute-0-1,0.000180213,+0.000231586,0.000913744
47,compute-0-2,0.000100182,+0.000322809,0.000692635
47,compute-0-3,0.000152064,+0.000412274,0.000503973
48,compute-0-0,0.000122037,-0.000325336,0.001232355
48,compute-0-1,0.000154566,+0.000231586,0.000913744
48,compute-0-2,0.000033785,-0.000031491,0.000657167
48,compute-0-3,0.000051036,+0.000412274,0.000503973
49,compute-0-0,0.000121560,-0.000325336,0.001232355
49,compute-0-1,0.000129089,+0.000231586,0.000913744
49,compute-0-2,0.000033166,-0.000031491,0.000657167
49,compute-0-3,0.000000051,+0.000412274,0.000503973
50,compute-0-0,0.000121065,-0.000325336,0.001232355
50,compute-0-1,0.000102852,+0.000231586,0.000913744
50,compute-0-2,0.000032532,-0.000031491,0.000657167
50,compute-0-3,0.000040739,+0.000040811,0.000478285
51,compute-0-0,0.000120576,-0.000325336,0.001232355
51,compute-0-1,0.000230628,+0.000170002,0.000868519
51,compute-0-2,0.000031890,-0.000031491,0.000657167
51,compute-0-3,0.000039678,+0.000040811,0.000478285
52,compute-0-0,0.000120085,-0.000325336,0.001232355
52,compute-0-1,0.000169721,+0.000170002,0.000868519
52,compute-0-2,0.000031272,-0.000031491,0.000657167
52,compute-0-3,0.000038637,+0.000040811,0.000478285
53,compute-0-0,0.000119603,-0.000325336,0.001232355
53,compute-0-1,0.000109773,+0.000170002,0.000868519
53,compute-0-2,0.000030653,-0.000031491,0.000657167
53,compute-0-3,0.000037603,+0.000040811,0.000478285
54,compute-0-0,0.000119129,-0.000325336,0.001232355
54,compute-0-1,0.000050978,+0.000170002,0.000868519
54,compute-0-2,0.000084893,+0.000058519,0.000623718
54,compute-0-3,0.000036566,+0.000040811,0.000478285
55,compute-0-0,0.000118651,-0.000325336,0.001232355
55,compute-0-1,0.000000051,+0.000170002,0.000868519
55,compute-0-2,0.000079765,+0.000058519,0.000623718
55,compute-0-3,0.000035520,+0.000040811,0.000478285
56,compute-0-0,0.000118167,-0.000325336,0.001232355
56,compute-0-1,0.000000051,+0.000170002,0.000868519
56,compute-0-2,0.000074545,+0.000058519,0.000623718
56,compute-0-3,0.000029174,-0.000005465,0.000453744
57,compute-0-0,0.000117674,-0.000325336,0.001232355
57,compute-0-1,0.000009498,-0.000009533,0.000823955
57,compute-0-2,0.000069358,+0.000058519,0.000623718
57,compute-0-3,0.000028511,-0.000005465,0.000453744
58,compute-0-0,0.000117188,-0.000325336,0.001232355
58,compute-0-1,0.000009404,-0.000009533,0.000823955
58,compute-0-2,0.000064300,+0.000058519,0.000623718
58,compute-0-3,0.000027859,-0.000005465,0.000453744
59,compute-0-0,0.000116707,-0.000325336,0.001232355
59,compute-0-1,0.000009311,-0.000009533,0.000823955
59,compute-0-2,0.000091203,+0.000032200,0.000591798
59,compute-0-3,0.000027203,-0.000005465,0.000453744
60,compute-0-0,0.000116224,-0.000325336,0.001232355
60,compute-0-1,0.000009218,-0.000009533,0.000823955
60,compute-0-2,0.000085586,+0.000032200,0.000591798
60,compute-0-3,0.000026552,-0.000005465,0.000453744
61,compute-0-0,0.000115745,-0.000325336,0.001232355
61,compute-0-1,0.000009125,-0.000009533,0.000823955
61,compute-0-2,0.000079941,+0.000032200,0.000591798
61,compute-0-3,0.000025887,-0.000005465,0.000453744
62,compute-0-0,0.000115257,-0.000325336,0.001232355
62,compute-0-1,0.000008964,+0.000000066,0.000781672
62,compute-0-2,0.000074219,+0.000032200,0.000591798
62,compute-0-3,0.000023727,-0.000001718,0.000430460
63,compute-0-0,0.000114778,-0.000325336,0.001232355
63,compute-0-1,0.000008868,+0.000000066,0.000781672
63,compute-0-2,0.000068503,+0.000032200,0.000591798
63,compute-0-3,0.000023286,-0.000001718,0.000430460
64,compute-0-0,0.000114289,-0.000325336,0.001232355
64,compute-0-1,0.000008771,+0.000000066,0.000781672
64,compute-0-2,0.000062759,+0.000032200,0.000591798
64,compute-0-3,0.000022843,-0.000001718,0.000430460
65,compute-0-0,0.000205459,-0.000092002,0.001169477
65,compute-0-1,0.000008675,+0.000000066,0.000781672
65,compute-0-2,0.000082627,+0.000025456,0.000561487
65,compute-0-3,0.000022407,-0.000001718,0.000430460
66,compute-0-0,0.000204603,-0.000092002,0.001169477
66,compute-0-1,0.000008580,+0.000000066,0.000781672
66,compute-0-2,0.000077110,+0.000025456,0.000561487
66,compute-0-3,0.000021969,-0.000001718,0.000430460
67,compute-0-0,0.000203748,-0.000092002,0.001169477
67,compute-0-1,0.000008483,+0.000000066,0.000781672
67,compute-0-2,0.000071487,+0.000025456,0.000561487
67,compute-0-3,0.000015012,-0.000006632,0.000408376
68,compute-0-0,0.000202898,-0.000092002,0.001169477
68,compute-0-1,0.000017912,-0.000009781,0.000741566
68,compute-0-2,0.000065903,+0.000025456,0.000561487
68,compute-0-3,0.000014792,-0.000006632,0.000408376
69,compute-0-0,0.000202035,-0.000092002,0.001169477
69,compute-0-1,0.000017510,-0.000009781,0.000741566
69,compute-0-2,0.000060157,+0.000025456,0.000561487
69,compute-0-3,0.000014567,-0.000006632,0.000408376
70,compute-0-0,0.000201152,-0.000092002,0.001169477
70,compute-0-1,0.000017106,-0.000009781,0.000741566
70,compute-0-2,0.000125717,+0.000075422,0.000533207
70,compute-0-3,0.000014351,-0.000006632,0.000408376
71,compute-0-0,0.000200303,-0.000092002,0.001169477
71,compute-0-1,0.000016708,-0.000009781,0.000741566
71,compute-0-2,0.000108581,+0.000075422,0.000533207
71,compute-0-3,0.000014133,-0.000006632,0.000408376
72,compute-0-0,0.000199447,-0.000092002,0.001169477
72,compute-0-1,0.000016313,-0.000009781,0.000741566
72,compute-0-2,0.000091553,+0.000075422,0.000533207
72,compute-0-3,0.000026615,+0.000012716,0.000387440
73,compute-0-0,0.000198595,-0.000092002,0.001169477
73,compute-0-1,0.000014115,+0.000001856,0.000703511
73,compute-0-2,0.000074511,+0.000075422,0.000533207
73,compute-0-3,0.000025958,+0.000012716,0.000387440
74,compute-0-0,0.000197747,-0.000092002,0.001169477
74,compute-0-1,0.000013866,+0.000001856,0.000703511
74,compute-0-2,0.000057590,+0.000075422,0.000533207
74,compute-0-3,0.000025305,+0.000012716,0.000387440
75,compute-0-0,0.000196896,-0.000092002,0.001169477
75,compute-0-1,0.000013614,+0.000001856,0.000703511
75,compute-0-2,0.000040447,+0.000075422,0.000533207
75,compute-0-3,0.000024646,+0.000012716,0.000387440
76,compute-0-0,0.000285930,-0.000091380,0.001109839
76,compute-0-1,0.000013364,+0.000001856,0.000703511
76,compute-0-2,0.000037061,+0.000000508,0.000505844
76,compute-0-3,0.000023992,+0.000012716,0.000387440
77,compute-0-0,0.000283564,-0.000091380,0.001109839
77,compute-0-1,0.000013114,+0.000001856,0.000703511
77,compute-0-2,0.000035638,+0.000000508,0.000505844
77,compute-0-3,0.000023332,+0.000012716,0.000387440
78,compute-0-0,0.000281170,-0.000091380,0.001109839
78,compute-0-1,0.000012864,+0.000001856,0.000703511
78,compute-0-2,0.000034237,+0.000000508,0.000505844
78,compute-0-3,0.000032704,+0.000010219,0.000367572
79,compute-0-0,0.000278757,-0.000091380,0.001109839
79,compute-0-1,0.000017792,-0.000005331,0.000667411
79,compute-0-2,0.000032798,+0.000000508,0.000505844
79,compute-0-3,0.000031686,+0.000010219,0.000367572
80,compute-0-0,0.000276390,-0.000091380,0.001109839
80,compute-0-1,0.000017376,-0.000005331,0.000667411
80,compute-0-2,0.000031400,+0.000000508,0.000505844
80,compute-0-3,0.000030666,+0.000010219,0.000367572
81,compute-0-0,0.000273995,-0.000091380,0.001109839
81,compute-0-1,0.000016952,-0.000005331,0.000667411
81,compute-0-2,0.000034470,+0.000004437,0.000479888
81,compute-0-3,0.000029657,+0.000010219,0.000367572
82,compute-0-0,0.000271627,-0.000091380,0.001109839
82,compute-0-1,0.000016531,-0.000005331,0.000667411
82,compute-0-2,0.000033224,+0.000004437,0.000479888
82,compute-0-3,0.000028636,+0.000010219,0.000367572
83,compute-0-0,0.000269189,-0.000091380,0.001109839
83,compute-0-1,0.000016103,-0.000005331,0.000667411
83,compute-0-2,0.000031970,+0.000004437,0.000479888
83,compute-0-3,0.000058156,+0.000030576,0.000348843
84,compute-0-0,0.000266836,-0.000091380,0.001109839
84,compute-0-1,0.000007482,+0.000008311,0.000633167
84,compute-0-2,0.000030740,+0.000004437,0.000479888
84,compute-0-3,0.000054781,+0.000030576,0.000348843
85,compute-0-0,0.000264441,-0.000091380,0.001109839
85,compute-0-1,0.000007403,+0.000008311,0.000633167
85,compute-0-2,0.000029499,+0.000004437,0.000479888
85,compute-0-3,0.000051407,+0.000030576,0.000348843
86,compute-0-0,0.000262065,-0.000091380,0.001109839
86,compute-0-1,0.000007325,+0.000008311,0.000633167
86,compute-0-2,0.000028262,+0.000004437,0.000479888
86,compute-0-3,0.000048048,+0.000030576,0.000348843
87,compute-0-0,0.000353395,-0.000094837,0.001053313
87,compute-0-1,0.000007248,+0.000008311,0.000633167
87,compute-0-2,0.000020295,-0.000007393,0.000455268
87,compute-0-3,0.000044744,+0.000030576,0.000348843
88,compute-0-0,0.000349843,-0.000094837,0.001053313
88,compute-0-1,0.000007171,+0.000008311,0.000633167
88,compute-0-2,0.000019870,-0.000007393,0.000455268
88,compute-0-3,0.000041381,+0.000030576,0.000348843
89,compute-0-0,0.000346237,-0.000094837,0.001053313
89,compute-0-1,0.000007093,+0.000008311,0.000633167
89,compute-0-2,0.000019448,-0.000007393,0.000455268
89,compute-0-3,0.000045998,+0.000007454,0.000330950
90,compute-0-0,0.000342666,-0.000094837,0.001053313
90,compute-0-1,0.000013384,-0.000006509,0.000600679
90,compute-0-2,0.000019018,-0.000007393,0.000455268
90,compute-0-3,0.000043844,+0.000007454,0.000330950
91,compute-0-0,0.000339002,-0.000094837,0.001053313
91,compute-0-1,0.000013115,-0.000006509,0.000600679
91,compute-0-2,0.000018596,-0.000007393,0.000455268
91,compute-0-3,0.000041749,+0.000007454,0.000330950
92,compute-0-0,0.000335414,-0.000094837,0.001053313
92,compute-0-1,0.000012850,-0.000006509,0.000600679
92,compute-0-2,0.000009718,-0.000008515,0.000431913
92,compute-0-3,0.000039626,+0.000007454,0.000330950
93,compute-0-0,0.000331805,-0.000094837,0.001053313
93,compute-0-1,0.000012585,-0.000006509,0.000600679
93,compute-0-2,0.000009608,-0.000008515,0.000431913
93,compute-0-3,0.000037502,+0.000007454,0.000330950
94,compute-0-0,0.000328161,-0.000094837,0.001053313
94,compute-0-1,0.000012316,-0.000006509,0.000600679
94,compute-0-2,0.000009497,-0.000008515,0.000431913
94,compute-0-3,0.000035379,+0.000007454,0.000330950
95,compute-0-0,0.000324570,-0.000094837,0.001053313
95,compute-0-1,0.000007695,+0.000019834,0.000569889
95,compute-0-2,0.000009388,-0.000008515,0.000431913
95,compute-0-3,0.000063241,+0.000032048,0.000314131
96,compute-0-0,0.000320988,-0.000094837,0.001053313
96,compute-0-1,0.000007606,+0.000019834,0.000569889
96,compute-0-2,0.000009278,-0.000008515,0.000431913
96,compute-0-3,0.000058587,+0.000032048,0.000314131
97,compute-0-0,0.000317385,-0.000094837,0.001053313
97,compute-0-1,0.000007517,+0.000019834,0.000569889
97,compute-0-2,0.000009169,-0.000008515,0.000431913
97,compute-0-3,0.000053969,+0.000032048,0.000314131
98,compute-0-0,0.000313788,-0.000094837,0.001053313
98,compute-0-1,0.000007427,+0.000019834,0.000569889
98,compute-0-2,0.000008339,-0.000000736,0.000409749
98,compute-0-3,0.000049324,+0.000032048,0.000314131
99,compute-0-0,0.000310190,-0.000094837,0.001053313
99,compute-0-1,0.000007337,+0.000019834,0.000569889
99,compute-0-2,0.000008257,-0.000000736,0.000409749
99,compute-0-3,0.000044717,+0.000032048,0.000314131
100,compute-0-0,0.000306580,-0.000094837,0.001053313
100,compute-0-1,0.000007247,+0.000019834,0.000569889
100,compute-0-2,0.000008174,-0.000000736,0.000409749
100,compute-0-3,0.000125118,+0.000089527,0.000299352
101,compute-0-0,0.000302972,-0.000094837,0.001053313
101,compute-0-1,0.000012338,+0.000005277,0.000540646
101,compute-0-2,0.000008091,-0.000000736,0.000409749
101,compute-0-3,0.000103649,+0.000089527,0.000299352
102,compute-0-0,0.000299274,-0.000094837,0.001053313
102,compute-0-1,0.000012087,+0.000005277,0.000540646
102,compute-0-2,0.000008006,-0.000000736,0.000409749
102,compute-0-3,0.000082675,+0.000089527,0.000299352
103,compute-0-0,0.000295689,-0.000094837,0.001053313
103,compute-0-1,0.000011845,+0.000005277,0.000540646
103,compute-0-2,0.000008642,+0.000000718,0.000388722
103,compute-0-3,0.000061737,+0.000089527,0.000299352
104,compute-0-0,0.000292105,-0.000094837,0.001053313
104,compute-0-1,0.000011603,+0.000005277,0.000540646
104,compute-0-2,0.000008554,+0.000000718,0.000388722
104,compute-0-3,0.000040877,+0.000089527,0.000299352
105,compute-0-0,0.000288518,-0.000094837,0.001053313
105,compute-0-1,0.000011360,+0.000005277,0.000540646
105,compute-0-2,0.000008465,+0.000000718,0.000388722
105,compute-0-3,0.000019792,+0.000089527,0.000299352
106,compute-0-0,0.000284888,-0.000094837,0.001053313
106,compute-0-1,0.000011115,+0.000005277,0.000540646
106,compute-0-2,0.000008376,+0.000000718,0.000388722
106,compute-0-3,0.000023609,+0.000009573,0.000284007
107,compute-0-0,0.000281290,-0.000094837,0.001053313
107,compute-0-1,0.000010872,+0.000005277,0.000540646
107,compute-0-2,0.000008287,+0.000000718,0.000388722
107,compute-0-3,0.000022894,+0.000009573,0.000284007
108,compute-0-0,0.000277658,-0.000094837,0.001053313
108,compute-0-1,0.000010626,+0.000005277,0.000540646
108,compute-0-2,0.000008199,+0.000000718,0.000388722
108,compute-0-3,0.000022179,+0.000009573,0.000284007
109,compute-0-0,0.000285745,-0.000009879,0.000999265
109,compute-0-1,0.000010381,+0.000005277,0.000540646
109,compute-0-2,0.000008473,+0.000000362,0.000368774
109,compute-0-3,0.000021453,+0.000009573,0.000284007
110,compute-0-0,0.000284634,-0.000009879,0.000999265
110,compute-0-1,0.000010135,+0.000005277,0.000540646
110,compute-0-2,0.000008388,+0.000000362,0.000368774
110,compute-0-3,0.000020741,+0.000009573,0.000284007
111,compute-0-0,0.000283561,-0.000009879,0.000999265
111,compute-0-1,0.000009894,+0.000005277,0.000540646
111,compute-0-2,0.000008303,+0.000000362,0.000368774
111,compute-0-3,0.000032605,+0.000012695,0.000269462
112,compute-0-0,0.000282480,-0.000009879,0.000999265
112,compute-0-1,0.000019321,+0.000009696,0.000512911
112,compute-0-2,0.000008217,+0.000000362,0.000368774
112,compute-0-3,0.000031222,+0.000012695,0.000269462
113,compute-0-0,0.000281393,-0.000009879,0.000999265
113,compute-0-1,0.000019033,+0.000009696,0.000512911
113,compute-0-2,0.000008132,+0.000000362,0.000368774
113,compute-0-3,0.000029870,+0.000012695,0.000269462
114,compute-0-0,0.000280312,-0.000009879,0.000999265
114,compute-0-1,0.000018742,+0.000009696,0.000512911
114,compute-0-2,0.000008046,+0.000000362,0.000368774
114,compute-0-3,0.000028494,+0.000012695,0.000269462
115,compute-0-0,0.000279228,-0.000009879,0.000999265
115,compute-0-1,0.000018456,+0.000009696,0.000512911
115,compute-0-2,0.000009512,+0.000001577,0.000349850
115,compute-0-3,0.000027123,+0.000012695,0.000269462
116,compute-0-0,0.000278144,-0.000009879,0.000999265
116,compute-0-1,0.000018168,+0.000009696,0.000512911
116,compute-0-2,0.000009400,+0.000001577,0.000349850
116,compute-0-3,0.000025764,+0.000012695,0.000269462
117,compute-0-0,0.000277058,-0.000009879,0.000999265
117,compute-0-1,0.000017879,+0.000009696,0.000512911
117,compute-0-2,0.000009287,+0.000001577,0.000349850
117,compute-0-3,0.000036457,+0.000012384,0.000255664
118,compute-0-0,0.000275978,-0.000009879,0.000999265
118,compute-0-1,0.000017592,+0.000009696,0.000512911
118,compute-0-2,0.000009175,+0.000001577,0.000349850
118,compute-0-3,0.000034582,+0.000012384,0.000255664
119,compute-0-0,0.000274906,-0.000009879,0.000999265
119,compute-0-1,0.000017307,+0.000009696,0.000512911
119,compute-0-2,0.000009063,+0.000001577,0.000349850
119,compute-0-3,0.000032715,+0.000012384,0.000255664
120,compute-0-0,0.000168873,+0.000105194,0.000948570
120,compute-0-1,0.000017022,+0.000009696,0.000512911
120,compute-0-2,0.000016386,+0.000007522,0.000331906
120,compute-0-3,0.000030863,+0.000012384,0.000255664
121,compute-0-0,0.000168212,+0.000105194,0.000948570
121,compute-0-1,0.000016735,+0.000009696,0.000512911
121,compute-0-2,0.000016056,+0.000007522,0.000331906
121,compute-0-3,0.000028985,+0.000012384,0.000255664
122,compute-0-0,0.000167544,+0.000105194,0.000948570
122,compute-0-1,0.000016448,+0.000009696,0.000512911
122,compute-0-2,0.000015727,+0.000007522,0.000331906
122,compute-0-3,0.000134825,+0.000109352,0.000244997
123,compute-0-0,0.000166874,+0.000105194,0.000948570
123,compute-0-1,0.000034809,+0.000018904,0.000486627
123,compute-0-2,0.000015400,+0.000007522,0.000331906
123,compute-0-3,0.000108631,+0.000109352,0.000244997
124,compute-0-0,0.000166204,+0.000105194,0.000948570
124,compute-0-1,0.000033933,+0.000018904,0.000486627
124,compute-0-2,0.000015068,+0.000007522,0.000331906
124,compute-0-3,0.000082347,+0.000109352,0.000244997
125,compute-0-0,0.000165537,+0.000105194,0.000948570
125,compute-0-1,0.000033065,+0.000018904,0.000486627
125,compute-0-2,0.000014741,+0.000007522,0.000331906
125,compute-0-3,0.000056253,+0.000109352,0.000244997
126,compute-0-0,0.000164876,+0.000105194,0.000948570
126,compute-0-1,0.000032198,+0.000018904,0.000486627
126,compute-0-2,0.000031858,+0.000018346,0.000314927
126,compute-0-3,0.000029920,+0.000109352,0.000244997
127,compute-0-0,0.000164206,+0.000105194,0.000948570
127,compute-0-1,0.000031331,+0.000018904,0.000486627
127,compute-0-2,0.000030490,+0.000018346,0.000314927
127,compute-0-3,0.000003645,+0.000109352,0.000244997
128,compute-0-0,0.000163539,+0.000105194,0.000948570
128,compute-0-1,0.000030459,+0.000018904,0.000486627
128,compute-0-2,0.000029112,+0.000018346,0.000314927
128,compute-0-3,0.000020910,+0.000022005,0.000232529
129,compute-0-0,0.000162870,+0.000105194,0.000948570
129,compute-0-1,0.000083544,+0.000132123,0.000463542
129,compute-0-2,0.000027741,+0.000018346,0.000314927
129,compute-0-3,0.000018521,+0.000022005,0.000232529
130,compute-0-0,0.000162204,+0.000105194,0.000948570
130,compute-0-1,0.000000083,+0.000132123,0.000463542
130,compute-0-2,0.000026346,+0.000018346,0.000314927
130,compute-0-3,0.000016084,+0.000022005,0.000232529
131,compute-0-0,0.000254280,-0.000093083,0.000900374
131,compute-0-1,0.000000083,+0.000132123,0.000463542
131,compute-0-2,0.000027301,+0.000002195,0.000298767
131,compute-0-3,0.000013693,+0.000022005,0.000232529
132,compute-0-0,0.000252757,-0.000093083,0.000900374
132,compute-0-1,0.000000083,+0.000132123,0.000463542
132,compute-0-2,0.000026343,+0.000002195,0.000298767
132,compute-0-3,0.000011313,+0.000022005,0.000232529
133,compute-0-0,0.000251235,-0.000093083,0.000900374
133,compute-0-1,0.000000083,+0.000132123,0.000463542
133,compute-0-2,0.000025388,+0.000002195,0.000298767
133,compute-0-3,0.000008932,+0.000022005,0.000232529
134,compute-0-0,0.000249725,-0.000093083,0.000900374
134,compute-0-1,0.000016872,-0.000017136,0.000439788
134,compute-0-2,0.000024440,+0.000002195,0.000298767
134,compute-0-3,0.000002735,-0.000005865,0.000220604
135,compute-0-0,0.000248208,-0.000093083,0.000900374
135,compute-0-1,0.000015670,-0.000017136,0.000439788
135,compute-0-2,0.000023485,+0.000002195,0.000298767
135,compute-0-3,0.000002694,-0.000005865,0.000220604
136,compute-0-0,0.000246689,-0.000093083,0.000900374
136,compute-0-1,0.000014469,-0.000017136,0.000439788
136,compute-0-2,0.000022529,+0.000002195,0.000298767
136,compute-0-3,0.000002653,-0.000005865,0.000220604
137,compute-0-0,0.000245165,-0.000093083,0.000900374
137,compute-0-1,0.000013257,-0.000017136,0.000439788
137,compute-0-2,0.000025369,+0.000003746,0.000283437
137,compute-0-3,0.000002612,-0.000005865,0.000220604
138,compute-0-0,0.000243645,-0.000093083,0.000900374
138,compute-0-1,0.000012053,-0.000017136,0.000439788
138,compute-0-2,0.000024485,+0.000003746,0.000283437
138,compute-0-3,0.000002571,-0.000005865,0.000220604
139,compute-0-0,0.000242120,-0.000093083,0.000900374
139,compute-0-1,0.000010846,-0.000017136,0.000439788
139,compute-0-2,0.000023600,+0.000003746,0.000283437
139,compute-0-3,0.000002514,-0.000000018,0.000209283
140,compute-0-0,0.000240600,-0.000093083,0.000900374
140,compute-0-1,0.000012904,-0.000003055,0.000417220
140,compute-0-2,0.000022725,+0.000003746,0.000283437
140,compute-0-3,0.000002479,-0.000000018,0.000209283
141,compute-0-0,0.000239077,-0.000093083,0.000900374
141,compute-0-1,0.000011974,-0.000003055,0.000417220
141,compute-0-2,0.000021836,+0.000003746,0.000283437
141,compute-0-3,0.000002443,-0.000000018,0.000209283
142,compute-0-0,0.000269752,-0.000032240,0.000854230
142,compute-0-1,0.000011035,-0.000003055,0.000417220
142,compute-0-2,0.000020098,-0.000000898,0.000268892
142,compute-0-3,0.000002408,-0.000000018,0.000209283
143,compute-0-0,0.000268122,-0.000032240,0.000854230
143,compute-0-1,0.000010114,-0.000003055,0.000417220
143,compute-0-2,0.000019556,-0.000000898,0.000268892
143,compute-0-3,0.000002373,-0.000000018,0.000209283
144,compute-0-0,0.000266492,-0.000032240,0.000854230
144,compute-0-1,0.000009190,-0.000003055,0.000417220
144,compute-0-2,0.000019015,-0.000000898,0.000268892
144,compute-0-3,0.000002338,-0.000000018,0.000209283
145,compute-0-0,0.000264870,-0.000032240,0.000854230
145,compute-0-1,0.000030380,-0.000022759,0.000395875
145,compute-0-2,0.000018474,-0.000000898,0.000268892
145,compute-0-3,0.000011457,-0.000014414,0.000198596
146,compute-0-0,0.000263235,-0.000032240,0.000854230
146,compute-0-1,0.000024454,-0.000022759,0.000395875
146,compute-0-2,0.000017932,-0.000000898,0.000268892
146,compute-0-3,0.000010614,-0.000014414,0.000198596
147,compute-0-0,0.000261617,-0.000032240,0.000854230
147,compute-0-1,0.000018589,-0.000022759,0.000395875
147,compute-0-2,0.000017393,-0.000000898,0.000268892
147,compute-0-3,0.000009770,-0.000014414,0.000198596
148,compute-0-0,0.000259992,-0.000032240,0.000854230
148,compute-0-1,0.000012706,-0.000022759,0.000395875
148,compute-0-2,0.000016458,-0.000000492,0.000255094
148,compute-0-3,0.000008926,-0.000014414,0.000198596
149,compute-0-0,0.000258370,-0.000032240,0.000854230
149,compute-0-1,0.000006823,-0.000022759,0.000395875
149,compute-0-2,0.000016083,-0.000000492,0.000255094
149,compute-0-3,0.000008089,-0.000014414,0.000198596
150,compute-0-0,0.000256755,-0.000032240,0.000854230
150,compute-0-1,0.000000967,-0.000022759,0.000395875
150,compute-0-2,0.000015706,-0.000000492,0.000255094
150,compute-0-3,0.000010541,-0.000003266,0.000188407
151,compute-0-0,0.000255127,-0.000032240,0.000854230
151,compute-0-1,0.000002052,-0.000002066,0.000375561
151,compute-0-2,0.000015327,-0.000000492,0.000255094
151,compute-0-3,0.000009859,-0.000003266,0.000188407
152,compute-0-0,0.000253498,-0.000032240,0.000854230
152,compute-0-1,0.000002026,-0.000002066,0.000375561
152,compute-0-2,0.000014944,-0.000000492,0.000255094
152,compute-0-3,0.000009168,-0.000003266,0.000188407
153,compute-0-0,0.000251847,-0.000032240,0.000854230
153,compute-0-1,0.000002000,-0.000002066,0.000375561
153,compute-0-2,0.000014565,-0.000000492,0.000255094
153,compute-0-3,0.000008487,-0.000003266,0.000188407
154,compute-0-0,0.000245839,+0.000004678,0.000810395
154,compute-0-1,0.000001974,-0.000002066,0.000375561
154,compute-0-2,0.000014183,-0.000000492,0.000255094
154,compute-0-3,0.000007800,-0.000003266,0.000188407
155,compute-0-0,0.000244497,+0.000004678,0.000810395
155,compute-0-1,0.000001948,-0.000002066,0.000375561
155,compute-0-2,0.000013806,-0.000000492,0.000255094
155,compute-0-3,0.000007121,-0.000003266,0.000188407
156,compute-0-0,0.000243177,+0.000004678,0.000810395
156,compute-0-1,0.000001923,-0.000002066,0.000375561
156,compute-0-2,0.000013430,-0.000000492,0.000255094
156,compute-0-3,0.000007996,-0.000001398,0.000178740
157,compute-0-0,0.000241863,+0.000004678,0.000810395
157,compute-0-1,0.000010734,-0.000009654,0.000356302
157,compute-0-2,0.000013055,-0.000000492,0.000255094
157,compute-0-3,0.000007581,-0.000001398,0.000178740
158,compute-0-0,0.000240543,+0.000004678,0.000810395
158,compute-0-1,0.000009863,-0.000009654,0.000356302
158,compute-0-2,0.000012677,-0.000000492,0.000255094
158,compute-0-3,0.000007162,-0.000001398,0.000178740
159,compute-0-0,0.000239219,+0.000004678,0.000810395
159,compute-0-1,0.000008995,-0.000009654,0.000356302
159,compute-0-2,0.000015261,+0.000002881,0.000242005
159,compute-0-3,0.000006747,-0.000001398,0.000178740
160,compute-0-0,0.000237902,+0.000004678,0.000810395
160,compute-0-1,0.000008126,-0.000009654,0.000356302
160,compute-0-2,0.000015105,+0.000002881,0.000242005
160,compute-0-3,0.000006329,-0.000001398,0.000178740
161,compute-0-0,0.000236579,+0.000004678,0.000810395
161,compute-0-1,0.000007254,-0.000009654,0.000356302
161,compute-0-2,0.000014949,+0.000002881,0.000242005
161,compute-0-3,0.000005911,-0.000001398,0.000178740
162,compute-0-0,0.000235250,+0.000004678,0.000810395
162,compute-0-1,0.000018292,-0.000012443,0.000338040
162,compute-0-2,0.000014792,+0.000002881,0.000242005
162,compute-0-3,0.000006038,-0.000000380,0.000169567
163,compute-0-0,0.000233930,+0.000004678,0.000810395
163,compute-0-1,0.000015838,-0.000012443,0.000338040
163,compute-0-2,0.000014636,+0.000002881,0.000242005
163,compute-0-3,0.000005789,-0.000000380,0.000169567
164,compute-0-0,0.000232614,+0.000004678,0.000810395
164,compute-0-1,0.000013395,-0.000012443,0.000338040
164,compute-0-2,0.000014481,+0.000002881,0.000242005
164,compute-0-3,0.000005540,-0.000000380,0.000169567
165,compute-0-0,0.000231291,+0.000004678,0.000810395
165,compute-0-1,0.000010933,-0.000012443,0.000338040
165,compute-0-2,0.000014324,+0.000002881,0.000242005
165,compute-0-3,0.000005291,-0.000000380,0.000169567
166,compute-0-0,0.000229973,+0.000004678,0.000810395
166,compute-0-1,0.000008480,-0.000012443,0.000338040
166,compute-0-2,0.000014168,+0.000002881,0.000242005
166,compute-0-3,0.000005042,-0.000000380,0.000169567
167,compute-0-0,0.000228656,+0.000004678,0.000810395
167,compute-0-1,0.000006032,-0.000012443,0.000338040
167,compute-0-2,0.000014013,+0.000002881,0.000242005
167,compute-0-3,0.000005601,-0.000000794,0.000160866
168,compute-0-0,0.000227338,+0.000004678,0.000810395
168,compute-0-1,0.000011184,-0.000006568,0.000320700
168,compute-0-2,0.000013852,+0.000002881,0.000242005
168,compute-0-3,0.000005387,-0.000000794,0.000160866
169,compute-0-0,0.000225979,+0.000004678,0.000810395
169,compute-0-1,0.000010231,-0.000006568,0.000320700
169,compute-0-2,0.000013696,+0.000002881,0.000242005
169,compute-0-3,0.000005179,-0.000000794,0.000160866
170,compute-0-0,0.000224659,+0.000004678,0.000810395
170,compute-0-1,0.000009262,-0.000006568,0.000320700
170,compute-0-2,0.000017090,+0.000003562,0.000229589
170,compute-0-3,0.000004968,-0.000000794,0.000160866
171,compute-0-0,0.000223319,+0.000004678,0.000810395
171,compute-0-1,0.000008307,-0.000006568,0.000320700
171,compute-0-2,0.000016884,+0.000003562,0.000229589
171,compute-0-3,0.000004760,-0.000000794,0.000160866
172,compute-0-0,0.000222001,+0.000004678,0.000810395
172,compute-0-1,0.000007351,-0.000006568,0.000320700
172,compute-0-2,0.000016678,+0.000003562,0.000229589
172,compute-0-3,0.000004553,-0.000000794,0.000160866
173,compute-0-0,0.000220684,+0.000004678,0.000810395
173,compute-0-1,0.000012237,-0.000005857,0.000304248
173,compute-0-2,0.000016472,+0.000003562,0.000229589
173,compute-0-3,0.000005868,-0.000001550,0.000152612
174,compute-0-0,0.000219364,+0.000004678,0.000810395
174,compute-0-1,0.000011195,-0.000005857,0.000304248
174,compute-0-2,0.000016266,+0.000003562,0.000229589
174,compute-0-3,0.000005622,-0.000001550,0.000152612
175,compute-0-0,0.000218045,+0.000004678,0.000810395
175,compute-0-1,0.000010150,-0.000005857,0.000304248
175,compute-0-2,0.000016059,+0.000003562,0.000229589
175,compute-0-3,0.000005376,-0.000001550,0.000152612
176,compute-0-0,0.000161510,+0.000055715,0.000769010
176,compute-0-1,0.000009108,-0.000005857,0.000304248
176,compute-0-2,0.000015853,+0.000003562,0.000229589
176,compute-0-3,0.000005131,-0.000001550,0.000152612
177,compute-0-0,0.000161243,+0.000055715,0.000769010
177,compute-0-1,0.000008066,-0.000005857,0.000304248
177,compute-0-2,0.000015647,+0.000003562,0.000229589
177,compute-0-3,0.000004885,-0.000001550,0.000152612
178,compute-0-0,0.000160976,+0.000055715,0.000769010
178,compute-0-1,0.000007025,-0.000005857,0.000304248
178,compute-0-2,0.000015442,+0.000003562,0.000229589
178,compute-0-3,0.000001180,+0.000005858,0.000144792
179,compute-0-0,0.000160709,+0.000055715,0.000769010
179,compute-0-1,0.000011310,-0.000005308,0.000288640
179,compute-0-2,0.000015237,+0.000003562,0.000229589
179,compute-0-3,0.000001169,+0.000005858,0.000144792
180,compute-0-0,0.000160442,+0.000055715,0.000769010
180,compute-0-1,0.000010292,-0.000005308,0.000288640
180,compute-0-2,0.000015031,+0.000003562,0.000229589
180,compute-0-3,0.000001159,+0.000005858,0.000144792
181,compute-0-0,0.000160175,+0.000055715,0.000769010
181,compute-0-1,0.000009274,-0.000005308,0.000288640
181,compute-0-2,0.000014825,+0.000003562,0.000229589
181,compute-0-3,0.000001149,+0.000005858,0.000144792
182,compute-0-0,0.000159908,+0.000055715,0.000769010
182,compute-0-1,0.000008260,-0.000005308,0.000288640
182,compute-0-2,0.000014620,+0.000003562,0.000229589
182,compute-0-3,0.000001139,+0.000005858,0.000144792
183,compute-0-0,0.000159642,+0.000055715,0.000769010
183,compute-0-1,0.000007245,-0.000005308,0.000288640
183,compute-0-2,0.000014415,+0.000003562,0.000229589
183,compute-0-3,0.000001129,+0.000005858,0.000144792
184,compute-0-0,0.000159375,+0.000055715,0.000769010
184,compute-0-1,0.000006231,-0.000005308,0.000288640
184,compute-0-2,0.000014210,+0.000003562,0.000229589
184,compute-0-3,0.000001118,+0.000005858,0.000144792
185,compute-0-0,0.000159109,+0.000055715,0.000769010
185,compute-0-1,0.000008123,-0.000002469,0.000273829
185,compute-0-2,0.000014005,+0.000003562,0.000229589
185,compute-0-3,0.000001108,+0.000005858,0.000144792
186,compute-0-0,0.000158843,+0.000055715,0.000769010
186,compute-0-1,0.000007591,-0.000002469,0.000273829
186,compute-0-2,0.000013800,+0.000003562,0.000229589
186,compute-0-3,0.000001098,+0.000005858,0.000144792
187,compute-0-0,0.000158576,+0.000055715,0.000769010
187,compute-0-1,0.000007057,-0.000002469,0.000273829
187,compute-0-2,0.000013595,+0.000003562,0.000229589
187,compute-0-3,0.000001088,+0.000005858,0.000144792
188,compute-0-0,0.000158310,+0.000055715,0.000769010
188,compute-0-1,0.000006525,-0.000002469,0.000273829
188,compute-0-2,0.000013390,+0.000003562,0.000229589
188,compute-0-3,0.000001078,+0.000005858,0.000144792
189,compute-0-0,0.000158039,+0.000055715,0.000769010
189,compute-0-1,0.000005982,-0.000002469,0.000273829
189,compute-0-2,0.000013181,+0.000003562,0.000229589
189,compute-0-3,0.000001067,+0.000005858,0.000144792
190,compute-0-0,0.000157774,+0.000055715,0.000769010
190,compute-0-1,0.000014121,-0.000008878,0.000259792
190,compute-0-2,0.000012981,+0.000003562,0.000229589
190,compute-0-3,0.000004840,+0.000003844,0.000137367
191,compute-0-0,0.000157516,+0.000055715,0.000769010
191,compute-0-1,0.000012628,-0.000008878,0.000259792
191,compute-0-2,0.000012782,+0.000003562,0.000229589
191,compute-0-3,0.000004763,+0.000003844,0.000137367
192,compute-0-0,0.000157259,+0.000055715,0.000769010
192,compute-0-1,0.000011137,-0.000008878,0.000259792
192,compute-0-2,0.000012583,+0.000003562,0.000229589
192,compute-0-3,0.000004686,+0.000003844,0.000137367
193,compute-0-0,0.000157001,+0.000055715,0.000769010
193,compute-0-1,0.000009645,-0.000008878,0.000259792
193,compute-0-2,0.000021079,+0.000008662,0.000217824
193,compute-0-3,0.000004609,+0.000003844,0.000137367
194,compute-0-0,0.000156743,+0.000055715,0.000769010
194,compute-0-1,0.000008152,-0.000008878,0.000259792
194,compute-0-2,0.000020945,+0.000008662,0.000217824
194,compute-0-3,0.000004532,+0.000003844,0.000137367
195,compute-0-0,0.000156485,+0.000055715,0.000769010
195,compute-0-1,0.000006660,-0.000008878,0.000259792
195,compute-0-2,0.000020810,+0.000008662,0.000217824
195,compute-0-3,0.000004455,+0.000003844,0.000137367
196,compute-0-0,0.000156227,+0.000055715,0.000769010
196,compute-0-1,0.000034012,-0.000043521,0.000246845
196,compute-0-2,0.000020676,+0.000008662,0.000217824
196,compute-0-3,0.000004378,+0.000003844,0.000137367
197,compute-0-0,0.000155969,+0.000055715,0.000769010
197,compute-0-1,0.000000034,-0.000043521,0.000246845
197,compute-0-2,0.000020541,+0.000008662,0.000217824
197,compute-0-3,0.000004301,+0.000003844,0.000137367
198,compute-0-0,0.000155712,+0.000055715,0.000769010
198,compute-0-1,0.000000034,-0.000043521,0.000246845
198,compute-0-2,0.000020406,+0.000008662,0.000217824
198,compute-0-3,0.000004224,+0.000003844,0.000137367
199,compute-0-0,0.000730355,-0.000577825,0.000752082
199,compute-0-1,0.000000034,-0.000043521,0.000246845
199,compute-0-2,0.000020272,+0.000008662,0.000217824
199,compute-0-3,0.000004147,+0.000003844,0.000137367
200,compute-0-0,0.000726077,-0.000577825,0.000752082
200,compute-0-1,0.000000034,-0.000043521,0.000246845
200,compute-0-2,0.000020137,+0.000008662,0.000217824
200,compute-0-3,0.000004070,+0.000003844,0.000137367
201,compute-0-0,0.000721797,-0.000577825,0.000752082
201,compute-0-1,0.000000034,-0.000043521,0.000246845
201,compute-0-2,0.000020002,+0.000008662,0.000217824
201,compute-0-3,0.000467715,-0.000507876,0.000206825
202,compute-0-0,0.000717515,-0.000577825,0.000752082
202,compute-0-1,0.000354084,-0.000478081,0.000278738
202,compute-0-2,0.000019868,+0.000008662,0.000217824
202,compute-0-3,0.000357502,-0.000507876,0.000206825
203,compute-0-0,0.000713236,-0.000577825,0.000752082
203,compute-0-1,0.000136279,-0.000478081,0.000278738
203,compute-0-2,0.000019733,+0.000008662,0.000217824
203,compute-0-3,0.000247362,-0.000507876,0.000206825
204,compute-0-0,0.000708958,-0.000577825,0.000752082
204,compute-0-1,0.000000134,-0.000478081,0.000278738
204,compute-0-2,0.000019599,+0.000008662,0.000217824
204,compute-0-3,0.000137212,-0.000507876,0.000206825
205,compute-0-0,0.000704681,-0.000577825,0.000752082
205,compute-0-1,0.000000134,-0.000478081,0.000278738
205,compute-0-2,0.000040015,-0.000061154,0.000207549
205,compute-0-3,0.000027079,-0.000507876,0.000206825
206,compute-0-0,0.000700404,-0.000577825,0.000752082
206,compute-0-1,0.000000134,-0.000478081,0.000278738
206,compute-0-2,0.000037993,-0.000061154,0.000207549
206,compute-0-3,0.000000026,-0.000507876,0.000206825
207,compute-0-0,0.000696127,-0.000577825,0.000752082
207,compute-0-1,0.000000134,-0.000478081,0.000278738
207,compute-0-2,0.000035971,-0.000061154,0.000207549
207,compute-0-3,0.000154873,-0.000182002,0.000204478
208,compute-0-0,0.000691847,-0.000577825,0.000752082
208,compute-0-1,0.000150226,-0.000171364,0.000269930
208,compute-0-2,0.000033949,-0.000061154,0.000207549
208,compute-0-3,0.000102364,-0.000182002,0.000204478
209,compute-0-0,0.000687572,-0.000577825,0.000752082
209,compute-0-1,0.000121109,-0.000171364,0.000269930
209,compute-0-2,0.000031927,-0.000061154,0.000207549
209,compute-0-3,0.000049826,-0.000182002,0.000204478
210,compute-0-0,0.000683293,-0.000577825,0.000752082
210,compute-0-1,0.000091967,-0.000171364,0.000269930
210,compute-0-2,0.000029905,-0.000061154,0.000207549
210,compute-0-3,0.000000049,-0.000182002,0.000204478
211,compute-0-0,0.000679016,-0.000577825,0.000752082
211,compute-0-1,0.000062832,-0.000171364,0.000269930
211,compute-0-2,0.000049374,-0.000026861,0.000197082
211,compute-0-3,0.000000049,-0.000182002,0.000204478
212,compute-0-0,0.000674738,-0.000577825,0.000752082
212,compute-0-1,0.000033703,-0.000171364,0.000269930
212,compute-0-2,0.000041881,-0.000026861,0.000197082
212,compute-0-3,0.000000049,-0.000182002,0.000204478
213,compute-0-0,0.000670459,-0.000577825,0.000752082
213,compute-0-1,0.000004570,-0.000171364,0.000269930
213,compute-0-2,0.000034388,-0.000026861,0.000197082
213,compute-0-3,0.000104903,-0.000131385,0.000198385
214,compute-0-0,0.000666181,-0.000577825,0.000752082
214,compute-0-1,0.000107219,-0.000115660,0.000258677
214,compute-0-2,0.000026891,-0.000026861,0.000197082
214,compute-0-3,0.000065059,-0.000131385,0.000198385
215,compute-0-0,0.000661900,-0.000577825,0.000752082
215,compute-0-1,0.000095229,-0.000115660,0.000258677
215,compute-0-2,0.000019398,-0.000026861,0.000197082
215,compute-0-3,0.000025221,-0.000131385,0.000198385
216,compute-0-0,0.000657623,-0.000577825,0.000752082
216,compute-0-1,0.000083247,-0.000115660,0.000258677
216,compute-0-2,0.000032456,-0.000020016,0.000187075
216,compute-0-3,0.000000025,-0.000131385,0.000198385
217,compute-0-0,0.000653345,-0.000577825,0.000752082
217,compute-0-1,0.000071263,-0.000115660,0.000258677
217,compute-0-2,0.000029955,-0.000020016,0.000187075
217,compute-0-3,0.000000025,-0.000131385,0.000198385
218,compute-0-0,0.000649066,-0.000577825,0.000752082
218,compute-0-1,0.000059273,-0.000115660,0.000258677
218,compute-0-2,0.000027454,-0.000020016,0.000187075
218,compute-0-3,0.000000025,-0.000131385,0.000198385
219,compute-0-0,0.000644787,-0.000577825,0.000752082
219,compute-0-1,0.000029538,+0.000078535,0.000246656
219,compute-0-2,0.000024953,-0.000020016,0.000187075
219,compute-0-3,0.000101743,-0.000124880,0.000192303
220,compute-0-0,0.000640508,-0.000577825,0.000752082
220,compute-0-1,0.000028589,+0.000078535,0.000246656
220,compute-0-2,0.000022453,-0.000020016,0.000187075
220,compute-0-3,0.000073203,-0.000124880,0.000192303
221,compute-0-0,0.000636230,-0.000577825,0.000752082
221,compute-0-1,0.000027639,+0.000078535,0.000246656
221,compute-0-2,0.000019952,-0.000020016,0.000187075
221,compute-0-3,0.000044645,-0.000124880,0.000192303
222,compute-0-0,0.000631951,-0.000577825,0.000752082
222,compute-0-1,0.000026689,+0.000078535,0.000246656
222,compute-0-2,0.000025204,-0.000007469,0.000177491
222,compute-0-3,0.000016097,-0.000124880,0.000192303
223,compute-0-0,0.000627673,-0.000577825,0.000752082
223,compute-0-1,0.000025740,+0.000078535,0.000246656
223,compute-0-2,0.000023669,-0.000007469,0.000177491
223,compute-0-3,0.000000016,-0.000124880,0.000192303
224,compute-0-0,0.000623397,-0.000577825,0.000752082
224,compute-0-1,0.000024791,+0.000078535,0.000246656
224,compute-0-2,0.000022134,-0.000007469,0.000177491
224,compute-0-3,0.000000016,-0.000124880,0.000192303
225,compute-0-0,0.000619120,-0.000577825,0.000752082
225,compute-0-1,0.000049836,+0.000026686,0.000234150
225,compute-0-2,0.000020598,-0.000007469,0.000177491
225,compute-0-3,0.000095141,+0.000204218,0.000193527
226,compute-0-0,0.000614841,-0.000577825,0.000752082
226,compute-0-1,0.000046737,+0.000026686,0.000234150
226,compute-0-2,0.000019062,-0.000007469,0.000177491
226,compute-0-3,0.000000093,+0.000204218,0.000193527
227,compute-0-0,0.000610564,-0.000577825,0.000752082
227,compute-0-1,0.000043638,+0.000026686,0.000234150
227,compute-0-2,0.000017527,-0.000007469,0.000177491
227,compute-0-3,0.000000093,+0.000204218,0.000193527
228,compute-0-0,0.000606287,-0.000577825,0.000752082
228,compute-0-1,0.000040539,+0.000026686,0.000234150
228,compute-0-2,0.000140885,-0.000134256,0.000173652
228,compute-0-3,0.000000093,+0.000204218,0.000193527
229,compute-0-0,0.000602011,-0.000577825,0.000752082
229,compute-0-1,0.000037441,+0.000026686,0.000234150
229,compute-0-2,0.000120175,-0.000134256,0.000173652
229,compute-0-3,0.000000093,+0.000204218,0.000193527
230,compute-0-0,0.000597734,-0.000577825,0.000752082
230,compute-0-1,0.000034343,+0.000026686,0.000234150
230,compute-0-2,0.000099465,-0.000134256,0.000173652
230,compute-0-3,0.000001601,+0.000001701,0.000183597
231,compute-0-0,0.000593458,-0.000577825,0.000752082
231,compute-0-1,0.000000093,+0.000070627,0.000223254
231,compute-0-2,0.000078752,-0.000134256,0.000173652
231,compute-0-3,0.000001527,+0.000001701,0.000183597
232,compute-0-0,0.000589179,-0.000577825,0.000752082
232,compute-0-1,0.000000092,+0.000070627,0.000223254
232,compute-0-2,0.000058034,-0.000134256,0.000173652
232,compute-0-3,0.000001452,+0.000001701,0.000183597
233,compute-0-0,0.000584900,-0.000577825,0.000752082
233,compute-0-1,0.000000092,+0.000070627,0.000223254
233,compute-0-2,0.000037322,-0.000134256,0.000173652
233,compute-0-3,0.000001377,+0.000001701,0.000183597
234,compute-0-0,0.000580623,-0.000577825,0.000752082
234,compute-0-1,0.000000091,+0.000070627,0.000223254
234,compute-0-2,0.000000130,+0.000181553,0.000174458
234,compute-0-3,0.000001303,+0.000001701,0.000183597
235,compute-0-0,0.000576346,-0.000577825,0.000752082
235,compute-0-1,0.000000091,+0.000070627,0.000223254
235,compute-0-2,0.000000129,+0.000181553,0.000174458
235,compute-0-3,0.000001228,+0.000001701,0.000183597
236,compute-0-0,0.000572066,-0.000577825,0.000752082
236,compute-0-1,0.000000090,+0.000070627,0.000223254
236,compute-0-2,0.000000129,+0.000181553,0.000174458
236,compute-0-3,0.000004499,-0.000005906,0.000174185
237,compute-0-0,0.000567786,-0.000577825,0.000752082
237,compute-0-1,0.000000330,+0.000000425,0.000211798
237,compute-0-2,0.000000129,+0.000181553,0.000174458
237,compute-0-3,0.000003360,-0.000005906,0.000174185
238,compute-0-0,0.000563507,-0.000577825,0.000752082
238,compute-0-1,0.000000322,+0.000000425,0.000211798
238,compute-0-2,0.000000128,+0.000181553,0.000174458
238,compute-0-3,0.000002221,-0.000005906,0.000174185
239,compute-0-0,0.000559228,-0.000577825,0.000752082
239,compute-0-1,0.000000315,+0.000000425,0.000211798
239,compute-0-2,0.000000128,+0.000181553,0.000174458
239,compute-0-3,0.000001082,-0.000005906,0.000174185
240,compute-0-0,0.000554951,-0.000577825,0.000752082
240,compute-0-1,0.000000307,+0.000000425,0.000211798
240,compute-0-2,0.000006059,+0.000012238,0.000165551
240,compute-0-3,0.000000001,-0.000005906,0.000174185
241,compute-0-0,0.000550674,-0.000577825,0.000752082
241,compute-0-1,0.000000299,+0.000000425,0.000211798
241,compute-0-2,0.000000006,+0.000012238,0.000165551
241,compute-0-3,0.000000001,-0.000005906,0.000174185
242,compute-0-0,0.000546398,-0.000577825,0.000752082
242,compute-0-1,0.000000292,+0.000000425,0.000211798
242,compute-0-2,0.000000006,+0.000012238,0.000165551
242,compute-0-3,0.000005225,-0.000005945,0.000165257
243,compute-0-0,0.000542123,-0.000577825,0.000752082
243,compute-0-1,0.000001403,+0.000001235,0.000200929
243,compute-0-2,0.000000006,+0.000012238,0.000165551
243,compute-0-3,0.000003244,-0.000005945,0.000165257
244,compute-0-0,0.000537847,-0.000577825,0.000752082
244,compute-0-1,0.000001259,+0.000001235,0.000200929
244,compute-0-2,0.000000006,+0.000012238,0.000165551
244,compute-0-3,0.000001263,-0.000005945,0.000165257
245,compute-0-0,0.000533569,-0.000577825,0.000752082
245,compute-0-1,0.000001116,+0.000001235,0.000200929
245,compute-0-2,0.000000006,+0.000012238,0.000165551
245,compute-0-3,0.000000001,-0.000005945,0.000165257
246,compute-0-0,0.000697013,-0.000165603,0.000715407
246,compute-0-1,0.000000973,+0.000001235,0.000200929
246,compute-0-2,0.000002434,+0.000002777,0.000157058
246,compute-0-3,0.000000001,-0.000005945,0.000165257
247,compute-0-0,0.000695124,-0.000165603,0.000715407
247,compute-0-1,0.000000830,+0.000001235,0.000200929
247,compute-0-2,0.000002080,+0.000002777,0.000157058
247,compute-0-3,0.000000001,-0.000005945,0.000165257
248,compute-0-0,0.000693235,-0.000165603,0.000715407
248,compute-0-1,0.000081098,-0.000082837,0.000192410
248,compute-0-2,0.000001727,+0.000002777,0.000157058
248,compute-0-3,0.000065081,-0.000074056,0.000158516
249,compute-0-0,0.000691346,-0.000165603,0.000715407
249,compute-0-1,0.000063323,-0.000082837,0.000192410
249,compute-0-2,0.000001374,+0.000002777,0.000157058
249,compute-0-3,0.000049333,-0.000074056,0.000158516
250,compute-0-0,0.000689459,-0.000165603,0.000715407
250,compute-0-1,0.000045548,-0.000082837,0.000192410
250,compute-0-2,0.000001020,+0.000002777,0.000157058
250,compute-0-3,0.000033570,-0.000074056,0.000158516
251,compute-0-0,0.000687570,-0.000165603,0.000715407
251,compute-0-1,0.000027768,-0.000082837,0.000192410
251,compute-0-2,0.000070647,-0.000073719,0.000150811
251,compute-0-3,0.000017808,-0.000074056,0.000158516
252,compute-0-0,0.000685681,-0.000165603,0.000715407
252,compute-0-1,0.000009981,-0.000082837,0.000192410
252,compute-0-2,0.000054321,-0.000073719,0.000150811
252,compute-0-3,0.000002050,-0.000074056,0.000158516
253,compute-0-0,0.000683792,-0.000165603,0.000715407
253,compute-0-1,0.000000010,-0.000082837,0.000192410
253,compute-0-2,0.000037993,-0.000073719,0.000150811
253,compute-0-3,0.000000002,-0.000074056,0.000158516
254,compute-0-0,0.000681904,-0.000165603,0.000715407
254,compute-0-1,0.000083537,-0.000092326,0.000184856
254,compute-0-2,0.000021667,-0.000073719,0.000150811
254,compute-0-3,0.000062492,-0.000089997,0.000153051
255,compute-0-0,0.000680014,-0.000165603,0.000715407
255,compute-0-1,0.000048531,-0.000092326,0.000184856
255,compute-0-2,0.000005337,-0.000073719,0.000150811
255,compute-0-3,0.000027230,-0.000089997,0.000153051
256,compute-0-0,0.000678125,-0.000165603,0.000715407
256,compute-0-1,0.000013539,-0.000092326,0.000184856
256,compute-0-2,0.000000005,-0.000073719,0.000150811
256,compute-0-3,0.000000027,-0.000089997,0.000153051
257,compute-0-0,0.000676236,-0.000165603,0.000715407
257,compute-0-1,0.000000013,-0.000092326,0.000184856
257,compute-0-2,0.000042240,-0.000043931,0.000143745
257,compute-0-3,0.000000027,-0.000089997,0.000153051
258,compute-0-0,0.000674347,-0.000165603,0.000715407
258,compute-0-1,0.000000013,-0.000092326,0.000184856
258,compute-0-2,0.000037598,-0.000043931,0.000143745
258,compute-0-3,0.000000027,-0.000089997,0.000153051
259,compute-0-0,0.000672458,-0.000165603,0.000715407
259,compute-0-1,0.000000013,-0.000092326,0.000184856
259,compute-0-2,0.000032956,-0.000043931,0.000143745
259,compute-0-3,0.000000027,-0.000089997,0.000153051
260,compute-0-0,0.000670569,-0.000165603,0.000715407
260,compute-0-1,0.000029673,-0.000031894,0.000175660
260,compute-0-2,0.000028317,-0.000043931,0.000143745
260,compute-0-3,0.000029609,-0.000033685,0.000145587
261,compute-0-0,0.000668680,-0.000165603,0.000715407
261,compute-0-1,0.000024772,-0.000031894,0.000175660
261,compute-0-2,0.000023674,-0.000043931,0.000143745
261,compute-0-3,0.000025074,-0.000033685,0.000145587
262,compute-0-0,0.000666790,-0.000165603,0.000715407
262,compute-0-1,0.000019871,-0.000031894,0.000175660
262,compute-0-2,0.000019029,-0.000043931,0.000143745
262,compute-0-3,0.000020537,-0.000033685,0.000145587
263,compute-0-0,0.000664900,-0.000165603,0.000715407
263,compute-0-1,0.000014969,-0.000031894,0.000175660
263,compute-0-2,0.000043102,-0.000029777,0.000136693
263,compute-0-3,0.000016003,-0.000033685,0.000145587
264,compute-0-0,0.000663011,-0.000165603,0.000715407
264,compute-0-1,0.000010070,-0.000031894,0.000175660
264,compute-0-2,0.000036538,-0.000029777,0.000136693
264,compute-0-3,0.000011469,-0.000033685,0.000145587
265,compute-0-0,0.000661120,-0.000165603,0.000715407
265,compute-0-1,0.000005167,-0.000031894,0.000175660
265,compute-0-2,0.000029971,-0.000029777,0.000136693
265,compute-0-3,0.000004252,+0.000002965,0.000138119
266,compute-0-0,0.000659232,-0.000165603,0.000715407
266,compute-0-1,0.000029606,-0.000028392,0.000166887
266,compute-0-2,0.000023410,-0.000029777,0.000136693
266,compute-0-3,0.000004186,+0.000002965,0.000138119
267,compute-0-0,0.000657343,-0.000165603,0.000715407
267,compute-0-1,0.000026232,-0.000028392,0.000166887
267,compute-0-2,0.000016842,-0.000029777,0.000136693
267,compute-0-3,0.000004121,+0.000002965,0.000138119
268,compute-0-0,0.000655453,-0.000165603,0.000715407
268,compute-0-1,0.000022856,-0.000028392,0.000166887
268,compute-0-2,0.000010275,-0.000029777,0.000136693
268,compute-0-3,0.000004055,+0.000002965,0.000138119
269,compute-0-0,0.000653563,-0.000165603,0.000715407
269,compute-0-1,0.000019483,-0.000028392,0.000166887
269,compute-0-2,0.000022095,-0.000015092,0.000129766
269,compute-0-3,0.000003989,+0.000002965,0.000138119
270,compute-0-0,0.000651674,-0.000165603,0.000715407
270,compute-0-1,0.000016108,-0.000028392,0.000166887
270,compute-0-2,0.000019903,-0.000015092,0.000129766
270,compute-0-3,0.000003923,+0.000002965,0.000138119
271,compute-0-0,0.000649784,-0.000165603,0.000715407
271,compute-0-1,0.000012733,-0.000028392,0.000166887
271,compute-0-2,0.000017712,-0.000015092,0.000129766
271,compute-0-3,0.000018425,+0.000022528,0.000131225
272,compute-0-0,0.000647895,-0.000165603,0.000715407
272,compute-0-1,0.000007800,+0.000020089,0.000158451
272,compute-0-2,0.000015521,-0.000015092,0.000129766
272,compute-0-3,0.000017237,+0.000022528,0.000131225
273,compute-0-0,0.000646005,-0.000165603,0.000715407
273,compute-0-1,0.000007626,+0.000020089,0.000158451
273,compute-0-2,0.000013330,-0.000015092,0.000129766
273,compute-0-3,0.000016050,+0.000022528,0.000131225
274,compute-0-0,0.000644116,-0.000165603,0.000715407
274,compute-0-1,0.000007451,+0.000020089,0.000158451
274,compute-0-2,0.000011139,-0.000015092,0.000129766
274,compute-0-3,0.000014861,+0.000022528,0.000131225
275,compute-0-0,0.000642227,-0.000165603,0.000715407
275,compute-0-1,0.000007276,+0.000020089,0.000158451
275,compute-0-2,0.000007228,+0.000003516,0.000123112
275,compute-0-3,0.000013673,+0.000022528,0.000131225
276,compute-0-0,0.000640337,-0.000165603,0.000715407
276,compute-0-1,0.000007101,+0.000020089,0.000158451
276,compute-0-2,0.000007044,+0.000003516,0.000123112
276,compute-0-3,0.000012485,+0.000022528,0.000131225
277,compute-0-0,0.000638447,-0.000165603,0.000715407
277,compute-0-1,0.000006927,+0.000020089,0.000158451
277,compute-0-2,0.000006861,+0.000003516,0.000123112
277,compute-0-3,0.000000050,+0.000043936,0.000125264
278,compute-0-0,0.000636559,-0.000165603,0.000715407
278,compute-0-1,0.000000052,+0.000049145,0.000151121
278,compute-0-2,0.000006678,+0.000003516,0.000123112
278,compute-0-3,0.000000050,+0.000043936,0.000125264
279,compute-0-0,0.000634671,-0.000165603,0.000715407
279,compute-0-1,0.000000051,+0.000049145,0.000151121
279,compute-0-2,0.000006494,+0.000003516,0.000123112
279,compute-0-3,0.000000049,+0.000043936,0.000125264
280,compute-0-0,0.000632782,-0.000165603,0.000715407
280,compute-0-1,0.000000051,+0.000049145,0.000151121
280,compute-0-2,0.000036710,+0.000047693,0.000117764
280,compute-0-3,0.000000049,+0.000043936,0.000125264
281,compute-0-0,0.000630893,-0.000165603,0.000715407
281,compute-0-1,0.000000051,+0.000049145,0.000151121
281,compute-0-2,0.000000036,+0.000047693,0.000117764
281,compute-0-3,0.000000049,+0.000043936,0.000125264
282,compute-0-0,0.000629004,-0.000165603,0.000715407
282,compute-0-1,0.000000051,+0.000049145,0.000151121
282,compute-0-2,0.000000036,+0.000047693,0.000117764
282,compute-0-3,0.000000049,+0.000043936,0.000125264
283,compute-0-0,0.000627115,-0.000165603,0.000715407
283,compute-0-1,0.000001905,-0.000001894,0.000143367
283,compute-0-2,0.000000036,+0.000047693,0.000117764
283,compute-0-3,0.000001152,-0.000001193,0.000118836
284,compute-0-0,0.000625226,-0.000165603,0.000715407
284,compute-0-1,0.000001199,-0.000001894,0.000143367
284,compute-0-2,0.000000036,+0.000047693,0.000117764
284,compute-0-3,0.000001009,-0.000001193,0.000118836
285,compute-0-0,0.000623338,-0.000165603,0.000715407
285,compute-0-1,0.000000493,-0.000001894,0.000143367
285,compute-0-2,0.000000036,+0.000047693,0.000117764
285,compute-0-3,0.000000866,-0.000001193,0.000118836
286,compute-0-0,0.000621451,-0.000165603,0.000715407
286,compute-0-1,0.000000000,-0.000001894,0.000143367
286,compute-0-2,0.000004335,-0.000004486,0.000111730
286,compute-0-3,0.000000723,-0.000001193,0.000118836
287,compute-0-0,0.000619561,-0.000165603,0.000715407
287,compute-0-1,0.000000000,-0.000001894,0.000143367
287,compute-0-2,0.000003694,-0.000004486,0.000111730
287,compute-0-3,0.000000580,-0.000001193,0.000118836
288,compute-0-0,0.000617672,-0.000165603,0.000715407
288,compute-0-1,0.000000000,-0.000001894,0.000143367
288,compute-0-2,0.000003053,-0.000004486,0.000111730
288,compute-0-3,0.000000436,-0.000001193,0.000118836
289,compute-0-0,0.000615782,-0.000165603,0.000715407
289,compute-0-1,0.000001579,+0.000001659,0.000136011
289,compute-0-2,0.000002413,-0.000004486,0.000111730
289,compute-0-3,0.000000754,-0.000000393,0.000112738
290,compute-0-0,0.000613893,-0.000165603,0.000715407
290,compute-0-1,0.000001135,+0.000001659,0.000136011
290,compute-0-2,0.000001773,-0.000004486,0.000111730
290,compute-0-3,0.000000698,-0.000000393,0.000112738
291,compute-0-0,0.000612004,-0.000165603,0.000715407
291,compute-0-1,0.000000691,+0.000001659,0.000136011
291,compute-0-2,0.000001132,-0.000004486,0.000111730
291,compute-0-3,0.000000642,-0.000000393,0.000112738
292,compute-0-0,0.000610115,-0.000165603,0.000715407
292,compute-0-1,0.000000247,+0.000001659,0.000136011
292,compute-0-2,0.000001301,+0.000002082,0.000105998
292,compute-0-3,0.000000586,-0.000000393,0.000112738
293,compute-0-0,0.000608226,-0.000165603,0.000715407
293,compute-0-1,0.000000000,+0.000001659,0.000136011
293,compute-0-2,0.000001242,+0.000002082,0.000105998
293,compute-0-3,0.000000531,-0.000000393,0.000112738
294,compute-0-0,0.000606336,-0.000165603,0.000715407
294,compute-0-1,0.000000000,+0.000001659,0.000136011
294,compute-0-2,0.000001182,+0.000002082,0.000105998
294,compute-0-3,0.000000475,-0.000000393,0.000112738
295,compute-0-0,0.000604447,-0.000165603,0.000715407
295,compute-0-1,0.000001092,+0.000001138,0.000129032
295,compute-0-2,0.000001123,+0.000002082,0.000105998
295,compute-0-3,0.000001285,-0.000001025,0.000106953
296,compute-0-0,0.000602558,-0.000165603,0.000715407
296,compute-0-1,0.000000936,+0.000001138,0.000129032
296,compute-0-2,0.000001064,+0.000002082,0.000105998
296,compute-0-3,0.000001054,-0.000001025,0.000106953
297,compute-0-0,0.000600670,-0.000165603,0.000715407
297,compute-0-1,0.000000779,+0.000001138,0.000129032
297,compute-0-2,0.000001004,+0.000002082,0.000105998
297,compute-0-3,0.000000823,-0.000001025,0.000106953
298,compute-0-0,0.000598781,-0.000165603,0.000715407
298,compute-0-1,0.000000622,+0.000001138,0.000129032
298,compute-0-2,0.000004699,+0.000004071,0.000100567
298,compute-0-3,0.000000592,-0.000001025,0.000106953
299,compute-0-0,0.000596890,-0.000165603,0.000715407
299,compute-0-1,0.000000466,+0.000001138,0.000129032
299,compute-0-2,0.000004080,+0.000004071,0.000100567
299,compute-0-3,0.000000361,-0.000001025,0.000106953
300,compute-0-0,0.000595001,-0.000165603,0.000715407
300,compute-0-1,0.000000309,+0.000001138,0.000129032
300,compute-0-2,0.000003461,+0.000004071,0.000100567
300,compute-0-3,0.000000960,+0.000001124,0.000101465
301,compute-0-0,0.000593112,-0.000165603,0.000715407
301,compute-0-1,0.000000439,+0.000000226,0.000122410
301,compute-0-2,0.000002842,+0.000004071,0.000100567
301,compute-0-3,0.000000889,+0.000001124,0.000101465
302,compute-0-0,0.000591223,-0.000165603,0.000715407
302,compute-0-1,0.000000411,+0.000000226,0.000122410
302,compute-0-2,0.000002224,+0.000004071,0.000100567
302,compute-0-3,0.000000817,+0.000001124,0.000101465
303,compute-0-0,0.000589335,-0.000165603,0.000715407
303,compute-0-1,0.000000382,+0.000000226,0.000122410
303,compute-0-2,0.000001605,+0.000004071,0.000100567
303,compute-0-3,0.000000746,+0.000001124,0.000101465
304,compute-0-0,0.000587448,-0.000165603,0.000715407
304,compute-0-1,0.000000354,+0.000000226,0.000122410
304,compute-0-2,0.000005360,+0.000004467,0.000095417
304,compute-0-3,0.000000675,+0.000001124,0.000101465
305,compute-0-0,0.000585559,-0.000165603,0.000715407
305,compute-0-1,0.000000325,+0.000000226,0.000122410
305,compute-0-2,0.000004609,+0.000004467,0.000095417
305,compute-0-3,0.000000602,+0.000001124,0.000101465
306,compute-0-0,0.000583642,-0.000165603,0.000715407
306,compute-0-1,0.000000297,+0.000000226,0.000122410
306,compute-0-2,0.000003868,+0.000004467,0.000095417
306,compute-0-3,0.000001838,+0.000001341,0.000096259
307,compute-0-0,0.000581754,-0.000165603,0.000715407
307,compute-0-1,0.000000955,+0.000000751,0.000116129
307,compute-0-2,0.000003128,+0.000004467,0.000095417
307,compute-0-3,0.000001636,+0.000001341,0.000096259
308,compute-0-0,0.000579866,-0.000165603,0.000715407
308,compute-0-1,0.000000827,+0.000000751,0.000116129
308,compute-0-2,0.000002387,+0.000004467,0.000095417
308,compute-0-3,0.000001434,+0.000001341,0.000096259
309,compute-0-0,0.000577977,-0.000165603,0.000715407
309,compute-0-1,0.000000699,+0.000000751,0.000116129
309,compute-0-2,0.000001647,+0.000004467,0.000095417
309,compute-0-3,0.000001232,+0.000001341,0.000096259
310,compute-0-0,0.000576088,-0.000165603,0.000715407
310,compute-0-1,0.000000571,+0.000000751,0.000116129
310,compute-0-2,0.000013047,+0.000016882,0.000090677
310,compute-0-3,0.000001030,+0.000001341,0.000096259
311,compute-0-0,0.000574200,-0.000165603,0.000715407
311,compute-0-1,0.000000443,+0.000000751,0.000116129
311,compute-0-2,0.000007252,+0.000016882,0.000090677
311,compute-0-3,0.000000828,+0.000001341,0.000096259
312,compute-0-0,0.000572311,-0.000165603,0.000715407
312,compute-0-1,0.000000315,+0.000000751,0.000116129
312,compute-0-2,0.000001459,+0.000016882,0.000090677
312,compute-0-3,0.000000998,-0.000001743,0.000091321
313,compute-0-0,0.000570422,-0.000165603,0.000715407
313,compute-0-1,0.000000414,+0.000000148,0.000110169
313,compute-0-2,0.000000001,+0.000016882,0.000090677
313,compute-0-3,0.000000929,-0.000001743,0.000091321
314,compute-0-0,0.000568534,-0.000165603,0.000715407
314,compute-0-1,0.000000391,+0.000000148,0.000110169
314,compute-0-2,0.000000002,+0.000016882,0.000090677
314,compute-0-3,0.000000861,-0.000001743,0.000091321
315,compute-0-0,0.000566644,-0.000165603,0.000715407
315,compute-0-1,0.000000367,+0.000000148,0.000110169
315,compute-0-2,0.000004877,-0.000005033,0.000086039
315,compute-0-3,0.000000792,-0.000001743,0.000091321
316,compute-0-0,0.000564755,-0.000165603,0.000715407
316,compute-0-1,0.000000344,+0.000000148,0.000110169
316,compute-0-2,0.000003822,-0.000005033,0.000086039
316,compute-0-3,0.000000723,-0.000001743,0.000091321
317,compute-0-0,0.000562867,-0.000165603,0.000715407
317,compute-0-1,0.000000320,+0.000000148,0.000110169
317,compute-0-2,0.000002767,-0.000005033,0.000086039
317,compute-0-3,0.000000655,-0.000001743,0.000091321
318,compute-0-0,0.000560978,-0.000165603,0.000715407
318,compute-0-1,0.000000297,+0.000000148,0.000110169
318,compute-0-2,0.000001712,-0.000005033,0.000086039
318,compute-0-3,0.000001695,-0.000001247,0.000086636
319,compute-0-0,0.000559088,-0.000165603,0.000715407
319,compute-0-1,0.000000016,-0.000000312,0.000104516
319,compute-0-2,0.000000657,-0.000005033,0.000086039
319,compute-0-3,0.000001413,-0.000001247,0.000086636
320,compute-0-0,0.000557200,-0.000165603,0.000715407
320,compute-0-1,0.000000016,-0.000000312,0.000104516
320,compute-0-2,0.000000001,-0.000005033,0.000086039
320,compute-0-3,0.000001131,-0.000001247,0.000086636
321,compute-0-0,0.000555312,-0.000165603,0.000715407
321,compute-0-1,0.000000017,-0.000000312,0.000104516
321,compute-0-2,0.000008357,-0.000009432,0.000081678
321,compute-0-3,0.000000849,-0.000001247,0.000086636
322,compute-0-0,0.000553423,-0.000165603,0.000715407
322,compute-0-1,0.000000017,-0.000000312,0.000104516
322,compute-0-2,0.000004233,-0.000009432,0.000081678
322,compute-0-3,0.000000567,-0.000001247,0.000086636
323,compute-0-0,0.000551534,-0.000165603,0.000715407
323,compute-0-1,0.000000017,-0.000000312,0.000104516
323,compute-0-2,0.000000109,-0.000009432,0.000081678
323,compute-0-3,0.000000285,-0.000001247,0.000086636
324,compute-0-0,0.000549645,-0.000165603,0.000715407
324,compute-0-1,0.000000602,-0.000000590,0.000099153
324,compute-0-2,0.000000000,-0.000009432,0.000081678
324,compute-0-3,0.000000946,+0.000001240,0.000082191
325,compute-0-0,0.000547756,-0.000165603,0.000715407
325,compute-0-1,0.000000551,-0.000000590,0.000099153
325,compute-0-2,0.000000000,-0.000009432,0.000081678
325,compute-0-3,0.000000877,+0.000001240,0.000082191
326,compute-0-0,0.000545866,-0.000165603,0.000715407
326,compute-0-1,0.000000500,-0.000000590,0.000099153
326,compute-0-2,0.000000000,-0.000009432,0.000081678
326,compute-0-3,0.000000809,+0.000001240,0.000082191
327,compute-0-0,0.000543978,-0.000165603,0.000715407
327,compute-0-1,0.000000449,-0.000000590,0.000099153
327,compute-0-2,0.000000099,+0.000000099,0.000077487
327,compute-0-3,0.000000740,+0.000001240,0.000082191
328,compute-0-0,0.000542088,-0.000165603,0.000715407
328,compute-0-1,0.000000398,-0.000000590,0.000099153
328,compute-0-2,0.000000098,+0.000000099,0.000077487
328,compute-0-3,0.000000671,+0.000001240,0.000082191
329,compute-0-0,0.000540200,-0.000165603,0.000715407
329,compute-0-1,0.000000347,-0.000000590,0.000099153
329,compute-0-2,0.000000097,+0.000000099,0.000077487
329,compute-0-3,0.000000355,-0.000000960,0.000077974
330,compute-0-0,0.000538310,-0.000165603,0.000715407
330,compute-0-1,0.000000503,-0.000000204,0.000094064
330,compute-0-2,0.000000097,+0.000000099,0.000077487
330,compute-0-3,0.000000345,-0.000000960,0.000077974
331,compute-0-0,0.000536423,-0.000165603,0.000715407
331,compute-0-1,0.000000463,-0.000000204,0.000094064
331,compute-0-2,0.000000096,+0.000000099,0.000077487
331,compute-0-3,0.000000335,-0.000000960,0.000077974
332,compute-0-0,0.000534535,-0.000165603,0.000715407
332,compute-0-1,0.000000422,-0.000000204,0.000094064
332,compute-0-2,0.000000096,+0.000000099,0.000077487
332,compute-0-3,0.000000325,-0.000000960,0.000077974
333,compute-0-0,0.000532646,-0.000165603,0.000715407
333,compute-0-1,0.000000382,-0.000000204,0.000094064
333,compute-0-2,0.000000290,-0.000000388,0.000073510
333,compute-0-3,0.000000315,-0.000000960,0.000077974
334,compute-0-0,0.000530758,-0.000165603,0.000715407
334,compute-0-1,0.000000342,-0.000000204,0.000094064
334,compute-0-2,0.000000285,-0.000000388,0.000073510
334,compute-0-3,0.000000305,-0.000000960,0.000077974
335,compute-0-0,0.000528868,-0.000165603,0.000715407
335,compute-0-1,0.000000302,-0.000000204,0.000094064
335,compute-0-2,0.000000280,-0.000000388,0.000073510
335,compute-0-3,0.000000103,+0.000000400,0.000073973
336,compute-0-0,0.000526979,-0.000165603,0.000715407
336,compute-0-1,0.000000138,+0.000000420,0.000089238
336,compute-0-2,0.000000276,-0.000000388,0.000073510
336,compute-0-3,0.000000102,+0.000000400,0.000073973
337,compute-0-0,0.000525090,-0.000165603,0.000715407
337,compute-0-1,0.000000135,+0.000000420,0.000089238
337,compute-0-2,0.000000271,-0.000000388,0.000073510
337,compute-0-3,0.000000101,+0.000000400,0.000073973
338,compute-0-0,0.000116425,+0.000406927,0.000690786
338,compute-0-1,0.000000131,+0.000000420,0.000089238
338,compute-0-2,0.000000266,-0.000000388,0.000073510
338,compute-0-3,0.000000100,+0.000000400,0.000073973
339,compute-0-0,0.000116395,+0.000406927,0.000690786
339,compute-0-1,0.000000128,+0.000000420,0.000089238
339,compute-0-2,0.000205189,+0.000274776,0.000111416
339,compute-0-3,0.000000099,+0.000000400,0.000073973
340,compute-0-0,0.000116365,+0.000406927,0.000690786
340,compute-0-1,0.000000125,+0.000000420,0.000089238
340,compute-0-2,0.000114600,+0.000274776,0.000111416
340,compute-0-3,0.000000098,+0.000000400,0.000073973
341,compute-0-0,0.000116335,+0.000406927,0.000690786
341,compute-0-1,0.000000121,+0.000000420,0.000089238
341,compute-0-2,0.000024061,+0.000274776,0.000111416
341,compute-0-3,0.000148238,+0.000157869,0.000086122
342,compute-0-0,0.000116304,+0.000406927,0.000690786
342,compute-0-1,0.000183525,+0.000214118,0.000108405
342,compute-0-2,0.000000024,+0.000274776,0.000111416
342,compute-0-3,0.000119756,+0.000157869,0.000086122
343,compute-0-0,0.000116274,+0.000406927,0.000690786
343,compute-0-1,0.000132114,+0.000214118,0.000108405
343,compute-0-2,0.000000024,+0.000274776,0.000111416
343,compute-0-3,0.000091294,+0.000157869,0.000086122
344,compute-0-0,0.000116244,+0.000406927,0.000690786
344,compute-0-1,0.000080705,+0.000214118,0.000108405
344,compute-0-2,0.000000024,+0.000274776,0.000111416
344,compute-0-3,0.000062832,+0.000157869,0.000086122
345,compute-0-0,0.000116214,+0.000406927,0.000690786
345,compute-0-1,0.000029308,+0.000214118,0.000108405
345,compute-0-2,0.000119067,+0.000140968,0.000114715
345,compute-0-3,0.000034363,+0.000157869,0.000086122
346,compute-0-0,0.000116184,+0.000406927,0.000690786
346,compute-0-1,0.000000029,+0.000214118,0.000108405
346,compute-0-2,0.000094369,+0.000140968,0.000114715
346,compute-0-3,0.000005886,+0.000157869,0.000086122
347,compute-0-0,0.000116154,+0.000406927,0.000690786
347,compute-0-1,0.000000029,+0.000214118,0.000108405
347,compute-0-2,0.000069680,+0.000140968,0.000114715
347,compute-0-3,0.000166542,+0.000194528,0.000102271
348,compute-0-0,0.000116124,+0.000406927,0.000690786
348,compute-0-1,0.000143746,+0.000184243,0.000118199
348,compute-0-2,0.000044993,+0.000140968,0.000114715
348,compute-0-3,0.000111503,+0.000194528,0.000102271
349,compute-0-0,0.000116094,+0.000406927,0.000690786
349,compute-0-1,0.000087596,+0.000184243,0.000118199
349,compute-0-2,0.000020309,+0.000140968,0.000114715
349,compute-0-3,0.000056456,+0.000194528,0.000102271
350,compute-0-0,0.000116064,+0.000406927,0.000690786
350,compute-0-1,0.000031445,+0.000184243,0.000118199
350,compute-0-2,0.000083502,+0.000084030,0.000112025
350,compute-0-3,0.000001401,+0.000194528,0.000102271
351,compute-0-0,0.000116034,+0.000406927,0.000690786
351,compute-0-1,0.000000031,+0.000184243,0.000118199
351,compute-0-2,0.000075056,+0.000084030,0.000112025
351,compute-0-3,0.000000002,+0.000194528,0.000102271
352,compute-0-0,0.000116004,+0.000406927,0.000690786
352,compute-0-1,0.000000031,+0.000184243,0.000118199
352,compute-0-2,0.000066614,+0.000084030,0.000112025
352,compute-0-3,0.000000002,+0.000194528,0.000102271
353,compute-0-0,0.000115973,+0.000406927,0.000690786
353,compute-0-1,0.000000031,+0.000184243,0.000118199
353,compute-0-2,0.000058170,+0.000084030,0.000112025
353,compute-0-3,0.000067466,+0.000084987,0.000100677
354,compute-0-0,0.000115943,+0.000406927,0.000690786
354,compute-0-1,0.000087494,+0.000102369,0.000116713
354,compute-0-2,0.000049731,+0.000084030,0.000112025
354,compute-0-3,0.000039329,+0.000084987,0.000100677
355,compute-0-0,0.000115913,+0.000406927,0.000690786
355,compute-0-1,0.000071469,+0.000102369,0.000116713
355,compute-0-2,0.000041286,+0.000084030,0.000112025
355,compute-0-3,0.000011170,+0.000084987,0.000100677
356,compute-0-0,0.000115883,+0.000406927,0.000690786
356,compute-0-1,0.000055429,+0.000102369,0.000116713
356,compute-0-2,0.000009291,-0.000044146,0.000107189
356,compute-0-3,0.000000011,+0.000084987,0.000100677
357,compute-0-0,0.000115853,+0.000406927,0.000690786
357,compute-0-1,0.000039402,+0.000102369,0.000116713
357,compute-0-2,0.000009174,-0.000044146,0.000107189
357,compute-0-3,0.000000011,+0.000084987,0.000100677
358,compute-0-0,0.000115823,+0.000406927,0.000690786
358,compute-0-1,0.000023376,+0.000102369,0.000116713
358,compute-0-2,0.000009056,-0.000044146,0.000107189
358,compute-0-3,0.000000011,+0.000084987,0.000100677
359,compute-0-0,0.000115793,+0.000406927,0.000690786
359,compute-0-1,0.000063510,+0.000055745,0.000112118
359,compute-0-2,0.000008938,-0.000044146,0.000107189
359,compute-0-3,0.000074184,+0.000084728,0.000099197
360,compute-0-0,0.000115763,+0.000406927,0.000690786
360,compute-0-1,0.000058824,+0.000055745,0.000112118
360,compute-0-2,0.000008820,-0.000044146,0.000107189
360,compute-0-3,0.000060571,+0.000084728,0.000099197
361,compute-0-0,0.000115733,+0.000406927,0.000690786
361,compute-0-1,0.000054136,+0.000055745,0.000112118
361,compute-0-2,0.000008702,-0.000044146,0.000107189
361,compute-0-3,0.000046961,+0.000084728,0.000099197
362,compute-0-0,0.000115703,+0.000406927,0.000690786
362,compute-0-1,0.000049449,+0.000055745,0.000112118
362,compute-0-2,0.000001560,+0.000007074,0.000101713
362,compute-0-3,0.000033350,+0.000084728,0.000099197
363,compute-0-0,0.000115673,+0.000406927,0.000690786
363,compute-0-1,0.000044761,+0.000055745,0.000112118
363,compute-0-2,0.000001557,+0.000007074,0.000101713
363,compute-0-3,0.000019742,+0.000084728,0.000099197
364,compute-0-0,0.000115643,+0.000406927,0.000690786
364,compute-0-1,0.000040075,+0.000055745,0.000112118
364,compute-0-2,0.000001554,+0.000007074,0.000101713
364,compute-0-3,0.000006135,+0.000084728,0.000099197
365,compute-0-0,0.000115612,+0.000406927,0.000690786
365,compute-0-1,0.000035880,-0.000072189,0.000108787
365,compute-0-2,0.000001551,+0.000007074,0.000101713
365,compute-0-3,0.000006798,+0.000001212,0.000094107
366,compute-0-0,0.000115582,+0.000406927,0.000690786
366,compute-0-1,0.000034285,-0.000072189,0.000108787
366,compute-0-2,0.000001548,+0.000007074,0.000101713
366,compute-0-3,0.000006738,+0.000001212,0.000094107
367,compute-0-0,0.000115552,+0.000406927,0.000690786
367,compute-0-1,0.000032689,-0.000072189,0.000108787
367,compute-0-2,0.000001545,+0.000007074,0.000101713
367,compute-0-3,0.000006678,+0.000001212,0.000094107
368,compute-0-0,0.000115522,+0.000406927,0.000690786
368,compute-0-1,0.000031093,-0.000072189,0.000108787
368,compute-0-2,0.000000057,-0.000056398,0.000098128
368,compute-0-3,0.000006619,+0.000001212,0.000094107
369,compute-0-0,0.000115492,+0.000406927,0.000690786
369,compute-0-1,0.000029497,-0.000072189,0.000108787
369,compute-0-2,0.000000057,-0.000056398,0.000098128
369,compute-0-3,0.000006559,+0.000001212,0.000094107
370,compute-0-0,0.000115462,+0.000406927,0.000690786
370,compute-0-1,0.000027901,-0.000072189,0.000108787
370,compute-0-2,0.000000056,-0.000056398,0.000098128
370,compute-0-3,0.000052412,-0.000100200,0.000094734
371,compute-0-0,0.000115432,+0.000406927,0.000690786
371,compute-0-1,0.000000080,-0.000056911,0.000104761
371,compute-0-2,0.000000056,-0.000056398,0.000098128
371,compute-0-3,0.000000052,-0.000100200,0.000094734
372,compute-0-0,0.000115402,+0.000406927,0.000690786
372,compute-0-1,0.000000079,-0.000056911,0.000104761
372,compute-0-2,0.000000056,-0.000056398,0.000098128
372,compute-0-3,0.000000052,-0.000100200,0.000094734
373,compute-0-0,0.000115372,+0.000406927,0.000690786
373,compute-0-1,0.000000079,-0.000056911,0.000104761
373,compute-0-2,0.000000055,-0.000056398,0.000098128
373,compute-0-3,0.000000051,-0.000100200,0.000094734
374,compute-0-0,0.000115342,+0.000406927,0.000690786
374,compute-0-1,0.000000079,-0.000056911,0.000104761
374,compute-0-2,0.000000834,+0.000000805,0.000093093
374,compute-0-3,0.000000051,-0.000100200,0.000094734
375,compute-0-0,0.000115312,+0.000406927,0.000690786
375,compute-0-1,0.000000078,-0.000056911,0.000104761
375,compute-0-2,0.000000799,+0.000000805,0.000093093
375,compute-0-3,0.000000051,-0.000100200,0.000094734
376,compute-0-0,0.000115281,+0.000406927,0.000690786
376,compute-0-1,0.000000078,-0.000056911,0.000104761
376,compute-0-2,0.000000764,+0.000000805,0.000093093
376,compute-0-3,0.000001788,+0.000001781,0.000089875
377,compute-0-0,0.000115251,+0.000406927,0.000690786
377,compute-0-1,0.000001810,+0.000001820,0.000099387
377,compute-0-2,0.000000728,+0.000000805,0.000093093
377,compute-0-3,0.000001647,+0.000001781,0.000089875
378,compute-0-0,0.000115221,+0.000406927,0.000690786
378,compute-0-1,0.000001635,+0.000001820,0.000099387
378,compute-0-2,0.000000693,+0.000000805,0.000093093
378,compute-0-3,0.000001506,+0.000001781,0.000089875
379,compute-0-0,0.000115191,+0.000406927,0.000690786
379,compute-0-1,0.000001460,+0.000001820,0.000099387
379,compute-0-2,0.000000658,+0.000000805,0.000093093
379,compute-0-3,0.000001365,+0.000001781,0.000089875
380,compute-0-0,0.000115161,+0.000406927,0.000690786
380,compute-0-1,0.000001284,+0.000001820,0.000099387
380,compute-0-2,0.000001525,+0.000000975,0.000088316
380,compute-0-3,0.000001224,+0.000001781,0.000089875
381,compute-0-0,0.000115131,+0.000406927,0.000690786
381,compute-0-1,0.000001109,+0.000001820,0.000099387
381,compute-0-2,0.000001408,+0.000000975,0.000088316
381,compute-0-3,0.000001082,+0.000001781,0.000089875
382,compute-0-0,0.000115101,+0.000406927,0.000690786
382,compute-0-1,0.000000934,+0.000001820,0.000099387
382,compute-0-2,0.000001290,+0.000000975,0.000088316
382,compute-0-3,0.000001324,-0.000002375,0.000085266
383,compute-0-0,0.000115071,+0.000406927,0.000690786
383,compute-0-1,0.000001576,+0.000000793,0.000094287
383,compute-0-2,0.000001173,+0.000000975,0.000088316
383,compute-0-3,0.000001226,-0.000002375,0.000085266
384,compute-0-0,0.000115041,+0.000406927,0.000690786
384,compute-0-1,0.000001437,+0.000000793,0.000094287
384,compute-0-2,0.000001055,+0.000000975,0.000088316
384,compute-0-3,0.000001128,-0.000002375,0.000085266
385,compute-0-0,0.000095807,+0.000210870,0.000658721
385,compute-0-1,0.000001299,+0.000000793,0.000094287
385,compute-0-2,0.000100107,+0.000101119,0.000089679
385,compute-0-3,0.000001031,-0.000002375,0.000085266
386,compute-0-0,0.000095764,+0.000210870,0.000658721
386,compute-0-1,0.000001160,+0.000000793,0.000094287
386,compute-0-2,0.000077019,+0.000101119,0.000089679
386,compute-0-3,0.000000933,-0.000002375,0.000085266
387,compute-0-0,0.000095720,+0.000210870,0.000658721
387,compute-0-1,0.000001021,+0.000000793,0.000094287
387,compute-0-2,0.000053925,+0.000101119,0.000089679
387,compute-0-3,0.000000835,-0.000002375,0.000085266
388,compute-0-0,0.000095676,+0.000210870,0.000658721
388,compute-0-1,0.000000882,+0.000000793,0.000094287
388,compute-0-2,0.000030834,+0.000101119,0.000089679
388,compute-0-3,0.000089247,+0.000104779,0.000087413
389,compute-0-0,0.000095632,+0.000210870,0.000658721
389,compute-0-1,0.000085756,+0.000103256,0.000095222
389,compute-0-2,0.000007745,+0.000101119,0.000089679
389,compute-0-3,0.000066031,+0.000104779,0.000087413
390,compute-0-0,0.000095588,+0.000210870,0.000658721
390,compute-0-1,0.000062377,+0.000103256,0.000095222
390,compute-0-2,0.000000008,+0.000101119,0.000089679
390,compute-0-3,0.000042815,+0.000104779,0.000087413
391,compute-0-0,0.000095544,+0.000210870,0.000658721
391,compute-0-1,0.000039007,+0.000103256,0.000095222
391,compute-0-2,0.000093611,+0.000099704,0.000090731
391,compute-0-3,0.000019608,+0.000104779,0.000087413
392,compute-0-0,0.000095501,+0.000210870,0.000658721
392,compute-0-1,0.000015631,+0.000103256,0.000095222
392,compute-0-2,0.000064399,+0.000099704,0.000090731
392,compute-0-3,0.000000019,+0.000104779,0.000087413
393,compute-0-0,0.000095457,+0.000210870,0.000658721
393,compute-0-1,0.000000015,+0.000103256,0.000095222
393,compute-0-2,0.000035211,+0.000099704,0.000090731
393,compute-0-3,0.000000019,+0.000104779,0.000087413
394,compute-0-0,0.000095413,+0.000210870,0.000658721
394,compute-0-1,0.000000015,+0.000103256,0.000095222
394,compute-0-2,0.000006002,+0.000099704,0.000090731
394,compute-0-3,0.000073020,+0.000094727,0.000088172
395,compute-0-0,0.000095369,+0.000210870,0.000658721
395,compute-0-1,0.000061215,+0.000072515,0.000093201
395,compute-0-2,0.000000006,+0.000099704,0.000090731
395,compute-0-3,0.000047083,+0.000094727,0.000088172
396,compute-0-0,0.000095325,+0.000210870,0.000658721
396,compute-0-1,0.000049648,+0.000072515,0.000093201
396,compute-0-2,0.000000006,+0.000099704,0.000090731
396,compute-0-3,0.000021141,+0.000094727,0.000088172
397,compute-0-0,0.000095282,+0.000210870,0.000658721
397,compute-0-1,0.000038081,+0.000072515,0.000093201
397,compute-0-2,0.000029703,+0.000031331,0.000086643
397,compute-0-3,0.000000021,+0.000094727,0.000088172
398,compute-0-0,0.000095238,+0.000210870,0.000658721
398,compute-0-1,0.000026515,+0.000072515,0.000093201
398,compute-0-2,0.000025865,+0.000031331,0.000086643
398,compute-0-3,0.000000021,+0.000094727,0.000088172
399,compute-0-0,0.000095194,+0.000210870,0.000658721
399,compute-0-1,0.000014946,+0.000072515,0.000093201
399,compute-0-2,0.000022025,+0.000031331,0.000086643
399,compute-0-3,0.000038489,+0.000038668,0.000084536
400,compute-0-0,0.000095150,+0.000210870,0.000658721
400,compute-0-1,0.000035131,+0.000031034,0.000088961
400,compute-0-2,0.000018188,+0.000031331,0.000086643
400,compute-0-3,0.000034873,+0.000038668,0.000084536
401,compute-0-0,0.000095106,+0.000210870,0.000658721
401,compute-0-1,0.000031056,+0.000031034,0.000088961
401,compute-0-2,0.000014351,+0.000031331,0.000086643
401,compute-0-3,0.000031254,+0.000038668,0.000084536
402,compute-0-0,0.000095063,+0.000210870,0.000658721
402,compute-0-1,0.000026979,+0.000031034,0.000088961
402,compute-0-2,0.000010512,+0.000031331,0.000086643
402,compute-0-3,0.000027634,+0.000038668,0.000084536
403,compute-0-0,0.000095019,+0.000210870,0.000658721
403,compute-0-1,0.000022901,+0.000031034,0.000088961
403,compute-0-2,0.000027244,+0.000019774,0.000082435
403,compute-0-3,0.000024014,+0.000038668,0.000084536
404,compute-0-0,0.000094975,+0.000210870,0.000658721
404,compute-0-1,0.000018821,+0.000031034,0.000088961
404,compute-0-2,0.000024874,+0.000019774,0.000082435
404,compute-0-3,0.000020394,+0.000038668,0.000084536
405,compute-0-0,0.000094931,+0.000210870,0.000658721
405,compute-0-1,0.000014745,+0.000031034,0.000088961
405,compute-0-2,0.000022505,+0.000019774,0.000082435
405,compute-0-3,0.000058992,+0.000042826,0.000081334
406,compute-0-0,0.000094887,+0.000210870,0.000658721
406,compute-0-1,0.000034355,+0.000023769,0.000084730
406,compute-0-2,0.000020136,+0.000019774,0.000082435
406,compute-0-3,0.000052264,+0.000042826,0.000081334
407,compute-0-0,0.000094843,+0.000210870,0.000658721
407,compute-0-1,0.000029905,+0.000023769,0.000084730
407,compute-0-2,0.000017767,+0.000019774,0.000082435
407,compute-0-3,0.000045540,+0.000042826,0.000081334
408,compute-0-0,0.000094800,+0.000210870,0.000658721
408,compute-0-1,0.000025458,+0.000023769,0.000084730
408,compute-0-2,0.000015399,+0.000019774,0.000082435
408,compute-0-3,0.000038811,+0.000042826,0.000081334
409,compute-0-0,0.000094756,+0.000210870,0.000658721
409,compute-0-1,0.000021009,+0.000023769,0.000084730
409,compute-0-2,0.000029620,-0.000045946,0.000079543
409,compute-0-3,0.000032085,+0.000042826,0.000081334
410,compute-0-0,0.000094712,+0.000210870,0.000658721
410,compute-0-1,0.000016561,+0.000023769,0.000084730
410,compute-0-2,0.000027010,-0.000045946,0.000079543
410,compute-0-3,0.000025358,+0.000042826,0.000081334
411,compute-0-0,0.000094668,+0.000210870,0.000658721
411,compute-0-1,0.000012111,+0.000023769,0.000084730
411,compute-0-2,0.000024400,-0.000045946,0.000079543
411,compute-0-3,0.000024781,+0.000004344,0.000077172
412,compute-0-0,0.000094624,+0.000210870,0.000658721
412,compute-0-1,0.000014070,+0.000004782,0.000080396
412,compute-0-2,0.000021790,-0.000045946,0.000079543
412,compute-0-3,0.000023838,+0.000004344,0.000077172
413,compute-0-0,0.000094581,+0.000210870,0.000658721
413,compute-0-1,0.000013508,+0.000004782,0.000080396
413,compute-0-2,0.000019178,-0.000045946,0.000079543
413,compute-0-3,0.000022895,+0.000004344,0.000077172
414,compute-0-0,0.000094537,+0.000210870,0.000658721
414,compute-0-1,0.000012946,+0.000004782,0.000080396
414,compute-0-2,0.000016567,-0.000045946,0.000079543
414,compute-0-3,0.000021952,+0.000004344,0.000077172
415,compute-0-0,0.000094493,+0.000210870,0.000658721
415,compute-0-1,0.000012384,+0.000004782,0.000080396
415,compute-0-2,0.000000069,-0.000052672,0.000077277
415,compute-0-3,0.000021009,+0.000004344,0.000077172
416,compute-0-0,0.000094449,+0.000210870,0.000658721
416,compute-0-1,0.000011822,+0.000004782,0.000080396
416,compute-0-2,0.000000068,-0.000052672,0.000077277
416,compute-0-3,0.000020066,+0.000004344,0.000077172
417,compute-0-0,0.000094405,+0.000210870,0.000658721
417,compute-0-1,0.000011260,+0.000004782,0.000080396
417,compute-0-2,0.000000068,-0.000052672,0.000077277
417,compute-0-3,0.000000070,-0.000091525,0.000078725
418,compute-0-0,0.000094362,+0.000210870,0.000658721
418,compute-0-1,0.000000038,-0.000048727,0.000077811
418,compute-0-2,0.000000067,-0.000052672,0.000077277
418,compute-0-3,0.000000069,-0.000091525,0.000078725
419,compute-0-0,0.000094318,+0.000210870,0.000658721
419,compute-0-1,0.000000037,-0.000048727,0.000077811
419,compute-0-2,0.000000066,-0.000052672,0.000077277
419,compute-0-3,0.000000069,-0.000091525,0.000078725
420,compute-0-0,0.000094274,+0.000210870,0.000658721
420,compute-0-1,0.000000037,-0.000048727,0.000077811
420,compute-0-2,0.000000065,-0.000052672,0.000077277
420,compute-0-3,0.000000069,-0.000091525,0.000078725
421,compute-0-0,0.000094230,+0.000210870,0.000658721
421,compute-0-1,0.000000037,-0.000048727,0.000077811
421,compute-0-2,0.000000236,+0.000000181,0.000073312
421,compute-0-3,0.000000069,-0.000091525,0.000078725
422,compute-0-0,0.000094186,+0.000210870,0.000658721
422,compute-0-1,0.000000037,-0.000048727,0.000077811
422,compute-0-2,0.000000227,+0.000000181,0.000073312
422,compute-0-3,0.000000068,-0.000091525,0.000078725
423,compute-0-0,0.000094143,+0.000210870,0.000658721
423,compute-0-1,0.000000036,-0.000048727,0.000077811
423,compute-0-2,0.000000217,+0.000000181,0.000073312
423,compute-0-3,0.000000929,-0.000001031,0.000074686
424,compute-0-0,0.000094099,+0.000210870,0.000658721
424,compute-0-1,0.000001321,+0.000001348,0.000073819
424,compute-0-2,0.000000207,+0.000000181,0.000073312
424,compute-0-3,0.000000878,-0.000001031,0.000074686
425,compute-0-0,0.000094055,+0.000210870,0.000658721
425,compute-0-1,0.000001229,+0.000001348,0.000073819
425,compute-0-2,0.000000197,+0.000000181,0.000073312
425,compute-0-3,0.000000827,-0.000001031,0.000074686
426,compute-0-0,0.000094011,+0.000210870,0.000658721
426,compute-0-1,0.000001137,+0.000001348,0.000073819
426,compute-0-2,0.000002231,+0.000002115,0.000069553
426,compute-0-3,0.000000777,-0.000001031,0.000074686
427,compute-0-0,0.000093967,+0.000210870,0.000658721
427,compute-0-1,0.000001046,+0.000001348,0.000073819
427,compute-0-2,0.000001776,+0.000002115,0.000069553
427,compute-0-3,0.000000726,-0.000001031,0.000074686
428,compute-0-0,0.000093924,+0.000210870,0.000658721
428,compute-0-1,0.000000954,+0.000001348,0.000073819
428,compute-0-2,0.000001321,+0.000002115,0.000069553
428,compute-0-3,0.000000675,-0.000001031,0.000074686
429,compute-0-0,0.000093880,+0.000210870,0.000658721
429,compute-0-1,0.000000862,+0.000001348,0.000073819
429,compute-0-2,0.000000866,+0.000002115,0.000069553
429,compute-0-3,0.000000487,+0.000001165,0.000070854
430,compute-0-0,0.000093836,+0.000210870,0.000658721
430,compute-0-1,0.000002542,+0.000001997,0.000070034
430,compute-0-2,0.000000411,+0.000002115,0.000069553
430,compute-0-3,0.000000471,+0.000001165,0.000070854
431,compute-0-0,0.000297367,+0.000203612,0.000628226
431,compute-0-1,0.000002180,+0.000001997,0.000070034
431,compute-0-2,0.000000000,+0.000002115,0.000069553
431,compute-0-3,0.000000454,+0.000001165,0.000070854
432,compute-0-0,0.000296961,+0.000203612,0.000628226
432,compute-0-1,0.000001817,+0.000001997,0.000070034
432,compute-0-2,0.000133828,+0.000157264,0.000082626
432,compute-0-3,0.000000438,+0.000001165,0.000070854
433,compute-0-0,0.000296556,+0.000203612,0.000628226
433,compute-0-1,0.000001454,+0.000001997,0.000070034
433,compute-0-2,0.000065068,+0.000157264,0.000082626
433,compute-0-3,0.000000422,+0.000001165,0.000070854
434,compute-0-0,0.000296150,+0.000203612,0.000628226
434,compute-0-1,0.000001092,+0.000001997,0.000070034
434,compute-0-2,0.000000064,+0.000157264,0.000082626
434,compute-0-3,0.000000405,+0.000001165,0.000070854
435,compute-0-0,0.000295745,+0.000203612,0.000628226
435,compute-0-1,0.000000729,+0.000001997,0.000070034
435,compute-0-2,0.000000064,+0.000157264,0.000082626
435,compute-0-3,0.000096480,+0.000156245,0.000083424
436,compute-0-0,0.000295340,+0.000203612,0.000628226
436,compute-0-1,0.000090780,+0.000146831,0.000081057
436,compute-0-2,0.000000064,+0.000157264,0.000082626
436,compute-0-3,0.000031688,+0.000156245,0.000083424
437,compute-0-0,0.000294934,+0.000203612,0.000628226
437,compute-0-1,0.000031113,+0.000146831,0.000081057
437,compute-0-2,0.000000064,+0.000157264,0.000082626
437,compute-0-3,0.000000030,+0.000156245,0.000083424
438,compute-0-0,0.000294529,+0.000203612,0.000628226
438,compute-0-1,0.000000031,+0.000146831,0.000081057
438,compute-0-2,0.000059811,+0.000064573,0.000081002
438,compute-0-3,0.000000030,+0.000156245,0.000083424
439,compute-0-0,0.000294123,+0.000203612,0.000628226
439,compute-0-1,0.000000031,+0.000146831,0.000081057
439,compute-0-2,0.000049297,+0.000064573,0.000081002
439,compute-0-3,0.000000030,+0.000156245,0.000083424
440,compute-0-0,0.000293718,+0.000203612,0.000628226
440,compute-0-1,0.000000031,+0.000146831,0.000081057
440,compute-0-2,0.000038784,+0.000064573,0.000081002
440,compute-0-3,0.000045750,+0.000046733,0.000080511
441,compute-0-0,0.000293313,+0.000203612,0.000628226
441,compute-0-1,0.000044504,+0.000044988,0.000078202
441,compute-0-2,0.000028266,+0.000064573,0.000081002
441,compute-0-3,0.000039315,+0.000046733,0.000080511
442,compute-0-0,0.000292907,+0.000203612,0.000628226
442,compute-0-1,0.000038834,+0.000044988,0.000078202
442,compute-0-2,0.000017755,+0.000064573,0.000081002
442,compute-0-3,0.000032885,+0.000046733,0.000080511
443,compute-0-0,0.000292502,+0.000203612,0.000628226
443,compute-0-1,0.000033164,+0.000044988,0.000078202
443,compute-0-2,0.000007240,+0.000064573,0.000081002
443,compute-0-3,0.000026450,+0.000046733,0.000080511
444,compute-0-0,0.000292096,+0.000203612,0.000628226
444,compute-0-1,0.000027493,+0.000044988,0.000078202
444,compute-0-2,0.000039039,+0.000038636,0.000077810
444,compute-0-3,0.000020018,+0.000046733,0.000080511
445,compute-0-0,0.000291691,+0.000203612,0.000628226
445,compute-0-1,0.000021821,+0.000044988,0.000078202
445,compute-0-2,0.000034567,+0.000038636,0.000077810
445,compute-0-3,0.000013583,+0.000046733,0.000080511
446,compute-0-0,0.000291285,+0.000203612,0.000628226
446,compute-0-1,0.000016148,+0.000044988,0.000078202
446,compute-0-2,0.000030096,+0.000038636,0.000077810
446,compute-0-3,0.000036687,+0.000028930,0.000076925
447,compute-0-0,0.000290880,+0.000203612,0.000628226
447,compute-0-1,0.000039907,+0.000029637,0.000074779
447,compute-0-2,0.000025623,+0.000038636,0.000077810
447,compute-0-3,0.000032575,+0.000028930,0.000076925
448,compute-0-0,0.000290475,+0.000203612,0.000628226
448,compute-0-1,0.000033246,+0.000029637,0.000074779
448,compute-0-2,0.000021152,+0.000038636,0.000077810
448,compute-0-3,0.000028465,+0.000028930,0.000076925
449,compute-0-0,0.000290069,+0.000203612,0.000628226
449,compute-0-1,0.000026583,+0.000029637,0.000074779
449,compute-0-2,0.000016681,+0.000038636,0.000077810
449,compute-0-3,0.000024354,+0.000028930,0.000076925
450,compute-0-0,0.000289664,+0.000203612,0.000628226
450,compute-0-1,0.000019922,+0.000029637,0.000074779
450,compute-0-2,0.000022929,+0.000008339,0.000073864
450,compute-0-3,0.000020241,+0.000028930,0.000076925
451,compute-0-0,0.000289258,+0.000203612,0.000628226
451,compute-0-1,0.000013258,+0.000029637,0.000074779
451,compute-0-2,0.000021791,+0.000008339,0.000073864
451,compute-0-3,0.000016130,+0.000028930,0.000076925
452,compute-0-0,0.000288853,+0.000203612,0.000628226
452,compute-0-1,0.000006593,+0.000029637,0.000074779
452,compute-0-2,0.000020653,+0.000008339,0.000073864
452,compute-0-3,0.000031951,+0.000019602,0.000073240
453,compute-0-0,0.000288448,+0.000203612,0.000628226
453,compute-0-1,0.000018991,+0.000017304,0.000071152
453,compute-0-2,0.000019515,+0.000008339,0.000073864
453,compute-0-3,0.000028682,+0.000019602,0.000073240
454,compute-0-0,0.000288042,+0.000203612,0.000628226
454,compute-0-1,0.000017348,+0.000017304,0.000071152
454,compute-0-2,0.000018378,+0.000008339,0.000073864
454,compute-0-3,0.000025415,+0.000019602,0.000073240
455,compute-0-0,0.000287637,+0.000203612,0.000628226
455,compute-0-1,0.000015705,+0.000017304,0.000071152
455,compute-0-2,0.000017240,+0.000008339,0.000073864
455,compute-0-3,0.000022145,+0.000019602,0.000073240
456,compute-0-0,0.000287232,+0.000203612,0.000628226
456,compute-0-1,0.000014061,+0.000017304,0.000071152
456,compute-0-2,0.000006004,-0.000010976,0.000070160
456,compute-0-3,0.000018878,+0.000019602,0.000073240
457,compute-0-0,0.000286826,+0.000203612,0.000628226
457,compute-0-1,0.000012417,+0.000017304,0.000071152
457,compute-0-2,0.000005927,-0.000010976,0.000070160
457,compute-0-3,0.000015609,+0.000019602,0.000073240
458,compute-0-0,0.000286421,+0.000203612,0.000628226
458,compute-0-1,0.000010773,+0.000017304,0.000071152
458,compute-0-2,0.000005850,-0.000010976,0.000070160
458,compute-0-3,0.000020982,+0.000007618,0.000069524
459,compute-0-0,0.000286016,+0.000203612,0.000628226
459,compute-0-1,0.000000775,-0.000009127,0.000067563
459,compute-0-2,0.000005773,-0.000010976,0.000070160
459,compute-0-3,0.000019547,+0.000007618,0.000069524
460,compute-0-0,0.000285610,+0.000203612,0.000628226
460,compute-0-1,0.000000773,-0.000009127,0.000067563
460,compute-0-2,0.000005696,-0.000010976,0.000070160
460,compute-0-3,0.000018113,+0.000007618,0.000069524
461,compute-0-0,0.000285205,+0.000203612,0.000628226
461,compute-0-1,0.000000770,-0.000009127,0.000067563
461,compute-0-2,0.000021570,-0.000027666,0.000067132
461,compute-0-3,0.000016677,+0.000007618,0.000069524
462,compute-0-0,0.000284799,+0.000203612,0.000628226
462,compute-0-1,0.000000768,-0.000009127,0.000067563
462,compute-0-2,0.000007061,-0.000027666,0.000067132
462,compute-0-3,0.000015243,+0.000007618,0.000069524
463,compute-0-0,0.000284394,+0.000203612,0.000628226
463,compute-0-1,0.000000765,-0.000009127,0.000067563
463,compute-0-2,0.000000007,-0.000027666,0.000067132
463,compute-0-3,0.000013808,+0.000007618,0.000069524
464,compute-0-0,0.000283989,+0.000203612,0.000628226
464,compute-0-1,0.000000763,-0.000009127,0.000067563
464,compute-0-2,0.000000007,-0.000027666,0.000067132
464,compute-0-3,0.000000055,-0.000072105,0.000069786
465,compute-0-0,0.000283583,+0.000203612,0.000628226
465,compute-0-1,0.000000071,-0.000071745,0.000067992
465,compute-0-2,0.000000007,-0.000027666,0.000067132
465,compute-0-3,0.000000055,-0.000072105,0.000069786
466,compute-0-0,0.000283178,+0.000203612,0.000628226
466,compute-0-1,0.000000071,-0.000071745,0.000067992
466,compute-0-2,0.000000007,-0.000027666,0.000067132
466,compute-0-3,0.000000055,-0.000072105,0.000069786
467,compute-0-0,0.000282772,+0.000203612,0.000628226
467,compute-0-1,0.000000071,-0.000071745,0.000067992
467,compute-0-2,0.000003086,-0.000003164,0.000063695
467,compute-0-3,0.000000055,-0.000072105,0.000069786
468,compute-0-0,0.000282360,+0.000203612,0.000628226
468,compute-0-1,0.000000071,-0.000071745,0.000067992
468,compute-0-2,0.000002757,-0.000003164,0.000063695
468,compute-0-3,0.000000054,-0.000072105,0.000069786
469,compute-0-0,0.000281955,+0.000203612,0.000628226
469,compute-0-1,0.000000070,-0.000071745,0.000067992
469,compute-0-2,0.000002429,-0.000003164,0.000063695
469,compute-0-3,0.000000054,-0.000072105,0.000069786
470,compute-0-0,0.000281550,+0.000203612,0.000628226
470,compute-0-1,0.000000070,-0.000071745,0.000067992
470,compute-0-2,0.000002100,-0.000003164,0.000063695
470,compute-0-3,0.000002627,-0.000004097,0.000066218
471,compute-0-0,0.000281145,+0.000203612,0.000628226
471,compute-0-1,0.000003415,-0.000003865,0.000064515
471,compute-0-2,0.000001771,-0.000003164,0.000063695
471,compute-0-3,0.000001204,-0.000004097,0.000066218
472,compute-0-0,0.000280740,+0.000203612,0.000628226
472,compute-0-1,0.000002959,-0.000003865,0.000064515
472,compute-0-2,0.000001442,-0.000003164,0.000063695
472,compute-0-3,0.000000001,-0.000004097,0.000066218
473,compute-0-0,0.000280334,+0.000203612,0.000628226
473,compute-0-1,0.000002502,-0.000003865,0.000064515
473,compute-0-2,0.000004515,-0.000003754,0.000060438
473,compute-0-3,0.000000001,-0.000004097,0.000066218
474,compute-0-0,0.000279929,+0.000203612,0.000628226
474,compute-0-1,0.000002046,-0.000003865,0.000064515
474,compute-0-2,0.000003264,-0.000003754,0.000060438
474,compute-0-3,0.000000001,-0.000004097,0.000066218
475,compute-0-0,0.000279524,+0.000203612,0.000628226
475,compute-0-1,0.000001590,-0.000003865,0.000064515
475,compute-0-2,0.000002014,-0.000003754,0.000060438
475,compute-0-3,0.000000466,-0.000000477,0.000062820
476,compute-0-0,0.000279118,+0.000203612,0.000628226
476,compute-0-1,0.000001134,-0.000003865,0.000064515
476,compute-0-2,0.000000764,-0.000003754,0.000060438
476,compute-0-3,0.000000409,-0.000000477,0.000062820
477,compute-0-0,0.000278713,+0.000203612,0.000628226
477,compute-0-1,0.000004614,-0.000004743,0.000061222
477,compute-0-2,0.000000001,-0.000003754,0.000060438
477,compute-0-3,0.000000353,-0.000000477,0.000062820
478,compute-0-0,0.000278307,+0.000203612,0.000628226
478,compute-0-1,0.000003352,-0.000004743,0.000061222
478,compute-0-2,0.000000001,-0.000003754,0.000060438
478,compute-0-3,0.000000297,-0.000000477,0.000062820
479,compute-0-0,0.000277902,+0.000203612,0.000628226
479,compute-0-1,0.000002090,-0.000004743,0.000061222
479,compute-0-2,0.000005198,+0.000006049,0.000057368
479,compute-0-3,0.000000241,-0.000000477,0.000062820
480,compute-0-0,0.000277497,+0.000203612,0.000628226
480,compute-0-1,0.000000828,-0.000004743,0.000061222
480,compute-0-2,0.000003666,+0.000006049,0.000057368
480,compute-0-3,0.000000185,-0.000000477,0.000062820
481,compute-0-0,0.000277091,+0.000203612,0.000628226
481,compute-0-1,0.000000001,-0.000004743,0.000061222
481,compute-0-2,0.000002134,+0.000006049,0.000057368
481,compute-0-3,0.000000170,+0.000000318,0.000059596
482,compute-0-0,0.000276686,+0.000203612,0.000628226
482,compute-0-1,0.000001889,-0.000001908,0.000058084
482,compute-0-2,0.000000601,+0.000006049,0.000057368
482,compute-0-3,0.000000168,+0.000000318,0.000059596
483,compute-0-0,0.000276280,+0.000203612,0.000628226
483,compute-0-1,0.000001734,-0.000001908,0.000058084
483,compute-0-2,0.000000001,+0.000006049,0.000057368
483,compute-0-3,0.000000166,+0.000000318,0.000059596
484,compute-0-0,0.000275875,+0.000203612,0.000628226
484,compute-0-1,0.000001579,-0.000001908,0.000058084
484,compute-0-2,0.000000001,+0.000006049,0.000057368
484,compute-0-3,0.000000165,+0.000000318,0.000059596
485,compute-0-0,0.000275470,+0.000203612,0.000628226
485,compute-0-1,0.000001424,-0.000001908,0.000058084
485,compute-0-2,0.000001821,+0.000001915,0.000054428
485,compute-0-3,0.000000163,+0.000000318,0.000059596
486,compute-0-0,0.000275064,+0.000203612,0.000628226
486,compute-0-1,0.000001269,-0.000001908,0.000058084
486,compute-0-2,0.000001681,+0.000001915,0.000054428
486,compute-0-3,0.000000161,+0.000000318,0.000059596
487,compute-0-0,0.000274659,+0.000203612,0.000628226
487,compute-0-1,0.000001114,-0.000001908,0.000058084
487,compute-0-2,0.000001542,+0.000001915,0.000054428
487,compute-0-3,0.000006681,-0.000007925,0.000056593
488,compute-0-0,0.000274254,+0.000203612,0.000628226
488,compute-0-1,0.000004186,-0.000003809,0.000055116
488,compute-0-2,0.000001402,+0.000001915,0.000054428
488,compute-0-3,0.000004646,-0.000007925,0.000056593
489,compute-0-0,0.000273848,+0.000203612,0.000628226
489,compute-0-1,0.000001477,-0.000003809,0.000055116
489,compute-0-2,0.000001261,+0.000001915,0.000054428
489,compute-0-3,0.000002587,-0.000007925,0.000056593
490,compute-0-0,0.000273438,+0.000203612,0.000628226
490,compute-0-1,0.000000001,-0.000003809,0.000055116
490,compute-0-2,0.000001121,+0.000001915,0.000054428
490,compute-0-3,0.000000552,-0.000007925,0.000056593
491,compute-0-0,0.000273033,+0.000203612,0.000628226
491,compute-0-1,0.000000001,-0.000003809,0.000055116
491,compute-0-2,0.000000303,-0.000001404,0.000051637
491,compute-0-3,0.000000001,-0.000007925,0.000056593
492,compute-0-0,0.000272628,+0.000203612,0.000628226
492,compute-0-1,0.000000001,-0.000003809,0.000055116
492,compute-0-2,0.000000298,-0.000001404,0.000051637
492,compute-0-3,0.000000000,-0.000007925,0.000056593
493,compute-0-0,0.000272223,+0.000203612,0.000628226
493,compute-0-1,0.000000001,-0.000003809,0.000055116
493,compute-0-2,0.000000293,-0.000001404,0.000051637
493,compute-0-3,0.000001545,+0.000001598,0.000053692
494,compute-0-0,0.000271817,+0.000203612,0.000628226
494,compute-0-1,0.000001826,+0.000001926,0.000052292
494,compute-0-2,0.000000288,-0.000001404,0.000051637
494,compute-0-3,0.000001468,+0.000001598,0.000053692
495,compute-0-0,0.000271412,+0.000203612,0.000628226
495,compute-0-1,0.000001577,+0.000001926,0.000052292
495,compute-0-2,0.000000282,-0.000001404,0.000051637
495,compute-0-3,0.000001390,+0.000001598,0.000053692
496,compute-0-0,0.000271006,+0.000203612,0.000628226
496,compute-0-1,0.000001328,+0.000001926,0.000052292
496,compute-0-2,0.000010471,-0.000010525,0.000049100
496,compute-0-3,0.000001312,+0.000001598,0.000053692
497,compute-0-0,0.000270601,+0.000203612,0.000628226
497,compute-0-1,0.000001079,+0.000001926,0.000052292
497,compute-0-2,0.000002935,-0.000010525,0.000049100
497,compute-0-3,0.000001235,+0.000001598,0.000053692
498,compute-0-0,0.000270195,+0.000203612,0.000628226
498,compute-0-1,0.000000830,+0.000001926,0.000052292
498,compute-0-2,0.000000003,-0.000010525,0.000049100
498,compute-0-3,0.000001157,+0.000001598,0.000053692
499,compute-0-0,0.000269790,+0.000203612,0.000628226
499,compute-0-1,0.000000581,+0.000001926,0.000052292
499,compute-0-2,0.000000003,-0.000010525,0.000049100
499,compute-0-3,0.000003188,+0.000002346,0.000050942
500,compute-0-0,0.000269385,+0.000203612,0.000628226
500,compute-0-1,0.000002986,+0.000002799,0.000049616
500,compute-0-2,0.000000003,-0.000010525,0.000049100
500,compute-0-3,0.000002835,+0.000002346,0.000050942
501,compute-0-0,0.000268980,+0.000203612,0.000628226
501,compute-0-1,0.000002453,+0.000002799,0.000049616
501,compute-0-2,0.000000002,-0.000010525,0.000049100
501,compute-0-3,0.000002481,+0.000002346,0.000050942
502,compute-0-0,0.000268574,+0.000203612,0.000628226
502,compute-0-1,0.000001921,+0.000002799,0.000049616
502,compute-0-2,0.000001488,+0.000001508,0.000046582
502,compute-0-3,0.000002128,+0.000002346,0.000050942
503,compute-0-0,0.000268169,+0.000203612,0.000628226
503,compute-0-1,0.000001388,+0.000002799,0.000049616
503,compute-0-2,0.000001352,+0.000001508,0.000046582
503,compute-0-3,0.000001774,+0.000002346,0.000050942
504,compute-0-0,0.000267764,+0.000203612,0.000628226
504,compute-0-1,0.000000856,+0.000002799,0.000049616
504,compute-0-2,0.000001215,+0.000001508,0.000046582
504,compute-0-3,0.000001421,+0.000002346,0.000050942
505,compute-0-0,0.000267359,+0.000203612,0.000628226
505,compute-0-1,0.000000323,+0.000002799,0.000049616
505,compute-0-2,0.000001079,+0.000001508,0.000046582
505,compute-0-3,0.000000186,-0.000001606,0.000048330
506,compute-0-0,0.000266953,+0.000203612,0.000628226
506,compute-0-1,0.000000250,+0.000000085,0.000047070
506,compute-0-2,0.000000940,+0.000001508,0.000046582
506,compute-0-3,0.000000185,-0.000001606,0.000048330
507,compute-0-0,0.000266540,+0.000203612,0.000628226
507,compute-0-1,0.000000246,+0.000000085,0.000047070
507,compute-0-2,0.000000803,+0.000001508,0.000046582
507,compute-0-3,0.000000184,-0.000001606,0.000048330
508,compute-0-0,0.000266135,+0.000203612,0.000628226
508,compute-0-1,0.000000242,+0.000000085,0.000047070
508,compute-0-2,0.000001735,+0.000001081,0.000044193
508,compute-0-3,0.000000182,-0.000001606,0.000048330
509,compute-0-0,0.000265730,+0.000203612,0.000628226
509,compute-0-1,0.000000238,+0.000000085,0.000047070
509,compute-0-2,0.000001553,+0.000001081,0.000044193
509,compute-0-3,0.000000181,-0.000001606,0.000048330
510,compute-0-0,0.000265324,+0.000203612,0.000628226
510,compute-0-1,0.000000234,+0.000000085,0.000047070
510,compute-0-2,0.000001371,+0.000001081,0.000044193
510,compute-0-3,0.000002106,+0.000002318,0.000045856
511,compute-0-0,0.000264919,+0.000203612,0.000628226
511,compute-0-1,0.000000230,+0.000000085,0.000047070
511,compute-0-2,0.000001189,+0.000001081,0.000044193
511,compute-0-3,0.000001943,+0.000002318,0.000045856
512,compute-0-0,0.000264514,+0.000203612,0.000628226
512,compute-0-1,0.000002197,+0.000002262,0.000044660
512,compute-0-2,0.000001007,+0.000001081,0.000044193
512,compute-0-3,0.000001779,+0.000002318,0.000045856
513,compute-0-0,0.000264108,+0.000203612,0.000628226
513,compute-0-1,0.000001880,+0.000002262,0.000044660
513,compute-0-2,0.000000825,+0.000001081,0.000044193
513,compute-0-3,0.000001616,+0.000002318,0.000045856
514,compute-0-0,0.000263703,+0.000203612,0.000628226
514,compute-0-1,0.000001563,+0.000002262,0.000044660
514,compute-0-2,0.000001186,+0.000000505,0.000041926
514,compute-0-3,0.000001452,+0.000002318,0.000045856
515,compute-0-0,0.000263298,+0.000203612,0.000628226
515,compute-0-1,0.000001246,+0.000002262,0.000044660
515,compute-0-2,0.000001098,+0.000000505,0.000041926
515,compute-0-3,0.000001289,+0.000002318,0.000045856
516,compute-0-0,0.000262892,+0.000203612,0.000628226
516,compute-0-1,0.000000929,+0.000002262,0.000044660
516,compute-0-2,0.000001010,+0.000000505,0.000041926
516,compute-0-3,0.000002672,+0.000001583,0.000043506
517,compute-0-0,0.000262487,+0.000203612,0.000628226
517,compute-0-1,0.000004559,+0.000003976,0.000042387
517,compute-0-2,0.000000923,+0.000000505,0.000041926
517,compute-0-3,0.000002401,+0.000001583,0.000043506
518,compute-0-0,0.000262082,+0.000203612,0.000628226
518,compute-0-1,0.000003864,+0.000003976,0.000042387
518,compute-0-2,0.000000835,+0.000000505,0.000041926
518,compute-0-3,0.000002130,+0.000001583,0.000043506
519,compute-0-0,0.000261676,+0.000203612,0.000628226
519,compute-0-1,0.000003168,+0.000003976,0.000042387
519,compute-0-2,0.000000747,+0.000000505,0.000041926
519,compute-0-3,0.000001858,+0.000001583,0.000043506
520,compute-0-0,0.000261271,+0.000203612,0.000628226
520,compute-0-1,0.000002474,+0.000003976,0.000042387
520,compute-0-2,0.000002065,+0.000001471,0.000039777
520,compute-0-3,0.000001587,+0.000001583,0.000043506
521,compute-0-0,0.000260865,+0.000203612,0.000628226
521,compute-0-1,0.000001779,+0.000003976,0.000042387
521,compute-0-2,0.000001863,+0.000001471,0.000039777
521,compute-0-3,0.000001316,+0.000001583,0.000043506
522,compute-0-0,0.000260460,+0.000203612,0.000628226
522,compute-0-1,0.000001084,+0.000003976,0.000042387
522,compute-0-2,0.000001661,+0.000001471,0.000039777
522,compute-0-3,0.000004739,+0.000003893,0.000041291
523,compute-0-0,0.000260055,+0.000203612,0.000628226
523,compute-0-1,0.000002923,+0.000002436,0.000040219
523,compute-0-2,0.000001459,+0.000001471,0.000039777
523,compute-0-3,0.000004107,+0.000003893,0.000041291
524,compute-0-0,0.000259650,+0.000203612,0.000628226
524,compute-0-1,0.000002634,+0.000002436,0.000040219
524,compute-0-2,0.000001257,+0.000001471,0.000039777
524,compute-0-3,0.000003475,+0.000003893,0.000041291
525,compute-0-0,0.000259244,+0.000203612,0.000628226
525,compute-0-1,0.000002344,+0.000002436,0.000040219
525,compute-0-2,0.000001055,+0.000001471,0.000039777
525,compute-0-3,0.000002844,+0.000003893,0.000041291
526,compute-0-0,0.001957388,+0.001718987,0.000806655
526,compute-0-1,0.000002055,+0.000002436,0.000040219
526,compute-0-2,0.000837417,+0.001108023,0.000352414
526,compute-0-3,0.000002212,+0.000003893,0.000041291
527,compute-0-0,0.001933544,+0.001718987,0.000806655
527,compute-0-1,0.000001765,+0.000002436,0.000040219
527,compute-0-2,0.000490146,+0.001108023,0.000352414
527,compute-0-3,0.000001580,+0.000003893,0.000041291
528,compute-0-0,0.001909718,+0.001718987,0.000806655
528,compute-0-1,0.000001476,+0.000002436,0.000040219
528,compute-0-2,0.000143134,+0.001108023,0.000352414
528,compute-0-3,0.000891122,+0.001219599,0.000387655
529,compute-0-0,0.001885895,+0.001718987,0.000806655
529,compute-0-1,0.001052505,+0.001289529,0.000409566
529,compute-0-2,0.000000144,+0.001108023,0.000352414
529,compute-0-3,0.000449486,+0.001219599,0.000387655
530,compute-0-0,0.001862058,+0.001718987,0.000806655
530,compute-0-1,0.000532734,+0.001289529,0.000409566
530,compute-0-2,0.000000144,+0.001108023,0.000352414
530,compute-0-3,0.000007984,+0.001219599,0.000387655
531,compute-0-0,0.001838236,+0.001718987,0.000806655
531,compute-0-1,0.000012738,+0.001289529,0.000409566
531,compute-0-2,0.000000144,+0.001108023,0.000352414
531,compute-0-3,0.000000009,+0.001219599,0.000387655
532,compute-0-0,0.001814400,+0.001718987,0.000806655
532,compute-0-1,0.000000015,+0.001289529,0.000409566
532,compute-0-2,0.000476094,+0.000605256,0.000385239
532,compute-0-3,0.000000009,+0.001219599,0.000387655
533,compute-0-0,0.001790354,+0.001718987,0.000806655
533,compute-0-1,0.000000015,+0.001289529,0.000409566
533,compute-0-2,0.000348062,+0.000605256,0.000385239
533,compute-0-3,0.000000009,+0.001219599,0.000387655
534,compute-0-0,0.001766513,+0.001718987,0.000806655
534,compute-0-1,0.000000015,+0.001289529,0.000409566
534,compute-0-2,0.000220028,+0.000605256,0.000385239
534,compute-0-3,0.000421098,+0.000473829,0.000397115
535,compute-0-0,0.001742683,+0.001718987,0.000806655
535,compute-0-1,0.000440716,+0.000487551,0.000418020
535,compute-0-2,0.000092052,+0.000605256,0.000385239
535,compute-0-3,0.000362648,+0.000473829,0.000397115
536,compute-0-0,0.001718840,+0.001718987,0.000806655
536,compute-0-1,0.000366692,+0.000487551,0.000418020
536,compute-0-2,0.000000091,+0.000605256,0.000385239
536,compute-0-3,0.000304192,+0.000473829,0.000397115
537,compute-0-0,0.001695002,+0.001718987,0.000806655
537,compute-0-1,0.000292675,+0.000487551,0.000418020
537,compute-0-2,0.000503649,+0.000518324,0.000400543
537,compute-0-3,0.000245726,+0.000473829,0.000397115
538,compute-0-0,0.001671158,+0.001718987,0.000806655
538,compute-0-1,0.000218640,+0.000487551,0.000418020
538,compute-0-2,0.000416710,+0.000518324,0.000400543
538,compute-0-3,0.000187256,+0.000473829,0.000397115
539,compute-0-0,0.001647325,+0.001718987,0.000806655
539,compute-0-1,0.000144667,+0.000487551,0.000418020
539,compute-0-2,0.000329787,+0.000518324,0.000400543
539,compute-0-3,0.000403397,+0.000274554,0.000386611
540,compute-0-0,0.001623479,+0.001718987,0.000806655
540,compute-0-1,0.000070621,+0.000487551,0.000418020
540,compute-0-2,0.000242879,+0.000518324,0.000400543
540,compute-0-3,0.000352810,+0.000274554,0.000386611
541,compute-0-0,0.001599655,+0.001718987,0.000806655
541,compute-0-1,0.000447317,+0.000442379,0.000420519
541,compute-0-2,0.000156007,+0.000518324,0.000400543
541,compute-0-3,0.000302232,+0.000274554,0.000386611
542,compute-0-0,0.001575818,+0.001718987,0.000806655
542,compute-0-1,0.000384541,+0.000442379,0.000420519
542,compute-0-2,0.000069096,+0.000518324,0.000400543
542,compute-0-3,0.000251620,+0.000274554,0.000386611
543,compute-0-0,0.001551974,+0.001718987,0.000806655
543,compute-0-1,0.000321742,+0.000442379,0.000420519
543,compute-0-2,0.000186217,-0.000204538,0.000385454
543,compute-0-3,0.000200987,+0.000274554,0.000386611
544,compute-0-0,0.001528120,+0.001718987,0.000806655
544,compute-0-1,0.000258941,+0.000442379,0.000420519
544,compute-0-2,0.000175116,-0.000204538,0.000385454
544,compute-0-3,0.000150372,+0.000274554,0.000386611
545,compute-0-0,0.001504289,+0.001718987,0.000806655
545,compute-0-1,0.000196192,+0.000442379,0.000420519
545,compute-0-2,0.000164025,-0.000204538,0.000385454
545,compute-0-3,0.000262261,+0.000157577,0.000370141
546,compute-0-0,0.001480455,+0.001718987,0.000806655
546,compute-0-1,0.000133435,+0.000442379,0.000420519
546,compute-0-2,0.000152930,-0.000204538,0.000385454
546,compute-0-3,0.000244115,+0.000157577,0.000370141
547,compute-0-0,0.001456615,+0.001718987,0.000806655
547,compute-0-1,0.000030453,-0.000156934,0.000402014
547,compute-0-2,0.000141831,-0.000204538,0.000385454
547,compute-0-3,0.000225964,+0.000157577,0.000370141
548,compute-0-0,0.001432768,+0.001718987,0.000806655
548,compute-0-1,0.000030223,-0.000156934,0.000402014
548,compute-0-2,0.000130737,-0.000204538,0.000385454
548,compute-0-3,0.000207822,+0.000157577,0.000370141
549,compute-0-0,0.001408932,+0.001718987,0.000806655
549,compute-0-1,0.000029993,-0.000156934,0.000402014
549,compute-0-2,0.000221192,-0.000103958,0.000367148
549,compute-0-3,0.000189671,+0.000157577,0.000370141
550,compute-0-0,0.001385085,+0.001718987,0.000806655
550,compute-0-1,0.000029763,-0.000156934,0.000402014
550,compute-0-2,0.000205124,-0.000103958,0.000367148
550,compute-0-3,0.000171524,+0.000157577,0.000370141
551,compute-0-0,0.001361239,+0.001718987,0.000806655
551,compute-0-1,0.000029533,-0.000156934,0.000402014
551,compute-0-2,0.000189056,-0.000103958,0.000367148
551,compute-0-3,0.000004603,-0.000154694,0.000354538
552,compute-0-0,0.001337404,+0.001718987,0.000806655
552,compute-0-1,0.000224095,-0.000195350,0.000386355
552,compute-0-2,0.000172985,-0.000103958,0.000367148
552,compute-0-3,0.000004597,-0.000154694,0.000354538
553,compute-0-0,0.001313566,+0.001718987,0.000806655
553,compute-0-1,0.000206765,-0.000195350,0.000386355
553,compute-0-2,0.000156622,-0.000103958,0.000367148
553,compute-0-3,0.000004592,-0.000154694,0.000354538
554,compute-0-0,0.001289289,+0.001718987,0.000806655
554,compute-0-1,0.000189755,-0.000195350,0.000386355
554,compute-0-2,0.000140560,-0.000103958,0.000367148
554,compute-0-3,0.000004586,-0.000154694,0.000354538
555,compute-0-0,0.001265464,+0.001718987,0.000806655
555,compute-0-1,0.000172753,-0.000195350,0.000386355
555,compute-0-2,0.000000397,-0.000184806,0.000353176
555,compute-0-3,0.000004580,-0.000154694,0.000354538
556,compute-0-0,0.001241628,+0.001718987,0.000806655
556,compute-0-1,0.000155738,-0.000195350,0.000386355
556,compute-0-2,0.000000389,-0.000184806,0.000353176
556,compute-0-3,0.000004574,-0.000154694,0.000354538
557,compute-0-0,0.001217780,+0.001718987,0.000806655
557,compute-0-1,0.000138410,-0.000195350,0.000386355
557,compute-0-2,0.000000381,-0.000184806,0.000353176
557,compute-0-3,0.000000293,-0.000250727,0.000345563
558,compute-0-0,0.001193514,+0.001718987,0.000806655
558,compute-0-1,0.000000323,-0.000141471,0.000369249
558,compute-0-2,0.000000373,-0.000184806,0.000353176
558,compute-0-3,0.000000287,-0.000250727,0.000345563
559,compute-0-0,0.001169318,+0.001718987,0.000806655
559,compute-0-1,0.000000318,-0.000141471,0.000369249
559,compute-0-2,0.000000365,-0.000184806,0.000353176
559,compute-0-3,0.000000282,-0.000250727,0.000345563
560,compute-0-0,0.001145488,+0.001718987,0.000806655
560,compute-0-1,0.000000312,-0.000141471,0.000369249
560,compute-0-2,0.000000358,-0.000184806,0.000353176
560,compute-0-3,0.000000276,-0.000250727,0.000345563
561,compute-0-0,0.001121651,+0.001718987,0.000806655
561,compute-0-1,0.000000307,-0.000141471,0.000369249
561,compute-0-2,0.000000001,-0.000000357,0.000335052
561,compute-0-3,0.000000271,-0.000250727,0.000345563
562,compute-0-0,0.001097816,+0.001718987,0.000806655
562,compute-0-1,0.000000301,-0.000141471,0.000369249
562,compute-0-2,0.000000001,-0.000000357,0.000335052
562,compute-0-3,0.000000265,-0.000250727,0.000345563
563,compute-0-0,0.001073985,+0.001718987,0.000806655
563,compute-0-1,0.000000295,-0.000141471,0.000369249
563,compute-0-2,0.000000001,-0.000000357,0.000335052
563,compute-0-3,0.000001740,+0.000001727,0.000327830
564,compute-0-0,0.001050141,+0.001718987,0.000806655
564,compute-0-1,0.000006002,-0.000007716,0.000350309
564,compute-0-2,0.000000001,-0.000000357,0.000335052
564,compute-0-3,0.000001425,+0.000001727,0.000327830
565,compute-0-0,0.001026308,+0.001718987,0.000806655
565,compute-0-1,0.000002846,-0.000007716,0.000350309
565,compute-0-2,0.000000001,-0.000000357,0.000335052
565,compute-0-3,0.000001111,+0.000001727,0.000327830
566,compute-0-0,0.001002466,+0.001718987,0.000806655
566,compute-0-1,0.000000003,-0.000007716,0.000350309
566,compute-0-2,0.000000001,-0.000000357,0.000335052
566,compute-0-3,0.000000797,+0.000001727,0.000327830
567,compute-0-0,0.000978632,+0.001718987,0.000806655
567,compute-0-1,0.000000003,-0.000007716,0.000350309
567,compute-0-2,0.000004955,-0.000007482,0.000317867
567,compute-0-3,0.000000482,+0.000001727,0.000327830
568,compute-0-0,0.000954795,+0.001718987,0.000806655
568,compute-0-1,0.000000003,-0.000007716,0.000350309
568,compute-0-2,0.000002293,-0.000007482,0.000317867
568,compute-0-3,0.000000168,+0.000001727,0.000327830
569,compute-0-0,0.000930949,+0.001718987,0.000806655
569,compute-0-1,0.000000002,-0.000007716,0.000350309
569,compute-0-2,0.000000002,-0.000007482,0.000317867
569,compute-0-3,0.000003281,-0.000004359,0.000311010
570,compute-0-0,0.000907106,+0.001718987,0.000806655
570,compute-0-1,0.000002035,+0.000002158,0.000332333
570,compute-0-2,0.000000002,-0.000007482,0.000317867
570,compute-0-3,0.000002287,-0.000004359,0.000311010
571,compute-0-0,0.000883269,+0.001718987,0.000806655
571,compute-0-1,0.000001816,+0.000002158,0.000332333
571,compute-0-2,0.000000002,-0.000007482,0.000317867
571,compute-0-3,0.000001293,-0.000004359,0.000311010
572,compute-0-0,0.000859425,+0.001718987,0.000806655
572,compute-0-1,0.000001597,+0.000002158,0.000332333
572,compute-0-2,0.000001927,+0.000001939,0.000301556
572,compute-0-3,0.000000300,-0.000004359,0.000311010
573,compute-0-0,0.000835599,+0.001718987,0.000806655
573,compute-0-1,0.000001377,+0.000002158,0.000332333
573,compute-0-2,0.000001722,+0.000001939,0.000301556
573,compute-0-3,0.000000000,-0.000004359,0.000311010
574,compute-0-0,0.000811763,+0.001718987,0.000806655
574,compute-0-1,0.000001158,+0.000002158,0.000332333
574,compute-0-2,0.000001517,+0.000001939,0.000301556
574,compute-0-3,0.000001604,+0.000001621,0.000295051
575,compute-0-0,0.000787920,+0.001718987,0.000806655
575,compute-0-1,0.000000938,+0.000002158,0.000332333
575,compute-0-2,0.000001312,+0.000001939,0.000301556
575,compute-0-3,0.000001476,+0.000001621,0.000295051
576,compute-0-0,0.000764072,+0.001718987,0.000806655
576,compute-0-1,0.000003275,+0.000002843,0.000315280
576,compute-0-2,0.000001107,+0.000001939,0.000301556
576,compute-0-3,0.000001349,+0.000001621,0.000295051
577,compute-0-0,0.000740241,+0.001718987,0.000806655
577,compute-0-1,0.000002692,+0.000002843,0.000315280
577,compute-0-2,0.000000902,+0.000001939,0.000301556
577,compute-0-3,0.000001221,+0.000001621,0.000295051
578,compute-0-0,0.000716407,+0.001718987,0.000806655
578,compute-0-1,0.000002108,+0.000002843,0.000315280
578,compute-0-2,0.000000433,-0.000000313,0.000286081
578,compute-0-3,0.000001094,+0.000001621,0.000295051
579,compute-0-0,0.000692584,+0.001718987,0.000806655
579,compute-0-1,0.000001525,+0.000002843,0.000315280
579,compute-0-2,0.000000421,-0.000000313,0.000286081
579,compute-0-3,0.000000966,+0.000001621,0.000295051
580,compute-0-0,0.000668742,+0.001718987,0.000806655
580,compute-0-1,0.000000941,+0.000002843,0.000315280
580,compute-0-2,0.000000409,-0.000000313,0.000286081
580,compute-0-3,0.000000929,-0.000001820,0.000279910
581,compute-0-0,0.000644905,+0.001718987,0.000806655
581,compute-0-1,0.000000358,+0.000002843,0.000315280
581,compute-0-2,0.000000397,-0.000000313,0.000286081
581,compute-0-3,0.000000877,-0.000001820,0.000279910
582,compute-0-0,0.000621068,+0.001718987,0.000806655
582,compute-0-1,0.000002309,+0.000002231,0.000299101
582,compute-0-2,0.000000385,-0.000000313,0.000286081
582,compute-0-3,0.000000825,-0.000001820,0.000279910
583,compute-0-0,0.000597238,+0.001718987,0.000806655
583,compute-0-1,0.000002052,+0.000002231,0.000299101
583,compute-0-2,0.000000373,-0.000000313,0.000286081
583,compute-0-3,0.000000774,-0.000001820,0.000279910
584,compute-0-0,0.000573399,+0.001718987,0.000806655
584,compute-0-1,0.000001796,+0.000002231,0.000299101
584,compute-0-2,0.000009161,+0.000011894,0.000271427
584,compute-0-3,0.000000722,-0.000001820,0.000279910
585,compute-0-0,0.000549563,+0.001718987,0.000806655
585,compute-0-1,0.000001539,+0.000002231,0.000299101
585,compute-0-2,0.000002001,+0.000011894,0.000271427
585,compute-0-3,0.000000670,-0.000001820,0.000279910
586,compute-0-0,0.000525725,+0.001718987,0.000806655
586,compute-0-1,0.000001283,+0.000002231,0.000299101
586,compute-0-2,0.000000002,+0.000011894,0.000271427
586,compute-0-3,0.000000175,+0.000000465,0.000265546
587,compute-0-0,0.000501903,+0.001718987,0.000806655
587,compute-0-1,0.000002734,+0.000001712,0.000283753
587,compute-0-2,0.000000002,+0.000011894,0.000271427
587,compute-0-3,0.000000173,+0.000000465,0.000265546
588,compute-0-0,0.000478072,+0.001718987,0.000806655
588,compute-0-1,0.000002427,+0.000001712,0.000283753
588,compute-0-2,0.000000002,+0.000011894,0.000271427
588,compute-0-3,0.000000172,+0.000000465,0.000265546
589,compute-0-0,0.000454245,+0.001718987,0.000806655
589,compute-0-1,0.000002119,+0.000001712,0.000283753
589,compute-0-2,0.000000003,+0.000011894,0.000271427
589,compute-0-3,0.000000170,+0.000000465,0.000265546
590,compute-0-0,0.000430403,+0.001718987,0.000806655
590,compute-0-1,0.000001812,+0.000001712,0.000283753
590,compute-0-2,0.000005151,-0.000006084,0.000257505
590,compute-0-3,0.000000168,+0.000000465,0.000265546
591,compute-0-0,0.000406571,+0.001718987,0.000806655
591,compute-0-1,0.000001504,+0.000001712,0.000283753
591,compute-0-2,0.000003681,-0.000006084,0.000257505
591,compute-0-3,0.000000166,+0.000000465,0.000265546
592,compute-0-0,0.000382736,+0.001718987,0.000806655
592,compute-0-1,0.000001196,+0.000001712,0.000283753
592,compute-0-2,0.000002211,-0.000006084,0.000257505
592,compute-0-3,0.000001451,-0.000001525,0.000251920
593,compute-0-0,0.000358898,+0.001718987,0.000806655
593,compute-0-1,0.000000024,-0.000000995,0.000269192
593,compute-0-2,0.000000741,-0.000006084,0.000257505
593,compute-0-3,0.000001035,-0.000001525,0.000251920
594,compute-0-0,0.000335064,+0.001718987,0.000806655
594,compute-0-1,0.000000024,-0.000000995,0.000269192
594,compute-0-2,0.000000001,-0.000006084,0.000257505
594,compute-0-3,0.000000619,-0.000001525,0.000251920
595,compute-0-0,0.000311235,+0.001718987,0.000806655
595,compute-0-1,0.000000024,-0.000000995,0.000269192
595,compute-0-2,0.000000000,-0.000006084,0.000257505
595,compute-0-3,0.000000203,-0.000001525,0.000251920
596,compute-0-0,0.000287394,+0.001718987,0.000806655
596,compute-0-1,0.000000025,-0.000000995,0.000269192
596,compute-0-2,0.000004796,-0.000005685,0.000244297
596,compute-0-3,0.000000000,-0.000001525,0.000251920
597,compute-0-0,0.000262746,+0.001718987,0.000806655
597,compute-0-1,0.000000025,-0.000000995,0.000269192
597,compute-0-2,0.000003697,-0.000005685,0.000244297
597,compute-0-3,0.000000000,-0.000001525,0.000251920
598,compute-0-0,0.000238904,+0.001718987,0.000806655
598,compute-0-1,0.000000025,-0.000000995,0.000269192
598,compute-0-2,0.000002599,-0.000005685,0.000244297
598,compute-0-3,0.000000029,+0.000000029,0.000238992
599,compute-0-0,0.000215066,+0.001718987,0.000806655
599,compute-0-1,0.000001464,+0.000001538,0.000255378
599,compute-0-2,0.000001463,-0.000005685,0.000244297
599,compute-0-3,0.000000029,+0.000000029,0.000238992
600,compute-0-0,0.000190411,+0.001718987,0.000806655
600,compute-0-1,0.000001351,+0.000001538,0.000255378
600,compute-0-2,0.000000364,-0.000005685,0.000244297
600,compute-0-3,0.000000029,+0.000000029,0.000238992
601,compute-0-0,0.000166578,+0.001718987,0.000806655
601,compute-0-1,0.000001239,+0.000001538,0.000255378
601,compute-0-2,0.000009432,-0.000009849,0.000231782
601,compute-0-3,0.000000028,+0.000000029,0.000238992
602,compute-0-0,0.000142734,+0.001718987,0.000806655
602,compute-0-1,0.000001126,+0.000001538,0.000255378
602,compute-0-2,0.000000503,-0.000009849,0.000231782
602,compute-0-3,0.000000028,+0.000000029,0.000238992
603,compute-0-0,0.000118899,+0.001718987,0.000806655
603,compute-0-1,0.000001012,+0.000001538,0.000255378
603,compute-0-2,0.000000000,-0.000009849,0.000231782
603,compute-0-3,0.000000028,+0.000000029,0.000238992
604,compute-0-0,0.000094605,+0.001718987,0.000806655
604,compute-0-1,0.000000899,+0.000001538,0.000255378
604,compute-0-2,0.000000000,-0.000009849,0.000231782
604,compute-0-3,0.000000596,-0.000000688,0.000226728
605,compute-0-0,0.000070773,+0.001718987,0.000806655
605,compute-0-1,0.000001664,+0.000000906,0.000242273
605,compute-0-2,0.000000000,-0.000009849,0.000231782
605,compute-0-3,0.000000532,-0.000000688,0.000226728
606,compute-0-0,0.000046935,+0.001718987,0.000806655
606,compute-0-1,0.000001507,+0.000000906,0.000242273
606,compute-0-2,0.000000000,-0.000009849,0.000231782
606,compute-0-3,0.000000467,-0.000000688,0.000226728
607,compute-0-0,0.000023110,+0.001718987,0.000806655
607,compute-0-1,0.000001349,+0.000000906,0.000242273
607,compute-0-2,0.000003261,+0.000003358,0.000219890
607,compute-0-3,0.000000402,-0.000000688,0.000226728
608,compute-0-0,0.000000023,+0.001718987,0.000806655
608,compute-0-1,0.000001191,+0.000000906,0.000242273
608,compute-0-2,0.000002908,+0.000003358,0.000219890
608,compute-0-3,0.000000338,-0.000000688,0.000226728
609,compute-0-0,0.000000023,+0.001718987,0.000806655
609,compute-0-1,0.000001033,+0.000000906,0.000242273
609,compute-0-2,0.000002555,+0.000003358,0.000219890
609,compute-0-3,0.000000740,-0.000000470,0.000215093
610,compute-0-0,0.000000023,+0.001718987,0.000806655
610,compute-0-1,0.000000875,+0.000000906,0.000242273
610,compute-0-2,0.000002202,+0.000003358,0.000219890
610,compute-0-3,0.000000660,-0.000000470,0.000215093
611,compute-0-0,0.000000023,+0.001718987,0.000806655
611,compute-0-1,0.000003750,+0.000003715,0.000229844
611,compute-0-2,0.000001849,+0.000003358,0.000219890
611,compute-0-3,0.000000579,-0.000000470,0.000215093
612,compute-0-0,0.000000023,+0.001718987,0.000806655
612,compute-0-1,0.000002778,+0.000003715,0.000229844
612,compute-0-2,0.000001496,+0.000003358,0.000219890
612,compute-0-3,0.000000498,-0.000000470,0.000215093
613,compute-0-0,0.000000023,+0.001718987,0.000806655
613,compute-0-1,0.000001808,+0.000003715,0.000229844
613,compute-0-2,0.000004999,+0.000004027,0.000208610
613,compute-0-3,0.000000417,-0.000000470,0.000215093
614,compute-0-0,0.000000023,+0.001718987,0.000806655
614,compute-0-1,0.000000828,+0.000003715,0.000229844
614,compute-0-2,0.000004200,+0.000004027,0.000208610
614,compute-0-3,0.000000336,-0.000000470,0.000215093
615,compute-0-0,0.000000023,+0.001718987,0.000806655
615,compute-0-1,0.000000001,+0.000003715,0.000229844
615,compute-0-2,0.000003409,+0.000004027,0.000208610
615,compute-0-3,0.000000084,+0.000000200,0.000204055
616,compute-0-0,0.000000023,+0.001718987,0.000806655
616,compute-0-1,0.000005560,-0.000005660,0.000218056
616,compute-0-2,0.000002605,+0.000004027,0.000208610
616,compute-0-3,0.000000083,+0.000000200,0.000204055
617,compute-0-0,0.000000023,+0.001718987,0.000806655
617,compute-0-1,0.000003927,-0.000005660,0.000218056
617,compute-0-2,0.000001813,+0.000004027,0.000208610
617,compute-0-3,0.000000082,+0.000000200,0.000204055
618,compute-0-0,0.000000023,+0.001718987,0.000806655
618,compute-0-1,0.000002294,-0.000005660,0.000218056
618,compute-0-2,0.000001021,+0.000004027,0.000208610
618,compute-0-3,0.000000081,+0.000000200,0.000204055
619,compute-0-0,0.000000023,+0.001718987,0.000806655
619,compute-0-1,0.000000661,-0.000005660,0.000218056
619,compute-0-2,0.000001092,-0.000001759,0.000197906
619,compute-0-3,0.000000080,+0.000000200,0.000204055
620,compute-0-0,0.000000023,+0.001718987,0.000806655
620,compute-0-1,0.000000001,-0.000005660,0.000218056
620,compute-0-2,0.000001046,-0.000001759,0.000197906
620,compute-0-3,0.000000078,+0.000000200,0.000204055
621,compute-0-0,0.000000023,+0.001718987,0.000806655
621,compute-0-1,0.000000000,-0.000005660,0.000218056
621,compute-0-2,0.000001001,-0.000001759,0.000197906
621,compute-0-3,0.000000098,+0.000000177,0.000193584
622,compute-0-0,0.000000023,+0.001718987,0.000806655
622,compute-0-1,0.000001187,-0.000001211,0.000206867
622,compute-0-2,0.000000956,-0.000001759,0.000197906
622,compute-0-3,0.000000096,+0.000000177,0.000193584
623,compute-0-0,0.000000023,+0.001718987,0.000806655
623,compute-0-1,0.000001109,-0.000001211,0.000206867
623,compute-0-2,0.000000911,-0.000001759,0.000197906
623,compute-0-3,0.000000095,+0.000000177,0.000193584
624,compute-0-0,0.000000023,+0.001718987,0.000806655
624,compute-0-1,0.000001030,-0.000001211,0.000206867
624,compute-0-2,0.000000867,-0.000001759,0.000197906
624,compute-0-3,0.000000093,+0.000000177,0.000193584
625,compute-0-0,0.000000023,+0.001718987,0.000806655
625,compute-0-1,0.000000951,-0.000001211,0.000206867
625,compute-0-2,0.000001604,+0.000002531,0.000187751
625,compute-0-3,0.000000091,+0.000000177,0.000193584
626,compute-0-0,0.000000023,+0.001718987,0.000806655
626,compute-0-1,0.000000872,-0.000001211,0.000206867
626,compute-0-2,0.000001506,+0.000002531,0.000187751
626,compute-0-3,0.000000089,+0.000000177,0.000193584
627,compute-0-0,0.000000023,+0.001718987,0.000806655
627,compute-0-1,0.000000794,-0.000001211,0.000206867
627,compute-0-2,0.000001409,+0.000002531,0.000187751
627,compute-0-3,0.000000345,-0.000000449,0.000183650
628,compute-0-0,0.000000023,+0.001718987,0.000806655
628,compute-0-1,0.000000104,+0.000000646,0.000196251
628,compute-0-2,0.000001313,+0.000002531,0.000187751
628,compute-0-3,0.000000325,-0.000000449,0.000183650
629,compute-0-0,0.000000023,+0.001718987,0.000806655
629,compute-0-1,0.000000103,+0.000000646,0.000196251
629,compute-0-2,0.000001216,+0.000002531,0.000187751
629,compute-0-3,0.000000305,-0.000000449,0.000183650
630,compute-0-0,0.000000024,+0.001718987,0.000806655
630,compute-0-1,0.000000103,+0.000000646,0.000196251
630,compute-0-2,0.000001119,+0.000002531,0.000187751
630,compute-0-3,0.000000285,-0.000000449,0.000183650
631,compute-0-0,0.000000024,+0.001718987,0.000806655
631,compute-0-1,0.000000102,+0.000000646,0.000196251
631,compute-0-2,0.000002528,+0.000001668,0.000178117
631,compute-0-3,0.000000265,-0.000000449,0.000183650
632,compute-0-0,0.000000024,+0.001718987,0.000806655
632,compute-0-1,0.000000102,+0.000000646,0.000196251
632,compute-0-2,0.000002250,+0.000001668,0.000178117
632,compute-0-3,0.000000244,-0.000000449,0.000183650
633,compute-0-0,0.000000024,+0.001718987,0.000806655
633,compute-0-1,0.000000102,+0.000000646,0.000196251
633,compute-0-2,0.000001976,+0.000001668,0.000178117
633,compute-0-3,0.000003563,+0.000006165,0.000174236
634,compute-0-0,0.000000024,+0.001718987,0.000806655
634,compute-0-1,0.000006911,+0.000008651,0.000186200
634,compute-0-2,0.000001703,+0.000001668,0.000178117
634,compute-0-3,0.000001082,+0.000006165,0.000174236
635,compute-0-0,0.000000024,+0.001718987,0.000806655
635,compute-0-1,0.000004567,+0.000008651,0.000186200
635,compute-0-2,0.000001434,+0.000001668,0.000178117
635,compute-0-3,0.000000001,+0.000006165,0.000174236
636,compute-0-0,0.000000024,+0.001718987,0.000806655
636,compute-0-1,0.000002143,+0.000008651,0.000186200
636,compute-0-2,0.000002473,+0.000001308,0.000168977
636,compute-0-3,0.000000001,+0.000006165,0.000174236
637,compute-0-0,0.000000024,+0.001718987,0.000806655
637,compute-0-1,0.000000002,+0.000008651,0.000186200
637,compute-0-2,0.000002245,+0.000001308,0.000168977
637,compute-0-3,0.000000001,+0.000006165,0.000174236
638,compute-0-0,0.000000024,+0.001718987,0.000806655
638,compute-0-1,0.000000002,+0.000008651,0.000186200
638,compute-0-2,0.000002014,+0.000001308,0.000168977
638,compute-0-3,0.000000001,+0.000006165,0.000174236
639,compute-0-0,0.000000024,+0.001718987,0.000806655
639,compute-0-1,0.000000002,+0.000008651,0.000186200
639,compute-0-2,0.000001787,+0.000001308,0.000168977
639,compute-0-3,0.000000001,+0.000006165,0.000174236
640,compute-0-0,0.000000024,+0.001718987,0.000806655
640,compute-0-1,0.000010103,-0.000012722,0.000176691
640,compute-0-2,0.000001559,+0.000001308,0.000168977
640,compute-0-3,0.000000001,+0.000006165,0.000174236
641,compute-0-0,0.000000024,+0.001718987,0.000806655
641,compute-0-1,0.000007225,-0.000012722,0.000176691
641,compute-0-2,0.000001324,+0.000001308,0.000168977
641,compute-0-3,0.000000002,+0.000006165,0.000174236
642,compute-0-0,0.000000024,+0.001718987,0.000806655
642,compute-0-1,0.000004346,-0.000012722,0.000176691
642,compute-0-2,0.000001350,+0.000000192,0.000160306
642,compute-0-3,0.000000002,+0.000006165,0.000174236
643,compute-0-0,0.000000024,+0.001718987,0.000806655
643,compute-0-1,0.000001537,-0.000012722,0.000176691
643,compute-0-2,0.000001274,+0.000000192,0.000160306
643,compute-0-3,0.000000002,+0.000006165,0.000174236
644,compute-0-0,0.000000024,+0.001718987,0.000806655
644,compute-0-1,0.000000001,-0.000012722,0.000176691
644,compute-0-2,0.000001197,+0.000000192,0.000160306
644,compute-0-3,0.000000750,+0.000000759,0.000165295
645,compute-0-0,0.000000024,+0.001718987,0.000806655
645,compute-0-1,0.000000610,+0.000000610,0.000167624
645,compute-0-2,0.000001122,+0.000000192,0.000160306
645,compute-0-3,0.000000731,+0.000000759,0.000165295
646,compute-0-0,0.000000024,+0.001718987,0.000806655
646,compute-0-1,0.000000602,+0.000000610,0.000167624
646,compute-0-2,0.000001046,+0.000000192,0.000160306
646,compute-0-3,0.000000712,+0.000000759,0.000165295
647,compute-0-0,0.000000024,+0.001718987,0.000806655
647,compute-0-1,0.000000594,+0.000000610,0.000167624
647,compute-0-2,0.000000969,+0.000000192,0.000160306
647,compute-0-3,0.000000692,+0.000000759,0.000165295
648,compute-0-0,0.000000024,+0.001718987,0.000806655
648,compute-0-1,0.000000586,+0.000000610,0.000167624
648,compute-0-2,0.000003493,+0.000002950,0.000152083
648,compute-0-3,0.000000673,+0.000000759,0.000165295
649,compute-0-0,0.000000024,+0.001718987,0.000806655
649,compute-0-1,0.000000578,+0.000000610,0.000167624
649,compute-0-2,0.000002895,+0.000002950,0.000152083
649,compute-0-3,0.000000654,+0.000000759,0.000165295
650,compute-0-0,0.000000024,+0.001718987,0.000806655
650,compute-0-1,0.000000570,+0.000000610,0.000167624
650,compute-0-2,0.000002285,+0.000002950,0.000152083
650,compute-0-3,0.000000635,+0.000000759,0.000165295
651,compute-0-0,0.000000024,+0.001718987,0.000806655
651,compute-0-1,0.000002544,+0.000002034,0.000159023
651,compute-0-2,0.000001688,+0.000002950,0.000152083
651,compute-0-3,0.000000616,+0.000000759,0.000165295
652,compute-0-0,0.000000024,+0.001718987,0.000806655
652,compute-0-1,0.000002393,+0.000002034,0.000159023
652,compute-0-2,0.000001090,+0.000002950,0.000152083
652,compute-0-3,0.000000597,+0.000000759,0.000165295
653,compute-0-0,0.000000024,+0.001718987,0.000806655
653,compute-0-1,0.000002243,+0.000002034,0.000159023
653,compute-0-2,0.000000493,+0.000002950,0.000152083
653,compute-0-3,0.000000578,+0.000000759,0.000165295
654,compute-0-0,0.000000024,+0.001718987,0.000806655
654,compute-0-1,0.000002090,+0.000002034,0.000159023
654,compute-0-2,0.000000844,-0.000001284,0.000144279
654,compute-0-3,0.000000558,+0.000000759,0.000165295
655,compute-0-0,0.000000024,+0.001718987,0.000806655
655,compute-0-1,0.000001937,+0.000002034,0.000159023
655,compute-0-2,0.000000810,-0.000001284,0.000144279
655,compute-0-3,0.000000539,+0.000000759,0.000165295
656,compute-0-0,0.000000024,+0.001718987,0.000806655
656,compute-0-1,0.000001783,+0.000002034,0.000159023
656,compute-0-2,0.000000775,-0.000001284,0.000144279
656,compute-0-3,0.000001596,+0.000001137,0.000156813
657,compute-0-0,0.000000024,+0.001718987,0.000806655
657,compute-0-1,0.000003485,+0.000001969,0.000150864
657,compute-0-2,0.000000740,-0.000001284,0.000144279
657,compute-0-3,0.000001503,+0.000001137,0.000156813
658,compute-0-0,0.000000024,+0.001718987,0.000806655
658,compute-0-1,0.000003154,+0.000001969,0.000150864
658,compute-0-2,0.000000706,-0.000001284,0.000144279
658,compute-0-3,0.000001409,+0.000001137,0.000156813
659,compute-0-0,0.000000025,+0.001718987,0.000806655
659,compute-0-1,0.000002805,+0.000001969,0.000150864
659,compute-0-2,0.000008296,-0.000010461,0.000136915
659,compute-0-3,0.000001311,+0.000001137,0.000156813
660,compute-0-0,0.000000025,+0.001718987,0.000806655
660,compute-0-1,0.000002474,+0.000001969,0.000150864
660,compute-0-2,0.000000008,-0.000010461,0.000136915
660,compute-0-3,0.000001218,+0.000001137,0.000156813
661,compute-0-0,0.000000025,+0.001718987,0.000806655
661,compute-0-1,0.000002143,+0.000001969,0.000150864
661,compute-0-2,0.000000008,-0.000010461,0.000136915
661,compute-0-3,0.000001125,+0.000001137,0.000156813
662,compute-0-0,0.000000025,+0.001718987,0.000806655
662,compute-0-1,0.000001811,+0.000001969,0.000150864
662,compute-0-2,0.000000008,-0.000010461,0.000136915
662,compute-0-3,0.000001032,+0.000001137,0.000156813
663,compute-0-0,0.000000025,+0.001718987,0.000806655
663,compute-0-1,0.000008093,+0.000007710,0.000143143
663,compute-0-2,0.000000007,-0.000010461,0.000136915
663,compute-0-3,0.000000936,+0.000001137,0.000156813
664,compute-0-0,0.000000025,+0.001718987,0.000806655
664,compute-0-1,0.000006520,+0.000007710,0.000143143
664,compute-0-2,0.000000007,-0.000010461,0.000136915
664,compute-0-3,0.000000842,+0.000001137,0.000156813
665,compute-0-0,0.000000025,+0.001718987,0.000806655
665,compute-0-1,0.000004946,+0.000007710,0.000143143
665,compute-0-2,0.000000434,-0.000000452,0.000129889
665,compute-0-3,0.000000749,+0.000001137,0.000156813
666,compute-0-0,0.000000025,+0.001718987,0.000806655
666,compute-0-1,0.000003373,+0.000007710,0.000143143
666,compute-0-2,0.000000407,-0.000000452,0.000129889
666,compute-0-3,0.000000656,+0.000001137,0.000156813
667,compute-0-0,0.000000025,+0.001718987,0.000806655
667,compute-0-1,0.000001776,+0.000007710,0.000143143
667,compute-0-2,0.000000380,-0.000000452,0.000129889
667,compute-0-3,0.000003854,+0.000003444,0.000148770
668,compute-0-0,0.000000025,+0.001718987,0.000806655
668,compute-0-1,0.000002192,+0.000001913,0.000135799
668,compute-0-2,0.000000353,-0.000000452,0.000129889
668,compute-0-3,0.000003312,+0.000003444,0.000148770
669,compute-0-0,0.000000025,+0.001718987,0.000806655
669,compute-0-1,0.000002093,+0.000001913,0.000135799
669,compute-0-2,0.000000325,-0.000000452,0.000129889
669,compute-0-3,0.000002752,+0.000003444,0.000148770
670,compute-0-0,0.000000025,+0.001718987,0.000806655
670,compute-0-1,0.000001997,+0.000001913,0.000135799
670,compute-0-2,0.000000298,-0.000000452,0.000129889
670,compute-0-3,0.000002210,+0.000003444,0.000148770
671,compute-0-0,0.000000025,+0.001718987,0.000806655
671,compute-0-1,0.000001900,+0.000001913,0.000135799
671,compute-0-2,0.000000156,+0.000000128,0.000123223
671,compute-0-3,0.000001660,+0.000003444,0.000148770
672,compute-0-0,0.000000025,+0.001718987,0.000806655
672,compute-0-1,0.000001804,+0.000001913,0.000135799
672,compute-0-2,0.000000153,+0.000000128,0.000123223
672,compute-0-3,0.000001118,+0.000003444,0.000148770
673,compute-0-0,0.000000025,+0.001718987,0.000806655
673,compute-0-1,0.000001707,+0.000001913,0.000135799
673,compute-0-2,0.000000149,+0.000000128,0.000123223
673,compute-0-3,0.000000568,+0.000003444,0.000148770
674,compute-0-0,0.000000025,+0.001718987,0.000806655
674,compute-0-1,0.000002628,-0.000004330,0.000128837
674,compute-0-2,0.000000146,+0.000000128,0.000123223
674,compute-0-3,0.000000026,+0.000003444,0.000148770
675,compute-0-0,0.000000025,+0.001718987,0.000806655
675,compute-0-1,0.000002337,-0.000004330,0.000128837
675,compute-0-2,0.000000142,+0.000000128,0.000123223
675,compute-0-3,0.000000000,+0.000003444,0.000148770
676,compute-0-0,0.000000025,+0.001718987,0.000806655
676,compute-0-1,0.000002045,-0.000004330,0.000128837
676,compute-0-2,0.000000139,+0.000000128,0.000123223
676,compute-0-3,0.000000000,+0.000003444,0.000148770
677,compute-0-0,0.000000025,+0.001718987,0.000806655
677,compute-0-1,0.000001754,-0.000004330,0.000128837
677,compute-0-2,0.000000328,+0.000000478,0.000116900
677,compute-0-3,0.000000000,+0.000003444,0.000148770
678,compute-0-0,0.000000025,+0.001718987,0.000806655
678,compute-0-1,0.000001462,-0.000004330,0.000128837
678,compute-0-2,0.000000312,+0.000000478,0.000116900
678,compute-0-3,0.000000000,+0.000003444,0.000148770
679,compute-0-0,0.000000025,+0.001718987,0.000806655
679,compute-0-1,0.000001170,-0.000004330,0.000128837
679,compute-0-2,0.000000295,+0.000000478,0.000116900
679,compute-0-3,0.000001986,+0.000002086,0.000141137
680,compute-0-0,0.000000025,+0.001718987,0.000806655
680,compute-0-1,0.000000501,+0.000000496,0.000122226
680,compute-0-2,0.000000278,+0.000000478,0.000116900
680,compute-0-3,0.000001849,+0.000002086,0.000141137
681,compute-0-0,0.000000025,+0.001718987,0.000806655
681,compute-0-1,0.000000480,+0.000000496,0.000122226
681,compute-0-2,0.000000261,+0.000000478,0.000116900
681,compute-0-3,0.000001712,+0.000002086,0.000141137
682,compute-0-0,0.000000025,+0.001718987,0.000806655
682,compute-0-1,0.000000458,+0.000000496,0.000122226
682,compute-0-2,0.000000243,+0.000000478,0.000116900
682,compute-0-3,0.000001566,+0.000002086,0.000141137
683,compute-0-0,0.000000025,+0.001718987,0.000806655
683,compute-0-1,0.000000437,+0.000000496,0.000122226
683,compute-0-2,0.000000539,+0.000000338,0.000110901
683,compute-0-3,0.000001429,+0.000002086,0.000141137
684,compute-0-0,0.000000025,+0.001718987,0.000806655
684,compute-0-1,0.000000416,+0.000000496,0.000122226
684,compute-0-2,0.000000495,+0.000000338,0.000110901
684,compute-0-3,0.000001290,+0.000002086,0.000141137
685,compute-0-0,0.000000025,+0.001718987,0.000806655
685,compute-0-1,0.000000395,+0.000000496,0.000122226
685,compute-0-2,0.000000451,+0.000000338,0.000110901
685,compute-0-3,0.000001152,+0.000002086,0.000141137
686,compute-0-0,0.000000025,+0.001718987,0.000806655
686,compute-0-1,0.000001113,+0.000001560,0.000115954
686,compute-0-2,0.000000408,+0.000000338,0.000110901
686,compute-0-3,0.000001015,+0.000002086,0.000141137
687,compute-0-0,0.000000025,+0.001718987,0.000806655
687,compute-0-1,0.000001022,+0.000001560,0.000115954
687,compute-0-2,0.000000364,+0.000000338,0.000110901
687,compute-0-3,0.000000878,+0.000002086,0.000141137
688,compute-0-0,0.000000025,+0.001718987,0.000806655
688,compute-0-1,0.000000929,+0.000001560,0.000115954
688,compute-0-2,0.000003453,+0.000003405,0.000105216
688,compute-0-3,0.000000738,+0.000002086,0.000141137
689,compute-0-0,0.000000026,+0.001718987,0.000806655
689,compute-0-1,0.000000837,+0.000001560,0.000115954
689,compute-0-2,0.000002150,+0.000003405,0.000105216
689,compute-0-3,0.000000601,+0.000002086,0.000141137
690,compute-0-0,0.000000026,+0.001718987,0.000806655
690,compute-0-1,0.000000746,+0.000001560,0.000115954
690,compute-0-2,0.000000849,+0.000003405,0.000105216
690,compute-0-3,0.000003625,+0.000003202,0.000133898
691,compute-0-0,0.000000026,+0.001718987,0.000806655
691,compute-0-1,0.000000655,+0.000001560,0.000115954
691,compute-0-2,0.000000001,+0.000003405,0.000105216
691,compute-0-3,0.000003169,+0.000003202,0.000133898
692,compute-0-0,0.000000026,+0.001718987,0.000806655
692,compute-0-1,0.000001967,+0.000001637,0.000110005
692,compute-0-2,0.000000001,+0.000003405,0.000105216
692,compute-0-3,0.000002703,+0.000003202,0.000133898
693,compute-0-0,0.000000026,+0.001718987,0.000806655
693,compute-0-1,0.000001580,+0.000001637,0.000110005
693,compute-0-2,0.000000001,+0.000003405,0.000105216
693,compute-0-3,0.000002238,+0.000003202,0.000133898
694,compute-0-0,0.000000026,+0.001718987,0.000806655
694,compute-0-1,0.000001199,+0.000001637,0.000110005
694,compute-0-2,0.000000006,+0.000006853,0.000099840
694,compute-0-3,0.000001781,+0.000003202,0.000133898
695,compute-0-0,0.000000026,+0.001718987,0.000806655
695,compute-0-1,0.000000819,+0.000001637,0.000110005
695,compute-0-2,0.000000006,+0.000006853,0.000099840
695,compute-0-3,0.000001325,+0.000003202,0.000133898
696,compute-0-0,0.000000026,+0.001718987,0.000806655
696,compute-0-1,0.000000438,+0.000001637,0.000110005
696,compute-0-2,0.000000006,+0.000006853,0.000099840
696,compute-0-3,0.000000868,+0.000003202,0.000133898
697,compute-0-0,0.000000026,+0.001718987,0.000806655
697,compute-0-1,0.000000058,+0.000001637,0.000110005
697,compute-0-2,0.000000006,+0.000006853,0.000099840
697,compute-0-3,0.000000411,+0.000003202,0.000133898
698,compute-0-0,0.000000026,+0.001718987,0.000806655
698,compute-0-1,0.000000533,+0.000000504,0.000104360
698,compute-0-2,0.000000007,+0.000006853,0.000099840
698,compute-0-3,0.000000000,+0.000003202,0.000133898
699,compute-0-0,0.000000026,+0.001718987,0.000806655
699,compute-0-1,0.000000511,+0.000000504,0.000104360
699,compute-0-2,0.000000007,+0.000006853,0.000099840
699,compute-0-3,0.000000001,+0.000003202,0.000133898
700,compute-0-0,0.000000026,+0.001718987,0.000806655
700,compute-0-1,0.000000488,+0.000000504,0.000104360
700,compute-0-2,0.000000278,+0.000000308,0.000094716
700,compute-0-3,0.000000001,+0.000003202,0.000133898
701,compute-0-0,0.000000026,+0.001718987,0.000806655
701,compute-0-1,0.000000466,+0.000000504,0.000104360
701,compute-0-2,0.000000238,+0.000000308,0.000094716
701,compute-0-3,0.000000001,+0.000003202,0.000133898
702,compute-0-0,0.000000026,+0.001718987,0.000806655
702,compute-0-1,0.000000444,+0.000000504,0.000104360
702,compute-0-2,0.000000199,+0.000000308,0.000094716
702,compute-0-3,0.000004360,+0.000005311,0.000127038
703,compute-0-0,0.000000026,+0.001718987,0.000806655
703,compute-0-1,0.000005912,-0.000006698,0.000099028
703,compute-0-2,0.000000159,+0.000000308,0.000094716
703,compute-0-3,0.000002522,+0.000005311,0.000127038
704,compute-0-0,0.000000026,+0.001718987,0.000806655
704,compute-0-1,0.000004022,-0.000006698,0.000099028
704,compute-0-2,0.000000120,+0.000000308,0.000094716
704,compute-0-3,0.000000685,+0.000005311,0.000127038
705,compute-0-0,0.000000026,+0.001718987,0.000806655
705,compute-0-1,0.000002108,-0.000006698,0.000099028
705,compute-0-2,0.000000080,+0.000000308,0.000094716
705,compute-0-3,0.000000001,+0.000005311,0.000127038
706,compute-0-0,0.000000026,+0.001718987,0.000806655
706,compute-0-1,0.000000219,-0.000006698,0.000099028
706,compute-0-2,0.000001448,+0.000001742,0.000089858
706,compute-0-3,0.000000001,+0.000005311,0.000127038
707,compute-0-0,0.000000026,+0.001718987,0.000806655
707,compute-0-1,0.000000000,-0.000006698,0.000099028
707,compute-0-2,0.000000981,+0.000001742,0.000089858
707,compute-0-3,0.000000001,+0.000005311,0.000127038
708,compute-0-0,0.000000026,+0.001718987,0.000806655
708,compute-0-1,0.000000000,-0.000006698,0.000099028
708,compute-0-2,0.000000527,+0.000001742,0.000089858
708,compute-0-3,0.000000001,+0.000005311,0.000127038
709,compute-0-0,0.000000026,+0.001718987,0.000806655
709,compute-0-1,0.000000410,-0.000000414,0.000093946
709,compute-0-2,0.000000076,+0.000001742,0.000089858
709,compute-0-3,0.000000001,+0.000005311,0.000127038
710,compute-0-0,0.000000026,+0.001718987,0.000806655
710,compute-0-1,0.000000400,-0.000000414,0.000093946
710,compute-0-2,0.000000000,+0.000001742,0.000089858
710,compute-0-3,0.000000001,+0.000005311,0.000127038
711,compute-0-0,0.000000026,+0.001718987,0.000806655
711,compute-0-1,0.000000390,-0.000000414,0.000093946
711,compute-0-2,0.000000633,+0.000000637,0.000085247
711,compute-0-3,0.000000001,+0.000005311,0.000127038
712,compute-0-0,0.000944794,+0.000945097,0.000821550
712,compute-0-1,0.000000380,-0.000000414,0.000093946
712,compute-0-2,0.000000587,+0.000000637,0.000085247
712,compute-0-3,0.000000001,+0.000005311,0.000127038
713,compute-0-0,0.000943302,+0.000945097,0.000821550
713,compute-0-1,0.000000371,-0.000000414,0.000093946
713,compute-0-2,0.000000541,+0.000000637,0.000085247
713,compute-0-3,0.000000001,+0.000005311,0.000127038
714,compute-0-0,0.000941831,+0.000945097,0.000821550
714,compute-0-1,0.000000361,-0.000000414,0.000093946
714,compute-0-2,0.000000495,+0.000000637,0.000085247
714,compute-0-3,0.000547805,+0.000650890,0.000238518
715,compute-0-0,0.000940361,+0.000945097,0.000821550
715,compute-0-1,0.000202214,+0.000218703,0.000112811
715,compute-0-2,0.000000450,+0.000000637,0.000085247
715,compute-0-3,0.000437434,+0.000650890,0.000238518
716,compute-0-0,0.000938890,+0.000945097,0.000821550
716,compute-0-1,0.000175049,+0.000218703,0.000112811
716,compute-0-2,0.000000404,+0.000000637,0.000085247
716,compute-0-3,0.000327072,+0.000650890,0.000238518
717,compute-0-0,0.000937419,+0.000945097,0.000821550
717,compute-0-1,0.000147879,+0.000218703,0.000112811
717,compute-0-2,0.000474867,+0.000509130,0.000180171
717,compute-0-3,0.000216736,+0.000650890,0.000238518
718,compute-0-0,0.000935949,+0.000945097,0.000821550
718,compute-0-1,0.000120470,+0.000218703,0.000112811
718,compute-0-2,0.000347458,+0.000509130,0.000180171
718,compute-0-3,0.000105397,+0.000650890,0.000238518
719,compute-0-0,0.000934465,+0.000945097,0.000821550
719,compute-0-1,0.000092800,+0.000218703,0.000112811
719,compute-0-2,0.000218832,+0.000509130,0.000180171
719,compute-0-3,0.000255611,+0.000254251,0.000240137
720,compute-0-0,0.000932967,+0.000945097,0.000821550
720,compute-0-1,0.000065628,+0.000218703,0.000112811
720,compute-0-2,0.000092604,+0.000509130,0.000180171
720,compute-0-3,0.000217830,+0.000254251,0.000240137
